<?xml version="1.0" encoding="utf-8"?>
<COLLADA xmlns="http://www.collada.org/2005/11/COLLADASchema" version="1.4.1">
  <asset>
    <contributor>
      <author>Mixamo</author>
      <authoring_tool>COLLADA Mixamo exporter</authoring_tool>
      <comments/>
    </contributor>
    <created>2026-04-10T23:55:59Z</created>
    <modified>2026-04-10T23:55:59Z</modified>
    <revision/>
    <title/>
    <unit meter="0.010000"/>
    <up_axis>Y_UP</up_axis>
  </asset>
  <library_animations>
    <animation id="mixamorig1_Hips-anim" name="mixamorig1_Hips">
      <source id="mixamorig1_Hips-Matrix-animation-input">
        <float_array id="mixamorig1_Hips-Matrix-animation-input-array" count="22">

0.000000 0.033333 0.066667 0.100000 0.133333 0.166667 0.200000 0.233333 0.266667 0.300000 0.333333 0.366667 0.400000 0.433333 0.466667 0.500000
0.533333 0.566667 0.600000 0.633333 0.666667 0.700000</float_array>
        <technique_common>
          <accessor source="#mixamorig1_Hips-Matrix-animation-input-array" count="22">
            <param name="TIME" type="float"/>
          </accessor>
        </technique_common>
      </source>
      <source id="mixamorig1_Hips-Matrix-animation-output-transform">
        <float_array id="mixamorig1_Hips-Matrix-animation-output-transform-array" count="352">

0.996410 0.082257 -0.019997 0.143160 -0.084583 0.977016 -0.195665 88.588097 0.003443 0.196654 0.980467 0.807120 0.000000 0.000000 0.000000 1.000000
0.999459 0.016562 -0.028432 0.266706 -0.021035 0.986062 -0.165044 89.248947 0.025302 0.165552 0.985876 14.846839 0.000000 0.000000 0.000000 1.000000
0.996899 -0.074083 -0.026520 0.118451 0.068333 0.982188 -0.175037 91.365509 0.039015 0.172682 0.984205 29.175591 0.000000 0.000000 0.000000 1.000000
0.982811 -0.184613 -0.000612 -0.063805 0.181468 0.966668 -0.180615 93.213821 0.033935 0.177399 0.983554 43.306217 0.000000 0.000000 0.000000 1.000000
0.978851 -0.201456 0.035577 -0.085003 0.204550 0.961213 -0.185009 95.174034 0.003074 0.188373 0.982093 57.361881 0.000000 0.000000 0.000000 1.000000
0.988562 -0.143820 0.045396 -0.084346 0.149890 0.970211 -0.190326 95.912247 -0.016671 0.194954 0.980671 71.233742 0.000000 0.000000 0.000000 1.000000
0.994752 -0.094218 0.039903 -0.087220 0.099267 0.983207 -0.153133 95.698395 -0.024805 0.156290 0.987400 84.828156 0.000000 0.000000 0.000000 1.000000
0.996456 -0.035145 0.076424 0.026252 0.045127 0.990076 -0.133088 94.515778 -0.070988 0.136066 0.988153 98.684837 0.000000 0.000000 0.000000 1.000000
0.994965 -0.016940 0.098777 0.026189 0.030783 0.989623 -0.140354 92.183250 -0.095374 0.142688 0.985162 112.730225 0.000000 0.000000 0.000000 1.000000
0.995579 -0.023511 0.090939 -0.177150 0.039047 0.984140 -0.173042 90.363113 -0.085429 0.175828 0.980707 126.950966 0.000000 0.000000 0.000000 1.000000
0.996902 -0.031023 0.072276 -0.924060 0.043845 0.982096 -0.183209 88.419655 -0.065298 0.185811 0.980413 141.014755 0.000000 0.000000 0.000000 1.000000
0.997220 0.018479 0.072187 -1.698447 -0.005056 0.983311 -0.181862 88.305336 -0.074342 0.180991 0.980671 155.111267 0.000000 0.000000 0.000000 1.000000
0.993814 0.074658 0.082222 -1.638692 -0.058218 0.980676 -0.186774 90.037308 -0.094577 0.180832 0.978956 169.358429 0.000000 0.000000 0.000000 1.000000
0.993008 0.109744 0.043484 -1.266791 -0.099871 0.977432 -0.186152 92.339966 -0.062932 0.180508 0.981558 183.409988 0.000000 0.000000 0.000000 1.000000
0.992215 0.124422 0.005384 -0.904973 -0.121433 0.976161 -0.179900 94.558701 -0.027639 0.177845 0.983670 197.400101 0.000000 0.000000 0.000000 1.000000
0.998186 0.057732 0.017106 -0.905719 -0.054099 0.984610 -0.166180 95.787155 -0.026437 0.164953 0.985947 211.278473 0.000000 0.000000 0.000000 1.000000
0.998194 -0.057660 0.016839 -1.196409 0.059460 0.988267 -0.140685 96.280991 -0.008530 0.141433 0.989911 225.139206 0.000000 0.000000 0.000000 1.000000
0.998017 -0.062949 -0.000505 -1.194303 0.062442 0.990920 -0.119074 95.693375 0.007996 0.118806 0.992885 238.896225 0.000000 0.000000 0.000000 1.000000
0.998950 -0.028296 -0.036042 -0.936796 0.023992 0.993109 -0.114714 94.168480 0.039039 0.113729 0.992744 252.883591 0.000000 0.000000 0.000000 1.000000
0.998404 0.037979 -0.041806 -0.334226 -0.042993 0.991043 -0.126431 91.957031 0.036630 0.128026 0.991094 266.929352 0.000000 0.000000 0.000000 1.000000
0.996527 0.080206 -0.022376 -0.080501 -0.082846 0.982036 -0.169533 89.798668 0.008376 0.170798 0.985271 281.062531 0.000000 0.000000 0.000000 1.000000
0.996410 0.082257 -0.019997 0.143162 -0.084583 0.977016 -0.195665 88.588104 0.003443 0.196654 0.980467 295.160614 0.000000 0.000000 0.000000 1.000000</float_array>
        <technique_common>
          <accessor source="#mixamorig1_Hips-Matrix-animation-output-transform-array" count="22" stride="16">
            <param type="float4x4"/>
          </accessor>
        </technique_common>
      </source>
      <source id="mixamorig1_Hips-Interpolations">
        <Name_array id="mixamorig1_Hips-Interpolations-array" count="22">
 LINEAR LINEAR LINEAR LINEAR LINEAR LINEAR LINEAR LINEAR LINEAR LINEAR LINEAR
LINEAR LINEAR LINEAR LINEAR LINEAR LINEAR LINEAR LINEAR LINEAR LINEAR LINEAR</Name_array>
        <technique_common>
          <accessor source="#mixamorig1_Hips-Interpolations-array" count="22">
            <param type="name"/>
          </accessor>
        </technique_common>
      </source>
      <sampler id="mixamorig1_Hips-Matrix-animation-transform">
        <input semantic="INPUT" source="#mixamorig1_Hips-Matrix-animation-input"/>
        <input semantic="OUTPUT" source="#mixamorig1_Hips-Matrix-animation-output-transform"/>
        <input semantic="INTERPOLATION" source="#mixamorig1_Hips-Interpolations"/>
      </sampler>
      <channel source="#mixamorig1_Hips-Matrix-animation-transform" target="mixamorig1_Hips/matrix"/>
    </animation>
    <animation id="mixamorig1_Spine-anim" name="mixamorig1_Spine">
      <source id="mixamorig1_Spine-Matrix-animation-input">
        <float_array id="mixamorig1_Spine-Matrix-animation-input-array" count="22">

0.000000 0.033333 0.066667 0.100000 0.133333 0.166667 0.200000 0.233333 0.266667 0.300000 0.333333 0.366667 0.400000 0.433333 0.466667 0.500000
0.533333 0.566667 0.600000 0.633333 0.666667 0.700000</float_array>
        <technique_common>
          <accessor source="#mixamorig1_Spine-Matrix-animation-input-array" count="22">
            <param name="TIME" type="float"/>
          </accessor>
        </technique_common>
      </source>
      <source id="mixamorig1_Spine-Matrix-animation-output-transform">
        <float_array id="mixamorig1_Spine-Matrix-animation-output-transform-array" count="352">

0.992514 -0.121554 0.011864 0.000000 0.122024 0.991021 -0.054653 9.717300 -0.005114 0.055692 0.998435 -1.180200 0.000000 0.000000 0.000000 1.000000
0.993107 -0.048967 0.106497 0.000000 0.055990 0.996379 -0.063985 9.717300 -0.102978 0.069507 0.992252 -1.180200 0.000000 0.000000 0.000000 1.000000
0.984086 0.055031 0.168954 0.000000 -0.047003 0.997584 -0.051152 9.717300 -0.171361 0.042396 0.984296 -1.180200 0.000000 0.000000 0.000000 1.000000
0.958572 0.189433 0.212733 0.000000 -0.181086 0.981741 -0.058242 9.717300 -0.219882 0.017306 0.975373 -1.180200 0.000000 0.000000 0.000000 1.000000
0.942300 0.211093 0.259827 0.000000 -0.207096 0.977375 -0.042991 9.717300 -0.263024 -0.013298 0.964698 -1.180200 0.000000 0.000000 0.000000 1.000000
0.945191 0.152638 0.288646 0.000000 -0.156254 0.987660 -0.010620 9.717300 -0.286705 -0.035064 0.957377 -1.180200 0.000000 0.000000 0.000000 1.000000
0.959651 0.100692 0.262547 -0.000000 -0.102179 0.994734 -0.008019 9.717300 -0.261972 -0.019131 0.964886 -1.180200 0.000000 0.000000 0.000000 1.000000
0.985482 0.032521 0.166637 -0.000000 -0.033443 0.999437 0.002732 9.717300 -0.166455 -0.008265 0.986014 -1.180200 0.000000 0.000000 0.000000 1.000000
0.997080 0.014197 0.075030 0.000000 -0.014748 0.999868 0.006801 9.717300 -0.074924 -0.007887 0.997158 -1.180200 0.000000 0.000000 0.000000 1.000000
0.999628 0.027194 0.001957 0.000000 -0.027180 0.999607 -0.006887 9.717300 -0.002144 0.006831 0.999974 -1.180200 0.000000 0.000000 0.000000 1.000000
0.996545 0.054987 -0.062241 0.000000 -0.056780 0.998010 -0.027420 9.717300 0.060609 0.030859 0.997684 -1.180200 0.000000 0.000000 0.000000 1.000000
0.990963 0.011374 -0.133655 0.000000 -0.017074 0.998989 -0.041584 9.717300 0.133047 0.043490 0.990155 -1.180200 0.000000 0.000000 0.000000 1.000000
0.976000 -0.044366 -0.213204 -0.000000 0.033350 0.997930 -0.054992 9.717300 0.215202 0.046562 0.975459 -1.180200 0.000000 0.000000 0.000000 1.000000
0.956701 -0.091085 -0.276455 0.000000 0.077809 0.995242 -0.058642 9.717300 0.280481 0.034592 0.959236 -1.180200 0.000000 0.000000 0.000000 1.000000
0.934459 -0.114162 -0.337274 0.000000 0.100206 0.993242 -0.058563 9.717300 0.341680 0.020928 0.939583 -1.180200 0.000000 0.000000 0.000000 1.000000
0.915016 -0.035511 -0.401852 0.000000 0.027064 0.999278 -0.026681 9.717300 0.402509 0.013538 0.915316 -1.180200 0.000000 0.000000 0.000000 1.000000
0.905818 0.105339 -0.410363 0.000000 -0.102072 0.994327 0.029930 9.717300 0.411188 0.014775 0.911431 -1.180200 0.000000 0.000000 0.000000 1.000000
0.921367 0.103938 -0.374540 0.000000 -0.110125 0.993906 0.004911 9.717300 0.372767 0.036721 0.927198 -1.180200 0.000000 0.000000 0.000000 1.000000
0.951163 0.055966 -0.303574 0.000000 -0.068814 0.997123 -0.031785 9.717300 0.300922 0.051123 0.952277 -1.180200 0.000000 0.000000 0.000000 1.000000
0.978091 -0.047937 -0.202585 0.000000 0.036198 0.997465 -0.061260 9.717300 0.205008 0.052585 0.977347 -1.180200 0.000000 0.000000 0.000000 1.000000
0.987717 -0.115988 -0.104697 0.000000 0.110028 0.992053 -0.061023 9.717300 0.110943 0.048753 0.992630 -1.180200 0.000000 0.000000 0.000000 1.000000
0.992514 -0.121554 0.011864 0.000000 0.122024 0.991021 -0.054653 9.717300 -0.005114 0.055692 0.998435 -1.180200 0.000000 0.000000 0.000000 1.000000</float_array>
        <technique_common>
          <accessor source="#mixamorig1_Spine-Matrix-animation-output-transform-array" count="22" stride="16">
            <param type="float4x4"/>
          </accessor>
        </technique_common>
      </source>
      <source id="mixamorig1_Spine-Interpolations">
        <Name_array id="mixamorig1_Spine-Interpolations-array" count="22">
 LINEAR LINEAR LINEAR LINEAR LINEAR LINEAR LINEAR LINEAR LINEAR LINEAR LINEAR
LINEAR LINEAR LINEAR LINEAR LINEAR LINEAR LINEAR LINEAR LINEAR LINEAR LINEAR</Name_array>
        <technique_common>
          <accessor source="#mixamorig1_Spine-Interpolations-array" count="22">
            <param type="name"/>
          </accessor>
        </technique_common>
      </source>
      <sampler id="mixamorig1_Spine-Matrix-animation-transform">
        <input semantic="INPUT" source="#mixamorig1_Spine-Matrix-animation-input"/>
        <input semantic="OUTPUT" source="#mixamorig1_Spine-Matrix-animation-output-transform"/>
        <input semantic="INTERPOLATION" source="#mixamorig1_Spine-Interpolations"/>
      </sampler>
      <channel source="#mixamorig1_Spine-Matrix-animation-transform" target="mixamorig1_Spine/matrix"/>
    </animation>
    <animation id="mixamorig1_Spine1-anim" name="mixamorig1_Spine1">
      <source id="mixamorig1_Spine1-Matrix-animation-input">
        <float_array id="mixamorig1_Spine1-Matrix-animation-input-array" count="22">

0.000000 0.033333 0.066667 0.100000 0.133333 0.166667 0.200000 0.233333 0.266667 0.300000 0.333333 0.366667 0.400000 0.433333 0.466667 0.500000
0.533333 0.566667 0.600000 0.633333 0.666667 0.700000</float_array>
        <technique_common>
          <accessor source="#mixamorig1_Spine1-Matrix-animation-input-array" count="22">
            <param name="TIME" type="float"/>
          </accessor>
        </technique_common>
      </source>
      <source id="mixamorig1_Spine1-Matrix-animation-output-transform">
        <float_array id="mixamorig1_Spine1-Matrix-animation-output-transform-array" count="352">

0.999960 -0.008711 -0.001885 0.000000 0.008639 0.999335 -0.035412 11.420100 0.002192 0.035394 0.999371 0.000000 0.000000 0.000000 0.000000 1.000000
0.998894 -0.008865 0.046178 0.000000 0.010833 0.999035 -0.042553 11.420100 -0.045756 0.043006 0.998026 0.000000 0.000000 0.000000 0.000000 1.000000
0.997285 -0.006632 0.073340 0.000000 0.008934 0.999476 -0.031107 11.420100 -0.073095 0.031678 0.996822 -0.000000 0.000000 0.000000 0.000000 1.000000
0.996321 -0.001766 0.085683 -0.000000 0.003564 0.999777 -0.020837 11.420100 -0.085627 0.021066 0.996105 0.000000 0.000000 0.000000 0.000000 1.000000
0.995111 0.001614 0.098747 0.000000 -0.000823 0.999967 -0.008053 11.420100 -0.098757 0.007933 0.995080 0.000000 0.000000 0.000000 0.000000 1.000000
0.994503 -0.005100 0.104580 0.000000 0.004770 0.999983 0.003409 11.420100 -0.104595 -0.002892 0.994511 -0.000000 0.000000 0.000000 0.000000 1.000000
0.995413 -0.005430 0.095513 -0.000000 0.005637 0.999982 -0.001899 11.420100 -0.095501 0.002428 0.995426 0.000000 0.000000 0.000000 0.000000 1.000000
0.997215 0.002336 0.074550 0.000000 -0.001954 0.999985 -0.005196 11.420100 -0.074561 0.005036 0.997204 0.000000 0.000000 0.000000 0.000000 1.000000
0.998581 0.012418 0.051789 0.000000 -0.012211 0.999916 -0.004310 11.420100 -0.051838 0.003671 0.998649 -0.000000 0.000000 0.000000 0.000000 1.000000
0.999557 0.022064 0.019989 -0.000000 -0.021947 0.999741 -0.006052 11.420100 -0.020117 0.005611 0.999782 0.000000 0.000000 0.000000 0.000000 1.000000
0.999545 0.026006 -0.015249 0.000000 -0.026150 0.999614 -0.009358 11.420100 0.015000 0.009752 0.999840 -0.000000 0.000000 0.000000 0.000000 1.000000
0.998369 0.021921 -0.052720 0.000000 -0.022668 0.999650 -0.013619 11.420100 0.052403 0.014792 0.998516 0.000000 0.000000 0.000000 0.000000 1.000000
0.995126 0.016664 -0.097197 -0.000000 -0.018338 0.999698 -0.016356 11.420100 0.096895 0.018058 0.995131 0.000000 0.000000 0.000000 0.000000 1.000000
0.992152 0.013895 -0.124262 -0.000000 -0.015500 0.999808 -0.011962 11.420100 0.124072 0.013794 0.992177 0.000000 0.000000 0.000000 0.000000 1.000000
0.989353 0.012798 -0.144975 0.000000 -0.013958 0.999878 -0.006985 11.420100 0.144868 0.008934 0.989411 0.000000 0.000000 0.000000 0.000000 1.000000
0.988340 0.016272 -0.151388 0.000000 -0.017369 0.999832 -0.005926 11.420100 0.151266 0.008487 0.988457 0.000000 0.000000 0.000000 0.000000 1.000000
0.987483 0.023289 -0.155997 0.000000 -0.024500 0.999683 -0.005842 11.420100 0.155812 0.009591 0.987740 -0.000000 0.000000 0.000000 0.000000 1.000000
0.988254 0.030852 -0.149674 -0.000000 -0.033412 0.999335 -0.014619 11.420100 0.149123 0.019448 0.988627 -0.000000 0.000000 0.000000 0.000000 1.000000
0.991430 0.018800 -0.129282 0.000000 -0.022403 0.999399 -0.026470 11.420100 0.128706 0.029139 0.991255 0.000000 0.000000 0.000000 0.000000 1.000000
0.995155 0.006154 -0.098124 0.000000 -0.009144 0.999507 -0.030052 11.420100 0.097890 0.030803 0.994720 0.000000 0.000000 0.000000 0.000000 1.000000
0.998329 0.000265 -0.057787 0.000000 -0.002053 0.999521 -0.030879 11.420100 0.057751 0.030946 0.997851 0.000000 0.000000 0.000000 0.000000 1.000000
0.999960 -0.008711 -0.001885 0.000000 0.008639 0.999335 -0.035412 11.420100 0.002192 0.035394 0.999371 0.000000 0.000000 0.000000 0.000000 1.000000</float_array>
        <technique_common>
          <accessor source="#mixamorig1_Spine1-Matrix-animation-output-transform-array" count="22" stride="16">
            <param type="float4x4"/>
          </accessor>
        </technique_common>
      </source>
      <source id="mixamorig1_Spine1-Interpolations">
        <Name_array id="mixamorig1_Spine1-Interpolations-array" count="22">
 LINEAR LINEAR LINEAR LINEAR LINEAR LINEAR LINEAR LINEAR LINEAR LINEAR LINEAR
LINEAR LINEAR LINEAR LINEAR LINEAR LINEAR LINEAR LINEAR LINEAR LINEAR LINEAR</Name_array>
        <technique_common>
          <accessor source="#mixamorig1_Spine1-Interpolations-array" count="22">
            <param type="name"/>
          </accessor>
        </technique_common>
      </source>
      <sampler id="mixamorig1_Spine1-Matrix-animation-transform">
        <input semantic="INPUT" source="#mixamorig1_Spine1-Matrix-animation-input"/>
        <input semantic="OUTPUT" source="#mixamorig1_Spine1-Matrix-animation-output-transform"/>
        <input semantic="INTERPOLATION" source="#mixamorig1_Spine1-Interpolations"/>
      </sampler>
      <channel source="#mixamorig1_Spine1-Matrix-animation-transform" target="mixamorig1_Spine1/matrix"/>
    </animation>
    <animation id="mixamorig1_Spine2-anim" name="mixamorig1_Spine2">
      <source id="mixamorig1_Spine2-Matrix-animation-input">
        <float_array id="mixamorig1_Spine2-Matrix-animation-input-array" count="22">

0.000000 0.033333 0.066667 0.100000 0.133333 0.166667 0.200000 0.233333 0.266667 0.300000 0.333333 0.366667 0.400000 0.433333 0.466667 0.500000
0.533333 0.566667 0.600000 0.633333 0.666667 0.700000</float_array>
        <technique_common>
          <accessor source="#mixamorig1_Spine2-Matrix-animation-input-array" count="22">
            <param name="TIME" type="float"/>
          </accessor>
        </technique_common>
      </source>
      <source id="mixamorig1_Spine2-Matrix-animation-output-transform">
        <float_array id="mixamorig1_Spine2-Matrix-animation-output-transform-array" count="352">

0.999994 -0.003121 -0.001303 0.000000 0.002996 0.996210 -0.086934 13.051600 0.001569 0.086929 0.996213 0.000000 0.000000 0.000000 0.000000 1.000000
0.998873 -0.002939 0.047379 0.000000 0.007380 0.995561 -0.093831 13.051600 -0.046893 0.094075 0.994460 0.000000 0.000000 0.000000 0.000000 1.000000
0.997187 -0.000556 0.074953 0.000000 0.006663 0.996671 -0.081257 13.051600 -0.074658 0.081528 0.993871 0.000000 0.000000 0.000000 0.000000 1.000000
0.996159 0.004700 0.087434 0.000000 0.001389 0.997584 -0.069450 13.051600 -0.087549 0.069305 0.993746 -0.000000 0.000000 0.000000 0.000000 1.000000
0.994934 0.008744 0.100152 0.000000 -0.003160 0.998438 -0.055782 13.051600 -0.100484 0.055183 0.993407 -0.000000 0.000000 0.000000 0.000000 1.000000
0.994388 0.002187 0.105768 0.000000 0.002545 0.999002 -0.044584 13.051600 -0.105760 0.044603 0.993391 -0.000000 0.000000 0.000000 0.000000 1.000000
0.995305 0.002125 0.096761 0.000000 0.002834 0.998690 -0.051084 13.051600 -0.096742 0.051118 0.993996 0.000000 0.000000 0.000000 0.000000 1.000000
0.997089 0.009818 0.075611 0.000000 -0.005603 0.998428 -0.055763 13.051600 -0.076039 0.055177 0.995577 0.000000 0.000000 0.000000 0.000000 1.000000
0.998431 0.019396 0.052525 0.000000 -0.016478 0.998327 -0.055430 13.051600 -0.053512 0.054477 0.997080 0.000000 0.000000 0.000000 0.000000 1.000000
0.999396 0.028131 0.020412 0.000000 -0.026922 0.997995 -0.057290 13.051600 -0.021983 0.056706 0.998149 0.000000 0.000000 0.000000 0.000000 1.000000
0.999401 0.030941 -0.015489 0.000000 -0.031827 0.997649 -0.060684 13.051600 0.013575 0.061141 0.998037 -0.000000 0.000000 0.000000 0.000000 1.000000
0.998278 0.025184 -0.052977 -0.000000 -0.028601 0.997491 -0.064760 13.051600 0.051214 0.066164 0.996494 -0.000000 0.000000 0.000000 0.000000 1.000000
0.995094 0.019066 -0.097084 -0.000000 -0.025636 0.997432 -0.066878 13.051600 0.095560 0.069039 0.993027 0.000000 0.000000 0.000000 0.000000 1.000000
0.992125 0.016071 -0.124220 0.000000 -0.023787 0.997861 -0.060887 13.051600 0.122976 0.063362 0.990385 0.000000 0.000000 0.000000 0.000000 1.000000
0.989318 0.015017 -0.144995 0.000000 -0.023127 0.998251 -0.054406 13.051600 0.143924 0.057178 0.987935 0.000000 0.000000 0.000000 0.000000 1.000000
0.988359 0.018945 -0.150952 0.000000 -0.027290 0.998200 -0.053406 13.051600 0.149669 0.056904 0.987097 0.000000 0.000000 0.000000 0.000000 1.000000
0.987502 0.026590 -0.155349 0.000000 -0.035401 0.997901 -0.054226 13.051600 0.153581 0.059048 0.986370 0.000000 0.000000 0.000000 0.000000 1.000000
0.988177 0.034909 -0.149293 0.000000 -0.044673 0.997041 -0.062558 13.051600 0.146667 0.068487 0.986812 0.000000 0.000000 0.000000 0.000000 1.000000
0.991366 0.023312 -0.129033 -0.000000 -0.033169 0.996648 -0.074778 13.051600 0.126857 0.078413 0.988817 -0.000000 0.000000 0.000000 0.000000 1.000000
0.995136 0.010983 -0.097895 0.000000 -0.018789 0.996684 -0.079175 13.051600 0.096701 0.080629 0.992042 -0.000000 0.000000 0.000000 0.000000 1.000000
0.998328 0.005712 -0.057514 0.000000 -0.010382 0.996642 -0.081222 13.051600 0.056856 0.081683 0.995035 0.000000 0.000000 0.000000 0.000000 1.000000
0.999994 -0.003121 -0.001303 0.000000 0.002996 0.996210 -0.086934 13.051600 0.001569 0.086929 0.996213 -0.000000 0.000000 0.000000 0.000000 1.000000</float_array>
        <technique_common>
          <accessor source="#mixamorig1_Spine2-Matrix-animation-output-transform-array" count="22" stride="16">
            <param type="float4x4"/>
          </accessor>
        </technique_common>
      </source>
      <source id="mixamorig1_Spine2-Interpolations">
        <Name_array id="mixamorig1_Spine2-Interpolations-array" count="22">
 LINEAR LINEAR LINEAR LINEAR LINEAR LINEAR LINEAR LINEAR LINEAR LINEAR LINEAR
LINEAR LINEAR LINEAR LINEAR LINEAR LINEAR LINEAR LINEAR LINEAR LINEAR LINEAR</Name_array>
        <technique_common>
          <accessor source="#mixamorig1_Spine2-Interpolations-array" count="22">
            <param type="name"/>
          </accessor>
        </technique_common>
      </source>
      <sampler id="mixamorig1_Spine2-Matrix-animation-transform">
        <input semantic="INPUT" source="#mixamorig1_Spine2-Matrix-animation-input"/>
        <input semantic="OUTPUT" source="#mixamorig1_Spine2-Matrix-animation-output-transform"/>
        <input semantic="INTERPOLATION" source="#mixamorig1_Spine2-Interpolations"/>
      </sampler>
      <channel source="#mixamorig1_Spine2-Matrix-animation-transform" target="mixamorig1_Spine2/matrix"/>
    </animation>
    <animation id="mixamorig1_Neck-anim" name="mixamorig1_Neck">
      <source id="mixamorig1_Neck-Matrix-animation-input">
        <float_array id="mixamorig1_Neck-Matrix-animation-input-array" count="22">

0.000000 0.033333 0.066667 0.100000 0.133333 0.166667 0.200000 0.233333 0.266667 0.300000 0.333333 0.366667 0.400000 0.433333 0.466667 0.500000
0.533333 0.566667 0.600000 0.633333 0.666667 0.700000</float_array>
        <technique_common>
          <accessor source="#mixamorig1_Neck-Matrix-animation-input-array" count="22">
            <param name="TIME" type="float"/>
          </accessor>
        </technique_common>
      </source>
      <source id="mixamorig1_Neck-Matrix-animation-output-transform">
        <float_array id="mixamorig1_Neck-Matrix-animation-output-transform-array" count="352">

0.999970 0.004850 -0.005963 0.000000 -0.005164 0.998539 -0.053796 14.683000 0.005694 0.053825 0.998534 0.000000 0.000000 0.000000 0.000000 1.000000
0.999451 0.001539 -0.033081 0.000000 -0.003543 0.998155 -0.060612 14.683000 0.032927 0.060696 0.997613 0.000000 0.000000 0.000000 0.000000 1.000000
0.998808 0.024033 -0.042475 0.000000 -0.027107 0.996939 -0.073331 14.683000 0.040582 0.074395 0.996403 0.000000 0.000000 0.000000 0.000000 1.000000
0.998440 0.001062 -0.055820 0.000000 -0.005193 0.997250 -0.073928 14.683000 0.055588 0.074102 0.995700 -0.000000 0.000000 0.000000 0.000000 1.000000
0.997804 0.000383 -0.066231 0.000000 -0.005953 0.996455 -0.083917 14.683000 0.065964 0.084127 0.994269 0.000000 0.000000 0.000000 0.000000 1.000000
0.997510 0.027251 -0.065054 0.000000 -0.033697 0.994402 -0.100149 14.683000 0.061961 0.102092 0.992843 -0.000000 0.000000 0.000000 0.000000 1.000000
0.997994 0.017706 -0.060787 0.000000 -0.023620 0.994908 -0.097982 14.683000 0.058742 0.099222 0.993330 0.000000 0.000000 0.000000 0.000000 1.000000
0.998711 0.015572 -0.048306 0.000000 -0.020185 0.995127 -0.096517 14.683000 0.046567 0.097368 0.994158 0.000000 0.000000 0.000000 0.000000 1.000000
0.999365 0.012953 -0.033180 0.000000 -0.015927 0.995722 -0.091018 14.683000 0.031859 0.091489 0.995296 0.000000 0.000000 0.000000 0.000000 1.000000
0.999843 0.001727 -0.017623 0.000000 -0.002925 0.997671 -0.068146 14.683000 0.017464 0.068187 0.997520 -0.000000 0.000000 0.000000 0.000000 1.000000
0.999684 -0.025064 -0.001698 -0.000000 0.024924 0.998028 -0.057612 14.683000 0.003139 0.057551 0.998338 0.000000 0.000000 0.000000 0.000000 1.000000
0.999763 -0.007244 0.020518 -0.000000 0.008674 0.997474 -0.070500 14.683000 -0.019955 0.070661 0.997301 -0.000000 0.000000 0.000000 0.000000 1.000000
0.998745 -0.035298 0.035540 -0.000000 0.038000 0.996192 -0.078473 14.683000 -0.032635 0.079725 0.996283 0.000000 0.000000 0.000000 0.000000 1.000000
0.998117 -0.017599 0.058767 0.000000 0.021759 0.997244 -0.070929 14.683000 -0.057357 0.072074 0.995749 -0.000000 0.000000 0.000000 0.000000 1.000000
0.996738 0.001946 0.080686 0.000000 0.003311 0.997882 -0.064963 14.683000 -0.080641 0.065018 0.994620 0.000000 0.000000 0.000000 0.000000 1.000000
0.996210 -0.012509 0.086080 -0.000000 0.019115 0.996897 -0.076359 14.683000 -0.084858 0.077715 0.993358 0.000000 0.000000 0.000000 0.000000 1.000000
0.995533 -0.045314 0.082830 0.000000 0.053470 0.993643 -0.099064 14.683000 -0.077815 0.103050 0.991628 0.000000 0.000000 0.000000 0.000000 1.000000
0.995363 -0.055968 0.078237 -0.000000 0.063458 0.993281 -0.096776 14.683000 -0.072295 0.101292 0.992226 -0.000000 0.000000 0.000000 0.000000 1.000000
0.996859 -0.033754 0.071638 -0.000000 0.039156 0.996384 -0.075403 14.683000 -0.068834 0.077971 0.994577 -0.000000 0.000000 0.000000 0.000000 1.000000
0.998311 -0.000334 0.058088 0.000000 0.003662 0.998356 -0.057200 14.683000 -0.057973 0.057316 0.996671 0.000000 0.000000 0.000000 0.000000 1.000000
0.999499 0.008562 0.030467 -0.000000 -0.006882 0.998471 -0.054842 14.683000 -0.030890 0.054605 0.998030 0.000000 0.000000 0.000000 0.000000 1.000000
0.999970 0.004850 -0.005963 0.000000 -0.005164 0.998539 -0.053796 14.683000 0.005694 0.053825 0.998534 0.000000 0.000000 0.000000 0.000000 1.000000</float_array>
        <technique_common>
          <accessor source="#mixamorig1_Neck-Matrix-animation-output-transform-array" count="22" stride="16">
            <param type="float4x4"/>
          </accessor>
        </technique_common>
      </source>
      <source id="mixamorig1_Neck-Interpolations">
        <Name_array id="mixamorig1_Neck-Interpolations-array" count="22">
 LINEAR LINEAR LINEAR LINEAR LINEAR LINEAR LINEAR LINEAR LINEAR LINEAR LINEAR
LINEAR LINEAR LINEAR LINEAR LINEAR LINEAR LINEAR LINEAR LINEAR LINEAR LINEAR</Name_array>
        <technique_common>
          <accessor source="#mixamorig1_Neck-Interpolations-array" count="22">
            <param type="name"/>
          </accessor>
        </technique_common>
      </source>
      <sampler id="mixamorig1_Neck-Matrix-animation-transform">
        <input semantic="INPUT" source="#mixamorig1_Neck-Matrix-animation-input"/>
        <input semantic="OUTPUT" source="#mixamorig1_Neck-Matrix-animation-output-transform"/>
        <input semantic="INTERPOLATION" source="#mixamorig1_Neck-Interpolations"/>
      </sampler>
      <channel source="#mixamorig1_Neck-Matrix-animation-transform" target="mixamorig1_Neck/matrix"/>
    </animation>
    <animation id="mixamorig1_Head-anim" name="mixamorig1_Head">
      <source id="mixamorig1_Head-Matrix-animation-input">
        <float_array id="mixamorig1_Head-Matrix-animation-input-array" count="22">

0.000000 0.033333 0.066667 0.100000 0.133333 0.166667 0.200000 0.233333 0.266667 0.300000 0.333333 0.366667 0.400000 0.433333 0.466667 0.500000
0.533333 0.566667 0.600000 0.633333 0.666667 0.700000</float_array>
        <technique_common>
          <accessor source="#mixamorig1_Head-Matrix-animation-input-array" count="22">
            <param name="TIME" type="float"/>
          </accessor>
        </technique_common>
      </source>
      <source id="mixamorig1_Head-Matrix-animation-output-transform">
        <float_array id="mixamorig1_Head-Matrix-animation-output-transform-array" count="352">

0.999934 0.004092 0.010733 0.000000 -0.004517 0.999196 0.039837 6.720200 -0.010561 -0.039883 0.999149 1.972200 0.000000 0.000000 0.000000 1.000000
0.999872 0.003981 -0.015497 0.000000 -0.003491 0.999497 0.031533 6.720200 0.015615 -0.031475 0.999383 1.972200 0.000000 0.000000 0.000000 1.000000
0.999480 0.016725 -0.027567 0.000000 -0.016162 0.999659 0.020526 6.720200 0.027901 -0.020070 0.999409 1.972200 0.000000 0.000000 0.000000 1.000000
0.999237 -0.000899 -0.039038 0.000000 0.001577 0.999849 0.017333 6.720200 0.039016 -0.017381 0.999087 1.972200 0.000000 0.000000 0.000000 1.000000
0.998795 -0.000697 -0.049067 -0.000000 0.000938 0.999988 0.004888 6.720200 0.049063 -0.004928 0.998784 1.972200 0.000000 0.000000 0.000000 1.000000
0.998561 0.018987 -0.050158 0.000000 -0.019371 0.999787 -0.007185 6.720200 0.050011 0.008146 0.998715 1.972200 0.000000 0.000000 0.000000 1.000000
0.998911 0.011366 -0.045242 0.000000 -0.011653 0.999914 -0.006072 6.720200 0.045169 0.006593 0.998958 1.972200 0.000000 0.000000 0.000000 1.000000
0.999421 0.009002 -0.032824 -0.000000 -0.009140 0.999950 -0.004054 6.720200 0.032786 0.004352 0.999453 1.972200 0.000000 0.000000 0.000000 1.000000
0.999822 0.006577 -0.017659 0.000000 -0.006551 0.999977 0.001564 6.720200 0.017669 -0.001448 0.999843 1.972200 0.000000 0.000000 0.000000 1.000000
0.999999 -0.000039 -0.001008 -0.000000 0.000063 0.999717 0.023775 6.720200 0.001007 -0.023775 0.999717 1.972200 0.000000 0.000000 0.000000 1.000000
0.999677 -0.018788 0.017102 0.000000 0.018181 0.999222 0.034995 6.720200 -0.017746 -0.034673 0.999241 1.972200 0.000000 0.000000 0.000000 1.000000
0.999258 -0.009907 0.037216 0.000000 0.009104 0.999724 0.021678 6.720200 -0.037421 -0.021323 0.999072 1.972200 0.000000 0.000000 0.000000 1.000000
0.998044 -0.030287 0.054696 0.000000 0.029466 0.999442 0.015744 6.720200 -0.055143 -0.014102 0.998379 1.972200 0.000000 0.000000 0.000000 1.000000
0.996933 -0.018654 0.076010 0.000000 0.017224 0.999663 0.019432 6.720200 -0.076347 -0.018063 0.996918 1.972200 0.000000 0.000000 0.000000 1.000000
0.995410 -0.005710 0.095531 -0.000000 0.003647 0.999757 0.021753 6.720200 -0.095632 -0.021305 0.995189 1.972200 0.000000 0.000000 0.000000 1.000000
0.994662 -0.016863 0.101797 0.000000 0.015766 0.999809 0.011565 6.720200 -0.101972 -0.009899 0.994738 1.972200 0.000000 0.000000 0.000000 1.000000
0.994036 -0.040535 0.101240 -0.000000 0.041012 0.999155 -0.002638 6.720200 -0.101048 0.006774 0.994859 1.972200 0.000000 0.000000 0.000000 1.000000
0.994086 -0.047561 0.097630 0.000000 0.047546 0.998866 0.002482 6.720200 -0.097637 0.002175 0.995220 1.972200 0.000000 0.000000 0.000000 1.000000
0.995519 -0.031048 0.089320 -0.000000 0.029437 0.999380 0.019293 6.720200 -0.089864 -0.016577 0.995816 1.972200 0.000000 0.000000 0.000000 1.000000
0.997299 -0.005362 0.073253 0.000000 0.002848 0.999405 0.034370 6.720200 -0.073394 -0.034069 0.996721 1.972200 0.000000 0.000000 0.000000 1.000000
0.998965 0.001926 0.045451 0.000000 -0.003656 0.999271 0.037997 6.720200 -0.045345 -0.038124 0.998244 1.972200 0.000000 0.000000 0.000000 1.000000
0.999934 0.004092 0.010733 0.000000 -0.004517 0.999196 0.039837 6.720200 -0.010561 -0.039883 0.999149 1.972200 0.000000 0.000000 0.000000 1.000000</float_array>
        <technique_common>
          <accessor source="#mixamorig1_Head-Matrix-animation-output-transform-array" count="22" stride="16">
            <param type="float4x4"/>
          </accessor>
        </technique_common>
      </source>
      <source id="mixamorig1_Head-Interpolations">
        <Name_array id="mixamorig1_Head-Interpolations-array" count="22">
 LINEAR LINEAR LINEAR LINEAR LINEAR LINEAR LINEAR LINEAR LINEAR LINEAR LINEAR
LINEAR LINEAR LINEAR LINEAR LINEAR LINEAR LINEAR LINEAR LINEAR LINEAR LINEAR</Name_array>
        <technique_common>
          <accessor source="#mixamorig1_Head-Interpolations-array" count="22">
            <param type="name"/>
          </accessor>
        </technique_common>
      </source>
      <sampler id="mixamorig1_Head-Matrix-animation-transform">
        <input semantic="INPUT" source="#mixamorig1_Head-Matrix-animation-input"/>
        <input semantic="OUTPUT" source="#mixamorig1_Head-Matrix-animation-output-transform"/>
        <input semantic="INTERPOLATION" source="#mixamorig1_Head-Interpolations"/>
      </sampler>
      <channel source="#mixamorig1_Head-Matrix-animation-transform" target="mixamorig1_Head/matrix"/>
    </animation>
    <animation id="mixamorig1_LeftShoulder-anim" name="mixamorig1_LeftShoulder">
      <source id="mixamorig1_LeftShoulder-Matrix-animation-input">
        <float_array id="mixamorig1_LeftShoulder-Matrix-animation-input-array" count="22">

0.000000 0.033333 0.066667 0.100000 0.133333 0.166667 0.200000 0.233333 0.266667 0.300000 0.333333 0.366667 0.400000 0.433333 0.466667 0.500000
0.533333 0.566667 0.600000 0.633333 0.666667 0.700000</float_array>
        <technique_common>
          <accessor source="#mixamorig1_LeftShoulder-Matrix-animation-input-array" count="22">
            <param name="TIME" type="float"/>
          </accessor>
        </technique_common>
      </source>
      <source id="mixamorig1_LeftShoulder-Matrix-animation-output-transform">
        <float_array id="mixamorig1_LeftShoulder-Matrix-animation-output-transform-array" count="352">

0.013810 0.890063 -0.455629 6.140200 0.019645 -0.455826 -0.889852 13.000700 -0.999712 0.003338 -0.023780 -0.233600 0.000000 0.000000 0.000000 1.000000
0.015075 0.899846 -0.435947 6.140200 0.018517 -0.436173 -0.899672 13.000700 -0.999715 0.005491 -0.023238 -0.233600 0.000000 0.000000 0.000000 1.000000
-0.026719 0.917064 -0.397844 6.140200 0.015999 -0.397543 -0.917444 13.000700 -0.999515 -0.030878 -0.004050 -0.233600 0.000000 0.000000 0.000000 1.000000
-0.064183 0.934443 -0.350281 6.140200 0.011067 -0.350316 -0.936566 13.000700 -0.997877 -0.063988 0.012143 -0.233600 0.000000 0.000000 0.000000 1.000000
-0.053139 0.956301 -0.287514 6.140200 0.005962 -0.287612 -0.957728 13.000700 -0.998569 -0.052607 0.009582 -0.233600 0.000000 0.000000 0.000000 1.000000
-0.044352 0.965600 -0.256221 6.140200 0.002017 -0.256387 -0.966572 13.000700 -0.999014 -0.043386 0.009424 -0.233600 0.000000 0.000000 0.000000 1.000000
-0.050715 0.967217 -0.248837 6.140200 -0.000357 -0.249175 -0.968458 13.000700 -0.998713 -0.049026 0.012982 -0.233600 0.000000 0.000000 0.000000 1.000000
-0.030466 0.961240 -0.274024 6.140200 0.006508 -0.273955 -0.961720 13.000700 -0.999515 -0.031083 0.002090 -0.233600 0.000000 0.000000 0.000000 1.000000
0.018237 0.931693 -0.362789 6.140200 0.014660 -0.363060 -0.931651 13.000700 -0.999726 0.011672 -0.020280 -0.233600 0.000000 0.000000 0.000000 1.000000
0.078385 0.877725 -0.472709 6.140200 0.018483 -0.475366 -0.879594 13.000700 -0.996752 0.060210 -0.053484 -0.233600 0.000000 0.000000 0.000000 1.000000
0.091948 0.859609 -0.502610 6.140200 0.018368 -0.506127 -0.862263 13.000700 -0.995594 0.070052 -0.062327 -0.233600 0.000000 0.000000 0.000000 1.000000
0.104270 0.862902 -0.494497 6.140200 0.017757 -0.498743 -0.866568 13.000700 -0.994390 0.081576 -0.067327 -0.233600 0.000000 0.000000 0.000000 1.000000
0.134166 0.891833 -0.432010 6.140200 0.016850 -0.437942 -0.898846 13.000700 -0.990816 0.113315 -0.073784 -0.233600 0.000000 0.000000 0.000000 1.000000
0.105878 0.912270 -0.395669 6.140200 0.016507 -0.399463 -0.916601 13.000700 -0.994242 0.090517 -0.057353 -0.233600 0.000000 0.000000 0.000000 1.000000
0.068784 0.928495 -0.364919 6.140200 0.016122 -0.366772 -0.930171 13.000700 -0.997501 0.058098 -0.040197 -0.233600 0.000000 0.000000 0.000000 1.000000
0.046554 0.938552 -0.341985 6.140200 0.014737 -0.342964 -0.939233 13.000700 -0.998807 0.038686 -0.029798 -0.233600 0.000000 0.000000 0.000000 1.000000
0.037675 0.945587 -0.323181 6.140200 0.013639 -0.323867 -0.946004 13.000700 -0.999197 0.031233 -0.025098 -0.233600 0.000000 0.000000 0.000000 1.000000
0.039273 0.944994 -0.324722 6.140200 0.013789 -0.325454 -0.945457 13.000700 -0.999133 0.032653 -0.025812 -0.233600 0.000000 0.000000 0.000000 1.000000
0.033204 0.932168 -0.360501 6.140200 0.015055 -0.361125 -0.932396 13.000700 -0.999335 0.025532 -0.026025 -0.233600 0.000000 0.000000 0.000000 1.000000
0.032368 0.909466 -0.414517 6.140200 0.017421 -0.415185 -0.909570 13.000700 -0.999324 0.022220 -0.029283 -0.233600 0.000000 0.000000 0.000000 1.000000
0.011527 0.901456 -0.432717 6.140200 0.018419 -0.432864 -0.901271 13.000700 -0.999764 0.002419 -0.021594 -0.233600 0.000000 0.000000 0.000000 1.000000
0.013810 0.890063 -0.455629 6.140200 0.019645 -0.455826 -0.889852 13.000700 -0.999712 0.003338 -0.023780 -0.233600 0.000000 0.000000 0.000000 1.000000</float_array>
        <technique_common>
          <accessor source="#mixamorig1_LeftShoulder-Matrix-animation-output-transform-array" count="22" stride="16">
            <param type="float4x4"/>
          </accessor>
        </technique_common>
      </source>
      <source id="mixamorig1_LeftShoulder-Interpolations">
        <Name_array id="mixamorig1_LeftShoulder-Interpolations-array" count="22">
 LINEAR LINEAR LINEAR LINEAR LINEAR LINEAR LINEAR LINEAR LINEAR LINEAR LINEAR
LINEAR LINEAR LINEAR LINEAR LINEAR LINEAR LINEAR LINEAR LINEAR LINEAR LINEAR</Name_array>
        <technique_common>
          <accessor source="#mixamorig1_LeftShoulder-Interpolations-array" count="22">
            <param type="name"/>
          </accessor>
        </technique_common>
      </source>
      <sampler id="mixamorig1_LeftShoulder-Matrix-animation-transform">
        <input semantic="INPUT" source="#mixamorig1_LeftShoulder-Matrix-animation-input"/>
        <input semantic="OUTPUT" source="#mixamorig1_LeftShoulder-Matrix-animation-output-transform"/>
        <input semantic="INTERPOLATION" source="#mixamorig1_LeftShoulder-Interpolations"/>
      </sampler>
      <channel source="#mixamorig1_LeftShoulder-Matrix-animation-transform" target="mixamorig1_LeftShoulder/matrix"/>
    </animation>
    <animation id="mixamorig1_LeftArm-anim" name="mixamorig1_LeftArm">
      <source id="mixamorig1_LeftArm-Matrix-animation-input">
        <float_array id="mixamorig1_LeftArm-Matrix-animation-input-array" count="22">

0.000000 0.033333 0.066667 0.100000 0.133333 0.166667 0.200000 0.233333 0.266667 0.300000 0.333333 0.366667 0.400000 0.433333 0.466667 0.500000
0.533333 0.566667 0.600000 0.633333 0.666667 0.700000</float_array>
        <technique_common>
          <accessor source="#mixamorig1_LeftArm-Matrix-animation-input-array" count="22">
            <param name="TIME" type="float"/>
          </accessor>
        </technique_common>
      </source>
      <source id="mixamorig1_LeftArm-Matrix-animation-output-transform">
        <float_array id="mixamorig1_LeftArm-Matrix-animation-output-transform-array" count="352">

0.955147 0.231223 0.185012 -0.000000 -0.053589 0.749412 -0.659932 13.005900 -0.291242 0.620418 0.728190 0.000000 0.000000 0.000000 0.000000 1.000000
0.926628 0.308958 0.214256 -0.000000 -0.108840 0.765887 -0.633696 13.005900 -0.359881 0.563881 0.743319 0.000000 0.000000 0.000000 0.000000 1.000000
0.859964 0.399780 0.317236 0.000000 -0.138312 0.780900 -0.609151 13.005900 -0.491256 0.479970 0.726840 0.000000 0.000000 0.000000 0.000000 1.000000
0.789860 0.450904 0.415701 -0.000000 -0.155878 0.803166 -0.575001 13.005900 -0.593147 0.389372 0.704675 -0.000000 0.000000 0.000000 0.000000 1.000000
0.711848 0.498585 0.494657 0.000000 -0.156596 0.799248 -0.580242 13.005900 -0.684654 0.335582 0.647019 0.000000 0.000000 0.000000 0.000000 1.000000
0.654414 0.545783 0.523320 0.000000 -0.176266 0.783143 -0.596336 13.005900 -0.735305 0.298007 0.608703 0.000000 0.000000 0.000000 0.000000 1.000000
0.641866 0.595613 0.482963 0.000000 -0.216731 0.745060 -0.630804 13.005900 -0.735552 0.300219 0.607316 -0.000000 0.000000 0.000000 0.000000 1.000000
0.679760 0.622678 0.387553 0.000000 -0.256920 0.697088 -0.669373 13.005900 -0.686963 0.355443 0.633832 0.000000 0.000000 0.000000 0.000000 1.000000
0.779099 0.569917 0.261151 0.000000 -0.294749 0.700670 -0.649757 13.005900 -0.553288 0.429251 0.713874 0.000000 0.000000 0.000000 0.000000 1.000000
0.923520 0.377836 0.065966 -0.000000 -0.272387 0.767168 -0.580740 13.005900 -0.270032 0.518357 0.811412 0.000000 0.000000 0.000000 0.000000 1.000000
0.996367 0.004811 -0.085024 0.000000 -0.058231 0.767002 -0.638997 13.005900 0.062139 0.641626 0.764496 0.000000 0.000000 0.000000 0.000000 1.000000
0.952967 -0.255801 -0.162543 0.000000 0.058807 0.682186 -0.728810 13.005900 0.297315 0.684973 0.665144 0.000000 0.000000 0.000000 0.000000 1.000000
0.929513 -0.311416 -0.197548 0.000000 0.060825 0.657787 -0.750744 13.005900 0.363738 0.685811 0.630363 0.000000 0.000000 0.000000 0.000000 1.000000
0.950779 -0.276867 -0.139156 0.000000 0.103145 0.706243 -0.700415 13.005900 0.292200 0.651587 0.700038 0.000000 0.000000 0.000000 0.000000 1.000000
0.970102 -0.235673 -0.057967 0.000000 0.150905 0.772795 -0.616454 13.005900 0.190078 0.589275 0.785255 -0.000000 0.000000 0.000000 0.000000 1.000000
0.981300 -0.192111 0.012000 0.000000 0.172968 0.852733 -0.492877 13.005900 0.084455 0.485736 0.870016 -0.000000 0.000000 0.000000 0.000000 1.000000
0.992104 -0.109202 0.061689 0.000000 0.125286 0.885742 -0.446950 13.005900 -0.005833 0.451149 0.892430 0.000000 0.000000 0.000000 0.000000 1.000000
0.996719 -0.012562 0.079959 0.000000 0.050691 0.867035 -0.495662 13.005900 -0.063100 0.498089 0.864827 0.000000 0.000000 0.000000 0.000000 1.000000
0.990428 0.089235 0.105311 0.000000 -0.012031 0.815839 -0.578154 13.005900 -0.137508 0.571353 0.809103 0.000000 0.000000 0.000000 0.000000 1.000000
0.973897 0.171019 0.149255 0.000000 -0.032814 0.756705 -0.652933 13.005900 -0.224606 0.630992 0.742564 0.000000 0.000000 0.000000 0.000000 1.000000
0.961413 0.205579 0.182819 0.000000 -0.022690 0.721521 -0.692021 13.005900 -0.274173 0.661170 0.698344 0.000000 0.000000 0.000000 0.000000 1.000000
0.955147 0.231223 0.185012 0.000000 -0.053589 0.749412 -0.659932 13.005900 -0.291242 0.620418 0.728190 -0.000000 0.000000 0.000000 0.000000 1.000000</float_array>
        <technique_common>
          <accessor source="#mixamorig1_LeftArm-Matrix-animation-output-transform-array" count="22" stride="16">
            <param type="float4x4"/>
          </accessor>
        </technique_common>
      </source>
      <source id="mixamorig1_LeftArm-Interpolations">
        <Name_array id="mixamorig1_LeftArm-Interpolations-array" count="22">
 LINEAR LINEAR LINEAR LINEAR LINEAR LINEAR LINEAR LINEAR LINEAR LINEAR LINEAR
LINEAR LINEAR LINEAR LINEAR LINEAR LINEAR LINEAR LINEAR LINEAR LINEAR LINEAR</Name_array>
        <technique_common>
          <accessor source="#mixamorig1_LeftArm-Interpolations-array" count="22">
            <param type="name"/>
          </accessor>
        </technique_common>
      </source>
      <sampler id="mixamorig1_LeftArm-Matrix-animation-transform">
        <input semantic="INPUT" source="#mixamorig1_LeftArm-Matrix-animation-input"/>
        <input semantic="OUTPUT" source="#mixamorig1_LeftArm-Matrix-animation-output-transform"/>
        <input semantic="INTERPOLATION" source="#mixamorig1_LeftArm-Interpolations"/>
      </sampler>
      <channel source="#mixamorig1_LeftArm-Matrix-animation-transform" target="mixamorig1_LeftArm/matrix"/>
    </animation>
    <animation id="mixamorig1_LeftForeArm-anim" name="mixamorig1_LeftForeArm">
      <source id="mixamorig1_LeftForeArm-Matrix-animation-input">
        <float_array id="mixamorig1_LeftForeArm-Matrix-animation-input-array" count="22">

0.000000 0.033333 0.066667 0.100000 0.133333 0.166667 0.200000 0.233333 0.266667 0.300000 0.333333 0.366667 0.400000 0.433333 0.466667 0.500000
0.533333 0.566667 0.600000 0.633333 0.666667 0.700000</float_array>
        <technique_common>
          <accessor source="#mixamorig1_LeftForeArm-Matrix-animation-input-array" count="22">
            <param name="TIME" type="float"/>
          </accessor>
        </technique_common>
      </source>
      <source id="mixamorig1_LeftForeArm-Matrix-animation-output-transform">
        <float_array id="mixamorig1_LeftForeArm-Matrix-animation-output-transform-array" count="352">

0.014016 -0.993290 0.114801 -0.000000 0.992629 -0.000000 -0.121190 25.560801 0.120377 0.115653 0.985968 0.000000 0.000000 0.000000 0.000000 1.000000
0.215393 -0.972351 0.090215 0.000000 0.971705 0.204243 -0.118635 25.560801 0.096929 0.113215 0.988831 -0.000000 0.000000 0.000000 0.000000 1.000000
0.286108 -0.954718 0.081581 0.000000 0.954083 0.275965 -0.116484 25.560801 0.088696 0.111162 0.989836 -0.000000 0.000000 0.000000 0.000000 1.000000
0.304751 -0.949125 0.079305 -0.000000 0.948494 0.294873 -0.115802 25.560801 0.086525 0.110511 0.990101 0.000000 0.000000 0.000000 0.000000 1.000000
0.326229 -0.942175 0.076683 0.000000 0.941549 0.316657 -0.114953 25.560801 0.084024 0.109702 0.990407 0.000000 0.000000 0.000000 0.000000 1.000000
0.311391 -0.947034 0.078494 0.000000 0.946405 0.301608 -0.115546 25.560801 0.085752 0.110267 0.990196 0.000000 0.000000 0.000000 0.000000 1.000000
0.224731 -0.970341 0.089075 0.000000 0.969696 0.213714 -0.118390 25.560801 0.095842 0.112981 0.988964 -0.000000 0.000000 0.000000 0.000000 1.000000
0.075505 -0.991356 0.107293 0.000000 0.990697 0.062364 -0.120954 25.560801 0.113217 0.115428 0.986843 0.000000 0.000000 0.000000 0.000000 1.000000
-0.048752 -0.991275 0.122464 -0.000000 0.990616 -0.063662 -0.120944 25.560801 0.127685 0.115419 0.985076 0.000000 0.000000 0.000000 0.000000 1.000000
-0.084951 -0.988273 0.126883 0.000000 0.987616 -0.100375 -0.120578 25.560801 0.131900 0.115069 0.984562 0.000000 0.000000 0.000000 0.000000 1.000000
0.018783 -0.993278 0.114219 -0.000000 0.992618 0.004834 -0.121188 25.560801 0.119822 0.115652 0.986036 0.000000 0.000000 0.000000 0.000000 1.000000
0.106865 -0.988876 0.103465 0.000000 0.988218 0.094170 -0.120651 25.560801 0.109566 0.115139 0.987288 0.000000 0.000000 0.000000 0.000000 1.000000
-0.018979 -0.992733 0.118829 0.000000 0.992073 -0.033465 -0.121122 25.560801 0.124219 0.115588 0.985499 0.000000 0.000000 0.000000 0.000000 1.000000
-0.196614 -0.970574 0.139033 -0.000000 0.969929 -0.213280 -0.117257 25.560801 0.143459 0.111798 0.983321 0.000000 0.000000 0.000000 0.000000 1.000000
-0.363698 -0.917513 0.160916 0.000000 0.916903 -0.383090 -0.111944 25.560801 0.164356 0.106830 0.980599 0.000000 0.000000 0.000000 0.000000 1.000000
-0.461430 -0.870176 0.172848 0.000000 0.869598 -0.482212 -0.106169 25.560801 0.175735 0.101318 0.979210 0.000000 0.000000 0.000000 0.000000 1.000000
-0.531577 -0.827355 0.181412 0.000000 0.826805 -0.553357 -0.100944 25.560801 0.183902 0.096333 0.978213 0.000000 0.000000 0.000000 0.000000 1.000000
-0.545927 -0.817566 0.183164 -0.000000 0.817023 -0.567912 -0.099750 25.560801 0.185573 0.095193 0.978009 -0.000000 0.000000 0.000000 0.000000 1.000000
-0.510511 -0.841068 0.178840 0.000000 0.840509 -0.531991 -0.102617 25.560801 0.181449 0.097929 0.978512 0.000000 0.000000 0.000000 0.000000 1.000000
-0.396036 -0.903313 0.164864 0.000000 0.902713 -0.415888 -0.110212 25.560801 0.168121 0.105177 0.980139 0.000000 0.000000 0.000000 0.000000 1.000000
-0.201305 -0.969314 0.141089 0.000000 0.968670 -0.218385 -0.118265 25.560801 0.145447 0.112861 0.982908 0.000000 0.000000 0.000000 0.000000 1.000000
0.014016 -0.993290 0.114801 0.000000 0.992629 -0.000000 -0.121190 25.560801 0.120377 0.115653 0.985968 0.000000 0.000000 0.000000 0.000000 1.000000</float_array>
        <technique_common>
          <accessor source="#mixamorig1_LeftForeArm-Matrix-animation-output-transform-array" count="22" stride="16">
            <param type="float4x4"/>
          </accessor>
        </technique_common>
      </source>
      <source id="mixamorig1_LeftForeArm-Interpolations">
        <Name_array id="mixamorig1_LeftForeArm-Interpolations-array" count="22">
 LINEAR LINEAR LINEAR LINEAR LINEAR LINEAR LINEAR LINEAR LINEAR LINEAR LINEAR
LINEAR LINEAR LINEAR LINEAR LINEAR LINEAR LINEAR LINEAR LINEAR LINEAR LINEAR</Name_array>
        <technique_common>
          <accessor source="#mixamorig1_LeftForeArm-Interpolations-array" count="22">
            <param type="name"/>
          </accessor>
        </technique_common>
      </source>
      <sampler id="mixamorig1_LeftForeArm-Matrix-animation-transform">
        <input semantic="INPUT" source="#mixamorig1_LeftForeArm-Matrix-animation-input"/>
        <input semantic="OUTPUT" source="#mixamorig1_LeftForeArm-Matrix-animation-output-transform"/>
        <input semantic="INTERPOLATION" source="#mixamorig1_LeftForeArm-Interpolations"/>
      </sampler>
      <channel source="#mixamorig1_LeftForeArm-Matrix-animation-transform" target="mixamorig1_LeftForeArm/matrix"/>
    </animation>
    <animation id="mixamorig1_LeftHand-anim" name="mixamorig1_LeftHand">
      <source id="mixamorig1_LeftHand-Matrix-animation-input">
        <float_array id="mixamorig1_LeftHand-Matrix-animation-input-array" count="22">

0.000000 0.033333 0.066667 0.100000 0.133333 0.166667 0.200000 0.233333 0.266667 0.300000 0.333333 0.366667 0.400000 0.433333 0.466667 0.500000
0.533333 0.566667 0.600000 0.633333 0.666667 0.700000</float_array>
        <technique_common>
          <accessor source="#mixamorig1_LeftHand-Matrix-animation-input-array" count="22">
            <param name="TIME" type="float"/>
          </accessor>
        </technique_common>
      </source>
      <source id="mixamorig1_LeftHand-Matrix-animation-output-transform">
        <float_array id="mixamorig1_LeftHand-Matrix-animation-output-transform-array" count="352">

0.989457 0.004361 0.144762 0.000000 -0.030590 0.983290 0.179459 23.404100 -0.141560 -0.181995 0.973056 0.000000 0.000000 0.000000 0.000000 1.000000
0.995705 -0.070521 0.059985 0.000000 0.064344 0.992973 0.099322 23.404100 -0.066568 -0.095036 0.993246 -0.000000 0.000000 0.000000 0.000000 1.000000
0.996595 -0.082263 -0.005537 0.000000 0.082225 0.986708 0.140165 23.404100 -0.006067 -0.140143 0.990113 0.000000 0.000000 0.000000 0.000000 1.000000
0.993327 -0.114176 -0.016274 0.000000 0.115330 0.983487 0.139475 23.404100 0.000081 -0.140421 0.990092 -0.000000 0.000000 0.000000 0.000000 1.000000
0.987106 -0.160058 -0.001918 0.000000 0.157650 0.970037 0.184867 23.404100 -0.027729 -0.182785 0.982762 0.000000 0.000000 0.000000 0.000000 1.000000
0.983550 -0.180331 0.010465 0.000000 0.174299 0.962671 0.207083 23.404100 -0.047417 -0.201853 0.978267 0.000000 0.000000 0.000000 0.000000 1.000000
0.989177 -0.137887 0.050162 0.000000 0.125978 0.973386 0.191439 23.404100 -0.075224 -0.183048 0.980222 0.000000 0.000000 0.000000 0.000000 1.000000
0.994672 -0.061993 0.082369 0.000000 0.050389 0.989404 0.136164 23.404100 -0.089938 -0.131288 0.987256 0.000000 0.000000 0.000000 0.000000 1.000000
0.998945 0.005849 0.045546 0.000000 -0.008405 0.998388 0.056133 23.404100 -0.045144 -0.056456 0.997384 0.000000 0.000000 0.000000 0.000000 1.000000
0.998502 0.041501 -0.035646 -0.000000 -0.043051 0.998109 -0.043878 23.404100 0.033757 0.045347 0.998401 0.000000 0.000000 0.000000 0.000000 1.000000
0.997215 0.034156 0.066298 0.000000 -0.040114 0.995068 0.090719 23.404100 -0.062872 -0.093126 0.993667 0.000000 0.000000 0.000000 0.000000 1.000000
0.991060 0.082608 0.104763 0.000000 -0.092508 0.991317 0.093454 23.404100 -0.096133 -0.102310 0.990096 -0.000000 0.000000 0.000000 0.000000 1.000000
0.999639 -0.003413 0.026634 0.000000 0.001512 0.997471 0.071056 23.404100 -0.026809 -0.070990 0.997117 0.000000 0.000000 0.000000 0.000000 1.000000
0.997248 0.049159 -0.055505 0.000000 -0.038491 0.983075 0.179116 23.404100 0.063370 -0.176487 0.982261 0.000000 0.000000 0.000000 0.000000 1.000000
0.985780 0.124450 -0.112919 0.000000 -0.085634 0.950199 0.299647 23.404100 0.144587 -0.285717 0.947344 0.000000 0.000000 0.000000 0.000000 1.000000
0.985792 0.099263 -0.135506 0.000000 -0.051916 0.947265 0.316217 23.404100 0.159749 -0.304689 0.938959 0.000000 0.000000 0.000000 0.000000 1.000000
0.985290 0.125130 -0.116391 0.000000 -0.087259 0.953973 0.286917 23.404100 0.146935 -0.272540 0.950859 -0.000000 0.000000 0.000000 0.000000 1.000000
0.990412 0.094291 -0.100962 0.000000 -0.070279 0.973105 0.219380 23.404100 0.118932 -0.210181 0.970402 -0.000000 0.000000 0.000000 0.000000 1.000000
0.995712 0.044566 -0.081062 0.000000 -0.029678 0.983876 0.176370 23.404100 0.087615 -0.173208 0.980980 0.000000 0.000000 0.000000 0.000000 1.000000
0.999606 0.015344 -0.023514 0.000000 -0.010581 0.981584 0.190740 23.404100 0.026008 -0.190416 0.981359 0.000000 0.000000 0.000000 0.000000 1.000000
0.994311 0.073169 0.077411 0.000000 -0.088532 0.971787 0.218615 23.404100 -0.059231 -0.224225 0.972736 0.000000 0.000000 0.000000 0.000000 1.000000
0.989457 0.004361 0.144762 0.000000 -0.030590 0.983290 0.179459 23.404100 -0.141560 -0.181995 0.973056 0.000000 0.000000 0.000000 0.000000 1.000000</float_array>
        <technique_common>
          <accessor source="#mixamorig1_LeftHand-Matrix-animation-output-transform-array" count="22" stride="16">
            <param type="float4x4"/>
          </accessor>
        </technique_common>
      </source>
      <source id="mixamorig1_LeftHand-Interpolations">
        <Name_array id="mixamorig1_LeftHand-Interpolations-array" count="22">
 LINEAR LINEAR LINEAR LINEAR LINEAR LINEAR LINEAR LINEAR LINEAR LINEAR LINEAR
LINEAR LINEAR LINEAR LINEAR LINEAR LINEAR LINEAR LINEAR LINEAR LINEAR LINEAR</Name_array>
        <technique_common>
          <accessor source="#mixamorig1_LeftHand-Interpolations-array" count="22">
            <param type="name"/>
          </accessor>
        </technique_common>
      </source>
      <sampler id="mixamorig1_LeftHand-Matrix-animation-transform">
        <input semantic="INPUT" source="#mixamorig1_LeftHand-Matrix-animation-input"/>
        <input semantic="OUTPUT" source="#mixamorig1_LeftHand-Matrix-animation-output-transform"/>
        <input semantic="INTERPOLATION" source="#mixamorig1_LeftHand-Interpolations"/>
      </sampler>
      <channel source="#mixamorig1_LeftHand-Matrix-animation-transform" target="mixamorig1_LeftHand/matrix"/>
    </animation>
    <animation id="mixamorig1_LeftHandThumb1-anim" name="mixamorig1_LeftHandThumb1">
      <source id="mixamorig1_LeftHandThumb1-Matrix-animation-input">
        <float_array id="mixamorig1_LeftHandThumb1-Matrix-animation-input-array" count="22">

0.000000 0.033333 0.066667 0.100000 0.133333 0.166667 0.200000 0.233333 0.266667 0.300000 0.333333 0.366667 0.400000 0.433333 0.466667 0.500000
0.533333 0.566667 0.600000 0.633333 0.666667 0.700000</float_array>
        <technique_common>
          <accessor source="#mixamorig1_LeftHandThumb1-Matrix-animation-input-array" count="22">
            <param name="TIME" type="float"/>
          </accessor>
        </technique_common>
      </source>
      <source id="mixamorig1_LeftHandThumb1-Matrix-animation-output-transform">
        <float_array id="mixamorig1_LeftHandThumb1-Matrix-animation-output-transform-array" count="352">

0.930964 -0.321753 0.172573 -2.867700 0.364590 0.793992 -0.486467 3.935800 0.019501 0.515802 0.856486 1.188300 0.000000 0.000000 0.000000 1.000000
0.930964 -0.321753 0.172573 -2.867700 0.364590 0.793992 -0.486468 3.935800 0.019501 0.515802 0.856486 1.188300 0.000000 0.000000 0.000000 1.000000
0.930964 -0.321753 0.172572 -2.867700 0.364590 0.793992 -0.486468 3.935800 0.019502 0.515802 0.856486 1.188300 0.000000 0.000000 0.000000 1.000000
0.930964 -0.321753 0.172572 -2.867700 0.364590 0.793992 -0.486468 3.935800 0.019501 0.515802 0.856486 1.188300 0.000000 0.000000 0.000000 1.000000
0.930964 -0.321753 0.172572 -2.867700 0.364590 0.793992 -0.486468 3.935800 0.019501 0.515802 0.856486 1.188300 0.000000 0.000000 0.000000 1.000000
0.930964 -0.321753 0.172572 -2.867700 0.364590 0.793992 -0.486467 3.935800 0.019501 0.515802 0.856486 1.188300 0.000000 0.000000 0.000000 1.000000
0.930964 -0.321753 0.172572 -2.867700 0.364590 0.793992 -0.486468 3.935800 0.019502 0.515802 0.856486 1.188300 0.000000 0.000000 0.000000 1.000000
0.930964 -0.321753 0.172572 -2.867700 0.364590 0.793992 -0.486468 3.935800 0.019502 0.515802 0.856486 1.188300 0.000000 0.000000 0.000000 1.000000
0.930964 -0.321753 0.172572 -2.867700 0.364590 0.793992 -0.486467 3.935800 0.019501 0.515802 0.856486 1.188300 0.000000 0.000000 0.000000 1.000000
0.930964 -0.321753 0.172572 -2.867700 0.364590 0.793992 -0.486468 3.935800 0.019502 0.515802 0.856486 1.188300 0.000000 0.000000 0.000000 1.000000
0.930964 -0.321753 0.172573 -2.867700 0.364590 0.793992 -0.486468 3.935800 0.019501 0.515802 0.856486 1.188300 0.000000 0.000000 0.000000 1.000000
0.930964 -0.321753 0.172572 -2.867700 0.364590 0.793992 -0.486468 3.935800 0.019502 0.515802 0.856486 1.188300 0.000000 0.000000 0.000000 1.000000
0.930964 -0.321753 0.172572 -2.867700 0.364590 0.793992 -0.486468 3.935800 0.019501 0.515802 0.856486 1.188300 0.000000 0.000000 0.000000 1.000000
0.930964 -0.321753 0.172572 -2.867700 0.364590 0.793992 -0.486468 3.935800 0.019502 0.515802 0.856486 1.188300 0.000000 0.000000 0.000000 1.000000
0.930964 -0.321753 0.172572 -2.867700 0.364590 0.793992 -0.486468 3.935800 0.019502 0.515802 0.856486 1.188300 0.000000 0.000000 0.000000 1.000000
0.930964 -0.321753 0.172573 -2.867700 0.364590 0.793992 -0.486468 3.935800 0.019501 0.515802 0.856486 1.188300 0.000000 0.000000 0.000000 1.000000
0.930964 -0.321753 0.172572 -2.867700 0.364590 0.793992 -0.486468 3.935800 0.019502 0.515802 0.856486 1.188300 0.000000 0.000000 0.000000 1.000000
0.930964 -0.321753 0.172572 -2.867700 0.364590 0.793992 -0.486468 3.935800 0.019502 0.515802 0.856486 1.188300 0.000000 0.000000 0.000000 1.000000
0.930964 -0.321753 0.172572 -2.867700 0.364590 0.793992 -0.486468 3.935800 0.019501 0.515802 0.856486 1.188300 0.000000 0.000000 0.000000 1.000000
0.930964 -0.321753 0.172573 -2.867700 0.364590 0.793992 -0.486468 3.935800 0.019501 0.515802 0.856486 1.188300 0.000000 0.000000 0.000000 1.000000
0.930964 -0.321753 0.172573 -2.867700 0.364590 0.793992 -0.486467 3.935800 0.019501 0.515802 0.856486 1.188300 0.000000 0.000000 0.000000 1.000000
0.930964 -0.321753 0.172572 -2.867700 0.364590 0.793992 -0.486468 3.935800 0.019501 0.515802 0.856486 1.188300 0.000000 0.000000 0.000000 1.000000</float_array>
        <technique_common>
          <accessor source="#mixamorig1_LeftHandThumb1-Matrix-animation-output-transform-array" count="22" stride="16">
            <param type="float4x4"/>
          </accessor>
        </technique_common>
      </source>
      <source id="mixamorig1_LeftHandThumb1-Interpolations">
        <Name_array id="mixamorig1_LeftHandThumb1-Interpolations-array" count="22">
 LINEAR LINEAR LINEAR LINEAR LINEAR LINEAR LINEAR LINEAR LINEAR LINEAR LINEAR
LINEAR LINEAR LINEAR LINEAR LINEAR LINEAR LINEAR LINEAR LINEAR LINEAR LINEAR</Name_array>
        <technique_common>
          <accessor source="#mixamorig1_LeftHandThumb1-Interpolations-array" count="22">
            <param type="name"/>
          </accessor>
        </technique_common>
      </source>
      <sampler id="mixamorig1_LeftHandThumb1-Matrix-animation-transform">
        <input semantic="INPUT" source="#mixamorig1_LeftHandThumb1-Matrix-animation-input"/>
        <input semantic="OUTPUT" source="#mixamorig1_LeftHandThumb1-Matrix-animation-output-transform"/>
        <input semantic="INTERPOLATION" source="#mixamorig1_LeftHandThumb1-Interpolations"/>
      </sampler>
      <channel source="#mixamorig1_LeftHandThumb1-Matrix-animation-transform" target="mixamorig1_LeftHandThumb1/matrix"/>
    </animation>
    <animation id="mixamorig1_LeftHandThumb2-anim" name="mixamorig1_LeftHandThumb2">
      <source id="mixamorig1_LeftHandThumb2-Matrix-animation-input">
        <float_array id="mixamorig1_LeftHandThumb2-Matrix-animation-input-array" count="22">

0.000000 0.033333 0.066667 0.100000 0.133333 0.166667 0.200000 0.233333 0.266667 0.300000 0.333333 0.366667 0.400000 0.433333 0.466667 0.500000
0.533333 0.566667 0.600000 0.633333 0.666667 0.700000</float_array>
        <technique_common>
          <accessor source="#mixamorig1_LeftHandThumb2-Matrix-animation-input-array" count="22">
            <param name="TIME" type="float"/>
          </accessor>
        </technique_common>
      </source>
      <source id="mixamorig1_LeftHandThumb2-Matrix-animation-output-transform">
        <float_array id="mixamorig1_LeftHandThumb2-Matrix-animation-output-transform-array" count="352">

0.925814 0.256313 0.277800 -0.405400 -0.306573 0.939103 0.155238 3.989600 -0.221093 -0.228887 0.948013 0.000000 0.000000 0.000000 0.000000 1.000000
0.894185 0.397772 0.205450 -0.405400 -0.430253 0.890366 0.148764 3.989600 -0.123751 -0.221418 0.967295 0.000000 0.000000 0.000000 0.000000 1.000000
0.879514 0.436730 0.189001 -0.405400 -0.465687 0.871627 0.152979 3.989600 -0.097928 -0.222562 0.969988 0.000000 0.000000 0.000000 0.000000 1.000000
0.862158 0.475631 0.174524 -0.405400 -0.501498 0.850128 0.160568 3.989600 -0.071996 -0.225958 0.971473 0.000000 0.000000 0.000000 0.000000 1.000000
0.844116 0.511334 0.161262 -0.405400 -0.534019 0.828666 0.167736 3.989600 -0.047863 -0.227705 0.972553 0.000000 0.000000 0.000000 0.000000 1.000000
0.884681 0.413306 0.215681 -0.405400 -0.451847 0.874073 0.178412 3.989600 -0.114782 -0.255292 0.960026 0.000000 0.000000 0.000000 0.000000 1.000000
0.896114 0.377911 0.232732 -0.405400 -0.421286 0.889261 0.178139 3.989600 -0.139638 -0.257679 0.956087 0.000000 0.000000 0.000000 0.000000 1.000000
0.902464 0.358135 0.239369 -0.405400 -0.402627 0.898834 0.173171 3.989600 -0.153134 -0.252657 0.955361 0.000000 0.000000 0.000000 0.000000 1.000000
0.905181 0.353287 0.236296 -0.405400 -0.395537 0.903670 0.164105 3.989600 -0.155557 -0.242009 0.957723 0.000000 0.000000 0.000000 0.000000 1.000000
0.904310 0.361824 0.226511 -0.405400 -0.400168 0.903287 0.154720 3.989600 -0.148623 -0.230558 0.961641 0.000000 0.000000 0.000000 0.000000 1.000000
0.891259 0.406283 0.201476 -0.405400 -0.437854 0.886606 0.149043 3.989600 -0.118076 -0.221053 0.968088 0.000000 0.000000 0.000000 0.000000 1.000000
0.838918 0.525173 0.142862 -0.405400 -0.542784 0.826613 0.148649 3.989600 -0.040025 -0.202247 0.978516 0.000000 0.000000 0.000000 0.000000 1.000000
0.851427 0.519628 0.071127 -0.405400 -0.522726 0.829691 0.195885 3.989600 0.042774 -0.203962 0.978044 0.000000 0.000000 0.000000 0.000000 1.000000
0.882193 0.470070 0.027753 -0.405400 -0.464419 0.858824 0.216187 3.989600 0.077788 -0.203608 0.975957 0.000000 0.000000 0.000000 0.000000 1.000000
0.906672 0.421830 -0.002243 -0.405400 -0.410546 0.883616 0.225111 3.989600 0.096941 -0.203181 0.974331 0.000000 0.000000 0.000000 0.000000 1.000000
0.901228 0.433166 0.012450 -0.405400 -0.425344 0.878729 0.216604 3.989600 0.082886 -0.200505 0.976180 0.000000 0.000000 0.000000 0.000000 1.000000
0.892839 0.448369 0.042466 -0.405400 -0.447382 0.872101 0.198214 3.989600 0.051839 -0.195972 0.979238 0.000000 0.000000 0.000000 0.000000 1.000000
0.873176 0.473272 0.116527 -0.405400 -0.486655 0.859813 0.154558 3.989600 -0.027044 -0.191665 0.981088 -0.000000 0.000000 0.000000 0.000000 1.000000
0.884405 0.431006 0.179059 -0.405400 -0.455725 0.880273 0.132035 3.989600 -0.100713 -0.198374 0.974938 0.000000 0.000000 0.000000 0.000000 1.000000
0.924832 0.246165 0.289979 -0.405400 -0.302624 0.938033 0.168858 3.989600 -0.230443 -0.243920 0.942018 0.000000 0.000000 0.000000 0.000000 1.000000
0.922486 0.226950 0.312271 -0.405400 -0.295674 0.935469 0.193584 3.989600 -0.248186 -0.270909 0.930060 0.000000 0.000000 0.000000 0.000000 1.000000
0.925814 0.256313 0.277799 -0.405400 -0.306573 0.939103 0.155238 3.989600 -0.221093 -0.228887 0.948013 0.000000 0.000000 0.000000 0.000000 1.000000</float_array>
        <technique_common>
          <accessor source="#mixamorig1_LeftHandThumb2-Matrix-animation-output-transform-array" count="22" stride="16">
            <param type="float4x4"/>
          </accessor>
        </technique_common>
      </source>
      <source id="mixamorig1_LeftHandThumb2-Interpolations">
        <Name_array id="mixamorig1_LeftHandThumb2-Interpolations-array" count="22">
 LINEAR LINEAR LINEAR LINEAR LINEAR LINEAR LINEAR LINEAR LINEAR LINEAR LINEAR
LINEAR LINEAR LINEAR LINEAR LINEAR LINEAR LINEAR LINEAR LINEAR LINEAR LINEAR</Name_array>
        <technique_common>
          <accessor source="#mixamorig1_LeftHandThumb2-Interpolations-array" count="22">
            <param type="name"/>
          </accessor>
        </technique_common>
      </source>
      <sampler id="mixamorig1_LeftHandThumb2-Matrix-animation-transform">
        <input semantic="INPUT" source="#mixamorig1_LeftHandThumb2-Matrix-animation-input"/>
        <input semantic="OUTPUT" source="#mixamorig1_LeftHandThumb2-Matrix-animation-output-transform"/>
        <input semantic="INTERPOLATION" source="#mixamorig1_LeftHandThumb2-Interpolations"/>
      </sampler>
      <channel source="#mixamorig1_LeftHandThumb2-Matrix-animation-transform" target="mixamorig1_LeftHandThumb2/matrix"/>
    </animation>
    <animation id="mixamorig1_LeftHandThumb3-anim" name="mixamorig1_LeftHandThumb3">
      <source id="mixamorig1_LeftHandThumb3-Matrix-animation-input">
        <float_array id="mixamorig1_LeftHandThumb3-Matrix-animation-input-array" count="22">

0.000000 0.033333 0.066667 0.100000 0.133333 0.166667 0.200000 0.233333 0.266667 0.300000 0.333333 0.366667 0.400000 0.433333 0.466667 0.500000
0.533333 0.566667 0.600000 0.633333 0.666667 0.700000</float_array>
        <technique_common>
          <accessor source="#mixamorig1_LeftHandThumb3-Matrix-animation-input-array" count="22">
            <param name="TIME" type="float"/>
          </accessor>
        </technique_common>
      </source>
      <source id="mixamorig1_LeftHandThumb3-Matrix-animation-output-transform">
        <float_array id="mixamorig1_LeftHandThumb3-Matrix-animation-output-transform-array" count="352">

0.660414 -0.709550 0.245747 -0.037300 0.651560 0.704166 0.282169 3.599900 -0.373259 -0.026230 0.927356 0.000000 0.000000 0.000000 0.000000 1.000000
0.670699 -0.694009 0.261754 -0.037300 0.617364 0.717931 0.321617 3.599900 -0.411126 -0.054111 0.909971 0.000000 0.000000 0.000000 0.000000 1.000000
0.660319 -0.701183 0.268927 -0.037300 0.618496 0.710874 0.334844 3.599900 -0.425960 -0.054774 0.903082 0.000000 0.000000 0.000000 0.000000 1.000000
0.624110 -0.727315 0.285480 -0.037300 0.632416 0.684798 0.362079 3.599900 -0.458842 -0.045435 0.887355 -0.000000 0.000000 0.000000 0.000000 1.000000
0.549264 -0.773181 0.317017 -0.037300 0.653809 0.633880 0.413195 3.599900 -0.520425 -0.019684 0.853680 0.000000 0.000000 0.000000 0.000000 1.000000
0.520722 -0.795082 0.310957 -0.037300 0.692056 0.606397 0.391588 3.599900 -0.499908 0.011291 0.866005 0.000000 0.000000 0.000000 0.000000 1.000000
0.547854 -0.783007 0.294545 -0.037300 0.694563 0.621979 0.361557 3.599900 -0.466302 0.006500 0.884601 0.000000 0.000000 0.000000 0.000000 1.000000
0.580574 -0.764223 0.280887 -0.037300 0.684701 0.644935 0.339476 3.599900 -0.440589 -0.004767 0.897696 0.000000 0.000000 0.000000 0.000000 1.000000
0.608951 -0.745054 0.272165 -0.037300 0.669432 0.666781 0.327510 3.599900 -0.425487 -0.017242 0.904800 0.000000 0.000000 0.000000 0.000000 1.000000
0.633559 -0.726057 0.267292 -0.037300 0.650792 0.686938 0.323396 3.599900 -0.418417 -0.030939 0.907728 0.000000 0.000000 0.000000 0.000000 1.000000
0.656590 -0.705275 0.267352 -0.037300 0.625101 0.707183 0.330366 3.599900 -0.422066 -0.049793 0.905197 0.000000 0.000000 0.000000 0.000000 1.000000
0.727120 -0.635854 0.258817 -0.037300 0.551039 0.765425 0.332384 3.599900 -0.409453 -0.099065 0.906937 0.000000 0.000000 0.000000 0.000000 1.000000
0.756518 -0.603955 0.250834 -0.037300 0.522560 0.788882 0.323414 3.599900 -0.393206 -0.113593 0.912406 0.000000 0.000000 0.000000 0.000000 1.000000
0.779975 -0.576850 0.242659 -0.037300 0.500454 0.807750 0.311586 3.599900 -0.375746 -0.121589 0.918712 0.000000 0.000000 0.000000 0.000000 1.000000
0.797775 -0.555101 0.235412 -0.037300 0.482998 0.822047 0.301581 3.599900 -0.360927 -0.126890 0.923921 0.000000 0.000000 0.000000 0.000000 1.000000
0.795942 -0.557725 0.235414 -0.037300 0.485935 0.820533 0.300985 3.599900 -0.361032 -0.125171 0.924115 0.000000 0.000000 0.000000 0.000000 1.000000
0.788526 -0.567341 0.237384 -0.037300 0.494774 0.814469 0.303050 3.599900 -0.365274 -0.121511 0.922935 -0.000000 0.000000 0.000000 0.000000 1.000000
0.766300 -0.594300 0.244114 -0.037300 0.518517 0.796420 0.311216 3.599900 -0.379373 -0.111908 0.918451 0.000000 0.000000 0.000000 0.000000 1.000000
0.726356 -0.639496 0.251898 -0.037300 0.562685 0.763734 0.316379 3.599900 -0.394706 -0.088064 0.914577 0.000000 0.000000 0.000000 0.000000 1.000000
0.671678 -0.702324 0.235774 -0.037300 0.651575 0.711482 0.263141 3.599900 -0.352559 -0.023122 0.935504 0.000000 0.000000 0.000000 0.000000 1.000000
0.664105 -0.712465 0.226622 -0.037300 0.670800 0.701667 0.240187 3.599900 -0.330139 -0.007491 0.943903 0.000000 0.000000 0.000000 0.000000 1.000000
0.660416 -0.709577 0.245666 -0.037300 0.651574 0.704137 0.282211 3.599900 -0.373233 -0.026307 0.927365 0.000000 0.000000 0.000000 0.000000 1.000000</float_array>
        <technique_common>
          <accessor source="#mixamorig1_LeftHandThumb3-Matrix-animation-output-transform-array" count="22" stride="16">
            <param type="float4x4"/>
          </accessor>
        </technique_common>
      </source>
      <source id="mixamorig1_LeftHandThumb3-Interpolations">
        <Name_array id="mixamorig1_LeftHandThumb3-Interpolations-array" count="22">
 LINEAR LINEAR LINEAR LINEAR LINEAR LINEAR LINEAR LINEAR LINEAR LINEAR LINEAR
LINEAR LINEAR LINEAR LINEAR LINEAR LINEAR LINEAR LINEAR LINEAR LINEAR LINEAR</Name_array>
        <technique_common>
          <accessor source="#mixamorig1_LeftHandThumb3-Interpolations-array" count="22">
            <param type="name"/>
          </accessor>
        </technique_common>
      </source>
      <sampler id="mixamorig1_LeftHandThumb3-Matrix-animation-transform">
        <input semantic="INPUT" source="#mixamorig1_LeftHandThumb3-Matrix-animation-input"/>
        <input semantic="OUTPUT" source="#mixamorig1_LeftHandThumb3-Matrix-animation-output-transform"/>
        <input semantic="INTERPOLATION" source="#mixamorig1_LeftHandThumb3-Interpolations"/>
      </sampler>
      <channel source="#mixamorig1_LeftHandThumb3-Matrix-animation-transform" target="mixamorig1_LeftHandThumb3/matrix"/>
    </animation>
    <animation id="mixamorig1_LeftHandIndex1-anim" name="mixamorig1_LeftHandIndex1">
      <source id="mixamorig1_LeftHandIndex1-Matrix-animation-input">
        <float_array id="mixamorig1_LeftHandIndex1-Matrix-animation-input-array" count="22">

0.000000 0.033333 0.066667 0.100000 0.133333 0.166667 0.200000 0.233333 0.266667 0.300000 0.333333 0.366667 0.400000 0.433333 0.466667 0.500000
0.533333 0.566667 0.600000 0.633333 0.666667 0.700000</float_array>
        <technique_common>
          <accessor source="#mixamorig1_LeftHandIndex1-Matrix-animation-input-array" count="22">
            <param name="TIME" type="float"/>
          </accessor>
        </technique_common>
      </source>
      <source id="mixamorig1_LeftHandIndex1-Matrix-animation-output-transform">
        <float_array id="mixamorig1_LeftHandIndex1-Matrix-animation-output-transform-array" count="352">

0.979239 0.196268 -0.050698 -3.484200 -0.057238 0.027792 -0.997974 11.757900 -0.194461 0.980156 0.038449 0.113100 0.000000 0.000000 0.000000 1.000000
0.979537 0.193286 -0.056109 -3.484200 -0.050176 -0.035460 -0.998111 11.757900 -0.194910 0.980501 -0.025036 0.113100 0.000000 0.000000 0.000000 1.000000
0.977560 0.200604 -0.064307 -3.484200 -0.052000 -0.066035 -0.996461 11.757900 -0.204140 0.977444 -0.054122 0.113100 0.000000 0.000000 0.000000 1.000000
0.974753 0.210122 -0.075540 -3.484200 -0.053453 -0.108885 -0.992616 11.757900 -0.216795 0.971593 -0.094904 0.113100 0.000000 0.000000 0.000000 1.000000
0.969043 0.226752 -0.097670 -3.484200 -0.052241 -0.198326 -0.978743 11.757900 -0.241303 0.953546 -0.180341 0.113100 0.000000 0.000000 0.000000 1.000000
0.963441 0.245121 -0.108153 -3.484200 -0.061142 -0.191869 -0.979514 11.757900 -0.260851 0.950317 -0.169868 0.113100 0.000000 0.000000 0.000000 1.000000
0.964899 0.242644 -0.100465 -3.484200 -0.066395 -0.144732 -0.987241 11.757900 -0.254089 0.959258 -0.123542 0.113100 0.000000 0.000000 0.000000 1.000000
0.969661 0.230440 -0.081577 -3.484200 -0.071230 -0.052881 -0.996057 11.757900 -0.233845 0.971649 -0.034863 0.113100 0.000000 0.000000 0.000000 1.000000
0.976741 0.206871 -0.056396 -3.484200 -0.066254 0.041033 -0.996959 11.757900 -0.203928 0.977507 0.053784 0.113100 0.000000 0.000000 0.000000 1.000000
0.983169 0.179999 -0.031279 -3.484200 -0.054052 0.123040 -0.990929 11.757900 -0.174517 0.975941 0.130698 0.113100 0.000000 0.000000 0.000000 1.000000
0.987167 0.159058 -0.014209 -3.484200 -0.040721 0.164690 -0.985504 11.757900 -0.154413 0.973436 0.169054 0.113100 0.000000 0.000000 0.000000 1.000000
0.991458 0.130368 0.003886 -3.484200 -0.017641 0.163558 -0.986376 11.757900 -0.129227 0.977882 0.164461 0.113100 0.000000 0.000000 0.000000 1.000000
0.992659 0.120437 0.011054 -3.484200 -0.010234 0.174714 -0.984566 11.757900 -0.120510 0.977226 0.174664 0.113100 0.000000 0.000000 0.000000 1.000000
0.992884 0.118380 0.012919 -3.484200 -0.008828 0.181353 -0.983378 11.757900 -0.118756 0.976267 0.181108 0.113100 0.000000 0.000000 0.000000 1.000000
0.992841 0.118746 0.012911 -3.484200 -0.009158 0.183450 -0.982986 11.757900 -0.119095 0.975831 0.183224 0.113100 0.000000 0.000000 0.000000 1.000000
0.992341 0.123224 0.008665 -3.484200 -0.012159 0.167246 -0.985840 11.757900 -0.122928 0.978184 0.167464 0.113100 0.000000 0.000000 0.000000 1.000000
0.991427 0.130655 0.001602 -3.484200 -0.016980 0.140981 -0.989867 11.757900 -0.129557 0.981353 0.141991 0.113100 0.000000 0.000000 0.000000 1.000000
0.989497 0.144265 -0.009122 -3.484200 -0.026288 0.117536 -0.992721 11.757900 -0.142142 0.982534 0.120094 0.113100 0.000000 0.000000 0.000000 1.000000
0.987816 0.154920 -0.014811 -3.484200 -0.034815 0.127219 -0.991263 11.757900 -0.151683 0.979701 0.131063 0.113100 0.000000 0.000000 0.000000 1.000000
0.987532 0.156837 -0.013523 -3.484200 -0.037907 0.153550 -0.987414 11.757900 -0.152787 0.975615 0.157580 0.113100 0.000000 0.000000 0.000000 1.000000
0.981863 0.185658 -0.038425 -3.484200 -0.054425 0.081867 -0.995156 11.757900 -0.181613 0.979198 0.090486 0.113100 0.000000 0.000000 0.000000 1.000000
0.979239 0.196267 -0.050698 -3.484200 -0.057238 0.027791 -0.997974 11.757900 -0.194461 0.980156 0.038448 0.113100 0.000000 0.000000 0.000000 1.000000</float_array>
        <technique_common>
          <accessor source="#mixamorig1_LeftHandIndex1-Matrix-animation-output-transform-array" count="22" stride="16">
            <param type="float4x4"/>
          </accessor>
        </technique_common>
      </source>
      <source id="mixamorig1_LeftHandIndex1-Interpolations">
        <Name_array id="mixamorig1_LeftHandIndex1-Interpolations-array" count="22">
 LINEAR LINEAR LINEAR LINEAR LINEAR LINEAR LINEAR LINEAR LINEAR LINEAR LINEAR
LINEAR LINEAR LINEAR LINEAR LINEAR LINEAR LINEAR LINEAR LINEAR LINEAR LINEAR</Name_array>
        <technique_common>
          <accessor source="#mixamorig1_LeftHandIndex1-Interpolations-array" count="22">
            <param type="name"/>
          </accessor>
        </technique_common>
      </source>
      <sampler id="mixamorig1_LeftHandIndex1-Matrix-animation-transform">
        <input semantic="INPUT" source="#mixamorig1_LeftHandIndex1-Matrix-animation-input"/>
        <input semantic="OUTPUT" source="#mixamorig1_LeftHandIndex1-Matrix-animation-output-transform"/>
        <input semantic="INTERPOLATION" source="#mixamorig1_LeftHandIndex1-Interpolations"/>
      </sampler>
      <channel source="#mixamorig1_LeftHandIndex1-Matrix-animation-transform" target="mixamorig1_LeftHandIndex1/matrix"/>
    </animation>
    <animation id="mixamorig1_LeftHandIndex2-anim" name="mixamorig1_LeftHandIndex2">
      <source id="mixamorig1_LeftHandIndex2-Matrix-animation-input">
        <float_array id="mixamorig1_LeftHandIndex2-Matrix-animation-input-array" count="22">

0.000000 0.033333 0.066667 0.100000 0.133333 0.166667 0.200000 0.233333 0.266667 0.300000 0.333333 0.366667 0.400000 0.433333 0.466667 0.500000
0.533333 0.566667 0.600000 0.633333 0.666667 0.700000</float_array>
        <technique_common>
          <accessor source="#mixamorig1_LeftHandIndex2-Matrix-animation-input-array" count="22">
            <param name="TIME" type="float"/>
          </accessor>
        </technique_common>
      </source>
      <source id="mixamorig1_LeftHandIndex2-Matrix-animation-output-transform">
        <float_array id="mixamorig1_LeftHandIndex2-Matrix-animation-output-transform-array" count="352">

0.986111 0.133113 -0.099326 0.023100 -0.136104 0.304921 -0.942602 3.298400 -0.095186 0.943029 0.318803 0.000000 0.000000 0.000000 0.000000 1.000000
0.986423 0.132483 -0.097050 0.023100 -0.135396 0.321614 -0.937140 3.298400 -0.092942 0.937557 0.335185 0.000000 0.000000 0.000000 0.000000 1.000000
0.986636 0.132026 -0.095494 0.023100 -0.134887 0.333026 -0.933220 3.298400 -0.091407 0.933629 0.346384 0.000000 0.000000 0.000000 0.000000 1.000000
0.986685 0.131919 -0.095137 0.023100 -0.134768 0.335643 -0.932299 3.298400 -0.091055 0.932706 0.348952 0.000000 0.000000 0.000000 0.000000 1.000000
0.986750 0.131772 -0.094656 0.023100 -0.134605 0.339164 -0.931047 3.298400 -0.090582 0.931453 0.352407 -0.000000 0.000000 0.000000 0.000000 1.000000
0.986846 0.131555 -0.093955 0.023100 -0.134364 0.344298 -0.929196 3.298400 -0.089891 0.929598 0.357445 0.000000 0.000000 0.000000 0.000000 1.000000
0.986837 0.131577 -0.094027 0.023100 -0.134389 0.343771 -0.929388 3.298400 -0.089962 0.929790 0.356928 0.000000 0.000000 0.000000 0.000000 1.000000
0.986603 0.132097 -0.095732 0.023100 -0.134967 0.331279 -0.933830 3.298400 -0.091642 0.934240 0.344670 -0.000000 0.000000 0.000000 0.000000 1.000000
0.986214 0.132910 -0.098576 0.023100 -0.135875 0.310422 -0.940838 3.298400 -0.094446 0.941262 0.324201 0.000000 0.000000 0.000000 0.000000 1.000000
0.985845 0.133618 -0.101273 0.023100 -0.136675 0.290626 -0.947025 3.298400 -0.097107 0.947461 0.304774 0.000000 0.000000 0.000000 0.000000 1.000000
0.985791 0.133716 -0.101665 0.023100 -0.136786 0.287741 -0.947890 3.298400 -0.097495 0.948328 0.301943 0.000000 0.000000 0.000000 0.000000 1.000000
0.985940 0.133442 -0.100580 0.023100 -0.136475 0.295709 -0.945479 3.298400 -0.096424 0.945912 0.309763 -0.000000 0.000000 0.000000 0.000000 1.000000
0.986064 0.133205 -0.099674 0.023100 -0.136208 0.302364 -0.943410 3.298400 -0.095530 0.943839 0.316294 0.000000 0.000000 0.000000 0.000000 1.000000
0.986248 0.132843 -0.098327 0.023100 -0.135795 0.312215 -0.940256 3.298400 -0.094207 0.940678 0.325961 -0.000000 0.000000 0.000000 0.000000 1.000000
0.986412 0.132504 -0.097125 0.023100 -0.135420 0.321066 -0.937325 3.298400 -0.093016 0.937741 0.334648 0.000000 0.000000 0.000000 0.000000 1.000000
0.986427 0.132472 -0.097015 0.023100 -0.135385 0.321877 -0.937052 3.298400 -0.092906 0.937468 0.335443 -0.000000 0.000000 0.000000 0.000000 1.000000
0.986394 0.132542 -0.097259 0.023100 -0.135463 0.320088 -0.937653 3.298400 -0.093147 0.938070 0.333688 0.000000 0.000000 0.000000 0.000000 1.000000
0.986374 0.132583 -0.097405 0.023100 -0.135509 0.319016 -0.938012 3.298400 -0.093291 0.938430 0.332636 0.000000 0.000000 0.000000 0.000000 1.000000
0.986244 0.132849 -0.098356 0.023100 -0.135808 0.312040 -0.940312 3.298400 -0.094229 0.940735 0.325789 0.000000 0.000000 0.000000 0.000000 1.000000
0.985960 0.133403 -0.100431 0.023100 -0.136432 0.296808 -0.945141 3.298400 -0.096276 0.945573 0.310841 -0.000000 0.000000 0.000000 0.000000 1.000000
0.986000 0.133327 -0.100136 0.023100 -0.136346 0.298975 -0.944470 3.298400 -0.095985 0.944901 0.312968 -0.000000 0.000000 0.000000 0.000000 1.000000
0.986111 0.133113 -0.099326 0.023100 -0.136104 0.304921 -0.942602 3.298400 -0.095186 0.943029 0.318804 0.000000 0.000000 0.000000 0.000000 1.000000</float_array>
        <technique_common>
          <accessor source="#mixamorig1_LeftHandIndex2-Matrix-animation-output-transform-array" count="22" stride="16">
            <param type="float4x4"/>
          </accessor>
        </technique_common>
      </source>
      <source id="mixamorig1_LeftHandIndex2-Interpolations">
        <Name_array id="mixamorig1_LeftHandIndex2-Interpolations-array" count="22">
 LINEAR LINEAR LINEAR LINEAR LINEAR LINEAR LINEAR LINEAR LINEAR LINEAR LINEAR
LINEAR LINEAR LINEAR LINEAR LINEAR LINEAR LINEAR LINEAR LINEAR LINEAR LINEAR</Name_array>
        <technique_common>
          <accessor source="#mixamorig1_LeftHandIndex2-Interpolations-array" count="22">
            <param type="name"/>
          </accessor>
        </technique_common>
      </source>
      <sampler id="mixamorig1_LeftHandIndex2-Matrix-animation-transform">
        <input semantic="INPUT" source="#mixamorig1_LeftHandIndex2-Matrix-animation-input"/>
        <input semantic="OUTPUT" source="#mixamorig1_LeftHandIndex2-Matrix-animation-output-transform"/>
        <input semantic="INTERPOLATION" source="#mixamorig1_LeftHandIndex2-Interpolations"/>
      </sampler>
      <channel source="#mixamorig1_LeftHandIndex2-Matrix-animation-transform" target="mixamorig1_LeftHandIndex2/matrix"/>
    </animation>
    <animation id="mixamorig1_LeftHandIndex3-anim" name="mixamorig1_LeftHandIndex3">
      <source id="mixamorig1_LeftHandIndex3-Matrix-animation-input">
        <float_array id="mixamorig1_LeftHandIndex3-Matrix-animation-input-array" count="22">

0.000000 0.033333 0.066667 0.100000 0.133333 0.166667 0.200000 0.233333 0.266667 0.300000 0.333333 0.366667 0.400000 0.433333 0.466667 0.500000
0.533333 0.566667 0.600000 0.633333 0.666667 0.700000</float_array>
        <technique_common>
          <accessor source="#mixamorig1_LeftHandIndex3-Matrix-animation-input-array" count="22">
            <param name="TIME" type="float"/>
          </accessor>
        </technique_common>
      </source>
      <source id="mixamorig1_LeftHandIndex3-Matrix-animation-output-transform">
        <float_array id="mixamorig1_LeftHandIndex3-Matrix-animation-output-transform-array" count="352">

0.982424 0.140465 -0.122931 -0.006800 -0.133136 0.065692 -0.988918 3.081000 -0.130833 0.987904 0.083238 0.000000 0.000000 0.000000 0.000000 1.000000
0.982745 0.140250 -0.120589 -0.006800 -0.133062 0.083221 -0.987608 3.081000 -0.128477 0.986612 0.100447 0.000000 0.000000 0.000000 0.000000 1.000000
0.982965 0.140079 -0.118983 -0.006800 -0.132988 0.095249 -0.986530 3.081000 -0.126859 0.985548 0.112256 0.000000 0.000000 0.000000 0.000000 1.000000
0.983016 0.140037 -0.118613 -0.006800 -0.132968 0.098014 -0.986262 3.081000 -0.126487 0.985283 0.114970 0.000000 0.000000 0.000000 0.000000 1.000000
0.983084 0.139978 -0.118117 -0.006800 -0.132939 0.101735 -0.985889 3.081000 -0.125986 0.984914 0.118623 0.000000 0.000000 0.000000 0.000000 1.000000
0.983184 0.139890 -0.117391 -0.006800 -0.132894 0.107169 -0.985319 3.081000 -0.125255 0.984350 0.123957 -0.000000 0.000000 0.000000 0.000000 1.000000
0.983174 0.139899 -0.117466 -0.006800 -0.132899 0.106610 -0.985379 3.081000 -0.125330 0.984410 0.123409 0.000000 0.000000 0.000000 0.000000 1.000000
0.982932 0.140106 -0.119229 -0.006800 -0.133001 0.093406 -0.986705 3.081000 -0.127107 0.985721 0.110446 0.000000 0.000000 0.000000 0.000000 1.000000
0.982530 0.140399 -0.122161 -0.006800 -0.133117 0.071459 -0.988521 3.081000 -0.130058 0.987513 0.088900 0.000000 0.000000 0.000000 0.000000 1.000000
0.982151 0.140615 -0.124929 -0.006800 -0.133166 0.050741 -0.989794 3.081000 -0.132841 0.988763 0.068561 0.000000 0.000000 0.000000 0.000000 1.000000
0.982096 0.140642 -0.125331 -0.006800 -0.133168 0.047732 -0.989943 3.081000 -0.133245 0.988909 0.065607 -0.000000 0.000000 0.000000 0.000000 1.000000
0.982248 0.140565 -0.124220 -0.006800 -0.133159 0.056051 -0.989508 3.081000 -0.132128 0.988483 0.073774 0.000000 0.000000 0.000000 0.000000 1.000000
0.982375 0.140494 -0.123289 -0.006800 -0.133143 0.063013 -0.989092 3.081000 -0.131193 0.988074 0.080608 0.000000 0.000000 0.000000 0.000000 1.000000
0.982565 0.140376 -0.121903 -0.006800 -0.133104 0.073341 -0.988385 3.081000 -0.129805 0.987378 0.090747 0.000000 0.000000 0.000000 0.000000 1.000000
0.982735 0.140258 -0.120666 -0.006800 -0.133065 0.082645 -0.987656 3.081000 -0.128554 0.986660 0.099881 -0.000000 0.000000 0.000000 0.000000 1.000000
0.982750 0.140247 -0.120552 -0.006800 -0.133061 0.083497 -0.987584 3.081000 -0.128440 0.986590 0.100718 0.000000 0.000000 0.000000 0.000000 1.000000
0.982716 0.140272 -0.120804 -0.006800 -0.133071 0.081615 -0.987740 3.081000 -0.128693 0.986744 0.098870 0.000000 0.000000 0.000000 0.000000 1.000000
0.982695 0.140286 -0.120954 -0.006800 -0.133076 0.080487 -0.987832 3.081000 -0.128844 0.986834 0.097763 0.000000 0.000000 0.000000 0.000000 1.000000
0.982561 0.140379 -0.121933 -0.006800 -0.133110 0.073157 -0.988398 3.081000 -0.129830 0.987391 0.090567 0.000000 0.000000 0.000000 0.000000 1.000000
0.982269 0.140554 -0.124066 -0.006800 -0.133157 0.057200 -0.989443 3.081000 -0.131974 0.988419 0.074901 0.000000 0.000000 0.000000 0.000000 1.000000
0.982310 0.140531 -0.123763 -0.006800 -0.133152 0.059467 -0.989310 3.081000 -0.131669 0.988289 0.077127 -0.000000 0.000000 0.000000 0.000000 1.000000
0.982424 0.140465 -0.122931 -0.006800 -0.133136 0.065692 -0.988918 3.081000 -0.130833 0.987904 0.083238 0.000000 0.000000 0.000000 0.000000 1.000000</float_array>
        <technique_common>
          <accessor source="#mixamorig1_LeftHandIndex3-Matrix-animation-output-transform-array" count="22" stride="16">
            <param type="float4x4"/>
          </accessor>
        </technique_common>
      </source>
      <source id="mixamorig1_LeftHandIndex3-Interpolations">
        <Name_array id="mixamorig1_LeftHandIndex3-Interpolations-array" count="22">
 LINEAR LINEAR LINEAR LINEAR LINEAR LINEAR LINEAR LINEAR LINEAR LINEAR LINEAR
LINEAR LINEAR LINEAR LINEAR LINEAR LINEAR LINEAR LINEAR LINEAR LINEAR LINEAR</Name_array>
        <technique_common>
          <accessor source="#mixamorig1_LeftHandIndex3-Interpolations-array" count="22">
            <param type="name"/>
          </accessor>
        </technique_common>
      </source>
      <sampler id="mixamorig1_LeftHandIndex3-Matrix-animation-transform">
        <input semantic="INPUT" source="#mixamorig1_LeftHandIndex3-Matrix-animation-input"/>
        <input semantic="OUTPUT" source="#mixamorig1_LeftHandIndex3-Matrix-animation-output-transform"/>
        <input semantic="INTERPOLATION" source="#mixamorig1_LeftHandIndex3-Interpolations"/>
      </sampler>
      <channel source="#mixamorig1_LeftHandIndex3-Matrix-animation-transform" target="mixamorig1_LeftHandIndex3/matrix"/>
    </animation>
    <animation id="mixamorig1_LeftHandMiddle1-anim" name="mixamorig1_LeftHandMiddle1">
      <source id="mixamorig1_LeftHandMiddle1-Matrix-animation-input">
        <float_array id="mixamorig1_LeftHandMiddle1-Matrix-animation-input-array" count="22">

0.000000 0.033333 0.066667 0.100000 0.133333 0.166667 0.200000 0.233333 0.266667 0.300000 0.333333 0.366667 0.400000 0.433333 0.466667 0.500000
0.533333 0.566667 0.600000 0.633333 0.666667 0.700000</float_array>
        <technique_common>
          <accessor source="#mixamorig1_LeftHandMiddle1-Matrix-animation-input-array" count="22">
            <param name="TIME" type="float"/>
          </accessor>
        </technique_common>
      </source>
      <source id="mixamorig1_LeftHandMiddle1-Matrix-animation-output-transform">
        <float_array id="mixamorig1_LeftHandMiddle1-Matrix-animation-output-transform-array" count="352">

0.989844 0.121405 -0.073950 -1.029300 -0.097129 0.197760 -0.975427 12.347100 -0.103797 0.972703 0.207544 -0.315800 0.000000 0.000000 0.000000 1.000000
0.989348 0.124281 -0.075789 -1.029300 -0.097940 0.183131 -0.978198 12.347100 -0.107692 0.975201 0.193353 -0.315800 0.000000 0.000000 0.000000 1.000000
0.989585 0.124090 -0.072958 -1.029300 -0.097536 0.205263 -0.973835 12.347100 -0.105868 0.970808 0.215228 -0.315800 0.000000 0.000000 0.000000 1.000000
0.989660 0.121827 -0.075702 -1.029300 -0.097473 0.184055 -0.978071 12.347100 -0.105222 0.975337 0.194027 -0.315800 0.000000 0.000000 0.000000 1.000000
0.988436 0.125988 -0.084383 -1.029300 -0.099239 0.116713 -0.988195 12.347100 -0.114652 0.985142 0.127866 -0.315800 0.000000 0.000000 0.000000 1.000000
0.986449 0.142568 -0.081192 -1.029300 -0.101217 0.139347 -0.985057 12.347100 -0.129124 0.979927 0.151889 -0.315800 0.000000 0.000000 0.000000 1.000000
0.986874 0.143629 -0.073832 -1.029300 -0.101523 0.196217 -0.975291 12.347100 -0.125593 0.969984 0.208223 -0.315800 0.000000 0.000000 0.000000 1.000000
0.988690 0.133850 -0.067644 -1.029300 -0.099281 0.246090 -0.964149 12.347100 -0.112405 0.959960 0.256595 -0.315800 0.000000 0.000000 0.000000 1.000000
0.990385 0.122077 -0.065077 -1.029300 -0.096004 0.267806 -0.958678 12.347100 -0.099604 0.955708 0.276951 -0.315800 0.000000 0.000000 0.000000 1.000000
0.991648 0.111968 -0.064008 -1.029300 -0.093036 0.277318 -0.956263 12.347100 -0.089320 0.954232 0.285419 -0.315800 0.000000 0.000000 0.000000 1.000000
0.991897 0.109876 -0.063772 -1.029300 -0.092395 0.279391 -0.955722 12.347100 -0.087194 0.953870 0.287280 -0.315800 0.000000 0.000000 0.000000 1.000000
0.992359 0.105225 -0.064429 -1.029300 -0.091257 0.274512 -0.957244 12.347100 -0.083040 0.955809 0.282017 -0.315800 0.000000 0.000000 0.000000 1.000000
0.992986 0.099331 -0.064119 -1.029300 -0.089519 0.277427 -0.956567 12.347100 -0.077229 0.955598 0.284374 -0.315800 0.000000 0.000000 0.000000 1.000000
0.993036 0.099469 -0.063123 -1.029300 -0.089258 0.285564 -0.954194 12.347100 -0.076887 0.953184 0.292454 -0.315800 0.000000 0.000000 0.000000 1.000000
0.992872 0.101532 -0.062422 -1.029300 -0.089635 0.290905 -0.952544 12.347100 -0.078554 0.951349 0.297932 -0.315800 0.000000 0.000000 0.000000 1.000000
0.992167 0.107222 -0.064087 -1.029300 -0.091725 0.277088 -0.956456 12.347100 -0.084796 0.954843 0.284753 -0.315800 0.000000 0.000000 0.000000 1.000000
0.990930 0.116481 -0.067005 -1.029300 -0.094841 0.252982 -0.962811 12.347100 -0.095198 0.960433 0.261735 -0.315800 0.000000 0.000000 0.000000 1.000000
0.989232 0.129114 -0.068923 -1.029300 -0.098217 0.236495 -0.966656 12.347100 -0.108509 0.963016 0.246630 -0.315800 0.000000 0.000000 0.000000 1.000000
0.988755 0.133062 -0.068247 -1.029300 -0.099119 0.241406 -0.965349 12.347100 -0.111976 0.961258 0.251880 -0.315800 0.000000 0.000000 0.000000 1.000000
0.991683 0.110673 -0.065698 -1.029300 -0.093055 0.263917 -0.960046 12.347100 -0.088913 0.958175 0.272020 -0.315800 0.000000 0.000000 0.000000 1.000000
0.990815 0.115494 -0.070332 -1.029300 -0.095232 0.226724 -0.969292 12.347100 -0.096002 0.967087 0.235640 -0.315800 0.000000 0.000000 0.000000 1.000000
0.989845 0.121405 -0.073951 -1.029300 -0.097129 0.197760 -0.975427 12.347100 -0.103797 0.972703 0.207543 -0.315800 0.000000 0.000000 0.000000 1.000000</float_array>
        <technique_common>
          <accessor source="#mixamorig1_LeftHandMiddle1-Matrix-animation-output-transform-array" count="22" stride="16">
            <param type="float4x4"/>
          </accessor>
        </technique_common>
      </source>
      <source id="mixamorig1_LeftHandMiddle1-Interpolations">
        <Name_array id="mixamorig1_LeftHandMiddle1-Interpolations-array" count="22">
 LINEAR LINEAR LINEAR LINEAR LINEAR LINEAR LINEAR LINEAR LINEAR LINEAR LINEAR
LINEAR LINEAR LINEAR LINEAR LINEAR LINEAR LINEAR LINEAR LINEAR LINEAR LINEAR</Name_array>
        <technique_common>
          <accessor source="#mixamorig1_LeftHandMiddle1-Interpolations-array" count="22">
            <param type="name"/>
          </accessor>
        </technique_common>
      </source>
      <sampler id="mixamorig1_LeftHandMiddle1-Matrix-animation-transform">
        <input semantic="INPUT" source="#mixamorig1_LeftHandMiddle1-Matrix-animation-input"/>
        <input semantic="OUTPUT" source="#mixamorig1_LeftHandMiddle1-Matrix-animation-output-transform"/>
        <input semantic="INTERPOLATION" source="#mixamorig1_LeftHandMiddle1-Interpolations"/>
      </sampler>
      <channel source="#mixamorig1_LeftHandMiddle1-Matrix-animation-transform" target="mixamorig1_LeftHandMiddle1/matrix"/>
    </animation>
    <animation id="mixamorig1_LeftHandMiddle2-anim" name="mixamorig1_LeftHandMiddle2">
      <source id="mixamorig1_LeftHandMiddle2-Matrix-animation-input">
        <float_array id="mixamorig1_LeftHandMiddle2-Matrix-animation-input-array" count="22">

0.000000 0.033333 0.066667 0.100000 0.133333 0.166667 0.200000 0.233333 0.266667 0.300000 0.333333 0.366667 0.400000 0.433333 0.466667 0.500000
0.533333 0.566667 0.600000 0.633333 0.666667 0.700000</float_array>
        <technique_common>
          <accessor source="#mixamorig1_LeftHandMiddle2-Matrix-animation-input-array" count="22">
            <param name="TIME" type="float"/>
          </accessor>
        </technique_common>
      </source>
      <source id="mixamorig1_LeftHandMiddle2-Matrix-animation-output-transform">
        <float_array id="mixamorig1_LeftHandMiddle2-Matrix-animation-output-transform-array" count="352">

0.983911 0.139192 -0.112000 0.009900 -0.138988 0.202462 -0.969377 3.432200 -0.112253 0.969348 0.218550 0.000000 0.000000 0.000000 0.000000 1.000000
0.983936 0.139158 -0.111824 0.009900 -0.138955 0.203740 -0.969114 3.432200 -0.112077 0.969085 0.219804 0.000000 0.000000 0.000000 0.000000 1.000000
0.984074 0.138969 -0.110841 0.009900 -0.138767 0.210886 -0.967611 3.432200 -0.111093 0.967582 0.226812 0.000000 0.000000 0.000000 0.000000 1.000000
0.984092 0.138944 -0.110715 0.009900 -0.138743 0.211796 -0.967416 3.432200 -0.110968 0.967387 0.227704 -0.000000 0.000000 0.000000 0.000000 1.000000
0.984079 0.138963 -0.110809 0.009900 -0.138761 0.211120 -0.967561 3.432200 -0.111061 0.967532 0.227041 0.000000 0.000000 0.000000 0.000000 1.000000
0.984266 0.138694 -0.109476 0.009900 -0.138495 0.220799 -0.965436 3.432200 -0.109728 0.965408 0.236533 -0.000000 0.000000 0.000000 0.000000 1.000000
0.984272 0.138684 -0.109432 0.009900 -0.138486 0.221122 -0.965363 3.432200 -0.109683 0.965335 0.236850 0.000000 0.000000 0.000000 0.000000 1.000000
0.984176 0.138824 -0.110112 0.009900 -0.138624 0.216180 -0.966463 3.432200 -0.110364 0.966434 0.232003 -0.000000 0.000000 0.000000 0.000000 1.000000
0.984006 0.139063 -0.111327 0.009900 -0.138861 0.207353 -0.968361 3.432200 -0.111580 0.968332 0.223347 -0.000000 0.000000 0.000000 0.000000 1.000000
0.983831 0.139297 -0.112571 0.009900 -0.139092 0.198314 -0.970219 3.432200 -0.112824 0.970190 0.214482 0.000000 0.000000 0.000000 0.000000 1.000000
0.983755 0.139395 -0.113114 0.009900 -0.139189 0.194366 -0.971004 3.432200 -0.113368 0.970974 0.210611 0.000000 0.000000 0.000000 0.000000 1.000000
0.983733 0.139423 -0.113272 0.009900 -0.139217 0.193223 -0.971228 3.432200 -0.113525 0.971198 0.209490 0.000000 0.000000 0.000000 0.000000 1.000000
0.983758 0.139392 -0.113093 0.009900 -0.139185 0.194523 -0.970973 3.432200 -0.113346 0.970943 0.210765 0.000000 0.000000 0.000000 0.000000 1.000000
0.983862 0.139258 -0.112354 0.009900 -0.139051 0.199880 -0.969904 3.432200 -0.112609 0.969874 0.216018 0.000000 0.000000 0.000000 0.000000 1.000000
0.983958 0.139129 -0.111667 0.009900 -0.138925 0.204881 -0.968878 3.432200 -0.111920 0.968848 0.220922 -0.000000 0.000000 0.000000 0.000000 1.000000
0.983943 0.139150 -0.111778 0.009900 -0.138946 0.204077 -0.969044 3.432200 -0.112031 0.969015 0.220134 0.000000 0.000000 0.000000 0.000000 1.000000
0.983903 0.139203 -0.112060 0.009900 -0.138999 0.202024 -0.969467 3.432200 -0.112314 0.969437 0.218121 0.000000 0.000000 0.000000 0.000000 1.000000
0.983874 0.139242 -0.112268 0.009900 -0.139037 0.200513 -0.969775 3.432200 -0.112522 0.969745 0.216639 -0.000000 0.000000 0.000000 0.000000 1.000000
0.983855 0.139266 -0.112400 0.009900 -0.139061 0.199557 -0.969969 3.432200 -0.112653 0.969939 0.215702 -0.000000 0.000000 0.000000 0.000000 1.000000
0.983822 0.139309 -0.112634 0.009900 -0.139103 0.197854 -0.970311 3.432200 -0.112888 0.970282 0.214032 0.000000 0.000000 0.000000 0.000000 1.000000
0.983875 0.139240 -0.112262 0.009900 -0.139036 0.200560 -0.969765 3.432200 -0.112515 0.969736 0.216686 0.000000 0.000000 0.000000 0.000000 1.000000
0.983911 0.139191 -0.112000 0.009900 -0.138987 0.202461 -0.969377 3.432200 -0.112253 0.969348 0.218550 0.000000 0.000000 0.000000 0.000000 1.000000</float_array>
        <technique_common>
          <accessor source="#mixamorig1_LeftHandMiddle2-Matrix-animation-output-transform-array" count="22" stride="16">
            <param type="float4x4"/>
          </accessor>
        </technique_common>
      </source>
      <source id="mixamorig1_LeftHandMiddle2-Interpolations">
        <Name_array id="mixamorig1_LeftHandMiddle2-Interpolations-array" count="22">
 LINEAR LINEAR LINEAR LINEAR LINEAR LINEAR LINEAR LINEAR LINEAR LINEAR LINEAR
LINEAR LINEAR LINEAR LINEAR LINEAR LINEAR LINEAR LINEAR LINEAR LINEAR LINEAR</Name_array>
        <technique_common>
          <accessor source="#mixamorig1_LeftHandMiddle2-Interpolations-array" count="22">
            <param type="name"/>
          </accessor>
        </technique_common>
      </source>
      <sampler id="mixamorig1_LeftHandMiddle2-Matrix-animation-transform">
        <input semantic="INPUT" source="#mixamorig1_LeftHandMiddle2-Matrix-animation-input"/>
        <input semantic="OUTPUT" source="#mixamorig1_LeftHandMiddle2-Matrix-animation-output-transform"/>
        <input semantic="INTERPOLATION" source="#mixamorig1_LeftHandMiddle2-Interpolations"/>
      </sampler>
      <channel source="#mixamorig1_LeftHandMiddle2-Matrix-animation-transform" target="mixamorig1_LeftHandMiddle2/matrix"/>
    </animation>
    <animation id="mixamorig1_LeftHandMiddle3-anim" name="mixamorig1_LeftHandMiddle3">
      <source id="mixamorig1_LeftHandMiddle3-Matrix-animation-input">
        <float_array id="mixamorig1_LeftHandMiddle3-Matrix-animation-input-array" count="22">

0.000000 0.033333 0.066667 0.100000 0.133333 0.166667 0.200000 0.233333 0.266667 0.300000 0.333333 0.366667 0.400000 0.433333 0.466667 0.500000
0.533333 0.566667 0.600000 0.633333 0.666667 0.700000</float_array>
        <technique_common>
          <accessor source="#mixamorig1_LeftHandMiddle3-Matrix-animation-input-array" count="22">
            <param name="TIME" type="float"/>
          </accessor>
        </technique_common>
      </source>
      <source id="mixamorig1_LeftHandMiddle3-Matrix-animation-output-transform">
        <float_array id="mixamorig1_LeftHandMiddle3-Matrix-animation-output-transform-array" count="352">

0.990284 0.120475 -0.069448 -0.010000 -0.118762 0.472920 -0.873065 3.160900 -0.072339 0.872830 0.482633 0.000000 0.000000 0.000000 0.000000 1.000000
0.990304 0.120392 -0.069304 -0.010000 -0.118682 0.473990 -0.872495 3.160900 -0.072192 0.872261 0.483683 0.000000 0.000000 0.000000 0.000000 1.000000
0.990425 0.119893 -0.068441 -0.010000 -0.118204 0.480360 -0.869070 3.160900 -0.071319 0.868838 0.489932 0.000000 0.000000 0.000000 0.000000 1.000000
0.990443 0.119818 -0.068312 -0.010000 -0.118131 0.481316 -0.868551 3.160900 -0.071188 0.868319 0.490870 0.000000 0.000000 0.000000 0.000000 1.000000
0.990431 0.119867 -0.068395 -0.010000 -0.118178 0.480699 -0.868886 3.160900 -0.071273 0.868654 0.490265 0.000000 0.000000 0.000000 0.000000 1.000000
0.990585 0.119219 -0.067298 -0.010000 -0.117557 0.488808 -0.864435 3.160900 -0.070162 0.864207 0.498220 0.000000 0.000000 0.000000 0.000000 1.000000
0.990588 0.119203 -0.067270 -0.010000 -0.117541 0.489010 -0.864323 3.160900 -0.070134 0.864095 0.498418 0.000000 0.000000 0.000000 0.000000 1.000000
0.990507 0.119549 -0.067853 -0.010000 -0.117873 0.484704 -0.866700 3.160900 -0.070724 0.866470 0.494194 -0.000000 0.000000 0.000000 0.000000 1.000000
0.990363 0.120151 -0.068885 -0.010000 -0.118451 0.477080 -0.870841 3.160900 -0.071768 0.870608 0.486715 0.000000 0.000000 0.000000 0.000000 1.000000
0.990216 0.120751 -0.069934 -0.010000 -0.119027 0.469337 -0.874960 3.160900 -0.072830 0.874724 0.479118 0.000000 0.000000 0.000000 0.000000 1.000000
0.990151 0.121015 -0.070403 -0.010000 -0.119280 0.465872 -0.876776 3.160900 -0.073305 0.876538 0.475718 0.000000 0.000000 0.000000 0.000000 1.000000
0.990136 0.121073 -0.070506 -0.010000 -0.119336 0.465108 -0.877173 3.160900 -0.073409 0.876935 0.474969 0.000000 0.000000 0.000000 0.000000 1.000000
0.990164 0.120961 -0.070306 -0.010000 -0.119228 0.466587 -0.876402 3.160900 -0.073206 0.876165 0.476420 0.000000 0.000000 0.000000 0.000000 1.000000
0.990255 0.120594 -0.069657 -0.010000 -0.118875 0.471368 -0.873888 3.160900 -0.072552 0.873653 0.481110 0.000000 0.000000 0.000000 0.000000 1.000000
0.990337 0.120256 -0.069068 -0.010000 -0.118552 0.475730 -0.871565 3.160900 -0.071953 0.871332 0.485390 0.000000 0.000000 0.000000 0.000000 1.000000
0.990319 0.120331 -0.069198 -0.010000 -0.118624 0.474770 -0.872079 3.160900 -0.072085 0.871845 0.484448 0.000000 0.000000 0.000000 0.000000 1.000000
0.990278 0.120501 -0.069494 -0.010000 -0.118787 0.472584 -0.873243 3.160900 -0.072385 0.873008 0.482304 -0.000000 0.000000 0.000000 0.000000 1.000000
0.990245 0.120636 -0.069732 -0.010000 -0.118917 0.470825 -0.874175 3.160900 -0.072626 0.873940 0.480578 0.000000 0.000000 0.000000 0.000000 1.000000
0.990226 0.120711 -0.069864 -0.010000 -0.118988 0.469848 -0.874691 3.160900 -0.072760 0.874455 0.479619 0.000000 0.000000 0.000000 0.000000 1.000000
0.990211 0.120773 -0.069973 -0.010000 -0.119047 0.469045 -0.875114 3.160900 -0.072870 0.874877 0.478832 0.000000 0.000000 0.000000 0.000000 1.000000
0.990255 0.120593 -0.069657 -0.010000 -0.118876 0.471381 -0.873881 3.160900 -0.072549 0.873646 0.481123 0.000000 0.000000 0.000000 0.000000 1.000000
0.990284 0.120475 -0.069448 -0.010000 -0.118762 0.472920 -0.873065 3.160900 -0.072339 0.872830 0.482633 0.000000 0.000000 0.000000 0.000000 1.000000</float_array>
        <technique_common>
          <accessor source="#mixamorig1_LeftHandMiddle3-Matrix-animation-output-transform-array" count="22" stride="16">
            <param type="float4x4"/>
          </accessor>
        </technique_common>
      </source>
      <source id="mixamorig1_LeftHandMiddle3-Interpolations">
        <Name_array id="mixamorig1_LeftHandMiddle3-Interpolations-array" count="22">
 LINEAR LINEAR LINEAR LINEAR LINEAR LINEAR LINEAR LINEAR LINEAR LINEAR LINEAR
LINEAR LINEAR LINEAR LINEAR LINEAR LINEAR LINEAR LINEAR LINEAR LINEAR LINEAR</Name_array>
        <technique_common>
          <accessor source="#mixamorig1_LeftHandMiddle3-Interpolations-array" count="22">
            <param type="name"/>
          </accessor>
        </technique_common>
      </source>
      <sampler id="mixamorig1_LeftHandMiddle3-Matrix-animation-transform">
        <input semantic="INPUT" source="#mixamorig1_LeftHandMiddle3-Matrix-animation-input"/>
        <input semantic="OUTPUT" source="#mixamorig1_LeftHandMiddle3-Matrix-animation-output-transform"/>
        <input semantic="INTERPOLATION" source="#mixamorig1_LeftHandMiddle3-Interpolations"/>
      </sampler>
      <channel source="#mixamorig1_LeftHandMiddle3-Matrix-animation-transform" target="mixamorig1_LeftHandMiddle3/matrix"/>
    </animation>
    <animation id="mixamorig1_LeftHandRing1-anim" name="mixamorig1_LeftHandRing1">
      <source id="mixamorig1_LeftHandRing1-Matrix-animation-input">
        <float_array id="mixamorig1_LeftHandRing1-Matrix-animation-input-array" count="22">

0.000000 0.033333 0.066667 0.100000 0.133333 0.166667 0.200000 0.233333 0.266667 0.300000 0.333333 0.366667 0.400000 0.433333 0.466667 0.500000
0.533333 0.566667 0.600000 0.633333 0.666667 0.700000</float_array>
        <technique_common>
          <accessor source="#mixamorig1_LeftHandRing1-Matrix-animation-input-array" count="22">
            <param name="TIME" type="float"/>
          </accessor>
        </technique_common>
      </source>
      <source id="mixamorig1_LeftHandRing1-Matrix-animation-output-transform">
        <float_array id="mixamorig1_LeftHandRing1-Matrix-animation-output-transform-array" count="352">

0.992511 0.090477 -0.082068 1.266700 -0.101085 0.231169 -0.967648 12.505900 -0.068578 0.968697 0.238584 -0.277100 0.000000 0.000000 0.000000 1.000000
0.992597 0.084730 -0.087021 1.266700 -0.101999 0.192535 -0.975975 12.505900 -0.065940 0.977625 0.199752 -0.277100 0.000000 0.000000 0.000000 1.000000
0.992850 0.083051 -0.085736 1.266700 -0.101064 0.202684 -0.974015 12.505900 -0.063516 0.975716 0.209629 -0.277100 0.000000 0.000000 0.000000 1.000000
0.992269 0.088626 -0.086879 1.266700 -0.102707 0.193441 -0.975721 12.505900 -0.069669 0.977101 0.201048 -0.277100 0.000000 0.000000 0.000000 1.000000
0.991281 0.095027 -0.091282 1.266700 -0.105617 0.158794 -0.981646 12.505900 -0.078788 0.982728 0.167446 -0.277100 0.000000 0.000000 0.000000 1.000000
0.990712 0.103230 -0.088509 1.266700 -0.106100 0.179743 -0.977975 12.505900 -0.085047 0.978282 0.189026 -0.277100 0.000000 0.000000 0.000000 1.000000
0.991250 0.101209 -0.084741 1.266700 -0.104493 0.209375 -0.972236 12.505900 -0.080657 0.972584 0.218119 -0.277100 0.000000 0.000000 0.000000 1.000000
0.992215 0.097292 -0.077745 1.266700 -0.101130 0.265111 -0.958900 12.505900 -0.072682 0.959297 0.272886 -0.277100 0.000000 0.000000 0.000000 1.000000
0.991559 0.105374 -0.075549 1.266700 -0.102657 0.282096 -0.953878 12.505900 -0.079202 0.953582 0.290532 -0.277100 0.000000 0.000000 0.000000 1.000000
0.990502 0.114819 -0.075651 1.266700 -0.105376 0.280427 -0.954074 12.505900 -0.088331 0.952984 0.289862 -0.277100 0.000000 0.000000 0.000000 1.000000
0.991241 0.107454 -0.076775 1.266700 -0.103593 0.272084 -0.956681 12.505900 -0.081910 0.956255 0.280833 -0.277100 0.000000 0.000000 0.000000 1.000000
0.993465 0.084282 -0.076964 1.266700 -0.097253 0.272152 -0.957327 12.505900 -0.059739 0.958556 0.278570 -0.277100 0.000000 0.000000 0.000000 1.000000
0.994116 0.077774 -0.075391 1.266700 -0.094639 0.285096 -0.953815 12.505900 -0.052688 0.955338 0.290779 -0.277100 0.000000 0.000000 0.000000 1.000000
0.994831 0.068865 -0.074623 1.266700 -0.091598 0.291429 -0.952197 12.505900 -0.043826 0.954110 0.296231 -0.277100 0.000000 0.000000 0.000000 1.000000
0.995343 0.061323 -0.074379 1.266700 -0.089216 0.293731 -0.951716 12.505900 -0.036515 0.953919 0.297834 -0.277100 0.000000 0.000000 0.000000 1.000000
0.995133 0.063039 -0.075740 1.266700 -0.090589 0.282730 -0.954912 12.505900 -0.038782 0.957126 0.287065 -0.277100 0.000000 0.000000 0.000000 1.000000
0.994703 0.066535 -0.078347 1.266700 -0.093172 0.261761 -0.960625 12.505900 -0.043407 0.962837 0.266574 -0.277100 0.000000 0.000000 0.000000 1.000000
0.994015 0.075168 -0.079274 1.266700 -0.095968 0.254092 -0.962407 12.505900 -0.052199 0.964255 0.259785 -0.277100 0.000000 0.000000 0.000000 1.000000
0.993015 0.088734 -0.077767 1.266700 -0.098829 0.265483 -0.959037 12.505900 -0.064453 0.960024 0.272398 -0.277100 0.000000 0.000000 0.000000 1.000000
0.991303 0.110218 -0.071911 1.266700 -0.103121 0.311067 -0.944777 12.505900 -0.081762 0.943975 0.319727 -0.277100 0.000000 0.000000 0.000000 1.000000
0.991828 0.101090 -0.077830 1.266700 -0.102181 0.264148 -0.959054 12.505900 -0.076392 0.959170 0.272319 -0.277100 0.000000 0.000000 0.000000 1.000000
0.992511 0.090477 -0.082068 1.266700 -0.101086 0.231169 -0.967648 12.505900 -0.068578 0.968697 0.238584 -0.277100 0.000000 0.000000 0.000000 1.000000</float_array>
        <technique_common>
          <accessor source="#mixamorig1_LeftHandRing1-Matrix-animation-output-transform-array" count="22" stride="16">
            <param type="float4x4"/>
          </accessor>
        </technique_common>
      </source>
      <source id="mixamorig1_LeftHandRing1-Interpolations">
        <Name_array id="mixamorig1_LeftHandRing1-Interpolations-array" count="22">
 LINEAR LINEAR LINEAR LINEAR LINEAR LINEAR LINEAR LINEAR LINEAR LINEAR LINEAR
LINEAR LINEAR LINEAR LINEAR LINEAR LINEAR LINEAR LINEAR LINEAR LINEAR LINEAR</Name_array>
        <technique_common>
          <accessor source="#mixamorig1_LeftHandRing1-Interpolations-array" count="22">
            <param type="name"/>
          </accessor>
        </technique_common>
      </source>
      <sampler id="mixamorig1_LeftHandRing1-Matrix-animation-transform">
        <input semantic="INPUT" source="#mixamorig1_LeftHandRing1-Matrix-animation-input"/>
        <input semantic="OUTPUT" source="#mixamorig1_LeftHandRing1-Matrix-animation-output-transform"/>
        <input semantic="INTERPOLATION" source="#mixamorig1_LeftHandRing1-Interpolations"/>
      </sampler>
      <channel source="#mixamorig1_LeftHandRing1-Matrix-animation-transform" target="mixamorig1_LeftHandRing1/matrix"/>
    </animation>
    <animation id="mixamorig1_LeftHandRing2-anim" name="mixamorig1_LeftHandRing2">
      <source id="mixamorig1_LeftHandRing2-Matrix-animation-input">
        <float_array id="mixamorig1_LeftHandRing2-Matrix-animation-input-array" count="22">

0.000000 0.033333 0.066667 0.100000 0.133333 0.166667 0.200000 0.233333 0.266667 0.300000 0.333333 0.366667 0.400000 0.433333 0.466667 0.500000
0.533333 0.566667 0.600000 0.633333 0.666667 0.700000</float_array>
        <technique_common>
          <accessor source="#mixamorig1_LeftHandRing2-Matrix-animation-input-array" count="22">
            <param name="TIME" type="float"/>
          </accessor>
        </technique_common>
      </source>
      <source id="mixamorig1_LeftHandRing2-Matrix-animation-output-transform">
        <float_array id="mixamorig1_LeftHandRing2-Matrix-animation-output-transform-array" count="352">

0.977563 0.149181 -0.148711 -0.006600 -0.148024 -0.015761 -0.988858 2.726100 -0.149863 0.988684 0.006675 -0.000000 0.000000 0.000000 0.000000 1.000000
0.977533 0.149181 -0.148912 -0.006600 -0.148022 -0.017114 -0.988836 2.726100 -0.150064 0.988662 0.005353 0.000000 0.000000 0.000000 0.000000 1.000000
0.977677 0.149179 -0.147962 -0.006600 -0.148027 -0.010727 -0.988925 2.726100 -0.149114 0.988752 0.011595 0.000000 0.000000 0.000000 0.000000 1.000000
0.977681 0.149179 -0.147934 -0.006600 -0.148027 -0.010542 -0.988927 2.726100 -0.149087 0.988754 0.011776 -0.000000 0.000000 0.000000 0.000000 1.000000
0.977689 0.149179 -0.147884 -0.006600 -0.148028 -0.010201 -0.988931 2.726100 -0.149036 0.988758 0.012109 0.000000 0.000000 0.000000 0.000000 1.000000
0.977999 0.149153 -0.145847 -0.006600 -0.148017 0.003496 -0.988979 2.726100 -0.147000 0.988808 0.025496 0.000000 0.000000 0.000000 0.000000 1.000000
0.978056 0.149146 -0.145471 -0.006600 -0.148012 0.006022 -0.988967 2.726100 -0.146624 0.988797 0.027965 0.000000 0.000000 0.000000 0.000000 1.000000
0.978074 0.149143 -0.145351 -0.006600 -0.148010 0.006825 -0.988962 2.726100 -0.146505 0.988792 0.028750 0.000000 0.000000 0.000000 0.000000 1.000000
0.977821 0.149172 -0.147016 -0.006600 -0.148026 -0.004366 -0.988974 2.726100 -0.148169 0.988802 0.017812 -0.000000 0.000000 0.000000 0.000000 1.000000
0.977499 0.149181 -0.149132 -0.006600 -0.148020 -0.018593 -0.988810 2.726100 -0.150284 0.988635 0.003907 -0.000000 0.000000 0.000000 0.000000 1.000000
0.977374 0.149176 -0.149954 -0.006600 -0.148009 -0.024121 -0.988692 2.726100 -0.151106 0.988516 -0.001496 0.000000 0.000000 0.000000 0.000000 1.000000
0.977332 0.149173 -0.150234 -0.006600 -0.148004 -0.026002 -0.988645 2.726100 -0.151386 0.988469 -0.003334 0.000000 0.000000 0.000000 0.000000 1.000000
0.977294 0.149171 -0.150481 -0.006600 -0.148000 -0.027663 -0.988600 2.726100 -0.151633 0.988424 -0.004958 0.000000 0.000000 0.000000 0.000000 1.000000
0.977372 0.149176 -0.149967 -0.006600 -0.148008 -0.024213 -0.988690 2.726100 -0.151120 0.988514 -0.001586 0.000000 0.000000 0.000000 0.000000 1.000000
0.977444 0.149179 -0.149497 -0.006600 -0.148016 -0.021048 -0.988761 2.726100 -0.150649 0.988586 0.001508 -0.000000 0.000000 0.000000 0.000000 1.000000
0.977367 0.149175 -0.150000 -0.006600 -0.148008 -0.024425 -0.988684 2.726100 -0.151151 0.988509 -0.001793 -0.000000 0.000000 0.000000 0.000000 1.000000
0.977276 0.149169 -0.150602 -0.006600 -0.147998 -0.028470 -0.988578 2.726100 -0.151753 0.988402 -0.005746 0.000000 0.000000 0.000000 0.000000 1.000000
0.977330 0.149173 -0.150243 -0.006600 -0.148004 -0.026063 -0.988643 2.726100 -0.151395 0.988468 -0.003394 0.000000 0.000000 0.000000 0.000000 1.000000
0.977352 0.149175 -0.150098 -0.006600 -0.148007 -0.025088 -0.988668 2.726100 -0.151250 0.988493 -0.002441 0.000000 0.000000 0.000000 0.000000 1.000000
0.977336 0.149173 -0.150207 -0.006600 -0.148005 -0.025818 -0.988650 2.726100 -0.151358 0.988474 -0.003154 -0.000000 0.000000 0.000000 0.000000 1.000000
0.977557 0.149181 -0.148752 -0.006600 -0.148023 -0.016042 -0.988854 2.726100 -0.149905 0.988680 0.006400 -0.000000 0.000000 0.000000 0.000000 1.000000
0.977563 0.149181 -0.148711 -0.006600 -0.148024 -0.015761 -0.988858 2.726100 -0.149863 0.988684 0.006675 -0.000000 0.000000 0.000000 0.000000 1.000000</float_array>
        <technique_common>
          <accessor source="#mixamorig1_LeftHandRing2-Matrix-animation-output-transform-array" count="22" stride="16">
            <param type="float4x4"/>
          </accessor>
        </technique_common>
      </source>
      <source id="mixamorig1_LeftHandRing2-Interpolations">
        <Name_array id="mixamorig1_LeftHandRing2-Interpolations-array" count="22">
 LINEAR LINEAR LINEAR LINEAR LINEAR LINEAR LINEAR LINEAR LINEAR LINEAR LINEAR
LINEAR LINEAR LINEAR LINEAR LINEAR LINEAR LINEAR LINEAR LINEAR LINEAR LINEAR</Name_array>
        <technique_common>
          <accessor source="#mixamorig1_LeftHandRing2-Interpolations-array" count="22">
            <param type="name"/>
          </accessor>
        </technique_common>
      </source>
      <sampler id="mixamorig1_LeftHandRing2-Matrix-animation-transform">
        <input semantic="INPUT" source="#mixamorig1_LeftHandRing2-Matrix-animation-input"/>
        <input semantic="OUTPUT" source="#mixamorig1_LeftHandRing2-Matrix-animation-output-transform"/>
        <input semantic="INTERPOLATION" source="#mixamorig1_LeftHandRing2-Interpolations"/>
      </sampler>
      <channel source="#mixamorig1_LeftHandRing2-Matrix-animation-transform" target="mixamorig1_LeftHandRing2/matrix"/>
    </animation>
    <animation id="mixamorig1_LeftHandRing3-anim" name="mixamorig1_LeftHandRing3">
      <source id="mixamorig1_LeftHandRing3-Matrix-animation-input">
        <float_array id="mixamorig1_LeftHandRing3-Matrix-animation-input-array" count="22">

0.000000 0.033333 0.066667 0.100000 0.133333 0.166667 0.200000 0.233333 0.266667 0.300000 0.333333 0.366667 0.400000 0.433333 0.466667 0.500000
0.533333 0.566667 0.600000 0.633333 0.666667 0.700000</float_array>
        <technique_common>
          <accessor source="#mixamorig1_LeftHandRing3-Matrix-animation-input-array" count="22">
            <param name="TIME" type="float"/>
          </accessor>
        </technique_common>
      </source>
      <source id="mixamorig1_LeftHandRing3-Matrix-animation-output-transform">
        <float_array id="mixamorig1_LeftHandRing3-Matrix-animation-output-transform-array" count="352">

0.985001 0.140665 -0.099932 0.003400 -0.142445 0.336047 -0.931011 2.620300 -0.097379 0.931282 0.351043 0.000000 0.000000 0.000000 0.000000 1.000000
0.984985 0.140703 -0.100040 0.003400 -0.142484 0.335326 -0.931265 2.620300 -0.097485 0.931536 0.350339 -0.000000 0.000000 0.000000 0.000000 1.000000
0.985122 0.140381 -0.099134 0.003400 -0.142147 0.341405 -0.929105 2.620300 -0.096584 0.929374 0.356281 0.000000 0.000000 0.000000 0.000000 1.000000
0.985118 0.140390 -0.099158 0.003400 -0.142156 0.341240 -0.929165 2.620300 -0.096609 0.929433 0.356119 0.000000 0.000000 0.000000 0.000000 1.000000
0.985120 0.140387 -0.099149 0.003400 -0.142153 0.341298 -0.929144 2.620300 -0.096600 0.929412 0.356176 0.000000 0.000000 0.000000 0.000000 1.000000
0.985399 0.139715 -0.097308 0.003400 -0.141448 0.353644 -0.924623 2.620300 -0.094771 0.924887 0.368243 0.000000 0.000000 0.000000 0.000000 1.000000
0.985453 0.139582 -0.096953 0.003400 -0.141309 0.356021 -0.923732 2.620300 -0.094419 0.923995 0.370566 0.000000 0.000000 0.000000 0.000000 1.000000
0.985470 0.139539 -0.096840 0.003400 -0.141264 0.356779 -0.923446 2.620300 -0.094306 0.923708 0.371307 0.000000 0.000000 0.000000 0.000000 1.000000
0.985225 0.140138 -0.098457 0.003400 -0.141891 0.345944 -0.927464 2.620300 -0.095912 0.927731 0.360717 0.000000 0.000000 0.000000 0.000000 1.000000
0.984917 0.140859 -0.100488 0.003400 -0.142649 0.332325 -0.932315 2.620300 -0.097930 0.932587 0.347405 -0.000000 0.000000 0.000000 0.000000 1.000000
0.984804 0.141114 -0.101232 0.003400 -0.142918 0.327337 -0.934037 2.620300 -0.098669 0.934311 0.342530 0.000000 0.000000 0.000000 0.000000 1.000000
0.984788 0.141151 -0.101340 0.003400 -0.142957 0.326610 -0.934285 2.620300 -0.098777 0.934560 0.341820 -0.000000 0.000000 0.000000 0.000000 1.000000
0.984761 0.141210 -0.101514 0.003400 -0.143019 0.325442 -0.934683 2.620300 -0.098950 0.934958 0.340678 0.000000 0.000000 0.000000 0.000000 1.000000
0.984851 0.141009 -0.100922 0.003400 -0.142805 0.329406 -0.933327 2.620300 -0.098363 0.933600 0.344552 0.000000 0.000000 0.000000 0.000000 1.000000
0.984932 0.140823 -0.100385 0.003400 -0.142611 0.333012 -0.932076 2.620300 -0.097828 0.932348 0.348077 0.000000 0.000000 0.000000 0.000000 1.000000
0.984858 0.140992 -0.100874 0.003400 -0.142789 0.329732 -0.933214 2.620300 -0.098314 0.933487 0.344872 0.000000 0.000000 0.000000 0.000000 1.000000
0.984768 0.141196 -0.101472 0.003400 -0.143004 0.325725 -0.934587 2.620300 -0.098908 0.934862 0.340955 0.000000 0.000000 0.000000 0.000000 1.000000
0.984803 0.141116 -0.101236 0.003400 -0.142920 0.327308 -0.934047 2.620300 -0.098673 0.934321 0.342502 0.000000 0.000000 0.000000 0.000000 1.000000
0.984801 0.141122 -0.101253 0.003400 -0.142926 0.327195 -0.934085 2.620300 -0.098690 0.934360 0.342392 0.000000 0.000000 0.000000 0.000000 1.000000
0.984758 0.141217 -0.101534 0.003400 -0.143026 0.325306 -0.934730 2.620300 -0.098970 0.935005 0.340546 0.000000 0.000000 0.000000 0.000000 1.000000
0.984979 0.140716 -0.100079 0.003400 -0.142499 0.335067 -0.931356 2.620300 -0.097524 0.931627 0.350085 0.000000 0.000000 0.000000 0.000000 1.000000
0.985001 0.140665 -0.099932 0.003400 -0.142445 0.336047 -0.931011 2.620300 -0.097379 0.931282 0.351043 0.000000 0.000000 0.000000 0.000000 1.000000</float_array>
        <technique_common>
          <accessor source="#mixamorig1_LeftHandRing3-Matrix-animation-output-transform-array" count="22" stride="16">
            <param type="float4x4"/>
          </accessor>
        </technique_common>
      </source>
      <source id="mixamorig1_LeftHandRing3-Interpolations">
        <Name_array id="mixamorig1_LeftHandRing3-Interpolations-array" count="22">
 LINEAR LINEAR LINEAR LINEAR LINEAR LINEAR LINEAR LINEAR LINEAR LINEAR LINEAR
LINEAR LINEAR LINEAR LINEAR LINEAR LINEAR LINEAR LINEAR LINEAR LINEAR LINEAR</Name_array>
        <technique_common>
          <accessor source="#mixamorig1_LeftHandRing3-Interpolations-array" count="22">
            <param type="name"/>
          </accessor>
        </technique_common>
      </source>
      <sampler id="mixamorig1_LeftHandRing3-Matrix-animation-transform">
        <input semantic="INPUT" source="#mixamorig1_LeftHandRing3-Matrix-animation-input"/>
        <input semantic="OUTPUT" source="#mixamorig1_LeftHandRing3-Matrix-animation-output-transform"/>
        <input semantic="INTERPOLATION" source="#mixamorig1_LeftHandRing3-Interpolations"/>
      </sampler>
      <channel source="#mixamorig1_LeftHandRing3-Matrix-animation-transform" target="mixamorig1_LeftHandRing3/matrix"/>
    </animation>
    <animation id="mixamorig1_LeftHandPinky1-anim" name="mixamorig1_LeftHandPinky1">
      <source id="mixamorig1_LeftHandPinky1-Matrix-animation-input">
        <float_array id="mixamorig1_LeftHandPinky1-Matrix-animation-input-array" count="22">

0.000000 0.033333 0.066667 0.100000 0.133333 0.166667 0.200000 0.233333 0.266667 0.300000 0.333333 0.366667 0.400000 0.433333 0.466667 0.500000
0.533333 0.566667 0.600000 0.633333 0.666667 0.700000</float_array>
        <technique_common>
          <accessor source="#mixamorig1_LeftHandPinky1-Matrix-animation-input-array" count="22">
            <param name="TIME" type="float"/>
          </accessor>
        </technique_common>
      </source>
      <source id="mixamorig1_LeftHandPinky1-Matrix-animation-output-transform">
        <float_array id="mixamorig1_LeftHandPinky1-Matrix-animation-output-transform-array" count="352">

0.969478 0.182067 -0.164207 3.246800 -0.204971 0.234365 -0.950295 11.102000 -0.134533 0.954947 0.264530 -0.112800 0.000000 0.000000 0.000000 1.000000
0.972351 0.172592 -0.157308 3.246800 -0.198699 0.257564 -0.945611 11.102000 -0.122688 0.950722 0.284737 -0.112800 0.000000 0.000000 0.000000 1.000000
0.969172 0.185473 -0.162191 3.246800 -0.211122 0.285789 -0.934747 11.102000 -0.127018 0.940173 0.316136 -0.112800 0.000000 0.000000 0.000000 1.000000
0.964653 0.200976 -0.170451 3.246800 -0.224634 0.288934 -0.930622 11.102000 -0.137783 0.936016 0.323867 -0.112800 0.000000 0.000000 0.000000 1.000000
0.958789 0.219031 -0.180964 3.246800 -0.239388 0.279733 -0.929754 11.102000 -0.153024 0.934759 0.320638 -0.112800 0.000000 0.000000 0.000000 1.000000
0.952682 0.237509 -0.189702 3.246800 -0.256812 0.295032 -0.920328 11.102000 -0.162618 0.925498 0.342067 -0.112800 0.000000 0.000000 0.000000 1.000000
0.957299 0.224915 -0.181635 3.246800 -0.248160 0.316999 -0.915384 11.102000 -0.148306 0.921371 0.359278 -0.112800 0.000000 0.000000 0.000000 1.000000
0.964437 0.202810 -0.169499 3.246800 -0.229515 0.324541 -0.917604 11.102000 -0.131090 0.923873 0.359547 -0.112800 0.000000 0.000000 0.000000 1.000000
0.972342 0.174013 -0.155790 3.246800 -0.203165 0.301109 -0.931696 11.102000 -0.115218 0.937578 0.328134 -0.112800 0.000000 0.000000 0.000000 1.000000
0.979369 0.143841 -0.141936 3.246800 -0.176977 0.271483 -0.946032 11.102000 -0.097545 0.951634 0.291339 -0.112800 0.000000 0.000000 0.000000 1.000000
0.984342 0.118321 -0.130656 3.246800 -0.158495 0.269745 -0.949799 11.102000 -0.077137 0.955635 0.284274 -0.112800 0.000000 0.000000 0.000000 1.000000
0.991225 0.075747 -0.108334 3.246800 -0.126289 0.300537 -0.945372 11.102000 -0.039051 0.950757 0.307466 -0.112800 0.000000 0.000000 0.000000 1.000000
0.992436 0.065092 -0.104088 3.246800 -0.119719 0.325438 -0.937954 11.102000 -0.027179 0.943320 0.330769 -0.112800 0.000000 0.000000 0.000000 1.000000
0.992905 0.062642 -0.101072 3.246800 -0.116692 0.349913 -0.929486 11.102000 -0.022858 0.934686 0.354740 -0.112800 0.000000 0.000000 0.000000 1.000000
0.993043 0.063633 -0.099077 3.246800 -0.115672 0.369734 -0.921909 11.102000 -0.022032 0.926956 0.374523 -0.112800 0.000000 0.000000 0.000000 1.000000
0.992149 0.073944 -0.100858 3.246800 -0.121125 0.367443 -0.922125 11.102000 -0.031126 0.927102 0.373515 -0.112800 0.000000 0.000000 0.000000 1.000000
0.990023 0.088597 -0.109567 3.246800 -0.133598 0.343053 -0.929767 11.102000 -0.044788 0.935128 0.351467 -0.112800 0.000000 0.000000 0.000000 1.000000
0.987444 0.104172 -0.118757 3.246800 -0.146219 0.318177 -0.936687 11.102000 -0.059791 0.942291 0.329414 -0.112800 0.000000 0.000000 0.000000 1.000000
0.982712 0.130288 -0.131538 3.246800 -0.166086 0.306444 -0.937287 11.102000 -0.081808 0.942930 0.322785 -0.112800 0.000000 0.000000 0.000000 1.000000
0.965067 0.198827 -0.170630 3.246800 -0.219957 0.260979 -0.939952 11.102000 -0.142357 0.944647 0.295595 -0.112800 0.000000 0.000000 0.000000 1.000000
0.966619 0.192154 -0.169483 3.246800 -0.212858 0.234057 -0.948635 11.102000 -0.142615 0.953045 0.267146 -0.112800 0.000000 0.000000 0.000000 1.000000
0.969478 0.182067 -0.164207 3.246800 -0.204972 0.234365 -0.950295 11.102000 -0.134533 0.954947 0.264530 -0.112800 0.000000 0.000000 0.000000 1.000000</float_array>
        <technique_common>
          <accessor source="#mixamorig1_LeftHandPinky1-Matrix-animation-output-transform-array" count="22" stride="16">
            <param type="float4x4"/>
          </accessor>
        </technique_common>
      </source>
      <source id="mixamorig1_LeftHandPinky1-Interpolations">
        <Name_array id="mixamorig1_LeftHandPinky1-Interpolations-array" count="22">
 LINEAR LINEAR LINEAR LINEAR LINEAR LINEAR LINEAR LINEAR LINEAR LINEAR LINEAR
LINEAR LINEAR LINEAR LINEAR LINEAR LINEAR LINEAR LINEAR LINEAR LINEAR LINEAR</Name_array>
        <technique_common>
          <accessor source="#mixamorig1_LeftHandPinky1-Interpolations-array" count="22">
            <param type="name"/>
          </accessor>
        </technique_common>
      </source>
      <sampler id="mixamorig1_LeftHandPinky1-Matrix-animation-transform">
        <input semantic="INPUT" source="#mixamorig1_LeftHandPinky1-Matrix-animation-input"/>
        <input semantic="OUTPUT" source="#mixamorig1_LeftHandPinky1-Matrix-animation-output-transform"/>
        <input semantic="INTERPOLATION" source="#mixamorig1_LeftHandPinky1-Interpolations"/>
      </sampler>
      <channel source="#mixamorig1_LeftHandPinky1-Matrix-animation-transform" target="mixamorig1_LeftHandPinky1/matrix"/>
    </animation>
    <animation id="mixamorig1_LeftHandPinky2-anim" name="mixamorig1_LeftHandPinky2">
      <source id="mixamorig1_LeftHandPinky2-Matrix-animation-input">
        <float_array id="mixamorig1_LeftHandPinky2-Matrix-animation-input-array" count="22">

0.000000 0.033333 0.066667 0.100000 0.133333 0.166667 0.200000 0.233333 0.266667 0.300000 0.333333 0.366667 0.400000 0.433333 0.466667 0.500000
0.533333 0.566667 0.600000 0.633333 0.666667 0.700000</float_array>
        <technique_common>
          <accessor source="#mixamorig1_LeftHandPinky2-Matrix-animation-input-array" count="22">
            <param name="TIME" type="float"/>
          </accessor>
        </technique_common>
      </source>
      <source id="mixamorig1_LeftHandPinky2-Matrix-animation-output-transform">
        <float_array id="mixamorig1_LeftHandPinky2-Matrix-animation-output-transform-array" count="352">

0.982143 0.148441 -0.115588 0.008400 -0.149665 0.244183 -0.958110 2.734600 -0.113998 0.958301 0.262039 0.000000 0.000000 0.000000 0.000000 1.000000
0.982063 0.148562 -0.116111 0.008400 -0.149792 0.240697 -0.958972 2.734600 -0.114519 0.959163 0.258633 0.000000 0.000000 0.000000 0.000000 1.000000
0.982067 0.148555 -0.116082 0.008400 -0.149785 0.240892 -0.958924 2.734600 -0.114490 0.959115 0.258824 0.000000 0.000000 0.000000 0.000000 1.000000
0.981962 0.148712 -0.116772 0.008400 -0.149950 0.236287 -0.960043 2.734600 -0.115178 0.960236 0.254324 0.000000 0.000000 0.000000 0.000000 1.000000
0.982053 0.148577 -0.116178 0.008400 -0.149808 0.240247 -0.959082 2.734600 -0.114586 0.959274 0.258193 -0.000000 0.000000 0.000000 0.000000 1.000000
0.982423 0.148001 -0.113758 0.008400 -0.149205 0.256379 -0.954991 2.734600 -0.112175 0.955178 0.273955 0.000000 0.000000 0.000000 0.000000 1.000000
0.982549 0.147796 -0.112936 0.008400 -0.148990 0.261859 -0.953537 2.734600 -0.111355 0.953722 0.279309 0.000000 0.000000 0.000000 0.000000 1.000000
0.982601 0.147709 -0.112594 0.008400 -0.148900 0.264138 -0.952922 2.734600 -0.111014 0.953107 0.281536 0.000000 0.000000 0.000000 0.000000 1.000000
0.982483 0.147903 -0.113365 0.008400 -0.149103 0.259004 -0.954298 2.734600 -0.111782 0.954485 0.276520 0.000000 0.000000 0.000000 0.000000 1.000000
0.982294 0.148207 -0.114603 0.008400 -0.149421 0.250751 -0.956451 2.734600 -0.113016 0.956639 0.268456 0.000000 0.000000 0.000000 0.000000 1.000000
0.982058 0.148569 -0.116144 0.008400 -0.149800 0.240476 -0.959026 2.734600 -0.114552 0.959218 0.258417 0.000000 0.000000 0.000000 0.000000 1.000000
0.981968 0.148703 -0.116733 0.008400 -0.149941 0.236549 -0.959980 2.734600 -0.115139 0.960173 0.254580 0.000000 0.000000 0.000000 0.000000 1.000000
0.981944 0.148738 -0.116889 0.008400 -0.149977 0.235509 -0.960230 2.734600 -0.115294 0.960423 0.253564 0.000000 0.000000 0.000000 0.000000 1.000000
0.981973 0.148695 -0.116697 0.008400 -0.149932 0.236790 -0.959922 2.734600 -0.115103 0.960115 0.254815 0.000000 0.000000 0.000000 0.000000 1.000000
0.981991 0.148669 -0.116580 0.008400 -0.149904 0.237570 -0.959734 2.734600 -0.114986 0.959926 0.255578 -0.000000 0.000000 0.000000 0.000000 1.000000
0.981899 0.148804 -0.117185 0.008400 -0.150047 0.233532 -0.960702 2.734600 -0.115590 0.960895 0.251632 0.000000 0.000000 0.000000 0.000000 1.000000
0.981853 0.148870 -0.117482 0.008400 -0.150116 0.231552 -0.961171 2.734600 -0.115886 0.961364 0.249698 0.000000 0.000000 0.000000 0.000000 1.000000
0.982066 0.148557 -0.116090 0.008400 -0.149787 0.240834 -0.958938 2.734600 -0.114499 0.959130 0.258767 0.000000 0.000000 0.000000 0.000000 1.000000
0.982356 0.148108 -0.114192 0.008400 -0.149317 0.253490 -0.955744 2.734600 -0.112607 0.955933 0.271132 0.000000 0.000000 0.000000 0.000000 1.000000
0.982444 0.147967 -0.113620 0.008400 -0.149169 0.257304 -0.954748 2.734600 -0.112036 0.954935 0.274859 0.000000 0.000000 0.000000 0.000000 1.000000
0.982335 0.148142 -0.114333 0.008400 -0.149352 0.252547 -0.955988 2.734600 -0.112747 0.956177 0.270211 -0.000000 0.000000 0.000000 0.000000 1.000000
0.982143 0.148441 -0.115588 0.008400 -0.149665 0.244182 -0.958110 2.734600 -0.113998 0.958301 0.262038 -0.000000 0.000000 0.000000 0.000000 1.000000</float_array>
        <technique_common>
          <accessor source="#mixamorig1_LeftHandPinky2-Matrix-animation-output-transform-array" count="22" stride="16">
            <param type="float4x4"/>
          </accessor>
        </technique_common>
      </source>
      <source id="mixamorig1_LeftHandPinky2-Interpolations">
        <Name_array id="mixamorig1_LeftHandPinky2-Interpolations-array" count="22">
 LINEAR LINEAR LINEAR LINEAR LINEAR LINEAR LINEAR LINEAR LINEAR LINEAR LINEAR
LINEAR LINEAR LINEAR LINEAR LINEAR LINEAR LINEAR LINEAR LINEAR LINEAR LINEAR</Name_array>
        <technique_common>
          <accessor source="#mixamorig1_LeftHandPinky2-Interpolations-array" count="22">
            <param type="name"/>
          </accessor>
        </technique_common>
      </source>
      <sampler id="mixamorig1_LeftHandPinky2-Matrix-animation-transform">
        <input semantic="INPUT" source="#mixamorig1_LeftHandPinky2-Matrix-animation-input"/>
        <input semantic="OUTPUT" source="#mixamorig1_LeftHandPinky2-Matrix-animation-output-transform"/>
        <input semantic="INTERPOLATION" source="#mixamorig1_LeftHandPinky2-Interpolations"/>
      </sampler>
      <channel source="#mixamorig1_LeftHandPinky2-Matrix-animation-transform" target="mixamorig1_LeftHandPinky2/matrix"/>
    </animation>
    <animation id="mixamorig1_LeftHandPinky3-anim" name="mixamorig1_LeftHandPinky3">
      <source id="mixamorig1_LeftHandPinky3-Matrix-animation-input">
        <float_array id="mixamorig1_LeftHandPinky3-Matrix-animation-input-array" count="22">

0.000000 0.033333 0.066667 0.100000 0.133333 0.166667 0.200000 0.233333 0.266667 0.300000 0.333333 0.366667 0.400000 0.433333 0.466667 0.500000
0.533333 0.566667 0.600000 0.633333 0.666667 0.700000</float_array>
        <technique_common>
          <accessor source="#mixamorig1_LeftHandPinky3-Matrix-animation-input-array" count="22">
            <param name="TIME" type="float"/>
          </accessor>
        </technique_common>
      </source>
      <source id="mixamorig1_LeftHandPinky3-Matrix-animation-output-transform">
        <float_array id="mixamorig1_LeftHandPinky3-Matrix-animation-output-transform-array" count="352">

0.983520 0.146968 -0.105305 -0.002900 -0.144157 0.285911 -0.947351 2.194000 -0.109123 0.946919 0.302385 -0.000000 0.000000 0.000000 0.000000 1.000000
0.983441 0.147126 -0.105816 -0.002900 -0.144301 0.282479 -0.948358 2.194000 -0.109638 0.947924 0.299032 0.000000 0.000000 0.000000 0.000000 1.000000
0.983446 0.147117 -0.105785 -0.002900 -0.144292 0.282686 -0.948298 2.194000 -0.109607 0.947864 0.299234 0.000000 0.000000 0.000000 0.000000 1.000000
0.983342 0.147323 -0.106460 -0.002900 -0.144480 0.278148 -0.949610 2.194000 -0.110288 0.949173 0.294800 0.000000 0.000000 0.000000 0.000000 1.000000
0.983432 0.147145 -0.105876 -0.002900 -0.144318 0.282075 -0.948476 2.194000 -0.109698 0.948041 0.298637 0.000000 0.000000 0.000000 0.000000 1.000000
0.983797 0.146395 -0.103503 -0.002900 -0.143631 0.298026 -0.943690 2.194000 -0.107305 0.943265 0.314224 0.000000 0.000000 0.000000 0.000000 1.000000
0.983921 0.146130 -0.102696 -0.002900 -0.143388 0.303451 -0.941997 2.194000 -0.106491 0.941575 0.319524 -0.000000 0.000000 0.000000 0.000000 1.000000
0.983972 0.146017 -0.102359 -0.002900 -0.143284 0.305714 -0.941280 2.194000 -0.106151 0.940860 0.321736 -0.000000 0.000000 0.000000 0.000000 1.000000
0.983857 0.146267 -0.103111 -0.002900 -0.143514 0.300659 -0.942872 2.194000 -0.106910 0.942449 0.316796 0.000000 0.000000 0.000000 0.000000 1.000000
0.983671 0.146659 -0.104322 -0.002900 -0.143873 0.292522 -0.945374 2.194000 -0.108131 0.944946 0.308846 0.000000 0.000000 0.000000 0.000000 1.000000
0.983441 0.147127 -0.105817 -0.002900 -0.144301 0.282471 -0.948360 2.194000 -0.109639 0.947926 0.299025 0.000000 0.000000 0.000000 0.000000 1.000000
0.983362 0.147284 -0.106331 -0.002900 -0.144444 0.279015 -0.949361 2.194000 -0.110158 0.948925 0.295647 -0.000000 0.000000 0.000000 0.000000 1.000000
0.983352 0.147304 -0.106399 -0.002900 -0.144463 0.278561 -0.949492 2.194000 -0.110226 0.949055 0.295203 -0.000000 0.000000 0.000000 0.000000 1.000000
0.983381 0.147247 -0.106209 -0.002900 -0.144411 0.279839 -0.949124 2.194000 -0.110034 0.948688 0.296452 0.000000 0.000000 0.000000 0.000000 1.000000
0.983394 0.147220 -0.106122 -0.002900 -0.144386 0.280423 -0.948955 2.194000 -0.109946 0.948519 0.297023 0.000000 0.000000 0.000000 0.000000 1.000000
0.983289 0.147428 -0.106809 -0.002900 -0.144576 0.275802 -0.950280 2.194000 -0.110640 0.949841 0.292507 0.000000 0.000000 0.000000 0.000000 1.000000
0.983241 0.147522 -0.107123 -0.002900 -0.144661 0.273692 -0.950876 2.194000 -0.110956 0.950437 0.290446 -0.000000 0.000000 0.000000 0.000000 1.000000
0.983447 0.147114 -0.105777 -0.002900 -0.144290 0.282738 -0.948282 2.194000 -0.109599 0.947848 0.299285 0.000000 0.000000 0.000000 0.000000 1.000000
0.983730 0.146536 -0.103939 -0.002900 -0.143761 0.295097 -0.944590 2.194000 -0.107744 0.944164 0.311362 0.000000 0.000000 0.000000 0.000000 1.000000
0.983815 0.146355 -0.103380 -0.002900 -0.143594 0.298847 -0.943436 2.194000 -0.107181 0.943012 0.315026 0.000000 0.000000 0.000000 0.000000 1.000000
0.983708 0.146580 -0.104078 -0.002900 -0.143801 0.294161 -0.944876 2.194000 -0.107885 0.944449 0.310448 -0.000000 0.000000 0.000000 0.000000 1.000000
0.983520 0.146968 -0.105305 -0.002900 -0.144156 0.285911 -0.947351 2.194000 -0.109123 0.946919 0.302386 0.000000 0.000000 0.000000 0.000000 1.000000</float_array>
        <technique_common>
          <accessor source="#mixamorig1_LeftHandPinky3-Matrix-animation-output-transform-array" count="22" stride="16">
            <param type="float4x4"/>
          </accessor>
        </technique_common>
      </source>
      <source id="mixamorig1_LeftHandPinky3-Interpolations">
        <Name_array id="mixamorig1_LeftHandPinky3-Interpolations-array" count="22">
 LINEAR LINEAR LINEAR LINEAR LINEAR LINEAR LINEAR LINEAR LINEAR LINEAR LINEAR
LINEAR LINEAR LINEAR LINEAR LINEAR LINEAR LINEAR LINEAR LINEAR LINEAR LINEAR</Name_array>
        <technique_common>
          <accessor source="#mixamorig1_LeftHandPinky3-Interpolations-array" count="22">
            <param type="name"/>
          </accessor>
        </technique_common>
      </source>
      <sampler id="mixamorig1_LeftHandPinky3-Matrix-animation-transform">
        <input semantic="INPUT" source="#mixamorig1_LeftHandPinky3-Matrix-animation-input"/>
        <input semantic="OUTPUT" source="#mixamorig1_LeftHandPinky3-Matrix-animation-output-transform"/>
        <input semantic="INTERPOLATION" source="#mixamorig1_LeftHandPinky3-Interpolations"/>
      </sampler>
      <channel source="#mixamorig1_LeftHandPinky3-Matrix-animation-transform" target="mixamorig1_LeftHandPinky3/matrix"/>
    </animation>
    <animation id="mixamorig1_RightShoulder-anim" name="mixamorig1_RightShoulder">
      <source id="mixamorig1_RightShoulder-Matrix-animation-input">
        <float_array id="mixamorig1_RightShoulder-Matrix-animation-input-array" count="22">

0.000000 0.033333 0.066667 0.100000 0.133333 0.166667 0.200000 0.233333 0.266667 0.300000 0.333333 0.366667 0.400000 0.433333 0.466667 0.500000
0.533333 0.566667 0.600000 0.633333 0.666667 0.700000</float_array>
        <technique_common>
          <accessor source="#mixamorig1_RightShoulder-Matrix-animation-input-array" count="22">
            <param name="TIME" type="float"/>
          </accessor>
        </technique_common>
      </source>
      <source id="mixamorig1_RightShoulder-Matrix-animation-output-transform">
        <float_array id="mixamorig1_RightShoulder-Matrix-animation-output-transform-array" count="352">

0.025781 -0.888883 0.457408 -6.140200 -0.018017 -0.457899 -0.888822 12.993700 0.999505 0.014673 -0.027820 -0.175900 0.000000 0.000000 0.000000 1.000000
0.000264 -0.900157 0.435566 -6.140200 -0.017414 -0.435504 -0.900018 12.993700 0.999848 -0.007348 -0.015790 -0.175900 0.000000 0.000000 0.000000 1.000000
0.040905 -0.929808 0.365765 -6.140200 -0.013412 -0.366549 -0.930302 12.993700 0.999073 0.033148 -0.027464 -0.175900 0.000000 0.000000 0.000000 1.000000
0.025800 -0.950367 0.310059 -6.140200 -0.010126 -0.310395 -0.950554 12.993700 0.999616 0.021384 -0.017631 -0.175900 0.000000 0.000000 0.000000 1.000000
-0.034336 -0.961596 0.272311 -6.140200 -0.004081 -0.272335 -0.962194 12.993700 0.999402 -0.034150 0.005427 -0.175900 0.000000 0.000000 0.000000 1.000000
-0.066956 -0.968431 0.240120 -6.140200 0.001378 -0.240750 -0.970586 12.993700 0.997755 -0.064656 0.017454 -0.175900 0.000000 0.000000 0.000000 1.000000
-0.039314 -0.964400 0.261509 -6.140200 -0.002593 -0.261612 -0.965170 12.993700 0.999224 -0.038623 0.007784 -0.175900 0.000000 0.000000 0.000000 1.000000
-0.006434 -0.956761 0.290803 -6.140200 -0.006832 -0.290760 -0.956772 12.993700 0.999956 -0.008143 -0.004666 -0.175900 0.000000 0.000000 0.000000 1.000000
-0.017144 -0.943744 0.330232 -6.140200 -0.009236 -0.330117 -0.943895 12.993700 0.999810 -0.019232 -0.003056 -0.175900 0.000000 0.000000 0.000000 1.000000
-0.023308 -0.926778 0.374885 -6.140200 -0.012656 -0.374683 -0.927066 12.993700 0.999648 -0.026352 -0.002996 -0.175900 0.000000 0.000000 0.000000 1.000000
-0.008978 -0.911055 0.412187 -6.140200 -0.015580 -0.412026 -0.911039 12.993700 0.999838 -0.014601 -0.010496 -0.175900 0.000000 0.000000 0.000000 1.000000
-0.023172 -0.905964 0.422720 -6.140200 -0.016607 -0.422426 -0.906245 12.993700 0.999594 -0.028020 -0.005257 -0.175900 0.000000 0.000000 0.000000 1.000000
-0.032994 -0.904950 0.424238 -6.140200 -0.016855 -0.423905 -0.905550 12.993700 0.999313 -0.037028 -0.001267 -0.175900 0.000000 0.000000 0.000000 1.000000
-0.029835 -0.927602 0.372377 -6.140200 -0.013029 -0.372150 -0.928081 12.993700 0.999470 -0.032541 -0.000983 -0.175900 0.000000 0.000000 0.000000 1.000000
-0.024798 -0.950029 0.311174 -6.140200 -0.008598 -0.311056 -0.950353 12.993700 0.999656 -0.026242 -0.000455 -0.175900 0.000000 0.000000 0.000000 1.000000
-0.023356 -0.964411 0.263372 -6.140200 -0.005212 -0.263323 -0.964694 12.993700 0.999714 -0.023904 0.001124 -0.175900 0.000000 0.000000 0.000000 1.000000
-0.048099 -0.967910 0.246651 -6.140200 -0.000975 -0.246891 -0.969043 12.993700 0.998842 -0.046850 0.010932 -0.175900 0.000000 0.000000 0.000000 1.000000
-0.046102 -0.967427 0.248918 -6.140200 -0.001676 -0.249108 -0.968474 12.993700 0.998935 -0.045066 0.009863 -0.175900 0.000000 0.000000 0.000000 1.000000
-0.023702 -0.952931 0.302258 -6.140200 -0.007683 -0.302160 -0.953226 12.993700 0.999690 -0.024915 -0.000159 -0.175900 0.000000 0.000000 0.000000 1.000000
-0.002615 -0.929290 0.369341 -6.140200 -0.013024 -0.369279 -0.929227 12.993700 0.999912 -0.007240 -0.011138 -0.175900 0.000000 0.000000 0.000000 1.000000
0.041837 -0.895158 0.443782 -6.140200 -0.016914 -0.444742 -0.895499 12.993700 0.998981 0.029958 -0.033747 -0.175900 0.000000 0.000000 0.000000 1.000000
0.025781 -0.888882 0.457410 -6.140200 -0.018017 -0.457901 -0.888821 12.993700 0.999505 0.014673 -0.027820 -0.175900 0.000000 0.000000 0.000000 1.000000</float_array>
        <technique_common>
          <accessor source="#mixamorig1_RightShoulder-Matrix-animation-output-transform-array" count="22" stride="16">
            <param type="float4x4"/>
          </accessor>
        </technique_common>
      </source>
      <source id="mixamorig1_RightShoulder-Interpolations">
        <Name_array id="mixamorig1_RightShoulder-Interpolations-array" count="22">
 LINEAR LINEAR LINEAR LINEAR LINEAR LINEAR LINEAR LINEAR LINEAR LINEAR LINEAR
LINEAR LINEAR LINEAR LINEAR LINEAR LINEAR LINEAR LINEAR LINEAR LINEAR LINEAR</Name_array>
        <technique_common>
          <accessor source="#mixamorig1_RightShoulder-Interpolations-array" count="22">
            <param type="name"/>
          </accessor>
        </technique_common>
      </source>
      <sampler id="mixamorig1_RightShoulder-Matrix-animation-transform">
        <input semantic="INPUT" source="#mixamorig1_RightShoulder-Matrix-animation-input"/>
        <input semantic="OUTPUT" source="#mixamorig1_RightShoulder-Matrix-animation-output-transform"/>
        <input semantic="INTERPOLATION" source="#mixamorig1_RightShoulder-Interpolations"/>
      </sampler>
      <channel source="#mixamorig1_RightShoulder-Matrix-animation-transform" target="mixamorig1_RightShoulder/matrix"/>
    </animation>
    <animation id="mixamorig1_RightArm-anim" name="mixamorig1_RightArm">
      <source id="mixamorig1_RightArm-Matrix-animation-input">
        <float_array id="mixamorig1_RightArm-Matrix-animation-input-array" count="22">

0.000000 0.033333 0.066667 0.100000 0.133333 0.166667 0.200000 0.233333 0.266667 0.300000 0.333333 0.366667 0.400000 0.433333 0.466667 0.500000
0.533333 0.566667 0.600000 0.633333 0.666667 0.700000</float_array>
        <technique_common>
          <accessor source="#mixamorig1_RightArm-Matrix-animation-input-array" count="22">
            <param name="TIME" type="float"/>
          </accessor>
        </technique_common>
      </source>
      <source id="mixamorig1_RightArm-Matrix-animation-output-transform">
        <float_array id="mixamorig1_RightArm-Matrix-animation-output-transform-array" count="352">

0.895246 0.433904 -0.101305 -0.000000 -0.428686 0.776759 -0.461383 13.005900 -0.121507 0.456479 0.881399 -0.000000 0.000000 0.000000 0.000000 1.000000
0.757783 0.650766 -0.047626 0.000000 -0.606061 0.674921 -0.420918 13.005900 -0.241775 0.347829 0.905848 -0.000000 0.000000 0.000000 0.000000 1.000000
0.737316 0.675202 0.021604 0.000000 -0.595308 0.664525 -0.451681 13.005900 -0.319332 0.320170 0.891918 0.000000 0.000000 0.000000 0.000000 1.000000
0.744192 0.666475 0.044605 0.000000 -0.587092 0.684479 -0.432217 13.005900 -0.318593 0.295465 0.900666 -0.000000 0.000000 0.000000 0.000000 1.000000
0.772656 0.634364 0.024172 0.000000 -0.582403 0.723491 -0.370631 13.005900 -0.252603 0.272292 0.928466 0.000000 0.000000 0.000000 0.000000 1.000000
0.802975 0.595767 -0.017140 -0.000000 -0.566224 0.753548 -0.334000 13.005900 -0.186071 0.277899 0.942417 0.000000 0.000000 0.000000 0.000000 1.000000
0.837164 0.540660 -0.082722 -0.000000 -0.537722 0.785902 -0.305310 13.005900 -0.100057 0.300076 0.948653 0.000000 0.000000 0.000000 0.000000 1.000000
0.859210 0.496487 -0.123524 0.000000 -0.504548 0.782253 -0.365392 13.005900 -0.084785 0.376272 0.922622 0.000000 0.000000 0.000000 0.000000 1.000000
0.874785 0.452015 -0.174452 0.000000 -0.479441 0.755622 -0.446287 13.005900 -0.069909 0.474045 0.877721 0.000000 0.000000 0.000000 0.000000 1.000000
0.893270 0.373046 -0.250810 0.000000 -0.449521 0.741526 -0.498067 13.005900 0.000181 0.557652 0.830075 0.000000 0.000000 0.000000 0.000000 1.000000
0.928362 0.287519 -0.235537 0.000000 -0.371297 0.746126 -0.552661 13.005900 0.016840 0.600524 0.799430 0.000000 0.000000 0.000000 0.000000 1.000000
0.952806 0.156287 -0.260260 0.000000 -0.282474 0.770490 -0.571449 13.005900 0.111217 0.617997 0.778274 0.000000 0.000000 0.000000 0.000000 1.000000
0.926722 -0.040881 -0.373517 -0.000000 -0.179282 0.825507 -0.535160 13.005900 0.330219 0.562909 0.757687 0.000000 0.000000 0.000000 0.000000 1.000000
0.852767 -0.146965 -0.501189 0.000000 -0.148637 0.851628 -0.502630 13.005900 0.500696 0.503121 0.704396 0.000000 0.000000 0.000000 0.000000 1.000000
0.763130 -0.219179 -0.607942 0.000000 -0.126470 0.871888 -0.473093 13.005900 0.633749 0.437918 0.637644 0.000000 0.000000 0.000000 0.000000 1.000000
0.716659 -0.260447 -0.646967 0.000000 -0.114069 0.871388 -0.477148 13.005900 0.688032 0.415752 0.594779 -0.000000 0.000000 0.000000 0.000000 1.000000
0.699951 -0.261422 -0.664626 0.000000 -0.134911 0.865447 -0.482494 13.005900 0.701333 0.427388 0.570502 0.000000 0.000000 0.000000 0.000000 1.000000
0.758983 -0.246113 -0.602805 0.000000 -0.143127 0.840102 -0.523205 13.005900 0.635185 0.483381 0.602397 0.000000 0.000000 0.000000 0.000000 1.000000
0.847572 -0.180586 -0.499009 0.000000 -0.135856 0.835147 -0.532985 13.005900 0.512996 0.519536 0.683313 0.000000 0.000000 0.000000 0.000000 1.000000
0.925252 -0.088962 -0.368775 0.000000 -0.133192 0.834043 -0.535380 13.005900 0.355202 0.544479 0.759851 0.000000 0.000000 0.000000 0.000000 1.000000
0.972280 0.082073 -0.218943 -0.000000 -0.185226 0.841819 -0.506984 13.005900 0.142701 0.533484 0.833685 0.000000 0.000000 0.000000 0.000000 1.000000
0.895245 0.433904 -0.101304 -0.000000 -0.428686 0.776759 -0.461383 13.005900 -0.121507 0.456479 0.881398 0.000000 0.000000 0.000000 0.000000 1.000000</float_array>
        <technique_common>
          <accessor source="#mixamorig1_RightArm-Matrix-animation-output-transform-array" count="22" stride="16">
            <param type="float4x4"/>
          </accessor>
        </technique_common>
      </source>
      <source id="mixamorig1_RightArm-Interpolations">
        <Name_array id="mixamorig1_RightArm-Interpolations-array" count="22">
 LINEAR LINEAR LINEAR LINEAR LINEAR LINEAR LINEAR LINEAR LINEAR LINEAR LINEAR
LINEAR LINEAR LINEAR LINEAR LINEAR LINEAR LINEAR LINEAR LINEAR LINEAR LINEAR</Name_array>
        <technique_common>
          <accessor source="#mixamorig1_RightArm-Interpolations-array" count="22">
            <param type="name"/>
          </accessor>
        </technique_common>
      </source>
      <sampler id="mixamorig1_RightArm-Matrix-animation-transform">
        <input semantic="INPUT" source="#mixamorig1_RightArm-Matrix-animation-input"/>
        <input semantic="OUTPUT" source="#mixamorig1_RightArm-Matrix-animation-output-transform"/>
        <input semantic="INTERPOLATION" source="#mixamorig1_RightArm-Interpolations"/>
      </sampler>
      <channel source="#mixamorig1_RightArm-Matrix-animation-transform" target="mixamorig1_RightArm/matrix"/>
    </animation>
    <animation id="mixamorig1_RightForeArm-anim" name="mixamorig1_RightForeArm">
      <source id="mixamorig1_RightForeArm-Matrix-animation-input">
        <float_array id="mixamorig1_RightForeArm-Matrix-animation-input-array" count="22">

0.000000 0.033333 0.066667 0.100000 0.133333 0.166667 0.200000 0.233333 0.266667 0.300000 0.333333 0.366667 0.400000 0.433333 0.466667 0.500000
0.533333 0.566667 0.600000 0.633333 0.666667 0.700000</float_array>
        <technique_common>
          <accessor source="#mixamorig1_RightForeArm-Matrix-animation-input-array" count="22">
            <param name="TIME" type="float"/>
          </accessor>
        </technique_common>
      </source>
      <source id="mixamorig1_RightForeArm-Matrix-animation-output-transform">
        <float_array id="mixamorig1_RightForeArm-Matrix-animation-output-transform-array" count="352">

0.008409 0.993739 -0.111410 -0.000000 -0.993081 -0.004752 -0.117337 25.571100 -0.117132 0.111625 0.986823 0.000000 0.000000 0.000000 0.000000 1.000000
0.248071 0.965172 -0.083092 0.000000 -0.964532 0.238095 -0.113964 25.571100 -0.090211 0.108417 0.990004 0.000000 0.000000 0.000000 0.000000 1.000000
0.271142 0.959179 -0.080366 -0.000000 -0.958543 0.261473 -0.113257 25.571100 -0.087620 0.107743 0.990310 0.000000 0.000000 0.000000 0.000000 1.000000
0.200390 0.975690 -0.088726 0.000000 -0.975044 0.189780 -0.115207 25.571100 -0.095567 0.109598 0.989371 0.000000 0.000000 0.000000 0.000000 1.000000
0.124298 0.987422 -0.097717 0.000000 -0.986767 0.112678 -0.116592 25.571100 -0.104114 0.110916 0.988361 0.000000 0.000000 0.000000 0.000000 1.000000
0.068247 0.992197 -0.104340 0.000000 -0.991540 0.055881 -0.117155 25.571100 -0.110411 0.111452 0.987617 0.000000 0.000000 0.000000 0.000000 1.000000
0.029745 0.993609 -0.108889 -0.000000 -0.992951 0.016868 -0.117322 25.571100 -0.114735 0.111611 0.987106 0.000000 0.000000 0.000000 0.000000 1.000000
0.105710 0.989365 -0.099913 0.000000 -0.988709 0.093843 -0.116821 25.571100 -0.106203 0.111134 0.988114 0.000000 0.000000 0.000000 0.000000 1.000000
0.160069 0.982668 -0.093490 0.000000 -0.982018 0.148924 -0.116030 25.571100 -0.100097 0.110382 0.988836 0.000000 0.000000 0.000000 0.000000 1.000000
0.203096 0.975160 -0.088407 0.000000 -0.974514 0.192523 -0.115144 25.571100 -0.095263 0.109539 0.989407 0.000000 0.000000 0.000000 0.000000 1.000000
0.258684 0.962489 -0.081839 -0.000000 -0.961851 0.248849 -0.113648 25.571100 -0.089019 0.108115 0.990145 0.000000 0.000000 0.000000 0.000000 1.000000
0.183581 0.978810 -0.090713 0.000000 -0.978162 0.172748 -0.115575 25.571100 -0.097455 0.109949 0.989148 0.000000 0.000000 0.000000 0.000000 1.000000
-0.049722 0.991735 -0.118278 -0.000000 -0.991078 -0.063655 -0.117101 25.571100 -0.123662 0.111400 0.986052 0.000000 0.000000 0.000000 0.000000 1.000000
-0.184139 0.973730 -0.133952 0.000000 -0.973100 -0.199799 -0.114700 25.571100 -0.138451 0.109228 0.984328 0.000000 0.000000 0.000000 0.000000 1.000000
-0.283576 0.947784 -0.145909 -0.000000 -0.947157 -0.300616 -0.111911 25.571100 -0.149930 0.106464 0.982948 -0.000000 0.000000 0.000000 0.000000 1.000000
-0.319067 0.935770 -0.150103 0.000000 -0.935150 -0.336579 -0.110493 25.571100 -0.153917 0.105114 0.982477 0.000000 0.000000 0.000000 0.000000 1.000000
-0.284580 0.947465 -0.146027 0.000000 -0.946837 -0.301634 -0.111874 25.571100 -0.150043 0.106427 0.982935 0.000000 0.000000 0.000000 0.000000 1.000000
-0.215849 0.966639 -0.137907 0.000000 -0.965999 -0.231989 -0.114138 25.571100 -0.142323 0.108581 0.983847 -0.000000 0.000000 0.000000 0.000000 1.000000
-0.165371 0.977366 -0.131943 0.000000 -0.976718 -0.180841 -0.115404 25.571100 -0.136653 0.109786 0.984517 -0.000000 0.000000 0.000000 0.000000 1.000000
-0.157483 0.978793 -0.131011 0.000000 -0.978145 -0.172848 -0.115572 25.571100 -0.135766 0.109947 0.984621 0.000000 0.000000 0.000000 0.000000 1.000000
-0.147431 0.980515 -0.129823 -0.000000 -0.979866 -0.162662 -0.115776 25.571100 -0.134637 0.110140 0.984755 0.000000 0.000000 0.000000 0.000000 1.000000
0.008409 0.993739 -0.111409 0.000000 -0.993081 -0.004751 -0.117337 25.571100 -0.117132 0.111625 0.986823 -0.000000 0.000000 0.000000 0.000000 1.000000</float_array>
        <technique_common>
          <accessor source="#mixamorig1_RightForeArm-Matrix-animation-output-transform-array" count="22" stride="16">
            <param type="float4x4"/>
          </accessor>
        </technique_common>
      </source>
      <source id="mixamorig1_RightForeArm-Interpolations">
        <Name_array id="mixamorig1_RightForeArm-Interpolations-array" count="22">
 LINEAR LINEAR LINEAR LINEAR LINEAR LINEAR LINEAR LINEAR LINEAR LINEAR LINEAR
LINEAR LINEAR LINEAR LINEAR LINEAR LINEAR LINEAR LINEAR LINEAR LINEAR LINEAR</Name_array>
        <technique_common>
          <accessor source="#mixamorig1_RightForeArm-Interpolations-array" count="22">
            <param type="name"/>
          </accessor>
        </technique_common>
      </source>
      <sampler id="mixamorig1_RightForeArm-Matrix-animation-transform">
        <input semantic="INPUT" source="#mixamorig1_RightForeArm-Matrix-animation-input"/>
        <input semantic="OUTPUT" source="#mixamorig1_RightForeArm-Matrix-animation-output-transform"/>
        <input semantic="INTERPOLATION" source="#mixamorig1_RightForeArm-Interpolations"/>
      </sampler>
      <channel source="#mixamorig1_RightForeArm-Matrix-animation-transform" target="mixamorig1_RightForeArm/matrix"/>
    </animation>
    <animation id="mixamorig1_RightHand-anim" name="mixamorig1_RightHand">
      <source id="mixamorig1_RightHand-Matrix-animation-input">
        <float_array id="mixamorig1_RightHand-Matrix-animation-input-array" count="22">

0.000000 0.033333 0.066667 0.100000 0.133333 0.166667 0.200000 0.233333 0.266667 0.300000 0.333333 0.366667 0.400000 0.433333 0.466667 0.500000
0.533333 0.566667 0.600000 0.633333 0.666667 0.700000</float_array>
        <technique_common>
          <accessor source="#mixamorig1_RightHand-Matrix-animation-input-array" count="22">
            <param name="TIME" type="float"/>
          </accessor>
        </technique_common>
      </source>
      <source id="mixamorig1_RightHand-Matrix-animation-output-transform">
        <float_array id="mixamorig1_RightHand-Matrix-animation-output-transform-array" count="352">

0.967772 0.164982 -0.190261 -0.000000 -0.127152 0.972261 0.196318 23.401699 0.217372 -0.165799 0.961904 0.000000 0.000000 0.000000 0.000000 1.000000
0.955023 0.285691 -0.079446 0.000000 -0.249063 0.918218 0.307967 23.401699 0.160932 -0.274328 0.948074 0.000000 0.000000 0.000000 0.000000 1.000000
0.929412 0.366824 -0.040407 0.000000 -0.339659 0.893082 0.295020 23.401699 0.144307 -0.260470 0.954636 0.000000 0.000000 0.000000 0.000000 1.000000
0.956047 0.292096 -0.025578 0.000000 -0.267483 0.904558 0.332006 23.401699 0.120115 -0.310571 0.942931 0.000000 0.000000 0.000000 0.000000 1.000000
0.965262 0.256755 -0.048432 0.000000 -0.221854 0.903311 0.367164 23.401699 0.138020 -0.343665 0.928895 0.000000 0.000000 0.000000 0.000000 1.000000
0.974602 0.204773 -0.090661 0.000000 -0.160212 0.920408 0.356625 23.401699 0.156472 -0.333043 0.929838 0.000000 0.000000 0.000000 0.000000 1.000000
0.984897 0.155055 -0.077042 0.000000 -0.102574 0.881014 0.461837 23.401699 0.139485 -0.446959 0.883613 0.000000 0.000000 0.000000 0.000000 1.000000
0.968775 0.243139 -0.048556 0.000000 -0.212744 0.915735 0.340837 23.401699 0.127335 -0.319864 0.938868 0.000000 0.000000 0.000000 0.000000 1.000000
0.974423 0.191356 -0.117826 0.000000 -0.171629 0.972167 0.159481 23.401699 0.145064 -0.135180 0.980144 0.000000 0.000000 0.000000 0.000000 1.000000
0.956338 0.184143 -0.226956 0.000000 -0.116011 0.951926 0.283512 23.401699 0.268252 -0.244804 0.931725 0.000000 0.000000 0.000000 0.000000 1.000000
0.948740 0.144211 -0.281239 -0.000000 -0.056479 0.952870 0.298075 23.401699 0.310970 -0.266911 0.912171 0.000000 0.000000 0.000000 0.000000 1.000000
0.947370 0.015421 -0.319768 0.000000 -0.012139 0.999851 0.012254 23.401699 0.319910 -0.007728 0.947417 0.000000 0.000000 0.000000 0.000000 1.000000
0.931894 -0.076931 -0.354479 0.000000 0.083738 0.996480 0.003879 23.401699 0.352933 -0.033298 0.935056 0.000000 0.000000 0.000000 0.000000 1.000000
0.924219 -0.091903 -0.370640 -0.000000 0.127763 0.989090 0.073334 23.401699 0.359857 -0.115131 0.925877 0.000000 0.000000 0.000000 0.000000 1.000000
0.917755 -0.088627 -0.387132 0.000000 0.157809 0.975903 0.150695 23.401699 0.364448 -0.199394 0.909626 0.000000 0.000000 0.000000 0.000000 1.000000
0.908031 -0.077601 -0.411654 0.000000 0.169615 0.966643 0.191917 23.401699 0.383029 -0.244089 0.890904 0.000000 0.000000 0.000000 0.000000 1.000000
0.902508 -0.018404 -0.430279 0.000000 0.116327 0.972368 0.202405 23.401699 0.414665 -0.232725 0.879711 0.000000 0.000000 0.000000 0.000000 1.000000
0.907726 0.049026 -0.416688 -0.000000 0.033655 0.981441 0.188788 23.401699 0.418211 -0.185392 0.889230 0.000000 0.000000 0.000000 0.000000 1.000000
0.913588 0.114829 -0.390091 0.000000 -0.039642 0.979882 0.195602 23.401699 0.404704 -0.163236 0.899760 0.000000 0.000000 0.000000 0.000000 1.000000
0.925778 0.147094 -0.348279 -0.000000 -0.070496 0.972215 0.223220 23.401699 0.371437 -0.182100 0.910425 0.000000 0.000000 0.000000 0.000000 1.000000
0.946451 0.158907 -0.281034 0.000000 -0.089570 0.965552 0.244310 23.401699 0.310175 -0.206055 0.928080 -0.000000 0.000000 0.000000 0.000000 1.000000
0.967771 0.164982 -0.190261 0.000000 -0.127152 0.972261 0.196317 23.401699 0.217372 -0.165798 0.961905 0.000000 0.000000 0.000000 0.000000 1.000000</float_array>
        <technique_common>
          <accessor source="#mixamorig1_RightHand-Matrix-animation-output-transform-array" count="22" stride="16">
            <param type="float4x4"/>
          </accessor>
        </technique_common>
      </source>
      <source id="mixamorig1_RightHand-Interpolations">
        <Name_array id="mixamorig1_RightHand-Interpolations-array" count="22">
 LINEAR LINEAR LINEAR LINEAR LINEAR LINEAR LINEAR LINEAR LINEAR LINEAR LINEAR
LINEAR LINEAR LINEAR LINEAR LINEAR LINEAR LINEAR LINEAR LINEAR LINEAR LINEAR</Name_array>
        <technique_common>
          <accessor source="#mixamorig1_RightHand-Interpolations-array" count="22">
            <param type="name"/>
          </accessor>
        </technique_common>
      </source>
      <sampler id="mixamorig1_RightHand-Matrix-animation-transform">
        <input semantic="INPUT" source="#mixamorig1_RightHand-Matrix-animation-input"/>
        <input semantic="OUTPUT" source="#mixamorig1_RightHand-Matrix-animation-output-transform"/>
        <input semantic="INTERPOLATION" source="#mixamorig1_RightHand-Interpolations"/>
      </sampler>
      <channel source="#mixamorig1_RightHand-Matrix-animation-transform" target="mixamorig1_RightHand/matrix"/>
    </animation>
    <animation id="mixamorig1_RightHandThumb1-anim" name="mixamorig1_RightHandThumb1">
      <source id="mixamorig1_RightHandThumb1-Matrix-animation-input">
        <float_array id="mixamorig1_RightHandThumb1-Matrix-animation-input-array" count="22">

0.000000 0.033333 0.066667 0.100000 0.133333 0.166667 0.200000 0.233333 0.266667 0.300000 0.333333 0.366667 0.400000 0.433333 0.466667 0.500000
0.533333 0.566667 0.600000 0.633333 0.666667 0.700000</float_array>
        <technique_common>
          <accessor source="#mixamorig1_RightHandThumb1-Matrix-animation-input-array" count="22">
            <param name="TIME" type="float"/>
          </accessor>
        </technique_common>
      </source>
      <source id="mixamorig1_RightHandThumb1-Matrix-animation-output-transform">
        <float_array id="mixamorig1_RightHandThumb1-Matrix-animation-output-transform-array" count="352">

0.903340 0.313863 -0.292346 2.885100 -0.404063 0.851376 -0.334503 4.054300 0.143908 0.420296 0.895903 1.212000 0.000000 0.000000 0.000000 1.000000
0.903340 0.313863 -0.292346 2.885100 -0.404062 0.851376 -0.334502 4.054300 0.143909 0.420296 0.895903 1.212000 0.000000 0.000000 0.000000 1.000000
0.903340 0.313863 -0.292346 2.885100 -0.404063 0.851376 -0.334503 4.054300 0.143908 0.420296 0.895903 1.212000 0.000000 0.000000 0.000000 1.000000
0.903340 0.313863 -0.292346 2.885100 -0.404063 0.851376 -0.334502 4.054300 0.143909 0.420296 0.895903 1.212000 0.000000 0.000000 0.000000 1.000000
0.903340 0.313863 -0.292346 2.885100 -0.404063 0.851376 -0.334502 4.054300 0.143909 0.420296 0.895903 1.212000 0.000000 0.000000 0.000000 1.000000
0.903340 0.313863 -0.292346 2.885100 -0.404062 0.851376 -0.334502 4.054300 0.143909 0.420296 0.895903 1.212000 0.000000 0.000000 0.000000 1.000000
0.903340 0.313863 -0.292346 2.885100 -0.404063 0.851376 -0.334502 4.054300 0.143909 0.420296 0.895903 1.212000 0.000000 0.000000 0.000000 1.000000
0.903340 0.313863 -0.292346 2.885100 -0.404062 0.851376 -0.334502 4.054300 0.143909 0.420295 0.895903 1.212000 0.000000 0.000000 0.000000 1.000000
0.903340 0.313863 -0.292346 2.885100 -0.404063 0.851376 -0.334502 4.054300 0.143909 0.420295 0.895903 1.212000 0.000000 0.000000 0.000000 1.000000
0.903340 0.313863 -0.292346 2.885100 -0.404062 0.851376 -0.334502 4.054300 0.143909 0.420296 0.895903 1.212000 0.000000 0.000000 0.000000 1.000000
0.903340 0.313863 -0.292346 2.885100 -0.404063 0.851376 -0.334503 4.054300 0.143908 0.420296 0.895903 1.212000 0.000000 0.000000 0.000000 1.000000
0.903340 0.313863 -0.292346 2.885100 -0.404063 0.851376 -0.334503 4.054300 0.143908 0.420296 0.895903 1.212000 0.000000 0.000000 0.000000 1.000000
0.903340 0.313863 -0.292346 2.885100 -0.404062 0.851376 -0.334502 4.054300 0.143909 0.420296 0.895903 1.212000 0.000000 0.000000 0.000000 1.000000
0.903340 0.313863 -0.292346 2.885100 -0.404062 0.851376 -0.334502 4.054300 0.143909 0.420296 0.895903 1.212000 0.000000 0.000000 0.000000 1.000000
0.903340 0.313863 -0.292346 2.885100 -0.404063 0.851376 -0.334503 4.054300 0.143908 0.420296 0.895903 1.212000 0.000000 0.000000 0.000000 1.000000
0.903340 0.313863 -0.292346 2.885100 -0.404063 0.851376 -0.334502 4.054300 0.143908 0.420295 0.895903 1.212000 0.000000 0.000000 0.000000 1.000000
0.903340 0.313863 -0.292346 2.885100 -0.404063 0.851376 -0.334502 4.054300 0.143909 0.420296 0.895903 1.212000 0.000000 0.000000 0.000000 1.000000
0.903340 0.313863 -0.292346 2.885100 -0.404063 0.851376 -0.334502 4.054300 0.143908 0.420296 0.895903 1.212000 0.000000 0.000000 0.000000 1.000000
0.903340 0.313863 -0.292346 2.885100 -0.404062 0.851377 -0.334502 4.054300 0.143909 0.420295 0.895903 1.212000 0.000000 0.000000 0.000000 1.000000
0.903340 0.313863 -0.292346 2.885100 -0.404062 0.851376 -0.334502 4.054300 0.143909 0.420295 0.895903 1.212000 0.000000 0.000000 0.000000 1.000000
0.903340 0.313863 -0.292346 2.885100 -0.404063 0.851376 -0.334502 4.054300 0.143909 0.420295 0.895903 1.212000 0.000000 0.000000 0.000000 1.000000
0.903340 0.313863 -0.292346 2.885100 -0.404063 0.851376 -0.334502 4.054300 0.143908 0.420296 0.895903 1.212000 0.000000 0.000000 0.000000 1.000000</float_array>
        <technique_common>
          <accessor source="#mixamorig1_RightHandThumb1-Matrix-animation-output-transform-array" count="22" stride="16">
            <param type="float4x4"/>
          </accessor>
        </technique_common>
      </source>
      <source id="mixamorig1_RightHandThumb1-Interpolations">
        <Name_array id="mixamorig1_RightHandThumb1-Interpolations-array" count="22">
 LINEAR LINEAR LINEAR LINEAR LINEAR LINEAR LINEAR LINEAR LINEAR LINEAR LINEAR
LINEAR LINEAR LINEAR LINEAR LINEAR LINEAR LINEAR LINEAR LINEAR LINEAR LINEAR</Name_array>
        <technique_common>
          <accessor source="#mixamorig1_RightHandThumb1-Interpolations-array" count="22">
            <param type="name"/>
          </accessor>
        </technique_common>
      </source>
      <sampler id="mixamorig1_RightHandThumb1-Matrix-animation-transform">
        <input semantic="INPUT" source="#mixamorig1_RightHandThumb1-Matrix-animation-input"/>
        <input semantic="OUTPUT" source="#mixamorig1_RightHandThumb1-Matrix-animation-output-transform"/>
        <input semantic="INTERPOLATION" source="#mixamorig1_RightHandThumb1-Interpolations"/>
      </sampler>
      <channel source="#mixamorig1_RightHandThumb1-Matrix-animation-transform" target="mixamorig1_RightHandThumb1/matrix"/>
    </animation>
    <animation id="mixamorig1_RightHandThumb2-anim" name="mixamorig1_RightHandThumb2">
      <source id="mixamorig1_RightHandThumb2-Matrix-animation-input">
        <float_array id="mixamorig1_RightHandThumb2-Matrix-animation-input-array" count="22">

0.000000 0.033333 0.066667 0.100000 0.133333 0.166667 0.200000 0.233333 0.266667 0.300000 0.333333 0.366667 0.400000 0.433333 0.466667 0.500000
0.533333 0.566667 0.600000 0.633333 0.666667 0.700000</float_array>
        <technique_common>
          <accessor source="#mixamorig1_RightHandThumb2-Matrix-animation-input-array" count="22">
            <param name="TIME" type="float"/>
          </accessor>
        </technique_common>
      </source>
      <source id="mixamorig1_RightHandThumb2-Matrix-animation-output-transform">
        <float_array id="mixamorig1_RightHandThumb2-Matrix-animation-output-transform-array" count="352">

0.989373 -0.108047 -0.097300 0.428400 0.127158 0.967487 0.218629 4.074800 0.070515 -0.228678 0.970945 0.000000 0.000000 0.000000 0.000000 1.000000
0.989864 -0.136675 -0.038603 0.428400 0.141207 0.976208 0.164554 4.074800 0.015194 -0.168337 0.985612 0.000000 0.000000 0.000000 0.000000 1.000000
0.986091 -0.163096 0.032015 0.428400 0.159516 0.982771 0.093359 4.074800 -0.046690 -0.086953 0.995118 0.000000 0.000000 0.000000 0.000000 1.000000
0.980006 -0.177288 0.090311 0.428400 0.175216 0.984059 0.030442 4.074800 -0.094268 -0.014010 0.995448 0.000000 0.000000 0.000000 0.000000 1.000000
0.978007 -0.179544 0.106141 0.428400 0.178967 0.983740 0.015016 4.074800 -0.107112 0.004310 0.994238 0.000000 0.000000 0.000000 0.000000 1.000000
0.977034 -0.180227 0.113676 0.428400 0.180346 0.983559 0.009316 4.074800 -0.113486 0.011399 0.993474 0.000000 0.000000 0.000000 0.000000 1.000000
0.977274 -0.179610 0.112586 0.428400 0.179188 0.983716 0.013939 4.074800 -0.113256 0.006552 0.993544 0.000000 0.000000 0.000000 0.000000 1.000000
0.983542 -0.168792 0.064459 0.428400 0.164033 0.983740 0.073136 4.074800 -0.075756 -0.061359 0.995237 0.000000 0.000000 0.000000 0.000000 1.000000
0.987071 -0.157390 0.030310 0.428400 0.153021 0.981623 0.114018 4.074800 -0.047698 -0.107906 0.993016 0.000000 0.000000 0.000000 0.000000 1.000000
0.988498 -0.150555 0.014302 0.428400 0.147310 0.979940 0.134230 4.074800 -0.034224 -0.130580 0.990847 0.000000 0.000000 0.000000 0.000000 1.000000
0.986533 -0.160805 0.029896 0.428400 0.157151 0.982572 0.099273 4.074800 -0.045338 -0.093238 0.994611 0.000000 0.000000 0.000000 0.000000 1.000000
0.983050 -0.177868 0.044456 0.428400 0.176718 0.983846 0.028606 4.074800 -0.048826 -0.020265 0.998602 0.000000 0.000000 0.000000 0.000000 1.000000
0.981114 -0.186296 0.052041 0.428400 0.187428 0.982118 -0.017750 4.074800 -0.047803 0.027169 0.998487 0.000000 0.000000 0.000000 0.000000 1.000000
0.968429 -0.227777 0.101303 0.428400 0.233176 0.971395 -0.044948 4.074800 -0.088167 0.067150 0.993840 0.000000 0.000000 0.000000 0.000000 1.000000
0.952521 -0.265394 0.149229 0.428400 0.276617 0.959111 -0.059915 4.074800 -0.127226 0.098350 0.986986 -0.000000 0.000000 0.000000 0.000000 1.000000
0.952274 -0.270942 0.140590 0.428400 0.281187 0.957860 -0.058634 4.074800 -0.118779 0.095368 0.988330 0.000000 0.000000 0.000000 0.000000 1.000000
0.976680 -0.198023 0.082964 0.428400 0.203351 0.977170 -0.061545 4.074800 -0.068882 0.076981 0.994650 0.000000 0.000000 0.000000 0.000000 1.000000
0.980705 -0.185049 0.063039 0.428400 0.186154 0.982446 -0.012089 4.074800 -0.059695 0.023590 0.997938 0.000000 0.000000 0.000000 0.000000 1.000000
0.986100 -0.164501 0.023358 0.428400 0.161913 0.982954 0.087096 4.074800 -0.037287 -0.082104 0.995926 0.000000 0.000000 0.000000 0.000000 1.000000
0.985928 -0.082141 -0.145601 0.428400 0.117848 0.959241 0.256843 4.074800 0.118569 -0.270387 0.955423 0.000000 0.000000 0.000000 0.000000 1.000000
0.984137 -0.068829 -0.163515 0.428400 0.112490 0.954804 0.275129 4.074800 0.137188 -0.289158 0.947400 0.000000 0.000000 0.000000 0.000000 1.000000
0.989373 -0.108047 -0.097300 0.428400 0.127158 0.967488 0.218629 4.074800 0.070515 -0.228678 0.970945 0.000000 0.000000 0.000000 0.000000 1.000000</float_array>
        <technique_common>
          <accessor source="#mixamorig1_RightHandThumb2-Matrix-animation-output-transform-array" count="22" stride="16">
            <param type="float4x4"/>
          </accessor>
        </technique_common>
      </source>
      <source id="mixamorig1_RightHandThumb2-Interpolations">
        <Name_array id="mixamorig1_RightHandThumb2-Interpolations-array" count="22">
 LINEAR LINEAR LINEAR LINEAR LINEAR LINEAR LINEAR LINEAR LINEAR LINEAR LINEAR
LINEAR LINEAR LINEAR LINEAR LINEAR LINEAR LINEAR LINEAR LINEAR LINEAR LINEAR</Name_array>
        <technique_common>
          <accessor source="#mixamorig1_RightHandThumb2-Interpolations-array" count="22">
            <param type="name"/>
          </accessor>
        </technique_common>
      </source>
      <sampler id="mixamorig1_RightHandThumb2-Matrix-animation-transform">
        <input semantic="INPUT" source="#mixamorig1_RightHandThumb2-Matrix-animation-input"/>
        <input semantic="OUTPUT" source="#mixamorig1_RightHandThumb2-Matrix-animation-output-transform"/>
        <input semantic="INTERPOLATION" source="#mixamorig1_RightHandThumb2-Interpolations"/>
      </sampler>
      <channel source="#mixamorig1_RightHandThumb2-Matrix-animation-transform" target="mixamorig1_RightHandThumb2/matrix"/>
    </animation>
    <animation id="mixamorig1_RightHandThumb3-anim" name="mixamorig1_RightHandThumb3">
      <source id="mixamorig1_RightHandThumb3-Matrix-animation-input">
        <float_array id="mixamorig1_RightHandThumb3-Matrix-animation-input-array" count="22">

0.000000 0.033333 0.066667 0.100000 0.133333 0.166667 0.200000 0.233333 0.266667 0.300000 0.333333 0.366667 0.400000 0.433333 0.466667 0.500000
0.533333 0.566667 0.600000 0.633333 0.666667 0.700000</float_array>
        <technique_common>
          <accessor source="#mixamorig1_RightHandThumb3-Matrix-animation-input-array" count="22">
            <param name="TIME" type="float"/>
          </accessor>
        </technique_common>
      </source>
      <source id="mixamorig1_RightHandThumb3-Matrix-animation-output-transform">
        <float_array id="mixamorig1_RightHandThumb3-Matrix-animation-output-transform-array" count="352">

0.896810 0.440296 -0.043255 0.036500 -0.401759 0.851435 0.337119 3.530400 0.185260 -0.284954 0.940468 0.000000 0.000000 0.000000 0.000000 1.000000
0.899289 0.436824 -0.021549 0.036500 -0.412470 0.863472 0.290317 3.530400 0.145424 -0.252190 0.956688 0.000000 0.000000 0.000000 0.000000 1.000000
0.899937 0.435952 -0.007655 0.036500 -0.419185 0.869890 0.259954 3.530400 0.119986 -0.230733 0.965591 0.000000 0.000000 0.000000 0.000000 1.000000
0.900201 0.435463 -0.003345 0.036500 -0.420829 0.871873 0.250480 3.530400 0.111991 -0.224074 0.968116 0.000000 0.000000 0.000000 0.000000 1.000000
0.900080 0.435694 0.005133 0.036500 -0.424896 0.875041 0.231876 3.530400 0.096536 -0.210887 0.972732 0.000000 0.000000 0.000000 0.000000 1.000000
0.900048 0.435558 0.014206 0.036500 -0.428407 0.878354 0.212041 3.530400 0.079878 -0.196934 0.977157 0.000000 0.000000 0.000000 0.000000 1.000000
0.899732 0.436108 0.017104 0.036500 -0.430015 0.879096 0.205615 3.530400 0.074634 -0.192353 0.978484 0.000000 0.000000 0.000000 0.000000 1.000000
0.898980 0.437426 0.022220 0.036500 -0.433077 0.880174 0.194265 3.530400 0.065419 -0.184264 0.980697 0.000000 0.000000 0.000000 0.000000 1.000000
0.898538 0.438201 0.024697 0.036500 -0.434639 0.880595 0.188791 3.530400 0.060980 -0.180370 0.981707 -0.000000 0.000000 0.000000 0.000000 1.000000
0.898500 0.438018 0.028950 0.036500 -0.435747 0.881970 0.179591 3.530400 0.053131 -0.173977 0.983315 0.000000 0.000000 0.000000 0.000000 1.000000
0.899828 0.434757 0.036004 0.036500 -0.434433 0.885517 0.164707 3.530400 0.039725 -0.163849 0.985685 0.000000 0.000000 0.000000 0.000000 1.000000
0.901039 0.432182 0.036692 0.036500 -0.432052 0.886869 0.163690 3.530400 0.038203 -0.163344 0.985829 -0.000000 0.000000 0.000000 0.000000 1.000000
0.900896 0.432479 0.036732 0.036500 -0.432347 0.886712 0.163761 3.530400 0.038253 -0.163412 0.985816 0.000000 0.000000 0.000000 0.000000 1.000000
0.902910 0.428142 0.038067 0.036500 -0.428353 0.888931 0.162219 3.530400 0.035614 -0.162776 0.986020 0.000000 0.000000 0.000000 0.000000 1.000000
0.905020 0.423535 0.039465 0.036500 -0.424099 0.891262 0.160599 3.530400 0.032845 -0.162083 0.986230 -0.000000 0.000000 0.000000 0.000000 1.000000
0.905602 0.422258 0.039785 0.036500 -0.422910 0.891913 0.160119 3.530400 0.032127 -0.161830 0.986296 0.000000 0.000000 0.000000 0.000000 1.000000
0.904800 0.424021 0.039288 0.036500 -0.424544 0.891019 0.160772 3.530400 0.033164 -0.162146 0.986209 0.000000 0.000000 0.000000 0.000000 1.000000
0.903231 0.427441 0.038305 0.036500 -0.427708 0.889277 0.162025 3.530400 0.035192 -0.162729 0.986043 0.000000 0.000000 0.000000 0.000000 1.000000
0.901811 0.430629 0.035983 0.036500 -0.430309 0.887256 0.166165 3.530400 0.039629 -0.165333 0.985441 0.000000 0.000000 0.000000 0.000000 1.000000
0.897460 0.440247 -0.027348 0.036500 -0.412377 0.859422 0.302223 3.530400 0.156556 -0.259955 0.952845 0.000000 0.000000 0.000000 0.000000 1.000000
0.868471 0.492695 -0.054866 0.036500 -0.446511 0.825506 0.345207 3.530400 0.215374 -0.275304 0.936921 0.000000 0.000000 0.000000 0.000000 1.000000
0.896810 0.440296 -0.043255 0.036500 -0.401758 0.851435 0.337119 3.530400 0.185260 -0.284953 0.940468 0.000000 0.000000 0.000000 0.000000 1.000000</float_array>
        <technique_common>
          <accessor source="#mixamorig1_RightHandThumb3-Matrix-animation-output-transform-array" count="22" stride="16">
            <param type="float4x4"/>
          </accessor>
        </technique_common>
      </source>
      <source id="mixamorig1_RightHandThumb3-Interpolations">
        <Name_array id="mixamorig1_RightHandThumb3-Interpolations-array" count="22">
 LINEAR LINEAR LINEAR LINEAR LINEAR LINEAR LINEAR LINEAR LINEAR LINEAR LINEAR
LINEAR LINEAR LINEAR LINEAR LINEAR LINEAR LINEAR LINEAR LINEAR LINEAR LINEAR</Name_array>
        <technique_common>
          <accessor source="#mixamorig1_RightHandThumb3-Interpolations-array" count="22">
            <param type="name"/>
          </accessor>
        </technique_common>
      </source>
      <sampler id="mixamorig1_RightHandThumb3-Matrix-animation-transform">
        <input semantic="INPUT" source="#mixamorig1_RightHandThumb3-Matrix-animation-input"/>
        <input semantic="OUTPUT" source="#mixamorig1_RightHandThumb3-Matrix-animation-output-transform"/>
        <input semantic="INTERPOLATION" source="#mixamorig1_RightHandThumb3-Interpolations"/>
      </sampler>
      <channel source="#mixamorig1_RightHandThumb3-Matrix-animation-transform" target="mixamorig1_RightHandThumb3/matrix"/>
    </animation>
    <animation id="mixamorig1_RightHandIndex1-anim" name="mixamorig1_RightHandIndex1">
      <source id="mixamorig1_RightHandIndex1-Matrix-animation-input">
        <float_array id="mixamorig1_RightHandIndex1-Matrix-animation-input-array" count="22">

0.000000 0.033333 0.066667 0.100000 0.133333 0.166667 0.200000 0.233333 0.266667 0.300000 0.333333 0.366667 0.400000 0.433333 0.466667 0.500000
0.533333 0.566667 0.600000 0.633333 0.666667 0.700000</float_array>
        <technique_common>
          <accessor source="#mixamorig1_RightHandIndex1-Matrix-animation-input-array" count="22">
            <param name="TIME" type="float"/>
          </accessor>
        </technique_common>
      </source>
      <source id="mixamorig1_RightHandIndex1-Matrix-animation-output-transform">
        <float_array id="mixamorig1_RightHandIndex1-Matrix-animation-output-transform-array" count="352">

0.998380 0.054821 0.015249 3.614500 -0.002172 0.304503 -0.952509 12.346600 -0.056860 0.950932 0.304129 -0.007800 0.000000 0.000000 0.000000 1.000000
0.998685 0.047178 0.020063 3.614500 0.006281 0.275797 -0.961195 12.346600 -0.050880 0.960057 0.275138 -0.007800 0.000000 0.000000 0.000000 1.000000
0.998854 0.044013 0.018788 3.614500 0.004032 0.313797 -0.949482 12.346600 -0.047685 0.948470 0.313260 -0.007800 0.000000 0.000000 0.000000 1.000000
0.998831 0.045778 0.015538 3.614500 -0.001742 0.355278 -0.934759 12.346600 -0.048312 0.933639 0.354943 -0.007800 0.000000 0.000000 0.000000 1.000000
0.998933 0.042924 0.017017 3.614500 0.000979 0.348772 -0.937207 12.346600 -0.046164 0.936224 0.348358 -0.007800 0.000000 0.000000 0.000000 1.000000
0.999012 0.040844 0.017508 3.614500 0.001932 0.353692 -0.935360 12.346600 -0.044396 0.934470 0.353264 -0.007800 0.000000 0.000000 0.000000 1.000000
0.998921 0.044066 0.014670 3.614500 -0.003219 0.380803 -0.924651 12.346600 -0.046332 0.923606 0.380534 -0.007800 0.000000 0.000000 0.000000 1.000000
0.998847 0.046337 0.012578 3.614500 -0.007133 0.402250 -0.915502 12.346600 -0.047481 0.914357 0.402116 -0.007800 0.000000 0.000000 0.000000 1.000000
0.998951 0.043445 0.014500 3.614500 -0.003333 0.384705 -0.923034 12.346600 -0.045679 0.922017 0.384446 -0.007800 0.000000 0.000000 0.000000 1.000000
0.999089 0.038819 0.017753 3.614500 0.002818 0.355009 -0.934859 12.346600 -0.042593 0.934057 0.354576 -0.007800 0.000000 0.000000 0.000000 1.000000
0.999194 0.035001 0.019674 3.614500 0.006521 0.342038 -0.939664 12.346600 -0.039619 0.939034 0.341534 -0.007800 0.000000 0.000000 0.000000 1.000000
0.999247 0.031395 0.022785 3.614500 0.011923 0.310390 -0.950535 12.346600 -0.036915 0.950091 0.309782 -0.007800 0.000000 0.000000 0.000000 1.000000
0.999258 0.025396 0.028941 3.614500 0.021618 0.251959 -0.967496 12.346600 -0.031863 0.967405 0.251223 -0.007800 0.000000 0.000000 0.000000 1.000000
0.999302 0.013435 0.034852 3.614500 0.030723 0.235013 -0.971507 12.346600 -0.021242 0.971899 0.234436 -0.007800 0.000000 0.000000 0.000000 1.000000
0.999250 0.003426 0.038562 3.614500 0.036623 0.239242 -0.970269 12.346600 -0.012550 0.970954 0.238937 -0.007800 0.000000 0.000000 0.000000 1.000000
0.999451 0.009827 0.031638 3.614500 0.027088 0.307421 -0.951188 12.346600 -0.019073 0.951523 0.306986 -0.007800 0.000000 0.000000 0.000000 1.000000
0.999426 0.017311 0.029111 3.614500 0.022504 0.302936 -0.952745 12.346600 -0.025312 0.952854 0.302373 -0.007800 0.000000 0.000000 0.000000 1.000000
0.999378 0.018321 0.030136 3.614500 0.023766 0.281504 -0.959266 12.346600 -0.026058 0.959385 0.280894 -0.007800 0.000000 0.000000 0.000000 1.000000
0.999375 0.017731 0.030586 3.614500 0.024438 0.278689 -0.960070 12.346600 -0.025547 0.960218 0.278082 -0.007800 0.000000 0.000000 0.000000 1.000000
0.998984 0.041499 0.017580 3.614500 0.002249 0.343685 -0.939082 12.346600 -0.045013 0.938168 0.343242 -0.007800 0.000000 0.000000 0.000000 1.000000
0.998364 0.055950 0.011827 3.614500 -0.008608 0.351496 -0.936150 12.346600 -0.056535 0.934516 0.351402 -0.007800 0.000000 0.000000 0.000000 1.000000
0.998380 0.054821 0.015249 3.614500 -0.002172 0.304504 -0.952509 12.346600 -0.056861 0.950932 0.304129 -0.007800 0.000000 0.000000 0.000000 1.000000</float_array>
        <technique_common>
          <accessor source="#mixamorig1_RightHandIndex1-Matrix-animation-output-transform-array" count="22" stride="16">
            <param type="float4x4"/>
          </accessor>
        </technique_common>
      </source>
      <source id="mixamorig1_RightHandIndex1-Interpolations">
        <Name_array id="mixamorig1_RightHandIndex1-Interpolations-array" count="22">
 LINEAR LINEAR LINEAR LINEAR LINEAR LINEAR LINEAR LINEAR LINEAR LINEAR LINEAR
LINEAR LINEAR LINEAR LINEAR LINEAR LINEAR LINEAR LINEAR LINEAR LINEAR LINEAR</Name_array>
        <technique_common>
          <accessor source="#mixamorig1_RightHandIndex1-Interpolations-array" count="22">
            <param type="name"/>
          </accessor>
        </technique_common>
      </source>
      <sampler id="mixamorig1_RightHandIndex1-Matrix-animation-transform">
        <input semantic="INPUT" source="#mixamorig1_RightHandIndex1-Matrix-animation-input"/>
        <input semantic="OUTPUT" source="#mixamorig1_RightHandIndex1-Matrix-animation-output-transform"/>
        <input semantic="INTERPOLATION" source="#mixamorig1_RightHandIndex1-Interpolations"/>
      </sampler>
      <channel source="#mixamorig1_RightHandIndex1-Matrix-animation-transform" target="mixamorig1_RightHandIndex1/matrix"/>
    </animation>
    <animation id="mixamorig1_RightHandIndex2-anim" name="mixamorig1_RightHandIndex2">
      <source id="mixamorig1_RightHandIndex2-Matrix-animation-input">
        <float_array id="mixamorig1_RightHandIndex2-Matrix-animation-input-array" count="22">

0.000000 0.033333 0.066667 0.100000 0.133333 0.166667 0.200000 0.233333 0.266667 0.300000 0.333333 0.366667 0.400000 0.433333 0.466667 0.500000
0.533333 0.566667 0.600000 0.633333 0.666667 0.700000</float_array>
        <technique_common>
          <accessor source="#mixamorig1_RightHandIndex2-Matrix-animation-input-array" count="22">
            <param name="TIME" type="float"/>
          </accessor>
        </technique_common>
      </source>
      <source id="mixamorig1_RightHandIndex2-Matrix-animation-output-transform">
        <float_array id="mixamorig1_RightHandIndex2-Matrix-animation-output-transform-array" count="352">

0.991989 -0.099754 0.077508 -0.011900 0.100802 0.255258 -0.961604 3.117400 0.076139 0.961713 0.263268 0.000000 0.000000 0.000000 0.000000 1.000000
0.992028 -0.099665 0.077116 -0.011900 0.100708 0.259168 -0.960567 3.117400 0.075749 0.960676 0.267139 0.000000 0.000000 0.000000 0.000000 1.000000
0.992235 -0.099172 0.075066 -0.011900 0.100185 0.279593 -0.954877 3.117400 0.073709 0.954983 0.287358 0.000000 0.000000 0.000000 0.000000 1.000000
0.992405 -0.098730 0.073376 -0.011900 0.099718 0.296423 -0.949837 3.117400 0.072027 0.949940 0.304017 -0.000000 0.000000 0.000000 0.000000 1.000000
0.992425 -0.098676 0.073179 -0.011900 0.099662 0.298383 -0.949229 3.117400 0.071831 0.949332 0.305957 0.000000 0.000000 0.000000 0.000000 1.000000
0.992443 -0.098627 0.072998 -0.011900 0.099610 0.300181 -0.948667 3.117400 0.071651 0.948770 0.307737 0.000000 0.000000 0.000000 0.000000 1.000000
0.992541 -0.098355 0.072027 -0.011900 0.099323 0.309843 -0.945586 3.117400 0.070686 0.945687 0.317301 0.000000 0.000000 0.000000 0.000000 1.000000
0.992547 -0.098338 0.071968 -0.011900 0.099305 0.310435 -0.945393 3.117400 0.070626 0.945495 0.317887 0.000000 0.000000 0.000000 0.000000 1.000000
0.992528 -0.098392 0.072159 -0.011900 0.099363 0.308532 -0.946010 3.117400 0.070817 0.946112 0.316003 0.000000 0.000000 0.000000 0.000000 1.000000
0.992529 -0.098391 0.072154 -0.011900 0.099361 0.308580 -0.945994 3.117400 0.070812 0.946096 0.316051 0.000000 0.000000 0.000000 0.000000 1.000000
0.992638 -0.098075 0.071070 -0.011900 0.099030 0.319365 -0.942443 3.117400 0.069733 0.942543 0.326726 0.000000 0.000000 0.000000 0.000000 1.000000
0.992716 -0.097844 0.070301 -0.011900 0.098787 0.327006 -0.939845 3.117400 0.068969 0.939943 0.334290 0.000000 0.000000 0.000000 0.000000 1.000000
0.992721 -0.097829 0.070252 -0.011900 0.098772 0.327487 -0.939679 3.117400 0.068921 0.939778 0.334766 0.000000 0.000000 0.000000 0.000000 1.000000
0.992789 -0.097618 0.069569 -0.011900 0.098548 0.334258 -0.937315 3.117400 0.068245 0.937413 0.341468 0.000000 0.000000 0.000000 0.000000 1.000000
0.992864 -0.097381 0.068829 -0.011900 0.098303 0.341632 -0.934679 3.117400 0.067506 0.934775 0.348767 0.000000 0.000000 0.000000 0.000000 1.000000
0.992907 -0.097244 0.068406 -0.011900 0.098159 0.345832 -0.933148 3.117400 0.067086 0.933244 0.352924 0.000000 0.000000 0.000000 0.000000 1.000000
0.992715 -0.097845 0.070304 -0.011900 0.098788 0.326981 -0.939853 3.117400 0.068972 0.939952 0.334265 0.000000 0.000000 0.000000 0.000000 1.000000
0.992445 -0.098622 0.072981 -0.011900 0.099605 0.300356 -0.948612 3.117400 0.071634 0.948715 0.307910 0.000000 0.000000 0.000000 0.000000 1.000000
0.992220 -0.099208 0.075213 -0.011900 0.100224 0.278127 -0.955301 3.117400 0.073855 0.955407 0.285906 0.000000 0.000000 0.000000 0.000000 1.000000
0.991978 -0.099778 0.077614 -0.011900 0.100828 0.254200 -0.961882 3.117400 0.076245 0.961991 0.262221 0.000000 0.000000 0.000000 0.000000 1.000000
0.991990 -0.099752 0.077498 -0.011900 0.100800 0.255361 -0.961577 3.117400 0.076129 0.961686 0.263370 0.000000 0.000000 0.000000 0.000000 1.000000
0.991989 -0.099754 0.077508 -0.011900 0.100803 0.255258 -0.961604 3.117400 0.076139 0.961713 0.263268 0.000000 0.000000 0.000000 0.000000 1.000000</float_array>
        <technique_common>
          <accessor source="#mixamorig1_RightHandIndex2-Matrix-animation-output-transform-array" count="22" stride="16">
            <param type="float4x4"/>
          </accessor>
        </technique_common>
      </source>
      <source id="mixamorig1_RightHandIndex2-Interpolations">
        <Name_array id="mixamorig1_RightHandIndex2-Interpolations-array" count="22">
 LINEAR LINEAR LINEAR LINEAR LINEAR LINEAR LINEAR LINEAR LINEAR LINEAR LINEAR
LINEAR LINEAR LINEAR LINEAR LINEAR LINEAR LINEAR LINEAR LINEAR LINEAR LINEAR</Name_array>
        <technique_common>
          <accessor source="#mixamorig1_RightHandIndex2-Interpolations-array" count="22">
            <param type="name"/>
          </accessor>
        </technique_common>
      </source>
      <sampler id="mixamorig1_RightHandIndex2-Matrix-animation-transform">
        <input semantic="INPUT" source="#mixamorig1_RightHandIndex2-Matrix-animation-input"/>
        <input semantic="OUTPUT" source="#mixamorig1_RightHandIndex2-Matrix-animation-output-transform"/>
        <input semantic="INTERPOLATION" source="#mixamorig1_RightHandIndex2-Interpolations"/>
      </sampler>
      <channel source="#mixamorig1_RightHandIndex2-Matrix-animation-transform" target="mixamorig1_RightHandIndex2/matrix"/>
    </animation>
    <animation id="mixamorig1_RightHandIndex3-anim" name="mixamorig1_RightHandIndex3">
      <source id="mixamorig1_RightHandIndex3-Matrix-animation-input">
        <float_array id="mixamorig1_RightHandIndex3-Matrix-animation-input-array" count="22">

0.000000 0.033333 0.066667 0.100000 0.133333 0.166667 0.200000 0.233333 0.266667 0.300000 0.333333 0.366667 0.400000 0.433333 0.466667 0.500000
0.533333 0.566667 0.600000 0.633333 0.666667 0.700000</float_array>
        <technique_common>
          <accessor source="#mixamorig1_RightHandIndex3-Matrix-animation-input-array" count="22">
            <param name="TIME" type="float"/>
          </accessor>
        </technique_common>
      </source>
      <source id="mixamorig1_RightHandIndex3-Matrix-animation-output-transform">
        <float_array id="mixamorig1_RightHandIndex3-Matrix-animation-output-transform-array" count="352">

0.995616 -0.083584 0.041979 0.006600 0.081650 0.557741 -0.825989 2.856100 0.045626 0.825796 0.562121 -0.000000 0.000000 0.000000 0.000000 1.000000
0.995649 -0.083350 0.041652 0.006600 0.081432 0.561096 -0.823736 2.856100 0.045288 0.823544 0.565442 0.000000 0.000000 0.000000 0.000000 1.000000
0.995823 -0.082105 0.039950 0.006600 0.080262 0.578525 -0.811706 2.856100 0.043533 0.811522 0.582698 -0.000000 0.000000 0.000000 0.000000 1.000000
0.995964 -0.081045 0.038559 0.006600 0.079265 0.592770 -0.801462 2.856100 0.042098 0.801284 0.596801 -0.000000 0.000000 0.000000 0.000000 1.000000
0.995981 -0.080920 0.038398 0.006600 0.079147 0.594422 -0.800249 2.856100 0.041932 0.800071 0.598438 0.000000 0.000000 0.000000 0.000000 1.000000
0.995996 -0.080805 0.038250 0.006600 0.079038 0.595936 -0.799133 2.856100 0.041779 0.798956 0.599937 -0.000000 0.000000 0.000000 0.000000 1.000000
0.996076 -0.080179 0.037459 0.006600 0.078448 0.604052 -0.793074 2.856100 0.040961 0.792901 0.607972 -0.000000 0.000000 0.000000 0.000000 1.000000
0.996081 -0.080141 0.037411 0.006600 0.078411 0.604549 -0.792700 2.856100 0.040911 0.792527 0.608463 0.000000 0.000000 0.000000 0.000000 1.000000
0.996065 -0.080265 0.037566 0.006600 0.078529 0.602953 -0.793902 2.856100 0.041072 0.793729 0.606884 0.000000 0.000000 0.000000 0.000000 1.000000
0.996066 -0.080262 0.037562 0.006600 0.078525 0.602994 -0.793871 2.856100 0.041068 0.793698 0.606924 0.000000 0.000000 0.000000 0.000000 1.000000
0.996155 -0.079553 0.036683 0.006600 0.077856 0.612016 -0.787004 2.856100 0.040158 0.786834 0.615857 -0.000000 0.000000 0.000000 0.000000 1.000000
0.996219 -0.079043 0.036062 0.006600 0.077374 0.618382 -0.782059 2.856100 0.039516 0.781893 0.622160 -0.000000 0.000000 0.000000 0.000000 1.000000
0.996223 -0.079010 0.036023 0.006600 0.077343 0.618782 -0.781746 2.856100 0.039475 0.781579 0.622556 0.000000 0.000000 0.000000 0.000000 1.000000
0.996279 -0.078553 0.035473 0.006600 0.076908 0.624402 -0.777307 2.856100 0.038910 0.777143 0.628120 0.000000 0.000000 0.000000 0.000000 1.000000
0.996339 -0.078048 0.034881 0.006600 0.076432 0.630503 -0.772414 2.856100 0.038293 0.772253 0.634161 0.000000 0.000000 0.000000 0.000000 1.000000
0.996374 -0.077758 0.034544 0.006600 0.076158 0.633968 -0.769600 2.856100 0.037943 0.769440 0.637591 -0.000000 0.000000 0.000000 0.000000 1.000000
0.996219 -0.079044 0.036064 0.006600 0.077375 0.618361 -0.782076 2.856100 0.039518 0.781909 0.622139 0.000000 0.000000 0.000000 0.000000 1.000000
0.995997 -0.080794 0.038236 0.006600 0.079027 0.596083 -0.799024 2.856100 0.041764 0.798847 0.600082 -0.000000 0.000000 0.000000 0.000000 1.000000
0.995810 -0.082196 0.040071 0.006600 0.080348 0.577278 -0.812585 2.856100 0.043659 0.812400 0.581464 -0.000000 0.000000 0.000000 0.000000 1.000000
0.995607 -0.083646 0.042068 0.006600 0.081709 0.556833 -0.826596 2.856100 0.045717 0.826402 0.561222 0.000000 0.000000 0.000000 0.000000 1.000000
0.995617 -0.083578 0.041971 0.006600 0.081645 0.557830 -0.825930 2.856100 0.045617 0.825736 0.562209 0.000000 0.000000 0.000000 0.000000 1.000000
0.995616 -0.083584 0.041979 0.006600 0.081650 0.557741 -0.825989 2.856100 0.045626 0.825796 0.562121 0.000000 0.000000 0.000000 0.000000 1.000000</float_array>
        <technique_common>
          <accessor source="#mixamorig1_RightHandIndex3-Matrix-animation-output-transform-array" count="22" stride="16">
            <param type="float4x4"/>
          </accessor>
        </technique_common>
      </source>
      <source id="mixamorig1_RightHandIndex3-Interpolations">
        <Name_array id="mixamorig1_RightHandIndex3-Interpolations-array" count="22">
 LINEAR LINEAR LINEAR LINEAR LINEAR LINEAR LINEAR LINEAR LINEAR LINEAR LINEAR
LINEAR LINEAR LINEAR LINEAR LINEAR LINEAR LINEAR LINEAR LINEAR LINEAR LINEAR</Name_array>
        <technique_common>
          <accessor source="#mixamorig1_RightHandIndex3-Interpolations-array" count="22">
            <param type="name"/>
          </accessor>
        </technique_common>
      </source>
      <sampler id="mixamorig1_RightHandIndex3-Matrix-animation-transform">
        <input semantic="INPUT" source="#mixamorig1_RightHandIndex3-Matrix-animation-input"/>
        <input semantic="OUTPUT" source="#mixamorig1_RightHandIndex3-Matrix-animation-output-transform"/>
        <input semantic="INTERPOLATION" source="#mixamorig1_RightHandIndex3-Interpolations"/>
      </sampler>
      <channel source="#mixamorig1_RightHandIndex3-Matrix-animation-transform" target="mixamorig1_RightHandIndex3/matrix"/>
    </animation>
    <animation id="mixamorig1_RightHandMiddle1-anim" name="mixamorig1_RightHandMiddle1">
      <source id="mixamorig1_RightHandMiddle1-Matrix-animation-input">
        <float_array id="mixamorig1_RightHandMiddle1-Matrix-animation-input-array" count="22">

0.000000 0.033333 0.066667 0.100000 0.133333 0.166667 0.200000 0.233333 0.266667 0.300000 0.333333 0.366667 0.400000 0.433333 0.466667 0.500000
0.533333 0.566667 0.600000 0.633333 0.666667 0.700000</float_array>
        <technique_common>
          <accessor source="#mixamorig1_RightHandMiddle1-Matrix-animation-input-array" count="22">
            <param name="TIME" type="float"/>
          </accessor>
        </technique_common>
      </source>
      <source id="mixamorig1_RightHandMiddle1-Matrix-animation-output-transform">
        <float_array id="mixamorig1_RightHandMiddle1-Matrix-animation-output-transform-array" count="352">

0.998521 0.036862 0.039970 0.922400 0.028066 0.280181 -0.959537 12.176400 -0.046569 0.959239 0.278732 -0.222200 0.000000 0.000000 0.000000 1.000000
0.998887 0.023940 0.040634 0.922400 0.032532 0.274046 -0.961166 12.176400 -0.034146 0.961419 0.272962 -0.222200 0.000000 0.000000 0.000000 1.000000
0.998861 0.028365 0.038360 0.922400 0.028141 0.298982 -0.953844 12.176400 -0.038525 0.953837 0.297843 -0.222200 0.000000 0.000000 0.000000 1.000000
0.998923 0.030078 0.035336 0.922400 0.023320 0.332948 -0.942657 12.176400 -0.040118 0.942465 0.331888 -0.222200 0.000000 0.000000 0.000000 1.000000
0.999117 0.024294 0.034286 0.922400 0.023793 0.345487 -0.938122 12.176400 -0.034636 0.938109 0.344604 -0.222200 0.000000 0.000000 0.000000 1.000000
0.999298 0.018469 0.032606 0.922400 0.023611 0.365353 -0.930570 12.176400 -0.029099 0.930686 0.364660 -0.222200 0.000000 0.000000 0.000000 1.000000
0.999408 0.016786 0.030016 0.922400 0.020929 0.395674 -0.918153 12.176400 -0.027289 0.918238 0.395088 -0.222200 0.000000 0.000000 0.000000 1.000000
0.999452 0.017115 0.028332 0.922400 0.018664 0.415522 -0.909392 12.176400 -0.027337 0.909422 0.414975 -0.222200 0.000000 0.000000 0.000000 1.000000
0.999457 0.015336 0.029178 0.922400 0.020453 0.405663 -0.913794 12.176400 -0.025850 0.913894 0.405129 -0.222200 0.000000 0.000000 0.000000 1.000000
0.999419 0.014027 0.031048 0.922400 0.023291 0.383818 -0.923115 12.176400 -0.024865 0.923302 0.383269 -0.222200 0.000000 0.000000 0.000000 1.000000
0.999255 0.019685 0.033197 0.922400 0.023944 0.358417 -0.933254 12.176400 -0.030270 0.933354 0.357679 -0.222200 0.000000 0.000000 0.000000 1.000000
0.999036 0.024402 0.036489 0.922400 0.026758 0.320416 -0.946899 12.176400 -0.034797 0.946963 0.319454 -0.222200 0.000000 0.000000 0.000000 1.000000
0.998998 0.018502 0.040754 0.922400 0.034159 0.273165 -0.961361 12.176400 -0.028920 0.961789 0.272259 -0.222200 0.000000 0.000000 0.000000 1.000000
0.998865 0.021259 0.042620 0.922400 0.035866 0.253055 -0.966787 12.176400 -0.031338 0.967218 0.252005 -0.222200 0.000000 0.000000 0.000000 1.000000
0.998783 0.024783 0.042632 0.922400 0.035029 0.251940 -0.967109 12.176400 -0.034708 0.967426 0.250765 -0.222200 0.000000 0.000000 0.000000 1.000000
0.999034 0.024132 0.036731 0.922400 0.027173 0.317701 -0.947801 12.176400 -0.034542 0.947884 0.316738 -0.222200 0.000000 0.000000 0.000000 1.000000
0.999058 0.022745 0.036958 0.922400 0.027914 0.315258 -0.948595 12.176400 -0.033227 0.948733 0.314326 -0.222200 0.000000 0.000000 0.000000 1.000000
0.999071 0.020683 0.037811 0.922400 0.029684 0.305824 -0.951625 12.176400 -0.031247 0.951863 0.304925 -0.222200 0.000000 0.000000 0.000000 1.000000
0.998921 0.026953 0.037832 0.922400 0.027822 0.305035 -0.951935 12.176400 -0.037198 0.951960 0.303956 -0.222200 0.000000 0.000000 0.000000 1.000000
0.998548 0.041951 0.033795 0.922400 0.017037 0.349225 -0.936884 12.176400 -0.051105 0.936099 0.348004 -0.222200 0.000000 0.000000 0.000000 1.000000
0.998238 0.046738 0.036556 0.922400 0.019867 0.317252 -0.948133 12.176400 -0.055912 0.947189 0.315764 -0.222200 0.000000 0.000000 0.000000 1.000000
0.998521 0.036862 0.039970 0.922400 0.028066 0.280181 -0.959537 12.176400 -0.046569 0.959239 0.278732 -0.222200 0.000000 0.000000 0.000000 1.000000</float_array>
        <technique_common>
          <accessor source="#mixamorig1_RightHandMiddle1-Matrix-animation-output-transform-array" count="22" stride="16">
            <param type="float4x4"/>
          </accessor>
        </technique_common>
      </source>
      <source id="mixamorig1_RightHandMiddle1-Interpolations">
        <Name_array id="mixamorig1_RightHandMiddle1-Interpolations-array" count="22">
 LINEAR LINEAR LINEAR LINEAR LINEAR LINEAR LINEAR LINEAR LINEAR LINEAR LINEAR
LINEAR LINEAR LINEAR LINEAR LINEAR LINEAR LINEAR LINEAR LINEAR LINEAR LINEAR</Name_array>
        <technique_common>
          <accessor source="#mixamorig1_RightHandMiddle1-Interpolations-array" count="22">
            <param type="name"/>
          </accessor>
        </technique_common>
      </source>
      <sampler id="mixamorig1_RightHandMiddle1-Matrix-animation-transform">
        <input semantic="INPUT" source="#mixamorig1_RightHandMiddle1-Matrix-animation-input"/>
        <input semantic="OUTPUT" source="#mixamorig1_RightHandMiddle1-Matrix-animation-output-transform"/>
        <input semantic="INTERPOLATION" source="#mixamorig1_RightHandMiddle1-Interpolations"/>
      </sampler>
      <channel source="#mixamorig1_RightHandMiddle1-Matrix-animation-transform" target="mixamorig1_RightHandMiddle1/matrix"/>
    </animation>
    <animation id="mixamorig1_RightHandMiddle2-anim" name="mixamorig1_RightHandMiddle2">
      <source id="mixamorig1_RightHandMiddle2-Matrix-animation-input">
        <float_array id="mixamorig1_RightHandMiddle2-Matrix-animation-input-array" count="22">

0.000000 0.033333 0.066667 0.100000 0.133333 0.166667 0.200000 0.233333 0.266667 0.300000 0.333333 0.366667 0.400000 0.433333 0.466667 0.500000
0.533333 0.566667 0.600000 0.633333 0.666667 0.700000</float_array>
        <technique_common>
          <accessor source="#mixamorig1_RightHandMiddle2-Matrix-animation-input-array" count="22">
            <param name="TIME" type="float"/>
          </accessor>
        </technique_common>
      </source>
      <source id="mixamorig1_RightHandMiddle2-Matrix-animation-output-transform">
        <float_array id="mixamorig1_RightHandMiddle2-Matrix-animation-output-transform-array" count="352">

0.990919 -0.103804 0.085462 -0.016200 0.104103 0.190034 -0.976243 3.479200 0.085097 0.976274 0.199115 0.000000 0.000000 0.000000 0.000000 1.000000
0.990994 -0.103693 0.084726 -0.016200 0.103989 0.197328 -0.974807 3.479200 0.084362 0.974838 0.206334 0.000000 0.000000 0.000000 0.000000 1.000000
0.991135 -0.103469 0.083344 -0.016200 0.103760 0.211009 -0.971961 3.479200 0.082981 0.971992 0.219874 0.000000 0.000000 0.000000 0.000000 1.000000
0.991210 -0.103341 0.082606 -0.016200 0.103629 0.218313 -0.970361 3.479200 0.082244 0.970392 0.227103 0.000000 0.000000 0.000000 0.000000 1.000000
0.991239 -0.103290 0.082318 -0.016200 0.103577 0.221158 -0.969722 3.479200 0.081957 0.969753 0.229919 0.000000 0.000000 0.000000 0.000000 1.000000
0.991265 -0.103243 0.082061 -0.016200 0.103529 0.223706 -0.969143 3.479200 0.081700 0.969173 0.232441 0.000000 0.000000 0.000000 0.000000 1.000000
0.991349 -0.103089 0.081238 -0.016200 0.103372 0.231836 -0.967247 3.479200 0.080879 0.967277 0.240487 0.000000 0.000000 0.000000 0.000000 1.000000
0.991434 -0.102926 0.080404 -0.016200 0.103205 0.240093 -0.965248 3.479200 0.080045 0.965278 0.248659 -0.000000 0.000000 0.000000 0.000000 1.000000
0.991475 -0.102844 0.080000 -0.016200 0.103122 0.244080 -0.964257 3.479200 0.079642 0.964286 0.252604 -0.000000 0.000000 0.000000 0.000000 1.000000
0.991510 -0.102774 0.079658 -0.016200 0.103050 0.247456 -0.963403 3.479200 0.079300 0.963433 0.255946 0.000000 0.000000 0.000000 0.000000 1.000000
0.991600 -0.102585 0.078774 -0.016200 0.102858 0.256192 -0.961138 3.479200 0.078417 0.961167 0.264592 0.000000 0.000000 0.000000 0.000000 1.000000
0.991645 -0.102488 0.078335 -0.016200 0.102760 0.260529 -0.959982 3.479200 0.077979 0.960011 0.268884 0.000000 0.000000 0.000000 0.000000 1.000000
0.991594 -0.102598 0.078836 -0.016200 0.102872 0.255583 -0.961298 3.479200 0.078479 0.961328 0.263989 0.000000 0.000000 0.000000 0.000000 1.000000
0.991583 -0.102622 0.078944 -0.016200 0.102896 0.254510 -0.961580 3.479200 0.078587 0.961610 0.262928 -0.000000 0.000000 0.000000 0.000000 1.000000
0.991587 -0.102614 0.078908 -0.016200 0.102888 0.254870 -0.961486 3.479200 0.078551 0.961515 0.263284 -0.000000 0.000000 0.000000 0.000000 1.000000
0.991624 -0.102533 0.078539 -0.016200 0.102806 0.258513 -0.960522 3.479200 0.078182 0.960551 0.266889 0.000000 0.000000 0.000000 0.000000 1.000000
0.991474 -0.102847 0.080014 -0.016200 0.103125 0.243941 -0.964291 3.479200 0.079656 0.964321 0.252468 0.000000 0.000000 0.000000 0.000000 1.000000
0.991231 -0.103305 0.082402 -0.016200 0.103592 0.220332 -0.969908 3.479200 0.082041 0.969939 0.229101 0.000000 0.000000 0.000000 0.000000 1.000000
0.991027 -0.103643 0.084406 -0.016200 0.103938 0.200500 -0.974165 3.479200 0.084042 0.974196 0.209473 0.000000 0.000000 0.000000 0.000000 1.000000
0.990852 -0.103900 0.086128 -0.016200 0.104202 0.183436 -0.977493 3.479200 0.085762 0.977526 0.192584 0.000000 0.000000 0.000000 0.000000 1.000000
0.990865 -0.103881 0.085995 -0.016200 0.104182 0.184746 -0.977249 3.479200 0.085631 0.977281 0.193881 -0.000000 0.000000 0.000000 0.000000 1.000000
0.990919 -0.103804 0.085462 -0.016200 0.104103 0.190034 -0.976243 3.479200 0.085097 0.976274 0.199115 0.000000 0.000000 0.000000 0.000000 1.000000</float_array>
        <technique_common>
          <accessor source="#mixamorig1_RightHandMiddle2-Matrix-animation-output-transform-array" count="22" stride="16">
            <param type="float4x4"/>
          </accessor>
        </technique_common>
      </source>
      <source id="mixamorig1_RightHandMiddle2-Interpolations">
        <Name_array id="mixamorig1_RightHandMiddle2-Interpolations-array" count="22">
 LINEAR LINEAR LINEAR LINEAR LINEAR LINEAR LINEAR LINEAR LINEAR LINEAR LINEAR
LINEAR LINEAR LINEAR LINEAR LINEAR LINEAR LINEAR LINEAR LINEAR LINEAR LINEAR</Name_array>
        <technique_common>
          <accessor source="#mixamorig1_RightHandMiddle2-Interpolations-array" count="22">
            <param type="name"/>
          </accessor>
        </technique_common>
      </source>
      <sampler id="mixamorig1_RightHandMiddle2-Matrix-animation-transform">
        <input semantic="INPUT" source="#mixamorig1_RightHandMiddle2-Matrix-animation-input"/>
        <input semantic="OUTPUT" source="#mixamorig1_RightHandMiddle2-Matrix-animation-output-transform"/>
        <input semantic="INTERPOLATION" source="#mixamorig1_RightHandMiddle2-Interpolations"/>
      </sampler>
      <channel source="#mixamorig1_RightHandMiddle2-Matrix-animation-transform" target="mixamorig1_RightHandMiddle2/matrix"/>
    </animation>
    <animation id="mixamorig1_RightHandMiddle3-anim" name="mixamorig1_RightHandMiddle3">
      <source id="mixamorig1_RightHandMiddle3-Matrix-animation-input">
        <float_array id="mixamorig1_RightHandMiddle3-Matrix-animation-input-array" count="22">

0.000000 0.033333 0.066667 0.100000 0.133333 0.166667 0.200000 0.233333 0.266667 0.300000 0.333333 0.366667 0.400000 0.433333 0.466667 0.500000
0.533333 0.566667 0.600000 0.633333 0.666667 0.700000</float_array>
        <technique_common>
          <accessor source="#mixamorig1_RightHandMiddle3-Matrix-animation-input-array" count="22">
            <param name="TIME" type="float"/>
          </accessor>
        </technique_common>
      </source>
      <source id="mixamorig1_RightHandMiddle3-Matrix-animation-output-transform">
        <float_array id="mixamorig1_RightHandMiddle3-Matrix-animation-output-transform-array" count="352">

0.993275 -0.095389 0.065621 0.013700 0.091735 0.302586 -0.948697 3.226000 0.070640 0.948337 0.309301 -0.000000 0.000000 0.000000 0.000000 1.000000
0.993340 -0.095151 0.064976 0.013700 0.091529 0.309118 -0.946609 3.226000 0.069985 0.946252 0.315768 0.000000 0.000000 0.000000 0.000000 1.000000
0.993474 -0.094647 0.063658 0.013700 0.091094 0.322488 -0.942180 3.226000 0.068646 0.941830 0.329005 -0.000000 0.000000 0.000000 0.000000 1.000000
0.993544 -0.094373 0.062963 0.013700 0.090856 0.329533 -0.939762 3.226000 0.067940 0.939416 0.335980 0.000000 0.000000 0.000000 0.000000 1.000000
0.993569 -0.094274 0.062716 0.013700 0.090770 0.332044 -0.938886 3.226000 0.067689 0.938541 0.338466 0.000000 0.000000 0.000000 0.000000 1.000000
0.993591 -0.094185 0.062494 0.013700 0.090692 0.334288 -0.938097 3.226000 0.067464 0.937753 0.340687 0.000000 0.000000 0.000000 0.000000 1.000000
0.993669 -0.093873 0.061730 0.013700 0.090419 0.342045 -0.935323 3.226000 0.066687 0.934983 0.348367 0.000000 0.000000 0.000000 0.000000 1.000000
0.993748 -0.093544 0.060948 0.013700 0.090131 0.349992 -0.932407 3.226000 0.065890 0.932070 0.356235 0.000000 0.000000 0.000000 0.000000 1.000000
0.993786 -0.093384 0.060571 0.013700 0.089990 0.353820 -0.930974 3.226000 0.065507 0.930640 0.360025 -0.000000 0.000000 0.000000 0.000000 1.000000
0.993819 -0.093245 0.060249 0.013700 0.089868 0.357088 -0.929737 3.226000 0.065179 0.929405 0.363261 0.000000 0.000000 0.000000 0.000000 1.000000
0.993904 -0.092873 0.059402 0.013700 0.089541 0.365698 -0.926416 3.226000 0.064316 0.926088 0.371785 0.000000 0.000000 0.000000 0.000000 1.000000
0.993948 -0.092680 0.058969 0.013700 0.089369 0.370097 -0.924685 3.226000 0.063875 0.924359 0.376140 0.000000 0.000000 0.000000 0.000000 1.000000
0.993900 -0.092894 0.059448 0.013700 0.089558 0.365230 -0.926600 3.226000 0.064363 0.926271 0.371321 0.000000 0.000000 0.000000 0.000000 1.000000
0.993891 -0.092932 0.059535 0.013700 0.089592 0.364350 -0.926942 3.226000 0.064451 0.926613 0.370451 0.000000 0.000000 0.000000 0.000000 1.000000
0.993896 -0.092911 0.059487 0.013700 0.089573 0.364836 -0.926753 3.226000 0.064403 0.926424 0.370931 -0.000000 0.000000 0.000000 0.000000 1.000000
0.993929 -0.092766 0.059161 0.013700 0.089445 0.368149 -0.925454 3.226000 0.064071 0.925128 0.374211 -0.000000 0.000000 0.000000 0.000000 1.000000
0.993788 -0.093373 0.060547 0.013700 0.089981 0.354065 -0.930882 3.226000 0.065482 0.930548 0.360268 0.000000 0.000000 0.000000 0.000000 1.000000
0.993561 -0.094307 0.062798 0.013700 0.090798 0.331209 -0.939178 3.226000 0.067772 0.938833 0.337640 0.000000 0.000000 0.000000 0.000000 1.000000
0.993371 -0.095035 0.064668 0.013700 0.091430 0.312239 -0.945594 3.226000 0.069673 0.945238 0.318859 0.000000 0.000000 0.000000 0.000000 1.000000
0.993211 -0.095617 0.066250 0.013700 0.091930 0.296209 -0.950689 3.226000 0.071278 0.950325 0.302988 -0.000000 0.000000 0.000000 0.000000 1.000000
0.993227 -0.095559 0.066089 0.013700 0.091880 0.297842 -0.950183 3.226000 0.071115 0.949820 0.304605 0.000000 0.000000 0.000000 0.000000 1.000000
0.993275 -0.095389 0.065621 0.013700 0.091735 0.302586 -0.948697 3.226000 0.070640 0.948337 0.309302 0.000000 0.000000 0.000000 0.000000 1.000000</float_array>
        <technique_common>
          <accessor source="#mixamorig1_RightHandMiddle3-Matrix-animation-output-transform-array" count="22" stride="16">
            <param type="float4x4"/>
          </accessor>
        </technique_common>
      </source>
      <source id="mixamorig1_RightHandMiddle3-Interpolations">
        <Name_array id="mixamorig1_RightHandMiddle3-Interpolations-array" count="22">
 LINEAR LINEAR LINEAR LINEAR LINEAR LINEAR LINEAR LINEAR LINEAR LINEAR LINEAR
LINEAR LINEAR LINEAR LINEAR LINEAR LINEAR LINEAR LINEAR LINEAR LINEAR LINEAR</Name_array>
        <technique_common>
          <accessor source="#mixamorig1_RightHandMiddle3-Interpolations-array" count="22">
            <param type="name"/>
          </accessor>
        </technique_common>
      </source>
      <sampler id="mixamorig1_RightHandMiddle3-Matrix-animation-transform">
        <input semantic="INPUT" source="#mixamorig1_RightHandMiddle3-Matrix-animation-input"/>
        <input semantic="OUTPUT" source="#mixamorig1_RightHandMiddle3-Matrix-animation-output-transform"/>
        <input semantic="INTERPOLATION" source="#mixamorig1_RightHandMiddle3-Interpolations"/>
      </sampler>
      <channel source="#mixamorig1_RightHandMiddle3-Matrix-animation-transform" target="mixamorig1_RightHandMiddle3/matrix"/>
    </animation>
    <animation id="mixamorig1_RightHandRing1-anim" name="mixamorig1_RightHandRing1">
      <source id="mixamorig1_RightHandRing1-Matrix-animation-input">
        <float_array id="mixamorig1_RightHandRing1-Matrix-animation-input-array" count="22">

0.000000 0.033333 0.066667 0.100000 0.133333 0.166667 0.200000 0.233333 0.266667 0.300000 0.333333 0.366667 0.400000 0.433333 0.466667 0.500000
0.533333 0.566667 0.600000 0.633333 0.666667 0.700000</float_array>
        <technique_common>
          <accessor source="#mixamorig1_RightHandRing1-Matrix-animation-input-array" count="22">
            <param name="TIME" type="float"/>
          </accessor>
        </technique_common>
      </source>
      <source id="mixamorig1_RightHandRing1-Matrix-animation-output-transform">
        <float_array id="mixamorig1_RightHandRing1-Matrix-animation-output-transform-array" count="352">

0.997376 0.046409 0.055565 -1.216600 0.044780 0.207599 -0.977189 12.282100 -0.056885 0.977113 0.204976 -0.151000 0.000000 0.000000 0.000000 1.000000
0.997527 0.042836 0.055726 -1.216600 0.045744 0.206277 -0.977424 12.282100 -0.053364 0.977556 0.203807 -0.151000 0.000000 0.000000 0.000000 1.000000
0.997521 0.047186 0.052206 -1.216600 0.039174 0.243938 -0.968999 12.282100 -0.058458 0.968642 0.241485 -0.151000 0.000000 0.000000 0.000000 1.000000
0.997436 0.051472 0.049728 -1.216600 0.034001 0.270611 -0.962088 12.282100 -0.062977 0.961312 0.268167 -0.151000 0.000000 0.000000 0.000000 1.000000
0.997605 0.049109 0.048714 -1.216600 0.032930 0.282150 -0.958805 12.282100 -0.060831 0.958113 0.279857 -0.151000 0.000000 0.000000 0.000000 1.000000
0.997822 0.046075 0.047204 -1.216600 0.031289 0.299385 -0.953619 12.282100 -0.058070 0.953019 0.297291 -0.151000 0.000000 0.000000 0.000000 1.000000
0.997897 0.046545 0.045116 -1.216600 0.027715 0.322821 -0.946054 12.282100 -0.058599 0.945315 0.320852 -0.151000 0.000000 0.000000 0.000000 1.000000
0.998115 0.042402 0.044364 -1.216600 0.027811 0.331895 -0.942906 12.282100 -0.054705 0.942363 0.330090 -0.151000 0.000000 0.000000 0.000000 1.000000
0.998084 0.041177 0.046184 -1.216600 0.031098 0.311457 -0.949751 12.282100 -0.053492 0.949368 0.309579 -0.151000 0.000000 0.000000 0.000000 1.000000
0.997941 0.041692 0.048730 -1.216600 0.034986 0.282905 -0.958510 12.282100 -0.053748 0.958241 0.280864 -0.151000 0.000000 0.000000 0.000000 1.000000
0.997827 0.042813 0.050078 -1.216600 0.036826 0.267839 -0.962760 12.282100 -0.054632 0.962512 0.265680 -0.151000 0.000000 0.000000 0.000000 1.000000
0.997711 0.043640 0.051660 -1.216600 0.039139 0.250338 -0.967367 12.282100 -0.055149 0.967175 0.248057 -0.151000 0.000000 0.000000 0.000000 1.000000
0.997830 0.037337 0.054229 -1.216600 0.044577 0.223034 -0.973791 12.282100 -0.048454 0.974095 0.220886 -0.151000 0.000000 0.000000 0.000000 1.000000
0.997909 0.034488 0.054663 -1.216600 0.045827 0.218839 -0.974684 12.282100 -0.045577 0.975151 0.216801 -0.151000 0.000000 0.000000 0.000000 1.000000
0.998015 0.032697 0.053832 -1.216600 0.045001 0.227819 -0.972663 12.282100 -0.044067 0.973154 0.225895 -0.151000 0.000000 0.000000 0.000000 1.000000
0.998239 0.033196 0.049165 -1.216600 0.037980 0.279034 -0.959530 12.282100 -0.045571 0.959707 0.277281 -0.151000 0.000000 0.000000 0.000000 1.000000
0.998215 0.032763 0.049939 -1.216600 0.039245 0.270498 -0.961920 12.282100 -0.045024 0.962163 0.268729 -0.151000 0.000000 0.000000 0.000000 1.000000
0.998138 0.032477 0.051637 -1.216600 0.041826 0.251818 -0.966870 12.282100 -0.044404 0.967229 0.249991 -0.151000 0.000000 0.000000 0.000000 1.000000
0.997966 0.035880 0.052692 -1.216600 0.042583 0.239907 -0.969862 12.282100 -0.047440 0.970133 0.237891 -0.151000 0.000000 0.000000 0.000000 1.000000
0.997542 0.047136 0.051842 -1.216600 0.038593 0.247919 -0.968012 12.282100 -0.058481 0.967633 0.245491 -0.151000 0.000000 0.000000 0.000000 1.000000
0.997314 0.049643 0.053857 -1.216600 0.041330 0.225659 -0.973329 12.282100 -0.060472 0.972941 0.223001 -0.151000 0.000000 0.000000 0.000000 1.000000
0.997376 0.046409 0.055565 -1.216600 0.044780 0.207599 -0.977189 12.282100 -0.056885 0.977113 0.204976 -0.151000 0.000000 0.000000 0.000000 1.000000</float_array>
        <technique_common>
          <accessor source="#mixamorig1_RightHandRing1-Matrix-animation-output-transform-array" count="22" stride="16">
            <param type="float4x4"/>
          </accessor>
        </technique_common>
      </source>
      <source id="mixamorig1_RightHandRing1-Interpolations">
        <Name_array id="mixamorig1_RightHandRing1-Interpolations-array" count="22">
 LINEAR LINEAR LINEAR LINEAR LINEAR LINEAR LINEAR LINEAR LINEAR LINEAR LINEAR
LINEAR LINEAR LINEAR LINEAR LINEAR LINEAR LINEAR LINEAR LINEAR LINEAR LINEAR</Name_array>
        <technique_common>
          <accessor source="#mixamorig1_RightHandRing1-Interpolations-array" count="22">
            <param type="name"/>
          </accessor>
        </technique_common>
      </source>
      <sampler id="mixamorig1_RightHandRing1-Matrix-animation-transform">
        <input semantic="INPUT" source="#mixamorig1_RightHandRing1-Matrix-animation-input"/>
        <input semantic="OUTPUT" source="#mixamorig1_RightHandRing1-Matrix-animation-output-transform"/>
        <input semantic="INTERPOLATION" source="#mixamorig1_RightHandRing1-Interpolations"/>
      </sampler>
      <channel source="#mixamorig1_RightHandRing1-Matrix-animation-transform" target="mixamorig1_RightHandRing1/matrix"/>
    </animation>
    <animation id="mixamorig1_RightHandRing2-anim" name="mixamorig1_RightHandRing2">
      <source id="mixamorig1_RightHandRing2-Matrix-animation-input">
        <float_array id="mixamorig1_RightHandRing2-Matrix-animation-input-array" count="22">

0.000000 0.033333 0.066667 0.100000 0.133333 0.166667 0.200000 0.233333 0.266667 0.300000 0.333333 0.366667 0.400000 0.433333 0.466667 0.500000
0.533333 0.566667 0.600000 0.633333 0.666667 0.700000</float_array>
        <technique_common>
          <accessor source="#mixamorig1_RightHandRing2-Matrix-animation-input-array" count="22">
            <param name="TIME" type="float"/>
          </accessor>
        </technique_common>
      </source>
      <source id="mixamorig1_RightHandRing2-Matrix-animation-output-transform">
        <float_array id="mixamorig1_RightHandRing2-Matrix-animation-output-transform-array" count="352">

0.991484 -0.106842 0.074463 -0.003700 0.105852 0.328067 -0.938705 2.821600 0.075864 0.938593 0.336583 -0.000000 0.000000 0.000000 0.000000 1.000000
0.991447 -0.106951 0.074793 -0.003700 0.105957 0.325059 -0.939739 2.821600 0.076194 0.939627 0.333611 0.000000 0.000000 0.000000 0.000000 1.000000
0.991518 -0.106738 0.074157 -0.003700 0.105752 0.330871 -0.937732 2.821600 0.075555 0.937620 0.339352 0.000000 0.000000 0.000000 0.000000 1.000000
0.991604 -0.106473 0.073385 -0.003700 0.105499 0.337927 -0.935241 2.821600 0.074779 0.935130 0.346322 0.000000 0.000000 0.000000 0.000000 1.000000
0.991680 -0.106233 0.072705 -0.003700 0.105269 0.344147 -0.932996 2.821600 0.074094 0.932887 0.352467 0.000000 0.000000 0.000000 0.000000 1.000000
0.991756 -0.105987 0.072019 -0.003700 0.105032 0.350409 -0.930689 2.821600 0.073405 0.930580 0.358653 0.000000 0.000000 0.000000 0.000000 1.000000
0.991842 -0.105703 0.071247 -0.003700 0.104760 0.357471 -0.928030 2.821600 0.072627 0.927923 0.365628 0.000000 0.000000 0.000000 0.000000 1.000000
0.992055 -0.104973 0.069338 -0.003700 0.104057 0.374915 -0.921201 2.821600 0.070706 0.921097 0.382859 0.000000 0.000000 0.000000 0.000000 1.000000
0.992233 -0.104330 0.067737 -0.003700 0.103435 0.389531 -0.915187 2.821600 0.069095 0.915085 0.397297 0.000000 0.000000 0.000000 0.000000 1.000000
0.992386 -0.103755 0.066368 -0.003700 0.102880 0.402033 -0.909827 2.821600 0.067717 0.909728 0.409646 0.000000 0.000000 0.000000 0.000000 1.000000
0.992535 -0.103175 0.065038 -0.003700 0.102319 0.414186 -0.904423 2.821600 0.066377 0.904326 0.421651 0.000000 0.000000 0.000000 0.000000 1.000000
0.992562 -0.103067 0.064793 -0.003700 0.102214 0.416414 -0.903411 2.821600 0.066131 0.903314 0.423852 0.000000 0.000000 0.000000 0.000000 1.000000
0.992481 -0.103388 0.065519 -0.003700 0.102524 0.409790 -0.906400 2.821600 0.066862 0.906302 0.417309 0.000000 0.000000 0.000000 0.000000 1.000000
0.992442 -0.103540 0.065870 -0.003700 0.102673 0.406585 -0.907825 2.821600 0.067215 0.907727 0.414143 0.000000 0.000000 0.000000 0.000000 1.000000
0.992432 -0.103576 0.065953 -0.003700 0.102707 0.405828 -0.908160 2.821600 0.067298 0.908062 0.413394 -0.000000 0.000000 0.000000 0.000000 1.000000
0.992531 -0.103191 0.065072 -0.003700 0.102334 0.413868 -0.904567 2.821600 0.066412 0.904469 0.421337 -0.000000 0.000000 0.000000 0.000000 1.000000
0.992354 -0.103877 0.066656 -0.003700 0.102998 0.399409 -0.910968 2.821600 0.068006 0.910869 0.407055 0.000000 0.000000 0.000000 0.000000 1.000000
0.992118 -0.104748 0.068769 -0.003700 0.103839 0.380108 -0.919095 2.821600 0.070134 0.918992 0.387989 0.000000 0.000000 0.000000 0.000000 1.000000
0.991877 -0.105587 0.070936 -0.003700 0.104648 0.360310 -0.926944 2.821600 0.072315 0.926838 0.368433 0.000000 0.000000 0.000000 0.000000 1.000000
0.991832 -0.105737 0.071336 -0.003700 0.104791 0.356657 -0.928340 2.821600 0.072717 0.928233 0.364824 0.000000 0.000000 0.000000 0.000000 1.000000
0.991633 -0.106382 0.073125 -0.003700 0.105411 0.340304 -0.934388 2.821600 0.074517 0.934278 0.348670 0.000000 0.000000 0.000000 0.000000 1.000000
0.991484 -0.106842 0.074464 -0.003700 0.105852 0.328067 -0.938705 2.821600 0.075864 0.938593 0.336582 0.000000 0.000000 0.000000 0.000000 1.000000</float_array>
        <technique_common>
          <accessor source="#mixamorig1_RightHandRing2-Matrix-animation-output-transform-array" count="22" stride="16">
            <param type="float4x4"/>
          </accessor>
        </technique_common>
      </source>
      <source id="mixamorig1_RightHandRing2-Interpolations">
        <Name_array id="mixamorig1_RightHandRing2-Interpolations-array" count="22">
 LINEAR LINEAR LINEAR LINEAR LINEAR LINEAR LINEAR LINEAR LINEAR LINEAR LINEAR
LINEAR LINEAR LINEAR LINEAR LINEAR LINEAR LINEAR LINEAR LINEAR LINEAR LINEAR</Name_array>
        <technique_common>
          <accessor source="#mixamorig1_RightHandRing2-Interpolations-array" count="22">
            <param type="name"/>
          </accessor>
        </technique_common>
      </source>
      <sampler id="mixamorig1_RightHandRing2-Matrix-animation-transform">
        <input semantic="INPUT" source="#mixamorig1_RightHandRing2-Matrix-animation-input"/>
        <input semantic="OUTPUT" source="#mixamorig1_RightHandRing2-Matrix-animation-output-transform"/>
        <input semantic="INTERPOLATION" source="#mixamorig1_RightHandRing2-Interpolations"/>
      </sampler>
      <channel source="#mixamorig1_RightHandRing2-Matrix-animation-transform" target="mixamorig1_RightHandRing2/matrix"/>
    </animation>
    <animation id="mixamorig1_RightHandRing3-anim" name="mixamorig1_RightHandRing3">
      <source id="mixamorig1_RightHandRing3-Matrix-animation-input">
        <float_array id="mixamorig1_RightHandRing3-Matrix-animation-input-array" count="22">

0.000000 0.033333 0.066667 0.100000 0.133333 0.166667 0.200000 0.233333 0.266667 0.300000 0.333333 0.366667 0.400000 0.433333 0.466667 0.500000
0.533333 0.566667 0.600000 0.633333 0.666667 0.700000</float_array>
        <technique_common>
          <accessor source="#mixamorig1_RightHandRing3-Matrix-animation-input-array" count="22">
            <param name="TIME" type="float"/>
          </accessor>
        </technique_common>
      </source>
      <source id="mixamorig1_RightHandRing3-Matrix-animation-output-transform">
        <float_array id="mixamorig1_RightHandRing3-Matrix-animation-output-transform-array" count="352">

0.993226 -0.097721 0.062868 0.007800 0.096973 0.399028 -0.911796 2.687700 0.064015 0.911717 0.405802 0.000000 0.000000 0.000000 0.000000 1.000000
0.993190 -0.097877 0.063200 0.007800 0.097125 0.395948 -0.913122 2.687700 0.064349 0.913042 0.402758 0.000000 0.000000 0.000000 0.000000 1.000000
0.993257 -0.097586 0.062582 0.007800 0.096842 0.401685 -0.910643 2.687700 0.063728 0.910563 0.408427 -0.000000 0.000000 0.000000 0.000000 1.000000
0.993340 -0.097228 0.061831 0.007800 0.096491 0.408651 -0.907576 2.687700 0.062974 0.907497 0.415311 -0.000000 0.000000 0.000000 0.000000 1.000000
0.993409 -0.096919 0.061196 0.007800 0.096189 0.414544 -0.904931 2.687700 0.062337 0.904854 0.421134 0.000000 0.000000 0.000000 0.000000 1.000000
0.993479 -0.096605 0.060561 0.007800 0.095882 0.420443 -0.902239 2.687700 0.061698 0.902162 0.426963 -0.000000 0.000000 0.000000 0.000000 1.000000
0.993559 -0.096236 0.059828 0.007800 0.095522 0.427242 -0.899077 2.687700 0.060962 0.899001 0.433683 0.000000 0.000000 0.000000 0.000000 1.000000
0.993756 -0.095301 0.058029 0.007800 0.094607 0.443952 -0.891042 2.687700 0.059155 0.890968 0.450196 0.000000 0.000000 0.000000 0.000000 1.000000
0.993922 -0.094478 0.056509 0.007800 0.093799 0.458081 -0.883948 2.687700 0.057628 0.883875 0.464159 0.000000 0.000000 0.000000 0.000000 1.000000
0.994065 -0.093745 0.055203 0.007800 0.093081 0.470226 -0.877624 2.687700 0.056315 0.877553 0.476161 0.000000 0.000000 0.000000 0.000000 1.000000
0.994203 -0.093011 0.053936 0.007800 0.092361 0.482011 -0.871283 2.687700 0.055041 0.871214 0.487808 0.000000 0.000000 0.000000 0.000000 1.000000
0.994229 -0.092870 0.053698 0.007800 0.092224 0.484230 -0.870067 2.687700 0.054801 0.869998 0.490000 0.000000 0.000000 0.000000 0.000000 1.000000
0.994152 -0.093285 0.054405 0.007800 0.092631 0.477645 -0.873656 2.687700 0.055513 0.873586 0.483493 0.000000 0.000000 0.000000 0.000000 1.000000
0.994114 -0.093484 0.054749 0.007800 0.092826 0.474452 -0.875373 2.687700 0.055858 0.875303 0.480338 0.000000 0.000000 0.000000 0.000000 1.000000
0.994105 -0.093535 0.054836 0.007800 0.092875 0.473637 -0.875810 2.687700 0.055946 0.875740 0.479531 0.000000 0.000000 0.000000 0.000000 1.000000
0.994195 -0.093056 0.054013 0.007800 0.092406 0.481294 -0.871675 2.687700 0.055118 0.871606 0.487099 -0.000000 0.000000 0.000000 0.000000 1.000000
0.994031 -0.093919 0.055511 0.007800 0.093253 0.467366 -0.879132 2.687700 0.056624 0.879061 0.473334 0.000000 0.000000 0.000000 0.000000 1.000000
0.993812 -0.095024 0.057511 0.007800 0.094335 0.448766 -0.888656 2.687700 0.058634 0.888583 0.454953 -0.000000 0.000000 0.000000 0.000000 1.000000
0.993589 -0.096097 0.059557 0.007800 0.095386 0.429766 -0.897888 2.687700 0.060689 0.897812 0.436177 0.000000 0.000000 0.000000 0.000000 1.000000
0.993552 -0.096267 0.059889 0.007800 0.095552 0.426675 -0.899343 2.687700 0.061024 0.899267 0.433122 -0.000000 0.000000 0.000000 0.000000 1.000000
0.993367 -0.097105 0.061577 0.007800 0.096371 0.411009 -0.906523 2.687700 0.062719 0.906445 0.417641 0.000000 0.000000 0.000000 0.000000 1.000000
0.993226 -0.097721 0.062868 0.007800 0.096973 0.399029 -0.911796 2.687700 0.064016 0.911716 0.405802 0.000000 0.000000 0.000000 0.000000 1.000000</float_array>
        <technique_common>
          <accessor source="#mixamorig1_RightHandRing3-Matrix-animation-output-transform-array" count="22" stride="16">
            <param type="float4x4"/>
          </accessor>
        </technique_common>
      </source>
      <source id="mixamorig1_RightHandRing3-Interpolations">
        <Name_array id="mixamorig1_RightHandRing3-Interpolations-array" count="22">
 LINEAR LINEAR LINEAR LINEAR LINEAR LINEAR LINEAR LINEAR LINEAR LINEAR LINEAR
LINEAR LINEAR LINEAR LINEAR LINEAR LINEAR LINEAR LINEAR LINEAR LINEAR LINEAR</Name_array>
        <technique_common>
          <accessor source="#mixamorig1_RightHandRing3-Interpolations-array" count="22">
            <param type="name"/>
          </accessor>
        </technique_common>
      </source>
      <sampler id="mixamorig1_RightHandRing3-Matrix-animation-transform">
        <input semantic="INPUT" source="#mixamorig1_RightHandRing3-Matrix-animation-input"/>
        <input semantic="OUTPUT" source="#mixamorig1_RightHandRing3-Matrix-animation-output-transform"/>
        <input semantic="INTERPOLATION" source="#mixamorig1_RightHandRing3-Interpolations"/>
      </sampler>
      <channel source="#mixamorig1_RightHandRing3-Matrix-animation-transform" target="mixamorig1_RightHandRing3/matrix"/>
    </animation>
    <animation id="mixamorig1_RightHandPinky1-anim" name="mixamorig1_RightHandPinky1">
      <source id="mixamorig1_RightHandPinky1-Matrix-animation-input">
        <float_array id="mixamorig1_RightHandPinky1-Matrix-animation-input-array" count="22">

0.000000 0.033333 0.066667 0.100000 0.133333 0.166667 0.200000 0.233333 0.266667 0.300000 0.333333 0.366667 0.400000 0.433333 0.466667 0.500000
0.533333 0.566667 0.600000 0.633333 0.666667 0.700000</float_array>
        <technique_common>
          <accessor source="#mixamorig1_RightHandPinky1-Matrix-animation-input-array" count="22">
            <param name="TIME" type="float"/>
          </accessor>
        </technique_common>
      </source>
      <source id="mixamorig1_RightHandPinky1-Matrix-animation-output-transform">
        <float_array id="mixamorig1_RightHandPinky1-Matrix-animation-output-transform-array" count="352">

0.997488 0.007454 0.070442 -3.320300 0.069069 0.118383 -0.990563 11.194600 -0.015722 0.992940 0.117570 -0.138000 0.000000 0.000000 0.000000 1.000000
0.997450 0.004693 0.071215 -3.320300 0.070263 0.110451 -0.991395 11.194600 -0.012518 0.993870 0.109840 -0.138000 0.000000 0.000000 0.000000 1.000000
0.997610 0.003708 0.068992 -3.320300 0.067878 0.133750 -0.988688 11.194600 -0.012894 0.991008 0.133179 -0.138000 0.000000 0.000000 0.000000 1.000000
0.997729 0.008912 0.066765 -3.320300 0.064544 0.156982 -0.985490 11.194600 -0.019264 0.987561 0.156050 -0.138000 0.000000 0.000000 0.000000 1.000000
0.997837 0.006628 0.065403 -3.320300 0.063266 0.173436 -0.982811 11.194600 -0.017857 0.984823 0.172641 -0.138000 0.000000 0.000000 0.000000 1.000000
0.997958 0.001739 0.063850 -3.320300 0.062303 0.193860 -0.979049 11.194600 -0.014081 0.981028 0.193356 -0.138000 0.000000 0.000000 0.000000 1.000000
0.998054 0.002735 0.062292 -3.320300 0.060316 0.210889 -0.975648 11.194600 -0.015805 0.977506 0.210313 -0.138000 0.000000 0.000000 0.000000 1.000000
0.998198 0.003758 0.059893 -3.320300 0.057297 0.237062 -0.969803 11.194600 -0.017843 0.971487 0.236420 -0.138000 0.000000 0.000000 0.000000 1.000000
0.998164 0.002847 0.060498 -3.320300 0.058211 0.230720 -0.971277 11.194600 -0.016723 0.973016 0.230131 -0.138000 0.000000 0.000000 0.000000 1.000000
0.998062 0.000878 0.062226 -3.320300 0.060617 0.212600 -0.975257 11.194600 -0.014085 0.977139 0.212135 -0.138000 0.000000 0.000000 0.000000 1.000000
0.997986 -0.002756 0.063378 -3.320300 0.062603 0.204363 -0.976891 11.194600 -0.010260 0.978891 0.204124 -0.138000 0.000000 0.000000 0.000000 1.000000
0.997914 -0.002584 0.064501 -3.320300 0.063821 0.189567 -0.979791 11.194600 -0.009695 0.981864 0.189336 -0.138000 0.000000 0.000000 0.000000 1.000000
0.997764 -0.006122 0.066548 -3.320300 0.066588 0.175605 -0.982206 11.194600 -0.005673 0.984442 0.175620 -0.138000 0.000000 0.000000 0.000000 1.000000
0.997489 -0.018245 0.068435 -3.320300 0.070682 0.195021 -0.978249 11.194600 0.004502 0.980629 0.195821 -0.138000 0.000000 0.000000 0.000000 1.000000
0.997146 -0.030618 0.069015 -3.320300 0.074162 0.225754 -0.971357 11.194600 0.014160 0.973703 0.227380 -0.138000 0.000000 0.000000 0.000000 1.000000
0.997196 -0.035117 0.066079 -3.320300 0.073294 0.280349 -0.957096 11.194600 0.015085 0.959255 0.282137 -0.138000 0.000000 0.000000 0.000000 1.000000
0.997371 -0.030335 0.065805 -3.320300 0.071532 0.267284 -0.960959 11.194600 0.011562 0.963140 0.268752 -0.138000 0.000000 0.000000 0.000000 1.000000
0.997200 -0.031686 0.067730 -3.320300 0.073464 0.246295 -0.966407 11.194600 0.013940 0.968677 0.247933 -0.138000 0.000000 0.000000 0.000000 1.000000
0.997245 -0.028850 0.068335 -3.320300 0.073135 0.228703 -0.970745 11.194600 0.012377 0.973069 0.230183 -0.138000 0.000000 0.000000 0.000000 1.000000
0.998003 -0.004460 0.063011 -3.320300 0.062497 0.214833 -0.974649 11.194600 -0.009190 0.976641 0.214682 -0.138000 0.000000 0.000000 0.000000 1.000000
0.997697 0.007962 0.067362 -3.320300 0.065387 0.151285 -0.986325 11.194600 -0.018044 0.988458 0.150416 -0.138000 0.000000 0.000000 0.000000 1.000000
0.997488 0.007454 0.070439 -3.320300 0.069065 0.118382 -0.990563 11.194600 -0.015722 0.992940 0.117570 -0.138000 0.000000 0.000000 0.000000 1.000000</float_array>
        <technique_common>
          <accessor source="#mixamorig1_RightHandPinky1-Matrix-animation-output-transform-array" count="22" stride="16">
            <param type="float4x4"/>
          </accessor>
        </technique_common>
      </source>
      <source id="mixamorig1_RightHandPinky1-Interpolations">
        <Name_array id="mixamorig1_RightHandPinky1-Interpolations-array" count="22">
 LINEAR LINEAR LINEAR LINEAR LINEAR LINEAR LINEAR LINEAR LINEAR LINEAR LINEAR
LINEAR LINEAR LINEAR LINEAR LINEAR LINEAR LINEAR LINEAR LINEAR LINEAR LINEAR</Name_array>
        <technique_common>
          <accessor source="#mixamorig1_RightHandPinky1-Interpolations-array" count="22">
            <param type="name"/>
          </accessor>
        </technique_common>
      </source>
      <sampler id="mixamorig1_RightHandPinky1-Matrix-animation-transform">
        <input semantic="INPUT" source="#mixamorig1_RightHandPinky1-Matrix-animation-input"/>
        <input semantic="OUTPUT" source="#mixamorig1_RightHandPinky1-Matrix-animation-output-transform"/>
        <input semantic="INTERPOLATION" source="#mixamorig1_RightHandPinky1-Interpolations"/>
      </sampler>
      <channel source="#mixamorig1_RightHandPinky1-Matrix-animation-transform" target="mixamorig1_RightHandPinky1/matrix"/>
    </animation>
    <animation id="mixamorig1_RightHandPinky2-anim" name="mixamorig1_RightHandPinky2">
      <source id="mixamorig1_RightHandPinky2-Matrix-animation-input">
        <float_array id="mixamorig1_RightHandPinky2-Matrix-animation-input-array" count="22">

0.000000 0.033333 0.066667 0.100000 0.133333 0.166667 0.200000 0.233333 0.266667 0.300000 0.333333 0.366667 0.400000 0.433333 0.466667 0.500000
0.533333 0.566667 0.600000 0.633333 0.666667 0.700000</float_array>
        <technique_common>
          <accessor source="#mixamorig1_RightHandPinky2-Matrix-animation-input-array" count="22">
            <param name="TIME" type="float"/>
          </accessor>
        </technique_common>
      </source>
      <source id="mixamorig1_RightHandPinky2-Matrix-animation-output-transform">
        <float_array id="mixamorig1_RightHandPinky2-Matrix-animation-output-transform-array" count="352">

0.989567 -0.113764 0.088400 -0.008100 0.114081 0.243993 -0.963044 2.640500 0.087990 0.963081 0.254426 0.000000 0.000000 0.000000 0.000000 1.000000
0.989533 -0.113831 0.088701 -0.008100 0.114150 0.241357 -0.963700 2.640500 0.088290 0.963737 0.251824 0.000000 0.000000 0.000000 0.000000 1.000000
0.989733 -0.113430 0.086962 -0.008100 0.113742 0.256622 -0.959796 2.640500 0.086553 0.959833 0.266889 0.000000 0.000000 0.000000 0.000000 1.000000
0.989903 -0.113068 0.085490 -0.008100 0.113374 0.269538 -0.956293 2.640500 0.085083 0.956329 0.279635 0.000000 0.000000 0.000000 0.000000 1.000000
0.989951 -0.112960 0.085068 -0.008100 0.113265 0.273240 -0.955255 2.640500 0.084662 0.955291 0.283288 0.000000 0.000000 0.000000 0.000000 1.000000
0.989936 -0.112995 0.085202 -0.008100 0.113300 0.272063 -0.955586 2.640500 0.084796 0.955622 0.282127 0.000000 0.000000 0.000000 0.000000 1.000000
0.990025 -0.112793 0.084425 -0.008100 0.113095 0.278874 -0.953645 2.640500 0.084020 0.953681 0.288849 0.000000 0.000000 0.000000 0.000000 1.000000
0.990188 -0.112411 0.083015 -0.008100 0.112708 0.291241 -0.949987 2.640500 0.082612 0.950022 0.301053 -0.000000 0.000000 0.000000 0.000000 1.000000
0.990267 -0.112219 0.082330 -0.008100 0.112513 0.297249 -0.948148 2.640500 0.081928 0.948182 0.306982 0.000000 0.000000 0.000000 0.000000 1.000000
0.990270 -0.112212 0.082306 -0.008100 0.112506 0.297456 -0.948083 2.640500 0.081904 0.948118 0.307187 0.000000 0.000000 0.000000 0.000000 1.000000
0.990079 -0.112668 0.083955 -0.008100 0.112968 0.282996 -0.952445 2.640500 0.083551 0.952480 0.292917 0.000000 0.000000 0.000000 0.000000 1.000000
0.990155 -0.112491 0.083301 -0.008100 0.112788 0.288734 -0.950743 2.640500 0.082898 0.950778 0.298579 0.000000 0.000000 0.000000 0.000000 1.000000
0.989990 -0.112873 0.084730 -0.008100 0.113176 0.276203 -0.954412 2.640500 0.084325 0.954448 0.286213 0.000000 0.000000 0.000000 0.000000 1.000000
0.989698 -0.113506 0.087259 -0.008100 0.113796 0.253812 -0.960536 2.640500 0.086879 0.960571 0.264114 0.000000 0.000000 0.000000 0.000000 1.000000
0.989411 -0.114060 0.089757 -0.008100 0.114383 0.232085 -0.965947 2.640500 0.089345 0.965985 0.242674 -0.000000 0.000000 0.000000 0.000000 1.000000
0.989308 -0.114247 0.090655 -0.008100 0.114573 0.224194 -0.967786 2.640500 0.090242 0.967825 0.234886 0.000000 0.000000 0.000000 0.000000 1.000000
0.989300 -0.114260 0.090721 -0.008100 0.114587 0.223609 -0.967920 2.640500 0.090309 0.967958 0.234309 0.000000 0.000000 0.000000 0.000000 1.000000
0.989265 -0.114320 0.091020 -0.008100 0.114648 0.220985 -0.968515 2.640500 0.090607 0.968554 0.231719 0.000000 0.000000 0.000000 0.000000 1.000000
0.989210 -0.114416 0.091505 -0.008100 0.114746 0.216728 -0.969465 2.640500 0.091091 0.969504 0.227519 -0.000000 0.000000 0.000000 0.000000 1.000000
0.989653 -0.113594 0.087659 -0.008100 0.113909 0.250497 -0.961393 2.640500 0.087250 0.961430 0.260844 -0.000000 0.000000 0.000000 0.000000 1.000000
0.989663 -0.113573 0.087568 -0.008100 0.113887 0.251299 -0.961186 2.640500 0.087159 0.961223 0.261636 0.000000 0.000000 0.000000 0.000000 1.000000
0.989567 -0.113764 0.088400 -0.008100 0.114081 0.243993 -0.963044 2.640500 0.087990 0.963081 0.254426 0.000000 0.000000 0.000000 0.000000 1.000000</float_array>
        <technique_common>
          <accessor source="#mixamorig1_RightHandPinky2-Matrix-animation-output-transform-array" count="22" stride="16">
            <param type="float4x4"/>
          </accessor>
        </technique_common>
      </source>
      <source id="mixamorig1_RightHandPinky2-Interpolations">
        <Name_array id="mixamorig1_RightHandPinky2-Interpolations-array" count="22">
 LINEAR LINEAR LINEAR LINEAR LINEAR LINEAR LINEAR LINEAR LINEAR LINEAR LINEAR
LINEAR LINEAR LINEAR LINEAR LINEAR LINEAR LINEAR LINEAR LINEAR LINEAR LINEAR</Name_array>
        <technique_common>
          <accessor source="#mixamorig1_RightHandPinky2-Interpolations-array" count="22">
            <param type="name"/>
          </accessor>
        </technique_common>
      </source>
      <sampler id="mixamorig1_RightHandPinky2-Matrix-animation-transform">
        <input semantic="INPUT" source="#mixamorig1_RightHandPinky2-Matrix-animation-input"/>
        <input semantic="OUTPUT" source="#mixamorig1_RightHandPinky2-Matrix-animation-output-transform"/>
        <input semantic="INTERPOLATION" source="#mixamorig1_RightHandPinky2-Interpolations"/>
      </sampler>
      <channel source="#mixamorig1_RightHandPinky2-Matrix-animation-transform" target="mixamorig1_RightHandPinky2/matrix"/>
    </animation>
    <animation id="mixamorig1_RightHandPinky3-anim" name="mixamorig1_RightHandPinky3">
      <source id="mixamorig1_RightHandPinky3-Matrix-animation-input">
        <float_array id="mixamorig1_RightHandPinky3-Matrix-animation-input-array" count="22">

0.000000 0.033333 0.066667 0.100000 0.133333 0.166667 0.200000 0.233333 0.266667 0.300000 0.333333 0.366667 0.400000 0.433333 0.466667 0.500000
0.533333 0.566667 0.600000 0.633333 0.666667 0.700000</float_array>
        <technique_common>
          <accessor source="#mixamorig1_RightHandPinky3-Matrix-animation-input-array" count="22">
            <param name="TIME" type="float"/>
          </accessor>
        </technique_common>
      </source>
      <source id="mixamorig1_RightHandPinky3-Matrix-animation-output-transform">
        <float_array id="mixamorig1_RightHandPinky3-Matrix-animation-output-transform-array" count="352">

0.996665 -0.076597 0.028130 0.005600 0.075517 0.735231 -0.673596 2.149000 0.030913 0.673474 0.738564 -0.000000 0.000000 0.000000 0.000000 1.000000
0.996640 -0.076842 0.028345 0.005600 0.075754 0.733285 -0.675688 2.149000 0.031136 0.675566 0.736642 -0.000000 0.000000 0.000000 0.000000 1.000000
0.996775 -0.075500 0.027182 0.005600 0.074454 0.743823 -0.664217 2.149000 0.029930 0.664099 0.747045 -0.000000 0.000000 0.000000 0.000000 1.000000
0.996891 -0.074316 0.026187 0.005600 0.073306 0.752858 -0.654089 2.149000 0.028895 0.653974 0.755965 0.000000 0.000000 0.000000 0.000000 1.000000
0.996922 -0.073996 0.025922 0.005600 0.072995 0.755261 -0.651347 2.149000 0.028619 0.651234 0.758337 0.000000 0.000000 0.000000 0.000000 1.000000
0.996909 -0.074132 0.026034 0.005600 0.073127 0.754242 -0.652512 2.149000 0.028736 0.652398 0.757331 0.000000 0.000000 0.000000 0.000000 1.000000
0.996968 -0.073509 0.025524 0.005600 0.072523 0.758878 -0.647182 2.149000 0.028205 0.647071 0.761908 0.000000 0.000000 0.000000 0.000000 1.000000
0.997074 -0.072369 0.024607 0.005600 0.071416 0.767202 -0.637417 2.149000 0.027250 0.637310 0.770126 -0.000000 0.000000 0.000000 0.000000 1.000000
0.997126 -0.071810 0.024167 0.005600 0.070873 0.771204 -0.632631 2.149000 0.026792 0.632525 0.774076 -0.000000 0.000000 0.000000 0.000000 1.000000
0.997127 -0.071794 0.024155 0.005600 0.070857 0.771316 -0.632496 2.149000 0.026779 0.632390 0.774187 0.000000 0.000000 0.000000 0.000000 1.000000
0.997002 -0.073149 0.025232 0.005600 0.072173 0.761528 -0.644101 2.149000 0.027901 0.643991 0.764524 0.000000 0.000000 0.000000 0.000000 1.000000
0.997052 -0.072616 0.024803 0.005600 0.071655 0.765420 -0.639529 2.149000 0.027455 0.639420 0.768367 0.000000 0.000000 0.000000 0.000000 1.000000
0.996942 -0.073780 0.025745 0.005600 0.072785 0.756873 -0.649497 2.149000 0.028434 0.649384 0.759928 0.000000 0.000000 0.000000 0.000000 1.000000
0.996742 -0.075842 0.027451 0.005600 0.074769 0.741171 -0.667140 2.149000 0.030252 0.667019 0.744426 -0.000000 0.000000 0.000000 0.000000 1.000000
0.996542 -0.077794 0.029193 0.005600 0.076676 0.725604 -0.683827 2.149000 0.032015 0.683701 0.729060 -0.000000 0.000000 0.000000 0.000000 1.000000
0.996468 -0.078497 0.029831 0.005600 0.077356 0.719831 -0.689826 2.149000 0.032676 0.689697 0.723361 0.000000 0.000000 0.000000 0.000000 1.000000
0.996464 -0.078531 0.029862 0.005600 0.077389 0.719547 -0.690119 2.149000 0.032709 0.689990 0.723080 -0.000000 0.000000 0.000000 0.000000 1.000000
0.996440 -0.078755 0.030068 0.005600 0.077606 0.717678 -0.692037 2.149000 0.032922 0.691907 0.721235 0.000000 0.000000 0.000000 0.000000 1.000000
0.996403 -0.079108 0.030394 0.005600 0.077946 0.714728 -0.695046 2.149000 0.033260 0.694914 0.718323 0.000000 0.000000 0.000000 0.000000 1.000000
0.996716 -0.076099 0.027697 0.005600 0.075035 0.739160 -0.669337 2.149000 0.030463 0.669217 0.742442 0.000000 0.000000 0.000000 0.000000 1.000000
0.996730 -0.075956 0.027573 0.005600 0.074896 0.740281 -0.668113 2.149000 0.030335 0.667993 0.743549 0.000000 0.000000 0.000000 0.000000 1.000000
0.996665 -0.076597 0.028131 0.005600 0.075517 0.735231 -0.673596 2.149000 0.030913 0.673474 0.738564 0.000000 0.000000 0.000000 0.000000 1.000000</float_array>
        <technique_common>
          <accessor source="#mixamorig1_RightHandPinky3-Matrix-animation-output-transform-array" count="22" stride="16">
            <param type="float4x4"/>
          </accessor>
        </technique_common>
      </source>
      <source id="mixamorig1_RightHandPinky3-Interpolations">
        <Name_array id="mixamorig1_RightHandPinky3-Interpolations-array" count="22">
 LINEAR LINEAR LINEAR LINEAR LINEAR LINEAR LINEAR LINEAR LINEAR LINEAR LINEAR
LINEAR LINEAR LINEAR LINEAR LINEAR LINEAR LINEAR LINEAR LINEAR LINEAR LINEAR</Name_array>
        <technique_common>
          <accessor source="#mixamorig1_RightHandPinky3-Interpolations-array" count="22">
            <param type="name"/>
          </accessor>
        </technique_common>
      </source>
      <sampler id="mixamorig1_RightHandPinky3-Matrix-animation-transform">
        <input semantic="INPUT" source="#mixamorig1_RightHandPinky3-Matrix-animation-input"/>
        <input semantic="OUTPUT" source="#mixamorig1_RightHandPinky3-Matrix-animation-output-transform"/>
        <input semantic="INTERPOLATION" source="#mixamorig1_RightHandPinky3-Interpolations"/>
      </sampler>
      <channel source="#mixamorig1_RightHandPinky3-Matrix-animation-transform" target="mixamorig1_RightHandPinky3/matrix"/>
    </animation>
    <animation id="mixamorig1_LeftUpLeg-anim" name="mixamorig1_LeftUpLeg">
      <source id="mixamorig1_LeftUpLeg-Matrix-animation-input">
        <float_array id="mixamorig1_LeftUpLeg-Matrix-animation-input-array" count="22">

0.000000 0.033333 0.066667 0.100000 0.133333 0.166667 0.200000 0.233333 0.266667 0.300000 0.333333 0.366667 0.400000 0.433333 0.466667 0.500000
0.533333 0.566667 0.600000 0.633333 0.666667 0.700000</float_array>
        <technique_common>
          <accessor source="#mixamorig1_LeftUpLeg-Matrix-animation-input-array" count="22">
            <param name="TIME" type="float"/>
          </accessor>
        </technique_common>
      </source>
      <source id="mixamorig1_LeftUpLeg-Matrix-animation-output-transform">
        <float_array id="mixamorig1_LeftUpLeg-Matrix-animation-output-transform-array" count="352">

-0.989103 0.147029 -0.007565 8.078200 -0.101396 -0.643060 0.759073 -5.402400 0.106741 0.751569 0.650961 -0.535900 0.000000 0.000000 0.000000 1.000000
-0.995221 0.097519 0.005024 8.078200 -0.044617 -0.499899 0.864934 -5.402400 0.086859 0.860576 0.501861 -0.535900 0.000000 0.000000 0.000000 1.000000
-0.999738 -0.006960 0.021790 8.078200 0.022808 -0.376184 0.926264 -5.402400 0.001750 0.926519 0.376245 -0.535900 0.000000 0.000000 0.000000 1.000000
-0.986096 -0.160372 0.043540 8.078200 0.091702 -0.306648 0.947395 -5.402400 -0.138584 0.938215 0.317091 -0.535900 0.000000 0.000000 0.000000 1.000000
-0.968073 -0.250551 0.007652 8.078200 0.091500 -0.324786 0.941351 -5.402400 -0.233371 0.911997 0.337342 -0.535900 0.000000 0.000000 0.000000 1.000000
-0.971023 -0.233443 -0.051172 8.078200 0.055523 -0.428624 0.901775 -5.402400 -0.232447 0.872803 0.429165 -0.535900 0.000000 0.000000 0.000000 1.000000
-0.983599 -0.169356 -0.062055 8.078200 0.064994 -0.653734 0.753928 -5.402400 -0.168250 0.737530 0.654019 -0.535900 0.000000 0.000000 0.000000 1.000000
-0.990831 -0.128569 -0.041529 8.078200 0.068137 -0.740919 0.668130 -5.402400 -0.116670 0.659174 0.742885 -0.535900 0.000000 0.000000 0.000000 1.000000
-0.991362 -0.130247 0.015405 8.078200 0.104850 -0.716487 0.689676 -5.402400 -0.078791 0.685333 0.723955 -0.535900 0.000000 0.000000 0.000000 1.000000
-0.995272 -0.077198 0.058940 8.078200 0.096211 -0.700526 0.707112 -5.402400 -0.013299 0.709439 0.704641 -0.535900 0.000000 0.000000 0.000000 1.000000
-0.996217 -0.069862 0.051679 8.078200 0.086697 -0.758465 0.645921 -5.402400 -0.005929 0.647958 0.761653 -0.535900 0.000000 0.000000 0.000000 1.000000
-0.999361 -0.029677 0.019931 8.078200 0.035605 -0.876276 0.480492 -5.402400 0.003205 0.480894 0.876773 -0.535900 0.000000 0.000000 0.000000 1.000000
-0.998766 0.026931 0.041725 8.078200 -0.017978 -0.979278 0.201722 -5.402400 0.046293 0.200723 0.978554 -0.535900 0.000000 0.000000 0.000000 1.000000
-0.991771 0.073761 0.104639 8.078200 -0.070661 -0.996953 0.033029 -5.402400 0.106756 0.025363 0.993962 -0.535900 0.000000 0.000000 0.000000 1.000000
-0.980590 0.089725 0.174334 8.078200 -0.106416 -0.990343 -0.088861 -5.402400 0.164678 -0.105688 0.980669 -0.535900 0.000000 0.000000 0.000000 1.000000
-0.978912 0.036480 0.200998 8.078200 -0.063438 -0.989566 -0.129361 -5.402400 0.194182 -0.139384 0.971013 -0.535900 0.000000 0.000000 0.000000 1.000000
-0.970925 -0.060345 0.231651 8.078200 0.027570 -0.989454 -0.142197 -5.402400 0.237789 -0.131676 0.962350 -0.535900 0.000000 0.000000 0.000000 1.000000
-0.964996 -0.037409 0.259584 8.078200 0.038311 -0.999265 -0.001583 -5.402400 0.259452 0.008417 0.965719 -0.535900 0.000000 0.000000 0.000000 1.000000
-0.963775 0.033677 0.264582 8.078200 -0.002038 -0.992897 0.118956 -5.402400 0.266709 0.114108 0.956998 -0.535900 0.000000 0.000000 0.000000 1.000000
-0.977197 0.103717 0.185279 8.078200 -0.048416 -0.958437 0.281167 -5.402400 0.206739 0.265785 0.941603 -0.535900 0.000000 0.000000 0.000000 1.000000
-0.988688 0.136413 0.062356 8.078200 -0.082111 -0.840168 0.536075 -5.402400 0.125517 0.524890 0.841864 -0.535900 0.000000 0.000000 0.000000 1.000000
-0.989103 0.147029 -0.007565 8.078200 -0.101396 -0.643061 0.759073 -5.402400 0.106741 0.751568 0.650962 -0.535900 0.000000 0.000000 0.000000 1.000000</float_array>
        <technique_common>
          <accessor source="#mixamorig1_LeftUpLeg-Matrix-animation-output-transform-array" count="22" stride="16">
            <param type="float4x4"/>
          </accessor>
        </technique_common>
      </source>
      <source id="mixamorig1_LeftUpLeg-Interpolations">
        <Name_array id="mixamorig1_LeftUpLeg-Interpolations-array" count="22">
 LINEAR LINEAR LINEAR LINEAR LINEAR LINEAR LINEAR LINEAR LINEAR LINEAR LINEAR
LINEAR LINEAR LINEAR LINEAR LINEAR LINEAR LINEAR LINEAR LINEAR LINEAR LINEAR</Name_array>
        <technique_common>
          <accessor source="#mixamorig1_LeftUpLeg-Interpolations-array" count="22">
            <param type="name"/>
          </accessor>
        </technique_common>
      </source>
      <sampler id="mixamorig1_LeftUpLeg-Matrix-animation-transform">
        <input semantic="INPUT" source="#mixamorig1_LeftUpLeg-Matrix-animation-input"/>
        <input semantic="OUTPUT" source="#mixamorig1_LeftUpLeg-Matrix-animation-output-transform"/>
        <input semantic="INTERPOLATION" source="#mixamorig1_LeftUpLeg-Interpolations"/>
      </sampler>
      <channel source="#mixamorig1_LeftUpLeg-Matrix-animation-transform" target="mixamorig1_LeftUpLeg/matrix"/>
    </animation>
    <animation id="mixamorig1_LeftLeg-anim" name="mixamorig1_LeftLeg">
      <source id="mixamorig1_LeftLeg-Matrix-animation-input">
        <float_array id="mixamorig1_LeftLeg-Matrix-animation-input-array" count="22">

0.000000 0.033333 0.066667 0.100000 0.133333 0.166667 0.200000 0.233333 0.266667 0.300000 0.333333 0.366667 0.400000 0.433333 0.466667 0.500000
0.533333 0.566667 0.600000 0.633333 0.666667 0.700000</float_array>
        <technique_common>
          <accessor source="#mixamorig1_LeftLeg-Matrix-animation-input-array" count="22">
            <param name="TIME" type="float"/>
          </accessor>
        </technique_common>
      </source>
      <source id="mixamorig1_LeftLeg-Matrix-animation-output-transform">
        <float_array id="mixamorig1_LeftLeg-Matrix-animation-output-transform-array" count="352">

0.997038 0.004850 -0.076763 0.000000 0.062307 -0.636106 0.769082 42.789799 -0.045099 -0.771587 -0.634524 -0.000000 0.000000 0.000000 0.000000 1.000000
0.999954 0.003851 -0.008798 -0.000000 0.009457 -0.554446 0.832166 42.789799 -0.001674 -0.832211 -0.554457 0.000000 0.000000 0.000000 0.000000 1.000000
0.999868 0.013541 -0.008927 0.000000 0.013061 -0.345896 0.938182 42.789799 0.009616 -0.938175 -0.346027 0.000000 0.000000 0.000000 0.000000 1.000000
0.989033 0.016422 -0.146781 -0.000000 0.147289 -0.035862 0.988443 42.789799 0.010969 -0.999222 -0.037887 0.000000 0.000000 0.000000 0.000000 1.000000
0.985987 -0.010581 -0.166489 0.000000 0.160820 0.325633 0.931719 42.789799 0.044356 -0.945437 0.322771 0.000000 0.000000 0.000000 0.000000 1.000000
0.986756 -0.043879 -0.156162 0.000000 0.142754 0.692074 0.707570 42.789799 0.077028 -0.720492 0.689172 0.000000 0.000000 0.000000 0.000000 1.000000
0.999320 -0.033777 0.014809 0.000000 0.027376 0.948411 0.315860 42.789799 -0.024714 -0.315240 0.948690 0.000000 0.000000 0.000000 0.000000 1.000000
0.999692 -0.022015 0.011428 -0.000000 0.017983 0.960579 0.277426 42.789799 -0.017085 -0.277135 0.960679 0.000000 0.000000 0.000000 0.000000 1.000000
0.999112 0.008332 0.041295 0.000000 -0.028723 0.851805 0.523070 42.789799 -0.030817 -0.523792 0.851289 0.000000 0.000000 0.000000 0.000000 1.000000
0.997343 0.065060 0.032781 0.000000 -0.067246 0.649054 0.757765 42.789799 0.028023 -0.757956 0.651704 0.000000 0.000000 0.000000 0.000000 1.000000
0.998714 0.049060 0.012821 0.000000 -0.035961 0.507014 0.861187 42.789799 0.035749 -0.860540 0.508126 0.000000 0.000000 0.000000 0.000000 1.000000
0.999510 0.005090 -0.030881 0.000000 0.023449 0.531698 0.846610 42.789799 0.020728 -0.846919 0.531318 0.000000 0.000000 0.000000 0.000000 1.000000
0.989613 -0.046801 -0.135929 0.000000 0.125828 0.739284 0.661534 42.789799 0.069529 -0.671766 0.737493 0.000000 0.000000 0.000000 0.000000 1.000000
0.989371 -0.072595 -0.125998 0.000000 0.131604 0.815573 0.563490 42.789799 0.061854 -0.574083 0.816458 0.000000 0.000000 0.000000 0.000000 1.000000
0.992850 -0.078376 -0.090028 0.000000 0.114044 0.845531 0.521605 42.789799 0.035241 -0.528143 0.848424 0.000000 0.000000 0.000000 0.000000 1.000000
0.996716 -0.076569 -0.026349 0.000000 0.075368 0.758220 0.647628 42.789799 -0.029610 -0.647487 0.761501 0.000000 0.000000 0.000000 0.000000 1.000000
0.982065 -0.068853 -0.175519 0.000000 0.182125 0.587213 0.788677 42.789799 0.048764 -0.806498 0.589222 0.000000 0.000000 0.000000 0.000000 1.000000
0.982885 -0.057218 -0.175109 -0.000000 0.183195 0.203449 0.961794 42.789799 -0.019406 -0.977412 0.210449 0.000000 0.000000 0.000000 0.000000 1.000000
0.994078 -0.024389 -0.105900 0.000000 0.102809 -0.104728 0.989173 42.789799 -0.035215 -0.994202 -0.101600 -0.000000 0.000000 0.000000 0.000000 1.000000
0.997110 -0.000429 -0.075967 0.000000 0.070839 -0.355954 0.931815 42.789799 -0.027440 -0.934503 -0.354895 -0.000000 0.000000 0.000000 0.000000 1.000000
0.994605 0.008943 -0.103348 0.000000 0.090796 -0.556866 0.825625 42.789799 -0.050168 -0.830554 -0.554673 0.000000 0.000000 0.000000 0.000000 1.000000
0.997038 0.004850 -0.076764 -0.000000 0.062307 -0.636105 0.769083 42.789799 -0.045100 -0.771588 -0.634522 0.000000 0.000000 0.000000 0.000000 1.000000</float_array>
        <technique_common>
          <accessor source="#mixamorig1_LeftLeg-Matrix-animation-output-transform-array" count="22" stride="16">
            <param type="float4x4"/>
          </accessor>
        </technique_common>
      </source>
      <source id="mixamorig1_LeftLeg-Interpolations">
        <Name_array id="mixamorig1_LeftLeg-Interpolations-array" count="22">
 LINEAR LINEAR LINEAR LINEAR LINEAR LINEAR LINEAR LINEAR LINEAR LINEAR LINEAR
LINEAR LINEAR LINEAR LINEAR LINEAR LINEAR LINEAR LINEAR LINEAR LINEAR LINEAR</Name_array>
        <technique_common>
          <accessor source="#mixamorig1_LeftLeg-Interpolations-array" count="22">
            <param type="name"/>
          </accessor>
        </technique_common>
      </source>
      <sampler id="mixamorig1_LeftLeg-Matrix-animation-transform">
        <input semantic="INPUT" source="#mixamorig1_LeftLeg-Matrix-animation-input"/>
        <input semantic="OUTPUT" source="#mixamorig1_LeftLeg-Matrix-animation-output-transform"/>
        <input semantic="INTERPOLATION" source="#mixamorig1_LeftLeg-Interpolations"/>
      </sampler>
      <channel source="#mixamorig1_LeftLeg-Matrix-animation-transform" target="mixamorig1_LeftLeg/matrix"/>
    </animation>
    <animation id="mixamorig1_LeftFoot-anim" name="mixamorig1_LeftFoot">
      <source id="mixamorig1_LeftFoot-Matrix-animation-input">
        <float_array id="mixamorig1_LeftFoot-Matrix-animation-input-array" count="22">

0.000000 0.033333 0.066667 0.100000 0.133333 0.166667 0.200000 0.233333 0.266667 0.300000 0.333333 0.366667 0.400000 0.433333 0.466667 0.500000
0.533333 0.566667 0.600000 0.633333 0.666667 0.700000</float_array>
        <technique_common>
          <accessor source="#mixamorig1_LeftFoot-Matrix-animation-input-array" count="22">
            <param name="TIME" type="float"/>
          </accessor>
        </technique_common>
      </source>
      <source id="mixamorig1_LeftFoot-Matrix-animation-output-transform">
        <float_array id="mixamorig1_LeftFoot-Matrix-animation-output-transform-array" count="352">

0.997906 -0.063911 0.009971 0.000000 0.040474 0.496699 -0.866979 42.173698 0.050457 0.865567 0.498245 0.000000 0.000000 0.000000 0.000000 1.000000
0.994313 -0.088953 0.058563 0.000000 0.089127 0.394005 -0.914777 42.173698 0.058298 0.914794 0.399692 0.000000 0.000000 0.000000 0.000000 1.000000
0.997382 -0.067572 0.025750 0.000000 0.046164 0.320887 -0.945992 42.173698 0.055660 0.944704 0.323166 -0.000000 0.000000 0.000000 0.000000 1.000000
0.998844 -0.047735 -0.005576 0.000000 0.008003 0.279613 -0.960079 42.173698 0.047389 0.958925 0.279672 0.000000 0.000000 0.000000 0.000000 1.000000
0.993415 -0.106592 -0.042016 0.000000 -0.017658 0.219898 -0.975363 42.173698 0.113205 0.969682 0.216568 -0.000000 0.000000 0.000000 0.000000 1.000000
0.996431 -0.011807 -0.083582 0.000000 -0.078072 0.247585 -0.965716 42.173698 0.032095 0.968794 0.245779 0.000000 0.000000 0.000000 0.000000 1.000000
0.989490 0.024353 -0.142538 0.000000 -0.142898 0.315617 -0.938065 42.173698 0.022143 0.948574 0.315780 -0.000000 0.000000 0.000000 0.000000 1.000000
0.979735 0.069622 -0.187810 0.000000 -0.200190 0.309471 -0.929597 42.173698 -0.006599 0.948357 0.317138 0.000000 0.000000 0.000000 0.000000 1.000000
0.986743 -0.110335 0.119012 -0.000000 0.160434 0.552623 -0.817844 42.173698 0.024468 0.826095 0.562999 0.000000 0.000000 0.000000 0.000000 1.000000
0.976444 -0.080794 0.200072 0.000000 0.215663 0.336311 -0.916725 42.173698 0.006780 0.938279 0.345813 -0.000000 0.000000 0.000000 0.000000 1.000000
0.983590 -0.057822 0.170900 -0.000000 0.174888 0.072872 -0.981888 42.173698 0.044320 0.995664 0.081789 0.000000 0.000000 0.000000 0.000000 1.000000
0.992200 -0.006437 0.124488 0.000000 0.123252 -0.098726 -0.987452 42.173698 0.018646 0.995094 -0.097163 0.000000 0.000000 0.000000 0.000000 1.000000
0.987426 0.136039 0.080521 0.000000 0.097744 -0.125071 -0.987321 42.173698 -0.124243 0.982777 -0.136796 0.000000 0.000000 0.000000 0.000000 1.000000
0.988516 0.141439 0.053207 -0.000000 0.018919 0.233488 -0.972176 42.173698 -0.149926 0.962018 0.228131 -0.000000 0.000000 0.000000 0.000000 1.000000
0.990562 0.134077 0.028470 0.000000 -0.054048 0.572962 -0.817798 42.173698 -0.125960 0.808541 0.574801 0.000000 0.000000 0.000000 0.000000 1.000000
0.998701 0.000644 -0.050951 0.000000 -0.041277 0.596493 -0.801556 42.173698 0.029876 0.802618 0.595745 0.000000 0.000000 0.000000 0.000000 1.000000
0.996369 -0.017761 -0.083264 0.000000 -0.056325 0.595856 -0.801114 42.173698 0.063842 0.802895 0.592692 0.000000 0.000000 0.000000 0.000000 1.000000
0.990697 -0.024680 -0.133826 -0.000000 -0.090380 0.615867 -0.782649 42.173698 0.101735 0.787464 0.607907 -0.000000 0.000000 0.000000 0.000000 1.000000
0.992809 0.021493 -0.117764 -0.000000 -0.104379 0.637086 -0.763693 42.173698 0.058612 0.770493 0.634748 0.000000 0.000000 0.000000 0.000000 1.000000
0.994218 0.018000 -0.105862 0.000000 -0.093331 0.632390 -0.769007 42.173698 0.053104 0.774441 0.630413 0.000000 0.000000 0.000000 0.000000 1.000000
0.997749 -0.010739 -0.066192 -0.000000 -0.046794 0.595540 -0.801962 42.173698 0.048032 0.803254 0.593697 0.000000 0.000000 0.000000 0.000000 1.000000
0.997906 -0.063911 0.009971 0.000000 0.040474 0.496700 -0.866978 42.173698 0.050457 0.865566 0.498246 0.000000 0.000000 0.000000 0.000000 1.000000</float_array>
        <technique_common>
          <accessor source="#mixamorig1_LeftFoot-Matrix-animation-output-transform-array" count="22" stride="16">
            <param type="float4x4"/>
          </accessor>
        </technique_common>
      </source>
      <source id="mixamorig1_LeftFoot-Interpolations">
        <Name_array id="mixamorig1_LeftFoot-Interpolations-array" count="22">
 LINEAR LINEAR LINEAR LINEAR LINEAR LINEAR LINEAR LINEAR LINEAR LINEAR LINEAR
LINEAR LINEAR LINEAR LINEAR LINEAR LINEAR LINEAR LINEAR LINEAR LINEAR LINEAR</Name_array>
        <technique_common>
          <accessor source="#mixamorig1_LeftFoot-Interpolations-array" count="22">
            <param type="name"/>
          </accessor>
        </technique_common>
      </source>
      <sampler id="mixamorig1_LeftFoot-Matrix-animation-transform">
        <input semantic="INPUT" source="#mixamorig1_LeftFoot-Matrix-animation-input"/>
        <input semantic="OUTPUT" source="#mixamorig1_LeftFoot-Matrix-animation-output-transform"/>
        <input semantic="INTERPOLATION" source="#mixamorig1_LeftFoot-Interpolations"/>
      </sampler>
      <channel source="#mixamorig1_LeftFoot-Matrix-animation-transform" target="mixamorig1_LeftFoot/matrix"/>
    </animation>
    <animation id="mixamorig1_LeftToeBase-anim" name="mixamorig1_LeftToeBase">
      <source id="mixamorig1_LeftToeBase-Matrix-animation-input">
        <float_array id="mixamorig1_LeftToeBase-Matrix-animation-input-array" count="22">

0.000000 0.033333 0.066667 0.100000 0.133333 0.166667 0.200000 0.233333 0.266667 0.300000 0.333333 0.366667 0.400000 0.433333 0.466667 0.500000
0.533333 0.566667 0.600000 0.633333 0.666667 0.700000</float_array>
        <technique_common>
          <accessor source="#mixamorig1_LeftToeBase-Matrix-animation-input-array" count="22">
            <param name="TIME" type="float"/>
          </accessor>
        </technique_common>
      </source>
      <source id="mixamorig1_LeftToeBase-Matrix-animation-output-transform">
        <float_array id="mixamorig1_LeftToeBase-Matrix-animation-output-transform-array" count="352">

0.992990 -0.065905 -0.098114 -0.000000 -0.000269 0.828847 -0.559475 16.182301 0.118194 0.555579 0.823020 0.000000 0.000000 0.000000 0.000000 1.000000
0.993360 -0.062286 -0.096727 -0.000000 0.002671 0.853021 -0.521869 16.182301 0.115015 0.518146 0.847524 0.000000 0.000000 0.000000 0.000000 1.000000
0.993478 -0.061140 -0.096248 0.000000 0.003582 0.860413 -0.509586 16.182301 0.113969 0.505917 0.855020 -0.000000 0.000000 0.000000 0.000000 1.000000
0.993305 -0.062822 -0.096944 0.000000 0.002242 0.849527 -0.527541 16.182301 0.115497 0.523792 0.843980 0.000000 0.000000 0.000000 0.000000 1.000000
0.992973 -0.066077 -0.098175 -0.000000 -0.000410 0.827671 -0.561214 16.182301 0.118340 0.557311 0.821827 0.000000 0.000000 0.000000 0.000000 1.000000
0.992695 -0.068822 -0.099099 0.000000 -0.002703 0.808461 -0.588544 16.182301 0.120622 0.584512 0.802369 -0.000000 0.000000 0.000000 0.000000 1.000000
0.992424 -0.071515 -0.099906 -0.000000 -0.005001 0.788953 -0.614433 16.182301 0.122762 0.610277 0.782618 0.000000 0.000000 0.000000 0.000000 1.000000
0.991854 -0.077223 -0.101307 0.000000 -0.010025 0.745504 -0.666425 16.182301 0.126988 0.662012 0.738657 -0.000000 0.000000 0.000000 0.000000 1.000000
0.991172 -0.084136 -0.102462 0.000000 -0.016378 0.689212 -0.724374 16.182301 0.131564 0.719658 0.681750 0.000000 0.000000 0.000000 0.000000 1.000000
0.993288 -0.062989 -0.097011 0.000000 0.002107 0.848429 -0.529305 16.182301 0.115647 0.525548 0.842867 0.000000 0.000000 0.000000 0.000000 1.000000
0.993115 -0.064679 -0.097665 0.000000 0.000738 0.837182 -0.546924 16.182301 0.117138 0.543086 0.831466 0.000000 0.000000 0.000000 0.000000 1.000000
0.993037 -0.065444 -0.097947 0.000000 0.000111 0.831999 -0.554776 16.182301 0.117799 0.550903 0.826214 0.000000 0.000000 0.000000 0.000000 1.000000
0.992823 -0.067554 -0.098685 0.000000 -0.001638 0.817419 -0.576041 16.182301 0.119581 0.572068 0.811442 0.000000 0.000000 0.000000 0.000000 1.000000
0.995242 -0.083012 -0.051021 0.000000 0.018324 0.673734 -0.738747 16.182301 0.095700 0.734297 0.672049 -0.000000 0.000000 0.000000 0.000000 1.000000
0.996408 -0.083127 -0.016185 0.000000 0.033228 0.559538 -0.828138 16.182301 0.077897 0.824625 0.560290 0.000000 0.000000 0.000000 0.000000 1.000000
0.993177 -0.064072 -0.097435 0.000000 0.001232 0.841250 -0.540644 16.182301 0.116607 0.536836 0.835590 0.000000 0.000000 0.000000 0.000000 1.000000
0.993003 -0.065782 -0.098070 0.000000 -0.000168 0.829687 -0.558229 16.182301 0.118089 0.554339 0.823871 0.000000 0.000000 0.000000 0.000000 1.000000
0.992876 -0.067029 -0.098507 0.000000 -0.001199 0.821091 -0.570796 16.182301 0.119143 0.566848 0.815161 0.000000 0.000000 0.000000 0.000000 1.000000
0.992935 -0.066449 -0.098306 0.000000 -0.000717 0.825113 -0.564968 16.182301 0.118655 0.561047 0.819236 -0.000000 0.000000 0.000000 0.000000 1.000000
0.993206 -0.063788 -0.097325 0.000000 0.001463 0.843149 -0.537678 16.182301 0.116357 0.533883 0.837514 0.000000 0.000000 0.000000 0.000000 1.000000
0.993335 -0.062531 -0.096826 0.000000 0.002475 0.851431 -0.524461 16.182301 0.115236 0.520725 0.845911 -0.000000 0.000000 0.000000 0.000000 1.000000
0.992991 -0.065905 -0.098114 0.000000 -0.000269 0.828847 -0.559475 16.182301 0.118194 0.555579 0.823020 0.000000 0.000000 0.000000 0.000000 1.000000</float_array>
        <technique_common>
          <accessor source="#mixamorig1_LeftToeBase-Matrix-animation-output-transform-array" count="22" stride="16">
            <param type="float4x4"/>
          </accessor>
        </technique_common>
      </source>
      <source id="mixamorig1_LeftToeBase-Interpolations">
        <Name_array id="mixamorig1_LeftToeBase-Interpolations-array" count="22">
 LINEAR LINEAR LINEAR LINEAR LINEAR LINEAR LINEAR LINEAR LINEAR LINEAR LINEAR
LINEAR LINEAR LINEAR LINEAR LINEAR LINEAR LINEAR LINEAR LINEAR LINEAR LINEAR</Name_array>
        <technique_common>
          <accessor source="#mixamorig1_LeftToeBase-Interpolations-array" count="22">
            <param type="name"/>
          </accessor>
        </technique_common>
      </source>
      <sampler id="mixamorig1_LeftToeBase-Matrix-animation-transform">
        <input semantic="INPUT" source="#mixamorig1_LeftToeBase-Matrix-animation-input"/>
        <input semantic="OUTPUT" source="#mixamorig1_LeftToeBase-Matrix-animation-output-transform"/>
        <input semantic="INTERPOLATION" source="#mixamorig1_LeftToeBase-Interpolations"/>
      </sampler>
      <channel source="#mixamorig1_LeftToeBase-Matrix-animation-transform" target="mixamorig1_LeftToeBase/matrix"/>
    </animation>
    <animation id="mixamorig1_RightUpLeg-anim" name="mixamorig1_RightUpLeg">
      <source id="mixamorig1_RightUpLeg-Matrix-animation-input">
        <float_array id="mixamorig1_RightUpLeg-Matrix-animation-input-array" count="22">

0.000000 0.033333 0.066667 0.100000 0.133333 0.166667 0.200000 0.233333 0.266667 0.300000 0.333333 0.366667 0.400000 0.433333 0.466667 0.500000
0.533333 0.566667 0.600000 0.633333 0.666667 0.700000</float_array>
        <technique_common>
          <accessor source="#mixamorig1_RightUpLeg-Matrix-animation-input-array" count="22">
            <param name="TIME" type="float"/>
          </accessor>
        </technique_common>
      </source>
      <source id="mixamorig1_RightUpLeg-Matrix-animation-output-transform">
        <float_array id="mixamorig1_RightUpLeg-Matrix-animation-output-transform-array" count="352">

-0.979916 0.100519 -0.172223 -8.078200 -0.180121 -0.816752 0.548154 -5.402400 -0.085564 0.568165 0.818454 -0.751800 0.000000 0.000000 0.000000 1.000000
-0.985347 0.060578 -0.159439 -8.078200 -0.108426 -0.944077 0.311387 -5.402400 -0.131659 0.324111 0.936812 -0.751800 0.000000 0.000000 0.000000 1.000000
-0.982222 -0.007838 -0.187558 -8.078200 -0.001112 -0.998867 0.047568 -5.402400 -0.187719 0.046930 0.981101 -0.751800 0.000000 0.000000 0.000000 1.000000
-0.957965 -0.118622 -0.261214 -8.078200 0.139076 -0.988389 -0.061194 -5.402400 -0.250922 -0.094950 0.963339 -0.751800 0.000000 0.000000 0.000000 1.000000
-0.950298 -0.164060 -0.264610 -8.078200 0.187837 -0.979910 -0.067030 -5.402400 -0.248297 -0.113402 0.962023 -0.751800 0.000000 0.000000 0.000000 1.000000
-0.970873 -0.080299 -0.225737 -8.078200 0.106357 -0.988690 -0.105736 -5.402400 -0.214694 -0.126665 0.968433 -0.751800 0.000000 0.000000 0.000000 1.000000
-0.977800 -0.035755 -0.206467 -8.078200 0.053515 -0.995269 -0.081087 -5.402400 -0.202591 -0.090336 0.975088 -0.751800 0.000000 0.000000 0.000000 1.000000
-0.972263 -0.014436 -0.233444 -8.078200 0.005873 -0.999286 0.037335 -5.402400 -0.233817 0.034928 0.971653 -0.751800 0.000000 0.000000 0.000000 1.000000
-0.974585 -0.057984 -0.216382 -8.078200 0.001077 -0.967122 0.254309 -5.402400 -0.224013 0.247613 0.942606 -0.751800 0.000000 0.000000 0.000000 1.000000
-0.984737 -0.124988 -0.121125 -8.078200 0.040571 -0.841592 0.538588 -5.402400 -0.169255 0.525454 0.833817 -0.751800 0.000000 0.000000 0.000000 1.000000
-0.991313 -0.130319 -0.017753 -8.078200 0.070753 -0.642184 0.763278 -5.402400 -0.110870 0.755392 0.645826 -0.751800 0.000000 0.000000 0.000000 1.000000
-0.994601 -0.096640 -0.037822 -8.078200 0.013049 -0.478020 0.878252 -5.402400 -0.102953 0.873016 0.476700 -0.751800 0.000000 0.000000 0.000000 1.000000
-0.993443 -0.066733 -0.092833 -8.078200 -0.059609 -0.390549 0.918650 -5.402400 -0.097560 0.918160 0.384010 -0.751800 0.000000 0.000000 0.000000 1.000000
-0.995553 0.025712 -0.090631 -8.078200 -0.093308 -0.401769 0.910975 -5.402400 -0.012990 0.915380 0.402382 -0.751800 0.000000 0.000000 0.000000 1.000000
-0.991807 0.110962 -0.063293 -8.078200 -0.106723 -0.447437 0.887925 -5.402400 0.070206 0.887405 0.455614 -0.751800 0.000000 0.000000 0.000000 1.000000
-0.995866 0.090115 -0.011366 -8.078200 -0.061538 -0.577364 0.814165 -5.402400 0.066806 0.811499 0.580522 -0.751800 0.000000 0.000000 0.000000 1.000000
-0.999932 0.010281 -0.005560 -8.078200 -0.010923 -0.652586 0.757636 -5.402400 0.004161 0.757645 0.652654 -0.751800 0.000000 0.000000 0.000000 1.000000
-0.999053 0.014429 -0.041057 -8.078200 -0.037048 -0.776981 0.628433 -5.402400 -0.022833 0.629359 0.776779 -0.751800 0.000000 0.000000 0.000000 1.000000
-0.993854 0.068288 -0.087128 -8.078200 -0.107157 -0.791000 0.602359 -5.402400 -0.027784 0.607993 0.793456 -0.751800 0.000000 0.000000 0.000000 1.000000
-0.983390 0.078074 -0.163853 -8.078200 -0.166230 -0.749886 0.640343 -5.402400 -0.072877 0.656944 0.750409 -0.751800 0.000000 0.000000 0.000000 1.000000
-0.976705 0.071911 -0.202180 -8.078200 -0.187177 -0.746256 0.638801 -5.402400 -0.104941 0.661763 0.742332 -0.751800 0.000000 0.000000 0.000000 1.000000
-0.979916 0.100518 -0.172223 -8.078200 -0.180121 -0.816752 0.548154 -5.402400 -0.085564 0.568166 0.818453 -0.751800 0.000000 0.000000 0.000000 1.000000</float_array>
        <technique_common>
          <accessor source="#mixamorig1_RightUpLeg-Matrix-animation-output-transform-array" count="22" stride="16">
            <param type="float4x4"/>
          </accessor>
        </technique_common>
      </source>
      <source id="mixamorig1_RightUpLeg-Interpolations">
        <Name_array id="mixamorig1_RightUpLeg-Interpolations-array" count="22">
 LINEAR LINEAR LINEAR LINEAR LINEAR LINEAR LINEAR LINEAR LINEAR LINEAR LINEAR
LINEAR LINEAR LINEAR LINEAR LINEAR LINEAR LINEAR LINEAR LINEAR LINEAR LINEAR</Name_array>
        <technique_common>
          <accessor source="#mixamorig1_RightUpLeg-Interpolations-array" count="22">
            <param type="name"/>
          </accessor>
        </technique_common>
      </source>
      <sampler id="mixamorig1_RightUpLeg-Matrix-animation-transform">
        <input semantic="INPUT" source="#mixamorig1_RightUpLeg-Matrix-animation-input"/>
        <input semantic="OUTPUT" source="#mixamorig1_RightUpLeg-Matrix-animation-output-transform"/>
        <input semantic="INTERPOLATION" source="#mixamorig1_RightUpLeg-Interpolations"/>
      </sampler>
      <channel source="#mixamorig1_RightUpLeg-Matrix-animation-transform" target="mixamorig1_RightUpLeg/matrix"/>
    </animation>
    <animation id="mixamorig1_RightLeg-anim" name="mixamorig1_RightLeg">
      <source id="mixamorig1_RightLeg-Matrix-animation-input">
        <float_array id="mixamorig1_RightLeg-Matrix-animation-input-array" count="22">

0.000000 0.033333 0.066667 0.100000 0.133333 0.166667 0.200000 0.233333 0.266667 0.300000 0.333333 0.366667 0.400000 0.433333 0.466667 0.500000
0.533333 0.566667 0.600000 0.633333 0.666667 0.700000</float_array>
        <technique_common>
          <accessor source="#mixamorig1_RightLeg-Matrix-animation-input-array" count="22">
            <param name="TIME" type="float"/>
          </accessor>
        </technique_common>
      </source>
      <source id="mixamorig1_RightLeg-Matrix-animation-output-transform">
        <float_array id="mixamorig1_RightLeg-Matrix-animation-output-transform-array" count="352">

0.999272 -0.032177 -0.020477 0.000000 0.034745 0.546574 0.836690 42.775902 -0.015730 -0.836793 0.547294 0.000000 0.000000 0.000000 0.000000 1.000000
0.998387 0.023423 -0.051725 -0.000000 0.024351 0.646298 0.762696 42.775902 0.051295 -0.762725 0.644685 0.000000 0.000000 0.000000 0.000000 1.000000
0.996833 0.072367 -0.032971 0.000000 -0.042540 0.835545 0.547773 42.775902 0.067190 -0.544636 0.835977 0.000000 0.000000 0.000000 0.000000 1.000000
0.995350 0.091133 -0.031182 0.000000 -0.065614 0.878533 0.473154 42.775902 0.070514 -0.468908 0.880428 0.000000 0.000000 0.000000 0.000000 1.000000
0.992641 0.112531 -0.044731 0.000000 -0.067500 0.820855 0.567134 42.775902 0.100537 -0.559941 0.822410 0.000000 0.000000 0.000000 0.000000 1.000000
0.990410 0.137604 0.012409 -0.000000 -0.107719 0.712817 0.693028 42.775902 0.086518 -0.687718 0.720804 -0.000000 0.000000 0.000000 0.000000 1.000000
0.981357 0.138729 0.133012 -0.000000 -0.183984 0.478015 0.858867 42.775902 0.055568 -0.867327 0.494627 0.000000 0.000000 0.000000 0.000000 1.000000
0.985944 0.107787 0.127660 0.000000 -0.144918 0.171435 0.974479 42.775902 0.083150 -0.979281 0.184646 0.000000 0.000000 0.000000 0.000000 1.000000
0.991165 0.055932 0.120261 0.000000 -0.110061 -0.159133 0.981103 42.775902 0.074013 -0.985672 -0.151571 0.000000 0.000000 0.000000 0.000000 1.000000
0.994231 0.003602 0.107199 -0.000000 -0.096970 -0.396955 0.912701 42.775902 0.045841 -0.917831 -0.394316 -0.000000 0.000000 0.000000 0.000000 1.000000
0.999561 -0.016314 -0.024739 0.000000 0.013203 -0.502199 0.864651 42.775902 -0.026530 -0.864598 -0.501763 0.000000 0.000000 0.000000 0.000000 1.000000
0.997685 -0.017203 -0.065786 0.000000 0.052158 -0.427120 0.902689 42.775902 -0.043627 -0.904031 -0.425235 -0.000000 0.000000 0.000000 0.000000 1.000000
0.990445 -0.024413 -0.135728 0.000000 0.128062 -0.202352 0.970904 42.775902 -0.051167 -0.979008 -0.197293 0.000000 0.000000 0.000000 0.000000 1.000000
0.995956 -0.053385 -0.072268 0.000000 0.081238 0.191467 0.978131 42.775902 -0.038380 -0.980046 0.195029 0.000000 0.000000 0.000000 0.000000 1.000000
0.999567 -0.029158 -0.003928 -0.000000 0.019959 0.573919 0.818669 42.775902 -0.021617 -0.818393 0.574252 0.000000 0.000000 0.000000 0.000000 1.000000
0.999926 -0.012061 -0.001732 0.000000 0.010945 0.826613 0.562664 42.775902 -0.005355 -0.562641 0.826684 0.000000 0.000000 0.000000 0.000000 1.000000
0.993470 0.013732 -0.113260 0.000000 0.035260 0.907176 0.419272 42.775902 0.108504 -0.420528 0.900768 0.000000 0.000000 0.000000 0.000000 1.000000
0.999221 0.005506 -0.039079 -0.000000 0.000938 0.986626 0.162997 42.775902 0.039454 -0.162907 0.985852 -0.000000 0.000000 0.000000 0.000000 1.000000
0.998392 -0.021192 -0.052581 0.000000 0.034951 0.960354 0.276583 42.775902 0.044635 -0.277976 0.959550 0.000000 0.000000 0.000000 0.000000 1.000000
0.998343 -0.049453 -0.029428 0.000000 0.057252 0.801831 0.594802 42.775902 -0.005819 -0.595502 0.803333 -0.000000 0.000000 0.000000 0.000000 1.000000
0.996524 -0.063284 -0.054178 0.000000 0.081497 0.605672 0.791530 42.775902 -0.017277 -0.793194 0.608724 0.000000 0.000000 0.000000 0.000000 1.000000
0.999272 -0.032177 -0.020477 0.000000 0.034745 0.546572 0.836691 42.775902 -0.015730 -0.836794 0.547293 -0.000000 0.000000 0.000000 0.000000 1.000000</float_array>
        <technique_common>
          <accessor source="#mixamorig1_RightLeg-Matrix-animation-output-transform-array" count="22" stride="16">
            <param type="float4x4"/>
          </accessor>
        </technique_common>
      </source>
      <source id="mixamorig1_RightLeg-Interpolations">
        <Name_array id="mixamorig1_RightLeg-Interpolations-array" count="22">
 LINEAR LINEAR LINEAR LINEAR LINEAR LINEAR LINEAR LINEAR LINEAR LINEAR LINEAR
LINEAR LINEAR LINEAR LINEAR LINEAR LINEAR LINEAR LINEAR LINEAR LINEAR LINEAR</Name_array>
        <technique_common>
          <accessor source="#mixamorig1_RightLeg-Interpolations-array" count="22">
            <param type="name"/>
          </accessor>
        </technique_common>
      </source>
      <sampler id="mixamorig1_RightLeg-Matrix-animation-transform">
        <input semantic="INPUT" source="#mixamorig1_RightLeg-Matrix-animation-input"/>
        <input semantic="OUTPUT" source="#mixamorig1_RightLeg-Matrix-animation-output-transform"/>
        <input semantic="INTERPOLATION" source="#mixamorig1_RightLeg-Interpolations"/>
      </sampler>
      <channel source="#mixamorig1_RightLeg-Matrix-animation-transform" target="mixamorig1_RightLeg/matrix"/>
    </animation>
    <animation id="mixamorig1_RightFoot-anim" name="mixamorig1_RightFoot">
      <source id="mixamorig1_RightFoot-Matrix-animation-input">
        <float_array id="mixamorig1_RightFoot-Matrix-animation-input-array" count="22">

0.000000 0.033333 0.066667 0.100000 0.133333 0.166667 0.200000 0.233333 0.266667 0.300000 0.333333 0.366667 0.400000 0.433333 0.466667 0.500000
0.533333 0.566667 0.600000 0.633333 0.666667 0.700000</float_array>
        <technique_common>
          <accessor source="#mixamorig1_RightFoot-Matrix-animation-input-array" count="22">
            <param name="TIME" type="float"/>
          </accessor>
        </technique_common>
      </source>
      <source id="mixamorig1_RightFoot-Matrix-animation-output-transform">
        <float_array id="mixamorig1_RightFoot-Matrix-animation-output-transform-array" count="352">

0.976650 0.109350 -0.184923 0.000000 -0.184543 -0.013675 -0.982729 42.179699 -0.109990 0.993909 0.006825 0.000000 0.000000 0.000000 0.000000 1.000000
0.982733 0.096360 -0.157956 0.000000 -0.144933 -0.129798 -0.980891 42.179699 -0.115021 0.986847 -0.113591 0.000000 0.000000 0.000000 0.000000 1.000000
0.992423 0.034473 -0.117937 0.000000 -0.117643 -0.010453 -0.993001 42.179699 -0.035464 0.999351 -0.006319 -0.000000 0.000000 0.000000 0.000000 1.000000
0.994243 -0.028818 -0.103197 -0.000000 -0.085087 0.372993 -0.923925 42.179699 0.065117 0.927387 0.368393 -0.000000 0.000000 0.000000 0.000000 1.000000
0.990319 -0.132854 0.040230 -0.000000 0.116898 0.641890 -0.757834 42.179699 0.074858 0.755200 0.651206 -0.000000 0.000000 0.000000 0.000000 1.000000
0.994662 -0.053622 0.088163 0.000000 0.102087 0.635899 -0.764991 42.179699 -0.015042 0.769907 0.637978 -0.000000 0.000000 0.000000 0.000000 1.000000
0.997225 -0.035799 0.065279 0.000000 0.072814 0.651789 -0.754897 42.179699 -0.015523 0.757555 0.652586 0.000000 0.000000 0.000000 0.000000 1.000000
0.991607 0.069726 0.108877 0.000000 0.032502 0.680630 -0.731906 42.179699 -0.125138 0.729301 0.672651 -0.000000 0.000000 0.000000 0.000000 1.000000
0.990483 0.085039 0.108223 0.000000 0.020158 0.688188 -0.725252 42.179699 -0.136152 0.720531 0.679924 0.000000 0.000000 0.000000 0.000000 1.000000
0.999341 0.026835 -0.024445 -0.000000 -0.036238 0.698124 -0.715059 42.179699 -0.002123 0.715474 0.698636 -0.000000 0.000000 0.000000 0.000000 1.000000
0.997406 0.051360 -0.050430 0.000000 -0.071699 0.647103 -0.759023 42.179699 -0.006350 0.760670 0.649107 -0.000000 0.000000 0.000000 0.000000 1.000000
0.994690 0.073705 -0.071825 0.000000 -0.099980 0.526617 -0.844203 42.179699 -0.024397 0.846902 0.531189 0.000000 0.000000 0.000000 0.000000 1.000000
0.988978 0.096246 -0.112512 0.000000 -0.143145 0.427339 -0.892687 42.179699 -0.037837 0.898954 0.436406 0.000000 0.000000 0.000000 0.000000 1.000000
0.994752 0.071735 -0.072962 0.000000 -0.096389 0.417739 -0.903439 42.179699 -0.034330 0.905731 0.422461 -0.000000 0.000000 0.000000 0.000000 1.000000
0.999174 0.037497 -0.015673 0.000000 -0.029842 0.415134 -0.909271 42.179699 -0.027588 0.908987 0.415910 0.000000 0.000000 0.000000 0.000000 1.000000
0.998759 0.006308 0.049398 0.000000 0.043948 0.354862 -0.933885 42.179699 -0.023421 0.934897 0.354145 0.000000 0.000000 0.000000 0.000000 1.000000
0.991151 -0.021068 0.131057 0.000000 0.132230 0.243185 -0.960925 42.179699 -0.011626 0.969751 0.243819 0.000000 0.000000 0.000000 0.000000 1.000000
0.991956 -0.037894 0.120779 0.000000 0.125825 0.399463 -0.908074 42.179699 -0.013836 0.915966 0.401017 0.000000 0.000000 0.000000 0.000000 1.000000
0.982160 0.121700 -0.143356 0.000000 -0.183964 0.463809 -0.866625 42.179699 -0.038979 0.877536 0.477923 0.000000 0.000000 0.000000 0.000000 1.000000
0.967176 0.164478 -0.193694 0.000000 -0.250688 0.492977 -0.833144 42.179699 -0.041547 0.854354 0.518028 0.000000 0.000000 0.000000 0.000000 1.000000
0.966268 0.139697 -0.216358 -0.000000 -0.241887 0.203882 -0.948643 42.179699 -0.088411 0.968977 0.230795 0.000000 0.000000 0.000000 0.000000 1.000000
0.976650 0.109350 -0.184924 0.000000 -0.184544 -0.013676 -0.982729 42.179699 -0.109991 0.993909 0.006824 -0.000000 0.000000 0.000000 0.000000 1.000000</float_array>
        <technique_common>
          <accessor source="#mixamorig1_RightFoot-Matrix-animation-output-transform-array" count="22" stride="16">
            <param type="float4x4"/>
          </accessor>
        </technique_common>
      </source>
      <source id="mixamorig1_RightFoot-Interpolations">
        <Name_array id="mixamorig1_RightFoot-Interpolations-array" count="22">
 LINEAR LINEAR LINEAR LINEAR LINEAR LINEAR LINEAR LINEAR LINEAR LINEAR LINEAR
LINEAR LINEAR LINEAR LINEAR LINEAR LINEAR LINEAR LINEAR LINEAR LINEAR LINEAR</Name_array>
        <technique_common>
          <accessor source="#mixamorig1_RightFoot-Interpolations-array" count="22">
            <param type="name"/>
          </accessor>
        </technique_common>
      </source>
      <sampler id="mixamorig1_RightFoot-Matrix-animation-transform">
        <input semantic="INPUT" source="#mixamorig1_RightFoot-Matrix-animation-input"/>
        <input semantic="OUTPUT" source="#mixamorig1_RightFoot-Matrix-animation-output-transform"/>
        <input semantic="INTERPOLATION" source="#mixamorig1_RightFoot-Interpolations"/>
      </sampler>
      <channel source="#mixamorig1_RightFoot-Matrix-animation-transform" target="mixamorig1_RightFoot/matrix"/>
    </animation>
    <animation id="mixamorig1_RightToeBase-anim" name="mixamorig1_RightToeBase">
      <source id="mixamorig1_RightToeBase-Matrix-animation-input">
        <float_array id="mixamorig1_RightToeBase-Matrix-animation-input-array" count="22">

0.000000 0.033333 0.066667 0.100000 0.133333 0.166667 0.200000 0.233333 0.266667 0.300000 0.333333 0.366667 0.400000 0.433333 0.466667 0.500000
0.533333 0.566667 0.600000 0.633333 0.666667 0.700000</float_array>
        <technique_common>
          <accessor source="#mixamorig1_RightToeBase-Matrix-animation-input-array" count="22">
            <param name="TIME" type="float"/>
          </accessor>
        </technique_common>
      </source>
      <source id="mixamorig1_RightToeBase-Matrix-animation-output-transform">
        <float_array id="mixamorig1_RightToeBase-Matrix-animation-output-transform-array" count="352">

0.993029 0.064163 0.098879 0.000000 -0.001699 0.846571 -0.532274 16.260500 -0.117860 0.528395 0.840778 0.000000 0.000000 0.000000 0.000000 1.000000
0.993059 0.063865 0.098763 -0.000000 -0.001944 0.848525 -0.529151 16.260500 -0.117597 0.525286 0.842760 -0.000000 0.000000 0.000000 0.000000 1.000000
0.991792 0.076323 0.102588 0.000000 0.008818 0.759578 -0.650357 16.260500 -0.127560 0.645923 0.752670 0.000000 0.000000 0.000000 0.000000 1.000000
0.987391 0.122515 0.100240 -0.000000 0.056786 0.316955 -0.946739 16.260500 -0.147762 0.940494 0.306001 0.000000 0.000000 0.000000 0.000000 1.000000
0.992704 0.083148 0.087319 0.000000 0.003779 0.702376 -0.711796 16.260500 -0.120515 0.706933 0.696938 -0.000000 0.000000 0.000000 0.000000 1.000000
0.990940 0.084892 0.104069 0.000000 0.016780 0.690557 -0.723083 16.260500 -0.133249 0.718279 0.682876 0.000000 0.000000 0.000000 0.000000 1.000000
0.990982 0.084468 0.104017 0.000000 0.016376 0.694112 -0.719681 16.260500 -0.132989 0.714894 0.686469 0.000000 0.000000 0.000000 0.000000 1.000000
0.990814 0.086181 0.104215 0.000000 0.018016 0.679649 -0.733317 16.260500 -0.134028 0.728458 0.671853 0.000000 0.000000 0.000000 0.000000 1.000000
0.990727 0.087064 0.104304 0.000000 0.018867 0.672100 -0.740220 16.260500 -0.134549 0.735324 0.664226 0.000000 0.000000 0.000000 0.000000 1.000000
0.990453 0.089877 0.104526 -0.000000 0.021610 0.647635 -0.761644 16.260500 -0.136149 0.756631 0.639510 0.000000 0.000000 0.000000 0.000000 1.000000
0.990668 0.087672 0.104360 0.000000 0.019456 0.666868 -0.744922 16.260500 -0.134903 0.740000 0.658939 0.000000 0.000000 0.000000 0.000000 1.000000
0.991368 0.080563 0.103432 0.000000 0.012703 0.726188 -0.687379 16.260500 -0.130489 0.682759 0.718897 0.000000 0.000000 0.000000 0.000000 1.000000
0.991723 0.077008 0.102739 0.000000 0.009438 0.754289 -0.656475 16.260500 -0.128049 0.652011 0.747319 0.000000 0.000000 0.000000 0.000000 1.000000
0.991708 0.077154 0.102770 0.000000 0.009562 0.753196 -0.657726 16.260500 -0.128152 0.653255 0.746213 0.000000 0.000000 0.000000 0.000000 1.000000
0.991623 0.078006 0.102949 0.000000 0.010347 0.746505 -0.665300 16.260500 -0.128750 0.660792 0.739444 0.000000 0.000000 0.000000 0.000000 1.000000
0.991548 0.078763 0.103101 0.000000 0.011040 0.740552 -0.671909 16.260500 -0.129273 0.667368 0.733423 0.000000 0.000000 0.000000 0.000000 1.000000
0.991428 0.079963 0.103326 0.000000 0.012147 0.731004 -0.682265 16.260500 -0.130088 0.677672 0.723767 -0.000000 0.000000 0.000000 0.000000 1.000000
0.991469 0.079555 0.103251 0.000000 0.011769 0.734267 -0.678758 16.260500 -0.129813 0.674183 0.727067 0.000000 0.000000 0.000000 0.000000 1.000000
0.991245 0.081803 0.103638 0.000000 0.013860 0.716139 -0.697820 16.260500 -0.131303 0.693147 0.708736 -0.000000 0.000000 0.000000 0.000000 1.000000
0.991088 0.083400 0.103875 0.000000 0.015362 0.703011 -0.711013 16.260500 -0.132324 0.706272 0.695465 -0.000000 0.000000 0.000000 0.000000 1.000000
0.992996 0.064476 0.099000 0.000000 -0.001441 0.844504 -0.535548 16.260500 -0.118136 0.531654 0.838682 0.000000 0.000000 0.000000 0.000000 1.000000
0.993029 0.064163 0.098879 0.000000 -0.001699 0.846571 -0.532274 16.260500 -0.117860 0.528395 0.840778 0.000000 0.000000 0.000000 0.000000 1.000000</float_array>
        <technique_common>
          <accessor source="#mixamorig1_RightToeBase-Matrix-animation-output-transform-array" count="22" stride="16">
            <param type="float4x4"/>
          </accessor>
        </technique_common>
      </source>
      <source id="mixamorig1_RightToeBase-Interpolations">
        <Name_array id="mixamorig1_RightToeBase-Interpolations-array" count="22">
 LINEAR LINEAR LINEAR LINEAR LINEAR LINEAR LINEAR LINEAR LINEAR LINEAR LINEAR
LINEAR LINEAR LINEAR LINEAR LINEAR LINEAR LINEAR LINEAR LINEAR LINEAR LINEAR</Name_array>
        <technique_common>
          <accessor source="#mixamorig1_RightToeBase-Interpolations-array" count="22">
            <param type="name"/>
          </accessor>
        </technique_common>
      </source>
      <sampler id="mixamorig1_RightToeBase-Matrix-animation-transform">
        <input semantic="INPUT" source="#mixamorig1_RightToeBase-Matrix-animation-input"/>
        <input semantic="OUTPUT" source="#mixamorig1_RightToeBase-Matrix-animation-output-transform"/>
        <input semantic="INTERPOLATION" source="#mixamorig1_RightToeBase-Interpolations"/>
      </sampler>
      <channel source="#mixamorig1_RightToeBase-Matrix-animation-transform" target="mixamorig1_RightToeBase/matrix"/>
    </animation>
  </library_animations>
  <library_visual_scenes>
    <visual_scene id="RootNode" name="RootNode">
      <node id="mixamorig1_Hips" name="mixamorig1_Hips" sid="mixamorig1_Hips" type="JOINT">
        <matrix sid="matrix">0.996410 0.082257 -0.019997 0.143160 -0.084583 0.977016 -0.195665 88.588097 0.003443 0.196654 0.980467 0.807120 0.000000 0.000000 0.000000 1.000000</matrix>
        <node id="mixamorig1_Spine" name="mixamorig1_Spine" sid="mixamorig1_Spine" type="JOINT">
          <matrix sid="matrix">0.992514 -0.121554 0.011864 0.000000 0.122024 0.991021 -0.054653 9.717300 -0.005114 0.055692 0.998435 -1.180200 0.000000 0.000000 0.000000 1.000000</matrix>
          <node id="mixamorig1_Spine1" name="mixamorig1_Spine1" sid="mixamorig1_Spine1" type="JOINT">
            <matrix sid="matrix">0.999960 -0.008711 -0.001885 0.000000 0.008639 0.999335 -0.035412 11.420100 0.002192 0.035394 0.999371 0.000000 0.000000 0.000000 0.000000 1.000000</matrix>
            <node id="mixamorig1_Spine2" name="mixamorig1_Spine2" sid="mixamorig1_Spine2" type="JOINT">
              <matrix sid="matrix">0.999994 -0.003121 -0.001303 0.000000 0.002996 0.996210 -0.086934 13.051600 0.001569 0.086929 0.996213 0.000000 0.000000 0.000000 0.000000 1.000000</matrix>
              <node id="mixamorig1_Neck" name="mixamorig1_Neck" sid="mixamorig1_Neck" type="JOINT">
                <matrix sid="matrix">0.999970 0.004850 -0.005963 0.000000 -0.005164 0.998539 -0.053796 14.683000 0.005694 0.053825 0.998534 0.000000 0.000000 0.000000 0.000000 1.000000</matrix>
                <node id="mixamorig1_Head" name="mixamorig1_Head" sid="mixamorig1_Head" type="JOINT">
                  <matrix sid="matrix">0.999934 0.004092 0.010733 0.000000 -0.004517 0.999196 0.039837 6.720200 -0.010561 -0.039883 0.999149 1.972200 0.000000 0.000000 0.000000 1.000000</matrix>
                  <node id="mixamorig1_HeadTop_End" name="mixamorig1_HeadTop_End" sid="mixamorig1_HeadTop_End" type="JOINT">
                    <matrix sid="matrix">1.000000 0.000000 0.000000 -0.000000 -0.000000 1.000000 -0.000000 20.999800 0.000000 -0.000000 1.000000 6.162800 0.000000 0.000000 0.000000 1.000000</matrix>
                  </node>
                </node>
              </node>
              <node id="mixamorig1_LeftShoulder" name="mixamorig1_LeftShoulder" sid="mixamorig1_LeftShoulder" type="JOINT">
                <matrix sid="matrix">0.013810 0.890063 -0.455629 6.140200 0.019645 -0.455826 -0.889852 13.000700 -0.999712 0.003338 -0.023780 -0.233600 0.000000 0.000000 0.000000 1.000000</matrix>
                <node id="mixamorig1_LeftArm" name="mixamorig1_LeftArm" sid="mixamorig1_LeftArm" type="JOINT">
                  <matrix sid="matrix">0.955147 0.231223 0.185012 -0.000000 -0.053589 0.749412 -0.659932 13.005900 -0.291242 0.620418 0.728190 0.000000 0.000000 0.000000 0.000000 1.000000</matrix>
                  <node id="mixamorig1_LeftForeArm" name="mixamorig1_LeftForeArm" sid="mixamorig1_LeftForeArm" type="JOINT">
                    <matrix sid="matrix">0.014016 -0.993290 0.114801 -0.000000 0.992629 -0.000000 -0.121190 25.560801 0.120377 0.115653 0.985968 0.000000 0.000000 0.000000 0.000000 1.000000</matrix>
                    <node id="mixamorig1_LeftHand" name="mixamorig1_LeftHand" sid="mixamorig1_LeftHand" type="JOINT">
                      <matrix sid="matrix">0.989457 0.004361 0.144762 0.000000 -0.030590 0.983290 0.179459 23.404100 -0.141560 -0.181995 0.973056 0.000000 0.000000 0.000000 0.000000 1.000000</matrix>
                      <node id="mixamorig1_LeftHandThumb1" name="mixamorig1_LeftHandThumb1" sid="mixamorig1_LeftHandThumb1" type="JOINT">
                        <matrix sid="matrix">0.930964 -0.321753 0.172573 -2.867700 0.364590 0.793992 -0.486467 3.935800 0.019501 0.515802 0.856486 1.188300 0.000000 0.000000 0.000000 1.000000</matrix>
                        <node id="mixamorig1_LeftHandThumb2" name="mixamorig1_LeftHandThumb2" sid="mixamorig1_LeftHandThumb2" type="JOINT">
                          <matrix sid="matrix">0.925814 0.256313 0.277800 -0.405400 -0.306573 0.939103 0.155238 3.989600 -0.221093 -0.228887 0.948013 0.000000 0.000000 0.000000 0.000000 1.000000</matrix>
                          <node id="mixamorig1_LeftHandThumb3" name="mixamorig1_LeftHandThumb3" sid="mixamorig1_LeftHandThumb3" type="JOINT">
                            <matrix sid="matrix">0.660414 -0.709550 0.245747 -0.037300 0.651560 0.704166 0.282169 3.599900 -0.373259 -0.026230 0.927356 0.000000 0.000000 0.000000 0.000000 1.000000</matrix>
                            <node id="mixamorig1_LeftHandThumb4" name="mixamorig1_LeftHandThumb4" sid="mixamorig1_LeftHandThumb4" type="JOINT">
                              <matrix sid="matrix">1.000000 0.000000 -0.000000 0.442700 -0.000000 1.000000 0.000000 2.979100 -0.000000 0.000000 1.000000 0.000000 0.000000 0.000000 0.000000 1.000000</matrix>
                            </node>
                          </node>
                        </node>
                      </node>
                      <node id="mixamorig1_LeftHandIndex1" name="mixamorig1_LeftHandIndex1" sid="mixamorig1_LeftHandIndex1" type="JOINT">
                        <matrix sid="matrix">0.979239 0.196268 -0.050698 -3.484200 -0.057238 0.027792 -0.997974 11.757900 -0.194461 0.980156 0.038449 0.113100 0.000000 0.000000 0.000000 1.000000</matrix>
                        <node id="mixamorig1_LeftHandIndex2" name="mixamorig1_LeftHandIndex2" sid="mixamorig1_LeftHandIndex2" type="JOINT">
                          <matrix sid="matrix">0.986111 0.133113 -0.099326 0.023100 -0.136104 0.304921 -0.942602 3.298400 -0.095186 0.943029 0.318803 0.000000 0.000000 0.000000 0.000000 1.000000</matrix>
                          <node id="mixamorig1_LeftHandIndex3" name="mixamorig1_LeftHandIndex3" sid="mixamorig1_LeftHandIndex3" type="JOINT">
                            <matrix sid="matrix">0.982424 0.140465 -0.122931 -0.006800 -0.133136 0.065692 -0.988918 3.081000 -0.130833 0.987904 0.083238 0.000000 0.000000 0.000000 0.000000 1.000000</matrix>
                            <node id="mixamorig1_LeftHandIndex4" name="mixamorig1_LeftHandIndex4" sid="mixamorig1_LeftHandIndex4" type="JOINT">
                              <matrix sid="matrix">1.000000 0.000000 0.000000 -0.016300 -0.000000 1.000000 -0.000000 2.712100 0.000000 0.000000 1.000000 0.000000 0.000000 0.000000 0.000000 1.000000</matrix>
                            </node>
                          </node>
                        </node>
                      </node>
                      <node id="mixamorig1_LeftHandMiddle1" name="mixamorig1_LeftHandMiddle1" sid="mixamorig1_LeftHandMiddle1" type="JOINT">
                        <matrix sid="matrix">0.989844 0.121405 -0.073950 -1.029300 -0.097129 0.197760 -0.975427 12.347100 -0.103797 0.972703 0.207544 -0.315800 0.000000 0.000000 0.000000 1.000000</matrix>
                        <node id="mixamorig1_LeftHandMiddle2" name="mixamorig1_LeftHandMiddle2" sid="mixamorig1_LeftHandMiddle2" type="JOINT">
                          <matrix sid="matrix">0.983911 0.139192 -0.112000 0.009900 -0.138988 0.202462 -0.969377 3.432200 -0.112253 0.969348 0.218550 0.000000 0.000000 0.000000 0.000000 1.000000</matrix>
                          <node id="mixamorig1_LeftHandMiddle3" name="mixamorig1_LeftHandMiddle3" sid="mixamorig1_LeftHandMiddle3" type="JOINT">
                            <matrix sid="matrix">0.990284 0.120475 -0.069448 -0.010000 -0.118762 0.472920 -0.873065 3.160900 -0.072339 0.872830 0.482633 0.000000 0.000000 0.000000 0.000000 1.000000</matrix>
                            <node id="mixamorig1_LeftHandMiddle4" name="mixamorig1_LeftHandMiddle4" sid="mixamorig1_LeftHandMiddle4" type="JOINT">
                              <matrix sid="matrix">1.000000 -0.000000 0.000000 -0.000000 -0.000000 1.000000 -0.000000 2.876400 0.000000 0.000000 1.000000 0.000000 0.000000 0.000000 0.000000 1.000000</matrix>
                            </node>
                          </node>
                        </node>
                      </node>
                      <node id="mixamorig1_LeftHandRing1" name="mixamorig1_LeftHandRing1" sid="mixamorig1_LeftHandRing1" type="JOINT">
                        <matrix sid="matrix">0.992511 0.090477 -0.082068 1.266700 -0.101085 0.231169 -0.967648 12.505900 -0.068578 0.968697 0.238584 -0.277100 0.000000 0.000000 0.000000 1.000000</matrix>
                        <node id="mixamorig1_LeftHandRing2" name="mixamorig1_LeftHandRing2" sid="mixamorig1_LeftHandRing2" type="JOINT">
                          <matrix sid="matrix">0.977563 0.149181 -0.148711 -0.006600 -0.148024 -0.015761 -0.988858 2.726100 -0.149863 0.988684 0.006675 -0.000000 0.000000 0.000000 0.000000 1.000000</matrix>
                          <node id="mixamorig1_LeftHandRing3" name="mixamorig1_LeftHandRing3" sid="mixamorig1_LeftHandRing3" type="JOINT">
                            <matrix sid="matrix">0.985001 0.140665 -0.099932 0.003400 -0.142445 0.336047 -0.931011 2.620300 -0.097379 0.931282 0.351043 0.000000 0.000000 0.000000 0.000000 1.000000</matrix>
                            <node id="mixamorig1_LeftHandRing4" name="mixamorig1_LeftHandRing4" sid="mixamorig1_LeftHandRing4" type="JOINT">
                              <matrix sid="matrix">1.000000 -0.000000 0.000000 0.003200 -0.000000 1.000000 -0.000000 2.226900 0.000000 -0.000000 1.000000 0.000000 0.000000 0.000000 0.000000 1.000000</matrix>
                            </node>
                          </node>
                        </node>
                      </node>
                      <node id="mixamorig1_LeftHandPinky1" name="mixamorig1_LeftHandPinky1" sid="mixamorig1_LeftHandPinky1" type="JOINT">
                        <matrix sid="matrix">0.969478 0.182067 -0.164207 3.246800 -0.204971 0.234365 -0.950295 11.102000 -0.134533 0.954947 0.264530 -0.112800 0.000000 0.000000 0.000000 1.000000</matrix>
                        <node id="mixamorig1_LeftHandPinky2" name="mixamorig1_LeftHandPinky2" sid="mixamorig1_LeftHandPinky2" type="JOINT">
                          <matrix sid="matrix">0.982143 0.148441 -0.115588 0.008400 -0.149665 0.244183 -0.958110 2.734600 -0.113998 0.958301 0.262039 0.000000 0.000000 0.000000 0.000000 1.000000</matrix>
                          <node id="mixamorig1_LeftHandPinky3" name="mixamorig1_LeftHandPinky3" sid="mixamorig1_LeftHandPinky3" type="JOINT">
                            <matrix sid="matrix">0.983520 0.146968 -0.105305 -0.002900 -0.144157 0.285911 -0.947351 2.194000 -0.109123 0.946919 0.302385 -0.000000 0.000000 0.000000 0.000000 1.000000</matrix>
                            <node id="mixamorig1_LeftHandPinky4" name="mixamorig1_LeftHandPinky4" sid="mixamorig1_LeftHandPinky4" type="JOINT">
                              <matrix sid="matrix">1.000000 0.000000 0.000000 -0.005500 0.000000 1.000000 0.000000 1.975500 0.000000 0.000000 1.000000 0.000000 0.000000 0.000000 0.000000 1.000000</matrix>
                            </node>
                          </node>
                        </node>
                      </node>
                    </node>
                  </node>
                </node>
              </node>
              <node id="mixamorig1_RightShoulder" name="mixamorig1_RightShoulder" sid="mixamorig1_RightShoulder" type="JOINT">
                <matrix sid="matrix">0.025781 -0.888883 0.457408 -6.140200 -0.018017 -0.457899 -0.888822 12.993700 0.999505 0.014673 -0.027820 -0.175900 0.000000 0.000000 0.000000 1.000000</matrix>
                <node id="mixamorig1_RightArm" name="mixamorig1_RightArm" sid="mixamorig1_RightArm" type="JOINT">
                  <matrix sid="matrix">0.895246 0.433904 -0.101305 -0.000000 -0.428686 0.776759 -0.461383 13.005900 -0.121507 0.456479 0.881399 -0.000000 0.000000 0.000000 0.000000 1.000000</matrix>
                  <node id="mixamorig1_RightForeArm" name="mixamorig1_RightForeArm" sid="mixamorig1_RightForeArm" type="JOINT">
                    <matrix sid="matrix">0.008409 0.993739 -0.111410 -0.000000 -0.993081 -0.004752 -0.117337 25.571100 -0.117132 0.111625 0.986823 0.000000 0.000000 0.000000 0.000000 1.000000</matrix>
                    <node id="mixamorig1_RightHand" name="mixamorig1_RightHand" sid="mixamorig1_RightHand" type="JOINT">
                      <matrix sid="matrix">0.967772 0.164982 -0.190261 -0.000000 -0.127152 0.972261 0.196318 23.401699 0.217372 -0.165799 0.961904 0.000000 0.000000 0.000000 0.000000 1.000000</matrix>
                      <node id="mixamorig1_RightHandThumb1" name="mixamorig1_RightHandThumb1" sid="mixamorig1_RightHandThumb1" type="JOINT">
                        <matrix sid="matrix">0.903340 0.313863 -0.292346 2.885100 -0.404063 0.851376 -0.334503 4.054300 0.143908 0.420296 0.895903 1.212000 0.000000 0.000000 0.000000 1.000000</matrix>
                        <node id="mixamorig1_RightHandThumb2" name="mixamorig1_RightHandThumb2" sid="mixamorig1_RightHandThumb2" type="JOINT">
                          <matrix sid="matrix">0.989373 -0.108047 -0.097300 0.428400 0.127158 0.967487 0.218629 4.074800 0.070515 -0.228678 0.970945 0.000000 0.000000 0.000000 0.000000 1.000000</matrix>
                          <node id="mixamorig1_RightHandThumb3" name="mixamorig1_RightHandThumb3" sid="mixamorig1_RightHandThumb3" type="JOINT">
                            <matrix sid="matrix">0.896810 0.440296 -0.043255 0.036500 -0.401759 0.851435 0.337119 3.530400 0.185260 -0.284954 0.940468 0.000000 0.000000 0.000000 0.000000 1.000000</matrix>
                            <node id="mixamorig1_RightHandThumb4" name="mixamorig1_RightHandThumb4" sid="mixamorig1_RightHandThumb4" type="JOINT">
                              <matrix sid="matrix">1.000000 -0.000000 0.000000 -0.464900 0.000000 1.000000 0.000000 2.873500 0.000000 0.000000 1.000000 -0.000000 0.000000 0.000000 0.000000 1.000000</matrix>
                            </node>
                          </node>
                        </node>
                      </node>
                      <node id="mixamorig1_RightHandIndex1" name="mixamorig1_RightHandIndex1" sid="mixamorig1_RightHandIndex1" type="JOINT">
                        <matrix sid="matrix">0.998380 0.054821 0.015249 3.614500 -0.002172 0.304503 -0.952509 12.346600 -0.056860 0.950932 0.304129 -0.007800 0.000000 0.000000 0.000000 1.000000</matrix>
                        <node id="mixamorig1_RightHandIndex2" name="mixamorig1_RightHandIndex2" sid="mixamorig1_RightHandIndex2" type="JOINT">
                          <matrix sid="matrix">0.991989 -0.099754 0.077508 -0.011900 0.100802 0.255258 -0.961604 3.117400 0.076139 0.961713 0.263268 0.000000 0.000000 0.000000 0.000000 1.000000</matrix>
                          <node id="mixamorig1_RightHandIndex3" name="mixamorig1_RightHandIndex3" sid="mixamorig1_RightHandIndex3" type="JOINT">
                            <matrix sid="matrix">0.995616 -0.083584 0.041979 0.006600 0.081650 0.557741 -0.825989 2.856100 0.045626 0.825796 0.562121 -0.000000 0.000000 0.000000 0.000000 1.000000</matrix>
                            <node id="mixamorig1_RightHandIndex4" name="mixamorig1_RightHandIndex4" sid="mixamorig1_RightHandIndex4" type="JOINT">
                              <matrix sid="matrix">1.000000 -0.000000 0.000000 0.005300 0.000000 1.000000 -0.000000 2.534600 -0.000000 0.000000 1.000000 0.000000 0.000000 0.000000 0.000000 1.000000</matrix>
                            </node>
                          </node>
                        </node>
                      </node>
                      <node id="mixamorig1_RightHandMiddle1" name="mixamorig1_RightHandMiddle1" sid="mixamorig1_RightHandMiddle1" type="JOINT">
                        <matrix sid="matrix">0.998521 0.036862 0.039970 0.922400 0.028066 0.280181 -0.959537 12.176400 -0.046569 0.959239 0.278732 -0.222200 0.000000 0.000000 0.000000 1.000000</matrix>
                        <node id="mixamorig1_RightHandMiddle2" name="mixamorig1_RightHandMiddle2" sid="mixamorig1_RightHandMiddle2" type="JOINT">
                          <matrix sid="matrix">0.990919 -0.103804 0.085462 -0.016200 0.104103 0.190034 -0.976243 3.479200 0.085097 0.976274 0.199115 0.000000 0.000000 0.000000 0.000000 1.000000</matrix>
                          <node id="mixamorig1_RightHandMiddle3" name="mixamorig1_RightHandMiddle3" sid="mixamorig1_RightHandMiddle3" type="JOINT">
                            <matrix sid="matrix">0.993275 -0.095389 0.065621 0.013700 0.091735 0.302586 -0.948697 3.226000 0.070640 0.948337 0.309301 -0.000000 0.000000 0.000000 0.000000 1.000000</matrix>
                            <node id="mixamorig1_RightHandMiddle4" name="mixamorig1_RightHandMiddle4" sid="mixamorig1_RightHandMiddle4" type="JOINT">
                              <matrix sid="matrix">1.000000 -0.000000 -0.000000 0.002500 -0.000000 1.000000 -0.000000 2.928000 0.000000 0.000000 1.000000 0.000000 0.000000 0.000000 0.000000 1.000000</matrix>
                            </node>
                          </node>
                        </node>
                      </node>
                      <node id="mixamorig1_RightHandRing1" name="mixamorig1_RightHandRing1" sid="mixamorig1_RightHandRing1" type="JOINT">
                        <matrix sid="matrix">0.997376 0.046409 0.055565 -1.216600 0.044780 0.207599 -0.977189 12.282100 -0.056885 0.977113 0.204976 -0.151000 0.000000 0.000000 0.000000 1.000000</matrix>
                        <node id="mixamorig1_RightHandRing2" name="mixamorig1_RightHandRing2" sid="mixamorig1_RightHandRing2" type="JOINT">
                          <matrix sid="matrix">0.991484 -0.106842 0.074463 -0.003700 0.105852 0.328067 -0.938705 2.821600 0.075864 0.938593 0.336583 -0.000000 0.000000 0.000000 0.000000 1.000000</matrix>
                          <node id="mixamorig1_RightHandRing3" name="mixamorig1_RightHandRing3" sid="mixamorig1_RightHandRing3" type="JOINT">
                            <matrix sid="matrix">0.993226 -0.097721 0.062868 0.007800 0.096973 0.399028 -0.911796 2.687700 0.064015 0.911717 0.405802 0.000000 0.000000 0.000000 0.000000 1.000000</matrix>
                            <node id="mixamorig1_RightHandRing4" name="mixamorig1_RightHandRing4" sid="mixamorig1_RightHandRing4" type="JOINT">
                              <matrix sid="matrix">1.000000 0.000000 0.000000 -0.004100 0.000000 1.000000 -0.000000 2.368400 0.000000 0.000000 1.000000 0.000000 0.000000 0.000000 0.000000 1.000000</matrix>
                            </node>
                          </node>
                        </node>
                      </node>
                      <node id="mixamorig1_RightHandPinky1" name="mixamorig1_RightHandPinky1" sid="mixamorig1_RightHandPinky1" type="JOINT">
                        <matrix sid="matrix">0.997488 0.007454 0.070442 -3.320300 0.069069 0.118383 -0.990563 11.194600 -0.015722 0.992940 0.117570 -0.138000 0.000000 0.000000 0.000000 1.000000</matrix>
                        <node id="mixamorig1_RightHandPinky2" name="mixamorig1_RightHandPinky2" sid="mixamorig1_RightHandPinky2" type="JOINT">
                          <matrix sid="matrix">0.989567 -0.113764 0.088400 -0.008100 0.114081 0.243993 -0.963044 2.640500 0.087990 0.963081 0.254426 0.000000 0.000000 0.000000 0.000000 1.000000</matrix>
                          <node id="mixamorig1_RightHandPinky3" name="mixamorig1_RightHandPinky3" sid="mixamorig1_RightHandPinky3" type="JOINT">
                            <matrix sid="matrix">0.996665 -0.076597 0.028130 0.005600 0.075517 0.735231 -0.673596 2.149000 0.030913 0.673474 0.738564 -0.000000 0.000000 0.000000 0.000000 1.000000</matrix>
                            <node id="mixamorig1_RightHandPinky4" name="mixamorig1_RightHandPinky4" sid="mixamorig1_RightHandPinky4" type="JOINT">
                              <matrix sid="matrix">1.000000 0.000000 0.000000 0.002500 0.000000 1.000000 0.000000 1.888400 0.000000 0.000000 1.000000 -0.000000 0.000000 0.000000 0.000000 1.000000</matrix>
                            </node>
                          </node>
                        </node>
                      </node>
                    </node>
                  </node>
                </node>
              </node>
            </node>
          </node>
        </node>
        <node id="mixamorig1_LeftUpLeg" name="mixamorig1_LeftUpLeg" sid="mixamorig1_LeftUpLeg" type="JOINT">
          <matrix sid="matrix">-0.989103 0.147029 -0.007565 8.078200 -0.101396 -0.643060 0.759073 -5.402400 0.106741 0.751569 0.650961 -0.535900 0.000000 0.000000 0.000000 1.000000</matrix>
          <node id="mixamorig1_LeftLeg" name="mixamorig1_LeftLeg" sid="mixamorig1_LeftLeg" type="JOINT">
            <matrix sid="matrix">0.997038 0.004850 -0.076763 0.000000 0.062307 -0.636106 0.769082 42.789799 -0.045099 -0.771587 -0.634524 -0.000000 0.000000 0.000000 0.000000 1.000000</matrix>
            <node id="mixamorig1_LeftFoot" name="mixamorig1_LeftFoot" sid="mixamorig1_LeftFoot" type="JOINT">
              <matrix sid="matrix">0.997906 -0.063911 0.009971 0.000000 0.040474 0.496699 -0.866979 42.173698 0.050457 0.865567 0.498245 0.000000 0.000000 0.000000 0.000000 1.000000</matrix>
              <node id="mixamorig1_LeftToeBase" name="mixamorig1_LeftToeBase" sid="mixamorig1_LeftToeBase" type="JOINT">
                <matrix sid="matrix">0.992990 -0.065905 -0.098114 -0.000000 -0.000269 0.828847 -0.559475 16.182301 0.118194 0.555579 0.823020 0.000000 0.000000 0.000000 0.000000 1.000000</matrix>
                <node id="mixamorig1_LeftToe_End" name="mixamorig1_LeftToe_End" sid="mixamorig1_LeftToe_End" type="JOINT">
                  <matrix sid="matrix">1.000000 -0.000000 0.000000 -0.000000 0.000000 1.000000 0.000000 6.205900 -0.000000 -0.000000 1.000000 0.000000 0.000000 0.000000 0.000000 1.000000</matrix>
                </node>
              </node>
            </node>
          </node>
        </node>
        <node id="mixamorig1_RightUpLeg" name="mixamorig1_RightUpLeg" sid="mixamorig1_RightUpLeg" type="JOINT">
          <matrix sid="matrix">-0.979916 0.100519 -0.172223 -8.078200 -0.180121 -0.816752 0.548154 -5.402400 -0.085564 0.568165 0.818454 -0.751800 0.000000 0.000000 0.000000 1.000000</matrix>
          <node id="mixamorig1_RightLeg" name="mixamorig1_RightLeg" sid="mixamorig1_RightLeg" type="JOINT">
            <matrix sid="matrix">0.999272 -0.032177 -0.020477 0.000000 0.034745 0.546574 0.836690 42.775902 -0.015730 -0.836793 0.547294 0.000000 0.000000 0.000000 0.000000 1.000000</matrix>
            <node id="mixamorig1_RightFoot" name="mixamorig1_RightFoot" sid="mixamorig1_RightFoot" type="JOINT">
              <matrix sid="matrix">0.976650 0.109350 -0.184923 0.000000 -0.184543 -0.013675 -0.982729 42.179699 -0.109990 0.993909 0.006825 0.000000 0.000000 0.000000 0.000000 1.000000</matrix>
              <node id="mixamorig1_RightToeBase" name="mixamorig1_RightToeBase" sid="mixamorig1_RightToeBase" type="JOINT">
                <matrix sid="matrix">0.993029 0.064163 0.098879 0.000000 -0.001699 0.846571 -0.532274 16.260500 -0.117860 0.528395 0.840778 0.000000 0.000000 0.000000 0.000000 1.000000</matrix>
                <node id="mixamorig1_RightToe_End" name="mixamorig1_RightToe_End" sid="mixamorig1_RightToe_End" type="JOINT">
                  <matrix sid="matrix">1.000000 0.000000 0.000000 0.000000 -0.000000 1.000000 -0.000000 6.180000 -0.000000 0.000000 1.000000 0.000000 0.000000 0.000000 0.000000 1.000000</matrix>
                </node>
              </node>
            </node>
          </node>
        </node>
      </node>
    </visual_scene>
  </library_visual_scenes>
  <scene>
    <instance_visual_scene url="#RootNode"/>
  </scene>
</COLLADA>
