<?xml version="1.0" encoding="utf-8"?>
<COLLADA xmlns="http://www.collada.org/2005/11/COLLADASchema" version="1.4.1">
  <asset>
    <contributor>
      <author>Mixamo</author>
      <authoring_tool>COLLADA Mixamo exporter</authoring_tool>
      <comments/>
    </contributor>
    <created>2026-04-10T23:55:59Z</created>
    <modified>2026-04-10T23:55:59Z</modified>
    <revision/>
    <title/>
    <unit meter="0.010000"/>
    <up_axis>Y_UP</up_axis>
  </asset>
  <library_animations>
    <animation id="mixamorig1_Hips-anim" name="mixamorig1_Hips">
      <source id="mixamorig1_Hips-Matrix-animation-input">
        <float_array id="mixamorig1_Hips-Matrix-animation-input-array" count="66">

0.000000 0.033333 0.066667 0.100000 0.133333 0.166667 0.200000 0.233333 0.266667 0.300000 0.333333 0.366667 0.400000 0.433333 0.466667 0.500000
0.533333 0.566667 0.600000 0.633333 0.666667 0.700000 0.733333 0.766667 0.800000 0.833333 0.866667 0.900000 0.933333 0.966667 1.000000 1.033333
1.066667 1.100000 1.133333 1.166667 1.200000 1.233333 1.266667 1.300000 1.333333 1.366667 1.400000 1.433333 1.466667 1.500000 1.533333 1.566667
1.600000 1.633333 1.666667 1.700000 1.733333 1.766667 1.800000 1.833333 1.866667 1.900000 1.933333 1.966667 2.000000 2.033333 2.066667 2.100000
2.133333 2.166667</float_array>
        <technique_common>
          <accessor source="#mixamorig1_Hips-Matrix-animation-input-array" count="66">
            <param name="TIME" type="float"/>
          </accessor>
        </technique_common>
      </source>
      <source id="mixamorig1_Hips-Matrix-animation-output-transform">
        <float_array id="mixamorig1_Hips-Matrix-animation-output-transform-array" count="1056">

0.993919 0.061939 -0.091038 0.046811 -0.056121 0.996297 0.065140 99.525574 0.094735 -0.059635 0.993715 0.514367 0.000000 0.000000 0.000000 1.000000
0.992588 0.060190 -0.105577 0.314511 -0.054719 0.997042 0.053977 99.550491 0.108514 -0.047800 0.992945 0.430692 0.000000 0.000000 0.000000 1.000000
0.991064 0.058105 -0.120067 0.582211 -0.053311 0.997662 0.042768 99.575417 0.122271 -0.035985 0.991844 0.347016 0.000000 0.000000 0.000000 1.000000
0.988929 0.055256 -0.137715 0.909513 -0.051843 0.998256 0.028250 99.580940 0.139036 -0.020798 0.990069 0.209433 0.000000 0.000000 0.000000 1.000000
0.985428 0.050597 -0.162394 1.373338 -0.050199 0.998718 0.006561 99.559677 0.162518 0.001687 0.986704 -0.040641 0.000000 0.000000 0.000000 1.000000
0.980390 0.043564 -0.192190 1.931667 -0.048521 0.998598 -0.021156 99.472397 0.190999 0.030066 0.981130 -0.398165 0.000000 0.000000 0.000000 1.000000
0.972760 0.032261 -0.229558 2.607450 -0.047115 0.997115 -0.059520 99.152992 0.226976 0.068714 0.971473 -0.982791 0.000000 0.000000 0.000000 1.000000
0.961917 0.015017 -0.272930 3.413083 -0.046624 0.992871 -0.109692 98.315834 0.269337 0.118240 0.955760 -1.860797 0.000000 0.000000 0.000000 1.000000
0.948905 -0.006439 -0.315498 4.243141 -0.047634 0.985413 -0.163376 97.213631 0.311948 0.170057 0.934756 -2.849327 0.000000 0.000000 0.000000 1.000000
0.934658 -0.028076 -0.354438 5.065475 -0.055423 0.973186 -0.223242 95.304008 0.351202 0.228299 0.908040 -4.097091 0.000000 0.000000 0.000000 1.000000
0.921763 -0.045095 -0.385123 5.823923 -0.072046 0.956001 -0.284378 92.677170 0.381002 0.289876 0.877958 -5.480418 0.000000 0.000000 0.000000 1.000000
0.912752 -0.056105 -0.404644 6.534518 -0.095551 0.933727 -0.344999 89.421631 0.397183 0.353563 0.846900 -6.863946 0.000000 0.000000 0.000000 1.000000
0.909676 -0.063221 -0.410478 7.235205 -0.119075 0.907152 -0.403605 85.812889 0.397882 0.416027 0.817686 -8.076352 0.000000 0.000000 0.000000 1.000000
0.912825 -0.068998 -0.402480 7.934115 -0.135141 0.879039 -0.457196 82.217056 0.385341 0.471731 0.793084 -8.997156 0.000000 0.000000 0.000000 1.000000
0.919656 -0.074105 -0.385671 8.596647 -0.140978 0.854286 -0.500320 78.931984 0.366549 0.514493 0.775202 -9.573315 0.000000 0.000000 0.000000 1.000000
0.925937 -0.078303 -0.369472 9.151343 -0.139027 0.838914 -0.526208 76.266785 0.351159 0.538602 0.765895 -9.725811 0.000000 0.000000 0.000000 1.000000
0.928272 -0.082820 -0.362562 9.572301 -0.131358 0.839038 -0.527977 74.762352 0.347930 0.537732 0.767977 -9.424667 0.000000 0.000000 0.000000 1.000000
0.924321 -0.091371 -0.370515 9.954997 -0.116206 0.857411 -0.501341 74.854813 0.363492 0.506456 0.781905 -8.751865 0.000000 0.000000 0.000000 1.000000
0.911901 -0.108553 -0.395794 10.317777 -0.089183 0.888928 -0.449280 76.410065 0.400603 0.444997 0.800933 -7.716282 0.000000 0.000000 0.000000 1.000000
0.892487 -0.135106 -0.430365 10.560961 -0.043938 0.923514 -0.381040 79.100945 0.448929 0.358982 0.818288 -6.289267 0.000000 0.000000 0.000000 1.000000
0.875144 -0.160235 -0.456561 10.454513 0.015377 0.952309 -0.304748 82.887535 0.483618 0.259678 0.835871 -4.676363 0.000000 0.000000 0.000000 1.000000
0.876167 -0.167971 -0.451793 9.793993 0.070092 0.971752 -0.225355 87.957527 0.476884 0.165781 0.863191 -3.309217 0.000000 0.000000 0.000000 1.000000
0.905789 -0.150094 -0.396255 8.593359 0.097848 0.983977 -0.149045 94.212814 0.412276 0.096231 0.905962 -2.385859 0.000000 0.000000 0.000000 1.000000
0.952596 -0.121326 -0.279001 6.904554 0.100473 0.991048 -0.087918 101.022110 0.287170 0.055718 0.956258 -1.825118 0.000000 0.000000 0.000000 1.000000
0.988144 -0.100617 -0.115964 5.028995 0.094216 0.993777 -0.059427 107.239189 0.121222 0.047796 0.991474 -1.670885 0.000000 0.000000 0.000000 1.000000
0.994651 -0.091992 0.046978 3.556382 0.095228 0.992844 -0.072057 112.069290 -0.040013 0.076145 0.996294 -2.261490 0.000000 0.000000 0.000000 1.000000
0.988284 -0.042404 0.146616 3.192235 0.059640 0.991546 -0.115241 116.985229 -0.140490 0.122635 0.982458 -3.758895 0.000000 0.000000 0.000000 1.000000
0.984948 0.006886 0.172715 3.448415 0.022403 0.985693 -0.167057 120.589539 -0.171395 0.168412 0.970701 -5.640292 0.000000 0.000000 0.000000 1.000000
0.986466 0.044020 0.157948 3.783690 -0.009533 0.977057 -0.212766 122.571129 -0.163690 0.208381 0.964253 -7.074751 0.000000 0.000000 0.000000 1.000000
0.988431 0.069961 0.134574 4.005879 -0.034235 0.967276 -0.251408 124.220802 -0.147759 0.243892 0.958480 -8.126326 0.000000 0.000000 0.000000 1.000000
0.989645 0.083995 0.116394 4.101871 -0.047738 0.957346 -0.284973 125.705353 -0.135365 0.276465 0.951443 -9.101038 0.000000 0.000000 0.000000 1.000000
0.991069 0.089895 0.098497 4.188099 -0.055776 0.950350 -0.306143 126.445824 -0.121127 0.297915 0.946876 -9.653097 0.000000 0.000000 0.000000 1.000000
0.992947 0.093029 0.073504 4.377869 -0.066481 0.950185 -0.304513 125.825363 -0.098171 0.297479 0.949668 -9.356115 0.000000 0.000000 0.000000 1.000000
0.994650 0.095484 0.039416 4.729488 -0.080704 0.956464 -0.280471 123.963470 -0.064481 0.275789 0.959053 -8.351365 0.000000 0.000000 0.000000 1.000000
0.995210 0.097728 0.002557 5.345259 -0.094084 0.964556 -0.246536 121.530220 -0.026560 0.245115 0.969130 -7.084910 0.000000 0.000000 0.000000 1.000000
0.994524 0.100884 -0.027276 6.271981 -0.104386 0.971480 -0.212909 118.931229 0.005019 0.214591 0.976691 -5.559783 0.000000 0.000000 0.000000 1.000000
0.993398 0.106634 -0.042292 7.322424 -0.112472 0.977910 -0.176186 115.709518 0.022571 0.179779 0.983448 -3.217795 0.000000 0.000000 0.000000 1.000000
0.992394 0.118420 -0.033638 8.072672 -0.121815 0.984071 -0.129479 110.977150 0.017769 0.132592 0.991011 -0.075740 0.000000 0.000000 0.000000 1.000000
0.991197 0.131883 0.011652 7.971975 -0.130480 0.987978 -0.082908 105.004211 -0.022447 0.080658 0.996489 2.797626 0.000000 0.000000 0.000000 1.000000
0.984860 0.145419 0.094357 6.728040 -0.140087 0.988264 -0.060903 98.784821 -0.102106 0.046763 0.993674 4.373117 0.000000 0.000000 0.000000 1.000000
0.965834 0.170773 0.194941 4.685602 -0.158470 0.984344 -0.077169 92.845261 -0.205067 0.043641 0.977775 4.424619 0.000000 0.000000 0.000000 1.000000
0.940767 0.202189 0.272170 2.848104 -0.175898 0.977308 -0.118021 87.898277 -0.289857 0.063156 0.954984 3.508605 0.000000 0.000000 0.000000 1.000000
0.929951 0.218297 0.295866 1.779161 -0.178414 0.971507 -0.156020 85.096680 -0.321495 0.092304 0.942402 2.154419 0.000000 0.000000 0.000000 1.000000
0.936361 0.210925 0.280603 1.169382 -0.166083 0.970417 -0.175234 84.428322 -0.309263 0.117479 0.943692 0.645936 0.000000 0.000000 0.000000 1.000000
0.944157 0.195977 0.264877 0.681539 -0.151574 0.972111 -0.178959 85.206062 -0.292562 0.128817 0.947530 -0.670570 0.000000 0.000000 0.000000 1.000000
0.944917 0.188299 0.267721 0.269459 -0.143052 0.973275 -0.179644 86.927406 -0.294393 0.131451 0.946601 -1.711579 0.000000 0.000000 0.000000 1.000000
0.944692 0.184222 0.271329 0.060100 -0.137379 0.973528 -0.182675 89.125458 -0.297799 0.135297 0.944992 -2.552612 0.000000 0.000000 0.000000 1.000000
0.952918 0.173919 0.248395 0.165120 -0.130159 0.974466 -0.182961 91.469528 -0.273873 0.142016 0.951223 -3.187810 0.000000 0.000000 0.000000 1.000000
0.967825 0.154980 0.198234 0.492879 -0.121249 0.977555 -0.172290 93.670876 -0.220486 0.142711 0.964893 -3.512130 0.000000 0.000000 0.000000 1.000000
0.979817 0.134951 0.147467 0.793894 -0.112894 0.982386 -0.148906 95.416916 -0.164964 0.129253 0.977794 -3.496038 0.000000 0.000000 0.000000 1.000000
0.985610 0.120689 0.118352 0.911243 -0.106535 0.987113 -0.119405 96.555267 -0.131238 0.105078 0.985766 -3.316973 0.000000 0.000000 0.000000 1.000000
0.987940 0.111712 0.107212 0.912220 -0.102145 0.990604 -0.090937 97.179214 -0.116364 0.078890 0.990069 -3.152768 0.000000 0.000000 0.000000 1.000000
0.989916 0.104982 0.095106 0.941241 -0.099003 0.992925 -0.065556 97.520401 -0.101315 0.055479 0.993306 -3.019509 0.000000 0.000000 0.000000 1.000000
0.992686 0.098194 0.070232 1.018462 -0.095412 0.994554 -0.041944 97.770187 -0.073969 0.034937 0.996648 -2.847030 0.000000 0.000000 0.000000 1.000000
0.995170 0.091003 0.036807 1.064186 -0.090332 0.995721 -0.019503 97.987625 -0.038424 0.016083 0.999132 -2.602451 0.000000 0.000000 0.000000 1.000000
0.996360 0.084922 0.007472 1.046629 -0.084933 0.996386 0.001117 98.170578 -0.007350 -0.001748 0.999971 -2.328392 0.000000 0.000000 0.000000 1.000000
0.996637 0.080124 -0.017149 1.008069 -0.079818 0.996650 0.017824 98.369804 0.018520 -0.016395 0.999694 -2.028563 0.000000 0.000000 0.000000 1.000000
0.996453 0.076360 -0.035363 0.959864 -0.075357 0.996738 0.028881 98.617363 0.037453 -0.026114 0.998957 -1.694176 0.000000 0.000000 0.000000 1.000000
0.996004 0.073004 -0.051436 0.906937 -0.071095 0.996744 0.038027 98.881897 0.054045 -0.034218 0.997952 -1.346868 0.000000 0.000000 0.000000 1.000000
0.995350 0.069916 -0.066250 0.850395 -0.066947 0.996694 0.046032 99.143471 0.069250 -0.041382 0.996741 -0.997336 0.000000 0.000000 0.000000 1.000000
0.994482 0.067035 -0.080702 0.791350 -0.062824 0.996582 0.053646 99.382172 0.084022 -0.048280 0.995294 -0.656274 0.000000 0.000000 0.000000 1.000000
0.993903 0.064184 -0.089649 0.708431 -0.059199 0.996606 0.057209 99.472893 0.093016 -0.051553 0.994329 -0.362251 0.000000 0.000000 0.000000 1.000000
0.993836 0.063369 -0.090961 0.552305 -0.058108 0.996544 0.059366 99.494781 0.094409 -0.053714 0.994083 -0.134674 0.000000 0.000000 0.000000 1.000000
0.993848 0.062837 -0.091200 0.385869 -0.057374 0.996467 0.061329 99.506989 0.094732 -0.055719 0.993942 0.083545 0.000000 0.000000 0.000000 1.000000
0.993892 0.062416 -0.091010 0.215309 -0.056783 0.996383 0.063215 99.515305 0.094627 -0.057661 0.993842 0.298020 0.000000 0.000000 0.000000 1.000000
0.993919 0.061939 -0.091038 0.046810 -0.056121 0.996297 0.065140 99.525574 0.094735 -0.059635 0.993715 0.514367 0.000000 0.000000 0.000000 1.000000</float_array>
        <technique_common>
          <accessor source="#mixamorig1_Hips-Matrix-animation-output-transform-array" count="66" stride="16">
            <param type="float4x4"/>
          </accessor>
        </technique_common>
      </source>
      <source id="mixamorig1_Hips-Interpolations">
        <Name_array id="mixamorig1_Hips-Interpolations-array" count="66">
 LINEAR LINEAR LINEAR LINEAR LINEAR LINEAR LINEAR LINEAR LINEAR LINEAR LINEAR
LINEAR LINEAR LINEAR LINEAR LINEAR LINEAR LINEAR LINEAR LINEAR LINEAR LINEAR LINEAR
LINEAR LINEAR LINEAR LINEAR LINEAR LINEAR LINEAR LINEAR LINEAR LINEAR LINEAR LINEAR
LINEAR LINEAR LINEAR LINEAR LINEAR LINEAR LINEAR LINEAR LINEAR LINEAR LINEAR LINEAR
LINEAR LINEAR LINEAR LINEAR LINEAR LINEAR LINEAR LINEAR LINEAR LINEAR LINEAR LINEAR
LINEAR LINEAR LINEAR LINEAR LINEAR LINEAR LINEAR</Name_array>
        <technique_common>
          <accessor source="#mixamorig1_Hips-Interpolations-array" count="66">
            <param type="name"/>
          </accessor>
        </technique_common>
      </source>
      <sampler id="mixamorig1_Hips-Matrix-animation-transform">
        <input semantic="INPUT" source="#mixamorig1_Hips-Matrix-animation-input"/>
        <input semantic="OUTPUT" source="#mixamorig1_Hips-Matrix-animation-output-transform"/>
        <input semantic="INTERPOLATION" source="#mixamorig1_Hips-Interpolations"/>
      </sampler>
      <channel source="#mixamorig1_Hips-Matrix-animation-transform" target="mixamorig1_Hips/matrix"/>
    </animation>
    <animation id="mixamorig1_Spine-anim" name="mixamorig1_Spine">
      <source id="mixamorig1_Spine-Matrix-animation-input">
        <float_array id="mixamorig1_Spine-Matrix-animation-input-array" count="66">

0.000000 0.033333 0.066667 0.100000 0.133333 0.166667 0.200000 0.233333 0.266667 0.300000 0.333333 0.366667 0.400000 0.433333 0.466667 0.500000
0.533333 0.566667 0.600000 0.633333 0.666667 0.700000 0.733333 0.766667 0.800000 0.833333 0.866667 0.900000 0.933333 0.966667 1.000000 1.033333
1.066667 1.100000 1.133333 1.166667 1.200000 1.233333 1.266667 1.300000 1.333333 1.366667 1.400000 1.433333 1.466667 1.500000 1.533333 1.566667
1.600000 1.633333 1.666667 1.700000 1.733333 1.766667 1.800000 1.833333 1.866667 1.900000 1.933333 1.966667 2.000000 2.033333 2.066667 2.100000
2.133333 2.166667</float_array>
        <technique_common>
          <accessor source="#mixamorig1_Spine-Matrix-animation-input-array" count="66">
            <param name="TIME" type="float"/>
          </accessor>
        </technique_common>
      </source>
      <source id="mixamorig1_Spine-Matrix-animation-output-transform">
        <float_array id="mixamorig1_Spine-Matrix-animation-output-transform-array" count="1056">

0.998659 -0.047192 0.021277 0.000000 0.045766 0.996955 0.063135 9.717300 -0.024192 -0.062077 0.997778 -1.180200 0.000000 0.000000 0.000000 1.000000
0.998531 -0.048865 0.023420 0.000000 0.047360 0.997014 0.060987 9.717300 -0.026330 -0.059788 0.997864 -1.180200 0.000000 0.000000 0.000000 1.000000
0.998395 -0.050528 0.025570 0.000000 0.048954 0.997066 0.058846 9.717300 -0.028468 -0.057500 0.997940 -1.180200 0.000000 0.000000 0.000000 1.000000
0.998310 -0.051711 0.026510 0.000000 0.050156 0.997154 0.056281 9.717300 -0.029344 -0.054856 0.998063 -1.180200 0.000000 0.000000 0.000000 1.000000
0.998346 -0.052056 0.024419 0.000000 0.050715 0.997325 0.052639 9.717300 -0.027094 -0.051314 0.998315 -1.180200 0.000000 0.000000 0.000000 1.000000
0.998470 -0.051208 0.020882 -0.000000 0.050147 0.997563 0.048503 9.717300 -0.023315 -0.047382 0.998605 -1.180200 0.000000 0.000000 0.000000 1.000000
0.998747 -0.046845 0.017599 0.000000 0.046023 0.997946 0.044569 9.717300 -0.019651 -0.043703 0.998851 -1.180200 0.000000 0.000000 0.000000 1.000000
0.999248 -0.036627 0.012753 -0.000000 0.036118 0.998622 0.038070 9.717300 -0.014130 -0.037581 0.999194 -1.180200 0.000000 0.000000 0.000000 1.000000
0.999669 -0.024995 0.006081 0.000000 0.024803 0.999248 0.029814 9.717300 -0.006822 -0.029653 0.999537 -1.180200 0.000000 0.000000 0.000000 1.000000
0.999897 -0.012121 -0.007749 -0.000000 0.012237 0.999811 0.015106 9.717300 0.007565 -0.015199 0.999856 -1.180200 0.000000 0.000000 0.000000 1.000000
0.999586 -0.004209 -0.028453 -0.000000 0.004078 0.999981 -0.004664 9.717300 0.028473 0.004546 0.999584 -1.180200 0.000000 0.000000 0.000000 1.000000
0.998636 -0.004093 -0.052043 0.000000 0.002715 0.999645 -0.026517 9.717300 0.052134 0.026340 0.998293 -1.180200 0.000000 0.000000 0.000000 1.000000
0.997395 -0.010604 -0.071351 0.000000 0.007336 0.998919 -0.045899 9.717300 0.071761 0.045256 0.996395 -1.180200 0.000000 0.000000 0.000000 1.000000
0.996518 -0.019502 -0.081064 -0.000000 0.014715 0.998135 -0.059241 9.717300 0.082068 0.057842 0.994947 -1.180200 0.000000 0.000000 0.000000 1.000000
0.996269 -0.026974 -0.081980 -0.000000 0.021566 0.997577 -0.066148 9.717300 0.083566 0.064133 0.994436 -1.180200 0.000000 0.000000 0.000000 1.000000
0.996297 -0.032480 -0.079610 0.000000 0.027028 0.997276 -0.068629 9.717300 0.081622 0.066223 0.994461 -1.180200 0.000000 0.000000 0.000000 1.000000
0.996206 -0.038263 -0.078170 -0.000000 0.032963 0.997140 -0.068003 9.717300 0.080548 0.065168 0.994618 -1.180200 0.000000 0.000000 0.000000 1.000000
0.996031 -0.045093 -0.076745 0.000000 0.040264 0.997179 -0.063354 9.717300 0.079385 0.060012 0.995036 -1.180200 0.000000 0.000000 0.000000 1.000000
0.996368 -0.049585 -0.069230 0.000000 0.045951 0.997529 -0.053140 9.717300 0.071694 0.049766 0.996184 -1.180200 0.000000 0.000000 0.000000 1.000000
0.997766 -0.045269 -0.049128 0.000000 0.043455 0.998356 -0.037373 9.717300 0.050739 0.035154 0.998093 -1.180200 0.000000 0.000000 0.000000 1.000000
0.999399 -0.031845 -0.013689 0.000000 0.031584 0.999323 -0.018874 9.717300 0.014281 0.018430 0.999728 -1.180200 0.000000 0.000000 0.000000 1.000000
0.999501 -0.014357 0.028143 -0.000000 0.014423 0.999894 -0.002142 9.717300 -0.028109 0.002547 0.999602 -1.180200 0.000000 0.000000 0.000000 1.000000
0.998304 0.005414 0.057972 0.000000 -0.005985 0.999935 0.009693 9.717300 -0.057915 -0.010024 0.998271 -1.180200 0.000000 0.000000 0.000000 1.000000
0.997639 0.035734 0.058641 0.000000 -0.036705 0.999205 0.015568 9.717300 -0.058038 -0.017684 0.998158 -1.180200 0.000000 0.000000 0.000000 1.000000
0.996507 0.078364 0.028864 0.000000 -0.078776 0.996802 0.013427 9.717300 -0.027720 -0.015654 0.999493 -1.180200 0.000000 0.000000 0.000000 1.000000
0.992993 0.117256 -0.014677 0.000000 -0.117280 0.993099 -0.000801 9.717300 0.014482 0.002516 0.999892 -1.180200 0.000000 0.000000 0.000000 1.000000
0.991178 0.122890 -0.049635 0.000000 -0.124432 0.991796 -0.029268 9.717300 0.045631 0.035186 0.998339 -1.180200 0.000000 0.000000 0.000000 1.000000
0.992731 0.099345 -0.067941 0.000000 -0.103940 0.992269 -0.067817 9.717300 0.060678 0.074385 0.995382 -1.180200 0.000000 0.000000 0.000000 1.000000
0.994926 0.068399 -0.073779 0.000000 -0.075917 0.991630 -0.104436 9.717300 0.066018 0.109507 0.991791 -1.180200 0.000000 0.000000 0.000000 1.000000
0.996628 0.044733 -0.068791 -0.000000 -0.053194 0.990533 -0.126551 9.717300 0.062479 0.129784 0.989572 -1.180200 0.000000 0.000000 0.000000 1.000000
0.998238 0.030004 -0.051198 0.000000 -0.036457 0.990822 -0.130164 9.717300 0.046823 0.131801 0.990170 -1.180200 0.000000 0.000000 0.000000 1.000000
0.999560 0.019714 -0.022167 -0.000000 -0.022266 0.992343 -0.121491 9.717300 0.019602 0.121931 0.992345 -1.180200 0.000000 0.000000 0.000000 1.000000
0.999888 0.009044 0.011911 0.000000 -0.007678 0.993889 -0.110117 9.717300 -0.012834 0.110013 0.993847 -1.180200 0.000000 0.000000 0.000000 1.000000
0.999041 -0.005576 0.043437 0.000000 0.009905 0.994929 -0.100095 9.717300 -0.042658 0.100429 0.994029 -1.180200 0.000000 0.000000 0.000000 1.000000
0.997508 -0.025485 0.065786 0.000000 0.031246 0.995623 -0.088081 9.717300 -0.063253 0.089917 0.993939 -1.180200 0.000000 0.000000 0.000000 1.000000
0.995562 -0.051153 0.078989 0.000000 0.056686 0.995972 -0.069476 9.717300 -0.075117 0.073646 0.994452 -1.180200 0.000000 0.000000 0.000000 1.000000
0.993153 -0.077086 0.087773 0.000000 0.081254 0.995679 -0.044948 9.717300 -0.083929 0.051772 0.995126 -1.180200 0.000000 0.000000 0.000000 1.000000
0.991165 -0.092255 0.095297 0.000000 0.094606 0.995305 -0.020444 9.717300 -0.092963 0.029279 0.995239 -1.180200 0.000000 0.000000 0.000000 1.000000
0.991475 -0.087214 0.096800 0.000000 0.087870 0.996129 -0.002523 9.717300 -0.096205 0.011008 0.995301 -1.180200 0.000000 0.000000 0.000000 1.000000
0.993821 -0.067573 0.088054 0.000000 0.067332 0.997714 0.005705 9.717300 -0.088239 0.000259 0.996099 -1.180200 0.000000 0.000000 0.000000 1.000000
0.995927 -0.050294 0.074837 0.000000 0.050038 0.998733 0.005301 9.717300 -0.075009 -0.001535 0.997182 -1.180200 0.000000 0.000000 0.000000 1.000000
0.996686 -0.040670 0.070450 0.000000 0.040777 0.999168 -0.000083 9.717300 -0.070388 0.002955 0.997515 -1.180200 0.000000 0.000000 0.000000 1.000000
0.996065 -0.035827 0.081063 0.000000 0.036421 0.999319 -0.005858 9.717300 -0.080798 0.008788 0.996692 -1.180200 0.000000 0.000000 0.000000 1.000000
0.994858 -0.030067 0.096715 -0.000000 0.031102 0.999474 -0.009212 9.717300 -0.096387 0.012173 0.995269 -1.180200 0.000000 0.000000 0.000000 1.000000
0.994517 -0.026533 0.101157 -0.000000 0.027584 0.999579 -0.009006 9.717300 -0.100876 0.011747 0.994830 -1.180200 0.000000 0.000000 0.000000 1.000000
0.995463 -0.030372 0.090174 -0.000000 0.030950 0.999508 -0.005011 9.717300 -0.089978 0.007779 0.995913 -1.180200 0.000000 0.000000 0.000000 1.000000
0.996415 -0.037792 0.075685 0.000000 0.037736 0.999285 0.002168 9.717300 -0.075713 0.000696 0.997129 -1.180200 0.000000 0.000000 0.000000 1.000000
0.996545 -0.041821 0.071751 0.000000 0.041106 0.999090 0.011410 9.717300 -0.072162 -0.008421 0.997357 -1.180200 0.000000 0.000000 0.000000 1.000000
0.996027 -0.040764 0.079170 0.000000 0.039174 0.999000 0.021527 9.717300 -0.079969 -0.018340 0.996629 -1.180200 0.000000 0.000000 0.000000 1.000000
0.995527 -0.038007 0.086492 0.000000 0.035384 0.998872 0.031662 9.717300 -0.087597 -0.028460 0.995749 -1.180200 0.000000 0.000000 0.000000 1.000000
0.995805 -0.036621 0.083855 0.000000 0.033253 0.998597 0.041213 9.717300 -0.085247 -0.038252 0.995625 -1.180200 0.000000 0.000000 0.000000 1.000000
0.996667 -0.037371 0.072511 0.000000 0.033846 0.998213 0.049240 9.717300 -0.074222 -0.046622 0.996151 -1.180200 0.000000 0.000000 0.000000 1.000000
0.997326 -0.040060 0.061127 0.000000 0.036752 0.997848 0.054309 9.717300 -0.063171 -0.051917 0.996651 -1.180200 0.000000 0.000000 0.000000 1.000000
0.997472 -0.044047 0.055760 0.000000 0.040946 0.997614 0.055591 9.717300 -0.058076 -0.053168 0.996895 -1.180200 0.000000 0.000000 0.000000 1.000000
0.997330 -0.047997 0.055040 0.000000 0.045032 0.997530 0.053903 9.717300 -0.057491 -0.051281 0.997028 -1.180200 0.000000 0.000000 0.000000 1.000000
0.997330 -0.050472 0.052781 0.000000 0.047797 0.997565 0.050789 9.717300 -0.055216 -0.048130 0.997314 -1.180200 0.000000 0.000000 0.000000 1.000000
0.997408 -0.051864 0.049869 0.000000 0.049418 0.997571 0.049087 9.717300 -0.052294 -0.046495 0.997549 -1.180200 0.000000 0.000000 0.000000 1.000000
0.997572 -0.051952 0.046373 0.000000 0.049605 0.997496 0.050410 9.717300 -0.048876 -0.047987 0.997651 -1.180200 0.000000 0.000000 0.000000 1.000000
0.997761 -0.051551 0.042615 0.000000 0.049281 0.997394 0.052689 9.717300 -0.045220 -0.050470 0.997701 -1.180200 0.000000 0.000000 0.000000 1.000000
0.997946 -0.050925 0.038858 0.000000 0.048735 0.997275 0.055385 9.717300 -0.041573 -0.053377 0.997709 -1.180200 0.000000 0.000000 0.000000 1.000000
0.998105 -0.050353 0.035361 -0.000000 0.048252 0.997152 0.057955 9.717300 -0.038178 -0.056139 0.997693 -1.180200 0.000000 0.000000 0.000000 1.000000
0.998202 -0.049743 0.033449 0.000000 0.047651 0.997019 0.060688 9.717300 -0.036368 -0.058985 0.997596 -1.180200 0.000000 0.000000 0.000000 1.000000
0.998326 -0.049113 0.030533 -0.000000 0.047166 0.996990 0.061533 9.717300 -0.033463 -0.059990 0.997638 -1.180200 0.000000 0.000000 0.000000 1.000000
0.998446 -0.048477 0.027476 -0.000000 0.046696 0.996976 0.062116 9.717300 -0.030404 -0.060737 0.997691 -1.180200 0.000000 0.000000 0.000000 1.000000
0.998558 -0.047836 0.024362 0.000000 0.046233 0.996967 0.062597 9.717300 -0.027283 -0.061381 0.997741 -1.180200 0.000000 0.000000 0.000000 1.000000
0.998659 -0.047192 0.021277 0.000000 0.045766 0.996955 0.063135 9.717300 -0.024192 -0.062077 0.997778 -1.180200 0.000000 0.000000 0.000000 1.000000</float_array>
        <technique_common>
          <accessor source="#mixamorig1_Spine-Matrix-animation-output-transform-array" count="66" stride="16">
            <param type="float4x4"/>
          </accessor>
        </technique_common>
      </source>
      <source id="mixamorig1_Spine-Interpolations">
        <Name_array id="mixamorig1_Spine-Interpolations-array" count="66">
 LINEAR LINEAR LINEAR LINEAR LINEAR LINEAR LINEAR LINEAR LINEAR LINEAR LINEAR
LINEAR LINEAR LINEAR LINEAR LINEAR LINEAR LINEAR LINEAR LINEAR LINEAR LINEAR LINEAR
LINEAR LINEAR LINEAR LINEAR LINEAR LINEAR LINEAR LINEAR LINEAR LINEAR LINEAR LINEAR
LINEAR LINEAR LINEAR LINEAR LINEAR LINEAR LINEAR LINEAR LINEAR LINEAR LINEAR LINEAR
LINEAR LINEAR LINEAR LINEAR LINEAR LINEAR LINEAR LINEAR LINEAR LINEAR LINEAR LINEAR
LINEAR LINEAR LINEAR LINEAR LINEAR LINEAR LINEAR</Name_array>
        <technique_common>
          <accessor source="#mixamorig1_Spine-Interpolations-array" count="66">
            <param type="name"/>
          </accessor>
        </technique_common>
      </source>
      <sampler id="mixamorig1_Spine-Matrix-animation-transform">
        <input semantic="INPUT" source="#mixamorig1_Spine-Matrix-animation-input"/>
        <input semantic="OUTPUT" source="#mixamorig1_Spine-Matrix-animation-output-transform"/>
        <input semantic="INTERPOLATION" source="#mixamorig1_Spine-Interpolations"/>
      </sampler>
      <channel source="#mixamorig1_Spine-Matrix-animation-transform" target="mixamorig1_Spine/matrix"/>
    </animation>
    <animation id="mixamorig1_Spine1-anim" name="mixamorig1_Spine1">
      <source id="mixamorig1_Spine1-Matrix-animation-input">
        <float_array id="mixamorig1_Spine1-Matrix-animation-input-array" count="66">

0.000000 0.033333 0.066667 0.100000 0.133333 0.166667 0.200000 0.233333 0.266667 0.300000 0.333333 0.366667 0.400000 0.433333 0.466667 0.500000
0.533333 0.566667 0.600000 0.633333 0.666667 0.700000 0.733333 0.766667 0.800000 0.833333 0.866667 0.900000 0.933333 0.966667 1.000000 1.033333
1.066667 1.100000 1.133333 1.166667 1.200000 1.233333 1.266667 1.300000 1.333333 1.366667 1.400000 1.433333 1.466667 1.500000 1.533333 1.566667
1.600000 1.633333 1.666667 1.700000 1.733333 1.766667 1.800000 1.833333 1.866667 1.900000 1.933333 1.966667 2.000000 2.033333 2.066667 2.100000
2.133333 2.166667</float_array>
        <technique_common>
          <accessor source="#mixamorig1_Spine1-Matrix-animation-input-array" count="66">
            <param name="TIME" type="float"/>
          </accessor>
        </technique_common>
      </source>
      <source id="mixamorig1_Spine1-Matrix-animation-output-transform">
        <float_array id="mixamorig1_Spine1-Matrix-animation-output-transform-array" count="1056">

0.999615 -0.027614 0.002614 -0.000000 0.027661 0.999414 -0.020147 11.420100 -0.002056 0.020212 0.999794 -0.000000 0.000000 0.000000 0.000000 1.000000
0.999599 -0.028146 0.003050 0.000000 0.028204 0.999381 -0.021015 11.420100 -0.002456 0.021093 0.999774 0.000000 0.000000 0.000000 0.000000 1.000000
0.999583 -0.028677 0.003486 0.000000 0.028747 0.999347 -0.021883 11.420100 -0.002856 0.021974 0.999754 0.000000 0.000000 0.000000 0.000000 1.000000
0.999570 -0.029109 0.003397 -0.000000 0.029179 0.999310 -0.022961 11.420100 -0.002727 0.023051 0.999731 -0.000000 0.000000 0.000000 0.000000 1.000000
0.999566 -0.029383 0.002009 0.000000 0.029423 0.999266 -0.024542 11.420100 -0.001286 0.024590 0.999697 0.000000 0.000000 0.000000 0.000000 1.000000
0.999569 -0.029373 -0.000019 -0.000000 0.029362 0.999220 -0.026415 11.420100 0.000795 0.026403 0.999651 0.000000 0.000000 0.000000 0.000000 1.000000
0.999594 -0.028438 -0.002018 0.000000 0.028369 0.999192 -0.028470 11.420100 0.002826 0.028402 0.999593 0.000000 0.000000 0.000000 0.000000 1.000000
0.999653 -0.025955 -0.004483 0.000000 0.025800 0.999167 -0.031613 11.420100 0.005300 0.031487 0.999490 0.000000 0.000000 0.000000 0.000000 1.000000
0.999706 -0.023050 -0.007478 0.000000 0.022771 0.999113 -0.035409 11.420100 0.008287 0.035228 0.999345 0.000000 0.000000 0.000000 0.000000 1.000000
0.999730 -0.019548 -0.012601 -0.000000 0.019011 0.998961 -0.041418 11.420100 0.013397 0.041168 0.999062 0.000000 0.000000 0.000000 0.000000 1.000000
0.999670 -0.016843 -0.019384 -0.000000 0.015876 0.998671 -0.049025 11.420100 0.020184 0.048701 0.998609 0.000000 0.000000 0.000000 0.000000 1.000000
0.999558 -0.015622 -0.025279 0.000000 0.014158 0.998268 -0.057103 11.420100 0.026127 0.056720 0.998048 0.000000 0.000000 0.000000 0.000000 1.000000
0.999528 -0.015683 -0.026416 0.000000 0.013962 0.997845 -0.064108 11.420100 0.027364 0.063708 0.997593 -0.000000 0.000000 0.000000 0.000000 1.000000
0.999641 -0.016049 -0.021447 0.000000 0.014534 0.997512 -0.068986 11.420100 0.022501 0.068650 0.997387 0.000000 0.000000 0.000000 0.000000 1.000000
0.999775 -0.015890 -0.014041 0.000000 0.014844 0.997312 -0.071747 11.420100 0.015144 0.071523 0.997324 0.000000 0.000000 0.000000 0.000000 1.000000
0.999833 -0.015578 -0.009532 0.000000 0.014843 0.997233 -0.072845 11.420100 0.010640 0.072692 0.997298 0.000000 0.000000 0.000000 0.000000 1.000000
0.999813 -0.016659 -0.009871 -0.000000 0.015904 0.997267 -0.072145 11.420100 0.011046 0.071974 0.997345 0.000000 0.000000 0.000000 0.000000 1.000000
0.999697 -0.020363 -0.013814 -0.000000 0.019360 0.997410 -0.069273 11.420100 0.015188 0.068985 0.997502 0.000000 0.000000 0.000000 0.000000 1.000000
0.999492 -0.025813 -0.018697 -0.000000 0.024552 0.997597 -0.064792 11.420100 0.020325 0.064300 0.997724 -0.000000 0.000000 0.000000 0.000000 1.000000
0.999354 -0.030171 -0.019530 0.000000 0.028953 0.997786 -0.059876 11.420100 0.021293 0.059272 0.998015 0.000000 0.000000 0.000000 0.000000 1.000000
0.999441 -0.031338 -0.011678 -0.000000 0.030650 0.998015 -0.055010 11.420100 0.013379 0.054621 0.998418 0.000000 0.000000 0.000000 0.000000 1.000000
0.999562 -0.029490 0.002433 -0.000000 0.029574 0.998326 -0.049705 11.420100 -0.000963 0.049755 0.998761 -0.000000 0.000000 0.000000 0.000000 1.000000
0.999600 -0.024882 0.013436 0.000000 0.025445 0.998729 -0.043497 11.420100 -0.012337 0.043822 0.998963 0.000000 0.000000 0.000000 0.000000 1.000000
0.999772 -0.016270 0.013835 0.000000 0.016775 0.999166 -0.037226 11.420100 -0.013218 0.037449 0.999211 0.000000 0.000000 0.000000 0.000000 1.000000
0.999980 -0.003895 0.005053 0.000000 0.004062 0.999430 -0.033513 11.420100 -0.004920 0.033533 0.999425 0.000000 0.000000 0.000000 0.000000 1.000000
0.999959 0.007906 -0.004325 0.000000 -0.008055 0.999332 -0.035637 11.420100 0.004040 0.035670 0.999355 0.000000 0.000000 0.000000 0.000000 1.000000
0.999875 0.014362 -0.006579 -0.000000 -0.014644 0.998875 -0.045104 11.420100 0.005924 0.045195 0.998961 0.000000 0.000000 0.000000 0.000000 1.000000
0.999882 0.015307 -0.001608 -0.000000 -0.015376 0.998093 -0.059789 11.420100 0.000690 0.059807 0.998210 0.000000 0.000000 0.000000 0.000000 1.000000
0.999894 0.013865 0.004471 -0.000000 -0.013492 0.997114 -0.074713 11.420100 -0.005494 0.074645 0.997195 -0.000000 0.000000 0.000000 0.000000 1.000000
0.999903 0.011846 0.007307 -0.000000 -0.011181 0.996302 -0.085193 11.420100 -0.008289 0.085103 0.996338 0.000000 0.000000 0.000000 0.000000 1.000000
0.999927 0.008362 0.008738 0.000000 -0.007547 0.995962 -0.089462 11.420100 -0.009451 0.089389 0.995952 0.000000 0.000000 0.000000 0.000000 1.000000
0.999915 0.001930 0.012865 0.000000 -0.000779 0.996039 -0.088911 11.420100 -0.012986 0.088893 0.995956 0.000000 0.000000 0.000000 0.000000 1.000000
0.999765 -0.007269 0.020405 -0.000000 0.009005 0.996227 -0.086312 11.420100 -0.019701 0.086476 0.996059 0.000000 0.000000 0.000000 0.000000 1.000000
0.999445 -0.017432 0.028374 0.000000 0.019740 0.996339 -0.083176 11.420100 -0.026820 0.083690 0.996131 0.000000 0.000000 0.000000 0.000000 1.000000
0.999066 -0.026686 0.033986 0.000000 0.029285 0.996489 -0.078438 11.420100 -0.031773 0.079360 0.996340 0.000000 0.000000 0.000000 0.000000 1.000000
0.998730 -0.033856 0.037318 0.000000 0.036415 0.996870 -0.070175 11.420100 -0.034825 0.071445 0.996836 0.000000 0.000000 0.000000 0.000000 1.000000
0.998461 -0.038068 0.040334 0.000000 0.040408 0.997447 -0.058877 11.420100 -0.037989 0.060416 0.997450 0.000000 0.000000 0.000000 0.000000 1.000000
0.998281 -0.038584 0.044123 -0.000000 0.040712 0.997999 -0.048372 11.420100 -0.042168 0.050085 0.997854 0.000000 0.000000 0.000000 0.000000 1.000000
0.998252 -0.035548 0.047217 0.000000 0.037577 0.998376 -0.042806 11.420100 -0.045619 0.044506 0.997967 -0.000000 0.000000 0.000000 0.000000 1.000000
0.998425 -0.030674 0.046980 0.000000 0.032701 0.998540 -0.042998 11.420100 -0.045592 0.044467 0.997970 0.000000 0.000000 0.000000 0.000000 1.000000
0.998708 -0.026451 0.043395 0.000000 0.028451 0.998530 -0.046144 11.420100 -0.042110 0.047319 0.997992 -0.000000 0.000000 0.000000 0.000000 1.000000
0.998900 -0.024024 0.040271 0.000000 0.025979 0.998473 -0.048745 11.420100 -0.039038 0.049737 0.997999 0.000000 0.000000 0.000000 0.000000 1.000000
0.998921 -0.022456 0.040653 0.000000 0.024461 0.998474 -0.049502 11.420100 -0.039479 0.050443 0.997946 0.000000 0.000000 0.000000 0.000000 1.000000
0.998897 -0.020870 0.042059 0.000000 0.022936 0.998523 -0.049244 11.420100 -0.040969 0.050154 0.997901 0.000000 0.000000 0.000000 0.000000 1.000000
0.999044 -0.020119 0.038817 -0.000000 0.021999 0.998575 -0.048631 11.420100 -0.037783 0.049438 0.998062 0.000000 0.000000 0.000000 0.000000 1.000000
0.999346 -0.021172 0.029302 0.000000 0.022537 0.998638 -0.047065 11.420100 -0.028266 0.047695 0.998462 0.000000 0.000000 0.000000 0.000000 1.000000
0.999554 -0.023279 0.018706 0.000000 0.024081 0.998746 -0.043888 11.420100 -0.017661 0.044319 0.998861 0.000000 0.000000 0.000000 0.000000 1.000000
0.999600 -0.024912 0.013415 0.000000 0.025425 0.998896 -0.039511 11.420100 -0.012416 0.039836 0.999129 0.000000 0.000000 0.000000 0.000000 1.000000
0.999573 -0.025505 0.014256 0.000000 0.025990 0.999051 -0.034956 11.420100 -0.013351 0.035312 0.999287 0.000000 0.000000 0.000000 0.000000 1.000000
0.999535 -0.025481 0.016762 0.000000 0.025990 0.999185 -0.030891 11.420100 -0.015961 0.031313 0.999382 0.000000 0.000000 0.000000 0.000000 1.000000
0.999538 -0.025347 0.016757 0.000000 0.025801 0.999291 -0.027429 11.420100 -0.016050 0.027848 0.999483 0.000000 0.000000 0.000000 0.000000 1.000000
0.999578 -0.025424 0.014034 0.000000 0.025764 0.999365 -0.024616 11.420100 -0.013399 0.024967 0.999598 0.000000 0.000000 0.000000 0.000000 1.000000
0.999601 -0.025976 0.011125 0.000000 0.026224 0.999397 -0.022754 11.420100 -0.010528 0.023037 0.999679 0.000000 0.000000 0.000000 0.000000 1.000000
0.999586 -0.027006 0.009971 0.000000 0.027221 0.999385 -0.022084 11.420100 -0.009369 0.022347 0.999706 0.000000 0.000000 0.000000 0.000000 1.000000
0.999553 -0.028099 0.010250 -0.000000 0.028323 0.999348 -0.022390 11.420100 -0.009615 0.022670 0.999697 0.000000 0.000000 0.000000 0.000000 1.000000
0.999536 -0.028752 0.010068 -0.000000 0.028980 0.999310 -0.023219 11.420100 -0.009393 0.023500 0.999680 0.000000 0.000000 0.000000 0.000000 1.000000
0.999530 -0.029097 0.009655 0.000000 0.029319 0.999289 -0.023705 11.420100 -0.008959 0.023977 0.999672 -0.000000 0.000000 0.000000 0.000000 1.000000
0.999536 -0.029085 0.009016 0.000000 0.029289 0.999297 -0.023387 11.420100 -0.008330 0.023641 0.999686 -0.000000 0.000000 0.000000 0.000000 1.000000
0.999547 -0.028942 0.008284 0.000000 0.029125 0.999315 -0.022822 11.420100 -0.007618 0.023053 0.999705 -0.000000 0.000000 0.000000 0.000000 1.000000
0.999558 -0.028745 0.007536 0.000000 0.028905 0.999337 -0.022149 11.420100 -0.006895 0.022357 0.999726 0.000000 0.000000 0.000000 0.000000 1.000000
0.999568 -0.028571 0.006849 -0.000000 0.028712 0.999356 -0.021511 11.420100 -0.006230 0.021698 0.999745 0.000000 0.000000 0.000000 0.000000 1.000000
0.999575 -0.028422 0.006497 0.000000 0.028552 0.999375 -0.020834 11.420100 -0.005901 0.021011 0.999762 0.000000 0.000000 0.000000 0.000000 1.000000
0.999586 -0.028227 0.005596 -0.000000 0.028336 0.999386 -0.020606 11.420100 -0.005011 0.020756 0.999772 0.000000 0.000000 0.000000 0.000000 1.000000
0.999597 -0.028024 0.004618 -0.000000 0.028113 0.999396 -0.020441 11.420100 -0.004042 0.020562 0.999780 0.000000 0.000000 0.000000 0.000000 1.000000
0.999606 -0.027819 0.003608 -0.000000 0.027886 0.999405 -0.020300 11.420100 -0.003041 0.020393 0.999787 0.000000 0.000000 0.000000 0.000000 1.000000
0.999615 -0.027614 0.002614 -0.000000 0.027661 0.999414 -0.020147 11.420100 -0.002056 0.020212 0.999794 0.000000 0.000000 0.000000 0.000000 1.000000</float_array>
        <technique_common>
          <accessor source="#mixamorig1_Spine1-Matrix-animation-output-transform-array" count="66" stride="16">
            <param type="float4x4"/>
          </accessor>
        </technique_common>
      </source>
      <source id="mixamorig1_Spine1-Interpolations">
        <Name_array id="mixamorig1_Spine1-Interpolations-array" count="66">
 LINEAR LINEAR LINEAR LINEAR LINEAR LINEAR LINEAR LINEAR LINEAR LINEAR LINEAR
LINEAR LINEAR LINEAR LINEAR LINEAR LINEAR LINEAR LINEAR LINEAR LINEAR LINEAR LINEAR
LINEAR LINEAR LINEAR LINEAR LINEAR LINEAR LINEAR LINEAR LINEAR LINEAR LINEAR LINEAR
LINEAR LINEAR LINEAR LINEAR LINEAR LINEAR LINEAR LINEAR LINEAR LINEAR LINEAR LINEAR
LINEAR LINEAR LINEAR LINEAR LINEAR LINEAR LINEAR LINEAR LINEAR LINEAR LINEAR LINEAR
LINEAR LINEAR LINEAR LINEAR LINEAR LINEAR LINEAR</Name_array>
        <technique_common>
          <accessor source="#mixamorig1_Spine1-Interpolations-array" count="66">
            <param type="name"/>
          </accessor>
        </technique_common>
      </source>
      <sampler id="mixamorig1_Spine1-Matrix-animation-transform">
        <input semantic="INPUT" source="#mixamorig1_Spine1-Matrix-animation-input"/>
        <input semantic="OUTPUT" source="#mixamorig1_Spine1-Matrix-animation-output-transform"/>
        <input semantic="INTERPOLATION" source="#mixamorig1_Spine1-Interpolations"/>
      </sampler>
      <channel source="#mixamorig1_Spine1-Matrix-animation-transform" target="mixamorig1_Spine1/matrix"/>
    </animation>
    <animation id="mixamorig1_Spine2-anim" name="mixamorig1_Spine2">
      <source id="mixamorig1_Spine2-Matrix-animation-input">
        <float_array id="mixamorig1_Spine2-Matrix-animation-input-array" count="66">

0.000000 0.033333 0.066667 0.100000 0.133333 0.166667 0.200000 0.233333 0.266667 0.300000 0.333333 0.366667 0.400000 0.433333 0.466667 0.500000
0.533333 0.566667 0.600000 0.633333 0.666667 0.700000 0.733333 0.766667 0.800000 0.833333 0.866667 0.900000 0.933333 0.966667 1.000000 1.033333
1.066667 1.100000 1.133333 1.166667 1.200000 1.233333 1.266667 1.300000 1.333333 1.366667 1.400000 1.433333 1.466667 1.500000 1.533333 1.566667
1.600000 1.633333 1.666667 1.700000 1.733333 1.766667 1.800000 1.833333 1.866667 1.900000 1.933333 1.966667 2.000000 2.033333 2.066667 2.100000
2.133333 2.166667</float_array>
        <technique_common>
          <accessor source="#mixamorig1_Spine2-Matrix-animation-input-array" count="66">
            <param name="TIME" type="float"/>
          </accessor>
        </technique_common>
      </source>
      <source id="mixamorig1_Spine2-Matrix-animation-output-transform">
        <float_array id="mixamorig1_Spine2-Matrix-animation-output-transform-array" count="1056">

0.999611 -0.027714 0.002990 -0.000000 0.027768 0.999420 -0.019696 13.051600 -0.002443 0.019771 0.999802 0.000000 0.000000 0.000000 0.000000 1.000000
0.999595 -0.028252 0.003425 0.000000 0.028317 0.999387 -0.020562 13.051600 -0.002842 0.020651 0.999783 0.000000 0.000000 0.000000 0.000000 1.000000
0.999578 -0.028789 0.003860 0.000000 0.028865 0.999354 -0.021429 13.051600 -0.003241 0.021531 0.999763 0.000000 0.000000 0.000000 0.000000 1.000000
0.999566 -0.029232 0.003768 0.000000 0.029309 0.999317 -0.022505 13.051600 -0.003107 0.022606 0.999740 0.000000 0.000000 0.000000 0.000000 1.000000
0.999561 -0.029529 0.002369 -0.000000 0.029577 0.999272 -0.024085 13.051600 -0.001656 0.024144 0.999707 -0.000000 0.000000 0.000000 0.000000 1.000000
0.999563 -0.029550 0.000327 0.000000 0.029548 0.999226 -0.025956 13.051600 0.000441 0.025955 0.999663 0.000000 0.000000 0.000000 0.000000 1.000000
0.999588 -0.028654 -0.001691 0.000000 0.028595 0.999199 -0.028009 13.051600 0.002492 0.027949 0.999606 0.000000 0.000000 0.000000 0.000000 1.000000
0.999648 -0.026217 -0.004166 0.000000 0.026075 0.999174 -0.031157 13.051600 0.004979 0.031038 0.999506 0.000000 0.000000 0.000000 0.000000 1.000000
0.999701 -0.023360 -0.007170 0.000000 0.023095 0.999122 -0.034962 13.051600 0.007981 0.034786 0.999363 -0.000000 0.000000 0.000000 0.000000 1.000000
0.999726 -0.019909 -0.012316 -0.000000 0.019389 0.998972 -0.040985 13.051600 0.013119 0.040735 0.999084 -0.000000 0.000000 0.000000 0.000000 1.000000
0.999668 -0.017216 -0.019169 0.000000 0.016268 0.998687 -0.048580 13.051600 0.019981 0.048252 0.998635 0.000000 0.000000 0.000000 0.000000 1.000000
0.999557 -0.015854 -0.025202 0.000000 0.014407 0.998293 -0.056602 13.051600 0.026056 0.056213 0.998079 0.000000 0.000000 0.000000 0.000000 1.000000
0.999528 -0.015486 -0.026540 0.000000 0.013774 0.997885 -0.063526 13.051600 0.027468 0.063131 0.997627 0.000000 0.000000 0.000000 0.000000 1.000000
0.999647 -0.015175 -0.021818 0.000000 0.013652 0.997568 -0.068349 13.051600 0.022802 0.068027 0.997423 0.000000 0.000000 0.000000 0.000000 1.000000
0.999789 -0.014385 -0.014682 -0.000000 0.013306 0.997381 -0.071091 13.051600 0.015667 0.070881 0.997362 0.000000 0.000000 0.000000 0.000000 1.000000
0.999851 -0.013785 -0.010424 0.000000 0.012997 0.997307 -0.072186 13.051600 0.011391 0.072040 0.997337 0.000000 0.000000 0.000000 0.000000 1.000000
0.999829 -0.014959 -0.010896 -0.000000 0.014143 0.997341 -0.071488 13.051600 0.011936 0.071322 0.997382 -0.000000 0.000000 0.000000 0.000000 1.000000
0.999710 -0.019037 -0.014732 0.000000 0.017983 0.997479 -0.068649 13.051600 0.016001 0.068364 0.997532 -0.000000 0.000000 0.000000 0.000000 1.000000
0.999500 -0.025076 -0.019258 0.000000 0.023791 0.997651 -0.064238 13.051600 0.020824 0.063748 0.997749 0.000000 0.000000 0.000000 0.000000 1.000000
0.999354 -0.030091 -0.019633 -0.000000 0.028878 0.997817 -0.059395 13.051600 0.021377 0.058789 0.998042 -0.000000 0.000000 0.000000 0.000000 1.000000
0.999432 -0.031732 -0.011376 0.000000 0.031067 0.998029 -0.054531 13.051600 0.013084 0.054146 0.998447 0.000000 0.000000 0.000000 0.000000 1.000000
0.999544 -0.030044 0.003063 0.000000 0.030158 0.998337 -0.049124 13.051600 -0.001582 0.049194 0.998788 0.000000 0.000000 0.000000 0.000000 1.000000
0.999576 -0.025373 0.014292 -0.000000 0.025964 0.998746 -0.042801 13.051600 -0.013188 0.043154 0.998981 0.000000 0.000000 0.000000 0.000000 1.000000
0.999754 -0.016665 0.014671 -0.000000 0.017192 0.999184 -0.036561 13.051600 -0.014050 0.036804 0.999224 -0.000000 0.000000 0.000000 0.000000 1.000000
0.999975 -0.004286 0.005541 0.000000 0.004467 0.999444 -0.033032 13.051600 -0.005396 0.033056 0.999439 0.000000 0.000000 0.000000 0.000000 1.000000
0.999962 0.007532 -0.004326 -0.000000 -0.007680 0.999348 -0.035284 13.051600 0.004057 0.035316 0.999368 0.000000 0.000000 0.000000 0.000000 1.000000
0.999874 0.014312 -0.006905 0.000000 -0.014606 0.998896 -0.044645 13.051600 0.006258 0.044740 0.998979 -0.000000 0.000000 0.000000 0.000000 1.000000
0.999870 0.015998 -0.001987 0.000000 -0.016088 0.998126 -0.059047 13.051600 0.001039 0.059072 0.998253 0.000000 0.000000 0.000000 0.000000 1.000000
0.999873 0.015407 0.004192 0.000000 -0.015056 0.997166 -0.073708 13.051600 -0.005315 0.073635 0.997271 0.000000 0.000000 0.000000 0.000000 1.000000
0.999877 0.013949 0.007138 0.000000 -0.013299 0.996370 -0.084084 13.051600 -0.008285 0.083979 0.996433 0.000000 0.000000 0.000000 0.000000 1.000000
0.999906 0.010657 0.008649 0.000000 -0.009851 0.996034 -0.088427 13.051600 -0.009557 0.088333 0.996045 0.000000 0.000000 0.000000 0.000000 1.000000
0.999908 0.004255 0.012850 0.000000 -0.003107 0.996108 -0.088081 13.051600 -0.013175 0.088033 0.996030 0.000000 0.000000 0.000000 0.000000 1.000000
0.999778 -0.004917 0.020485 -0.000000 0.006657 0.996293 -0.085761 13.051600 -0.019988 0.085878 0.996105 0.000000 0.000000 0.000000 0.000000 1.000000
0.999478 -0.015061 0.028597 0.000000 0.017386 0.996406 -0.082900 13.051600 -0.027246 0.083354 0.996147 0.000000 0.000000 0.000000 0.000000 1.000000
0.999110 -0.024352 0.034450 0.000000 0.026991 0.996561 -0.078337 13.051600 -0.032424 0.079197 0.996332 -0.000000 0.000000 0.000000 0.000000 1.000000
0.998773 -0.031612 0.038125 0.000000 0.034230 0.996953 -0.070089 13.051600 -0.035793 0.071308 0.996812 0.000000 0.000000 0.000000 0.000000 1.000000
0.998495 -0.035942 0.041434 0.000000 0.038344 0.997539 -0.058698 13.051600 -0.039223 0.060198 0.997416 0.000000 0.000000 0.000000 0.000000 1.000000
0.998305 -0.036624 0.045221 -0.000000 0.038797 0.998086 -0.048149 13.051600 -0.043371 0.049822 0.997816 0.000000 0.000000 0.000000 0.000000 1.000000
0.998277 -0.033838 0.047936 0.000000 0.035894 0.998443 -0.042697 13.051600 -0.046417 0.044344 0.997937 0.000000 0.000000 0.000000 0.000000 1.000000
0.998457 -0.029287 0.047188 0.000000 0.031326 0.998581 -0.043058 13.051600 -0.045860 0.044469 0.997958 -0.000000 0.000000 0.000000 0.000000 1.000000
0.998737 -0.025384 0.043356 -0.000000 0.027385 0.998556 -0.046206 13.051600 -0.042121 0.047335 0.997991 0.000000 0.000000 0.000000 0.000000 1.000000
0.998914 -0.023202 0.040399 0.000000 0.025156 0.998503 -0.048570 13.051600 -0.039212 0.049533 0.998002 -0.000000 0.000000 0.000000 0.000000 1.000000
0.998916 -0.021811 0.041117 0.000000 0.023820 0.998514 -0.049013 13.051600 -0.039986 0.049939 0.997951 0.000000 0.000000 0.000000 0.000000 1.000000
0.998879 -0.020415 0.042697 0.000000 0.022485 0.998566 -0.048579 13.051600 -0.041644 0.049485 0.997906 0.000000 0.000000 0.000000 0.000000 1.000000
0.999024 -0.019927 0.039410 -0.000000 0.021811 0.998611 -0.047969 13.051600 -0.038400 0.048782 0.998071 0.000000 0.000000 0.000000 0.000000 1.000000
0.999329 -0.021292 0.029817 0.000000 0.022664 0.998663 -0.046456 13.051600 -0.028788 0.047101 0.998475 0.000000 0.000000 0.000000 0.000000 1.000000
0.999535 -0.023654 0.019236 0.000000 0.024468 0.998764 -0.043275 13.051600 -0.018189 0.043725 0.998878 0.000000 0.000000 0.000000 0.000000 1.000000
0.999579 -0.025401 0.014016 -0.000000 0.025929 0.998909 -0.038845 13.051600 -0.013014 0.039192 0.999147 -0.000000 0.000000 0.000000 0.000000 1.000000
0.999552 -0.025976 0.014896 0.000000 0.026474 0.999063 -0.034247 13.051600 -0.013992 0.034626 0.999302 0.000000 0.000000 0.000000 0.000000 1.000000
0.999514 -0.025875 0.017392 0.000000 0.026392 0.999196 -0.030175 13.051600 -0.016597 0.030619 0.999393 0.000000 0.000000 0.000000 0.000000 1.000000
0.999520 -0.025667 0.017368 -0.000000 0.026125 0.999301 -0.026733 13.051600 -0.016670 0.027174 0.999492 0.000000 0.000000 0.000000 0.000000 1.000000
0.999563 -0.025694 0.014637 0.000000 0.026040 0.999374 -0.023953 13.051600 -0.014012 0.024324 0.999606 -0.000000 0.000000 0.000000 0.000000 1.000000
0.999588 -0.026215 0.011722 0.000000 0.026469 0.999405 -0.022121 13.051600 -0.011135 0.022422 0.999687 0.000000 0.000000 0.000000 0.000000 1.000000
0.999574 -0.027214 0.010547 0.000000 0.027436 0.999393 -0.021478 13.051600 -0.009956 0.021758 0.999714 0.000000 0.000000 0.000000 0.000000 1.000000
0.999542 -0.028273 0.010791 0.000000 0.028503 0.999356 -0.021810 13.051600 -0.010167 0.022108 0.999704 -0.000000 0.000000 0.000000 0.000000 1.000000
0.999527 -0.028894 0.010573 -0.000000 0.029128 0.999319 -0.022669 13.051600 -0.009911 0.022966 0.999687 -0.000000 0.000000 0.000000 0.000000 1.000000
0.999522 -0.029213 0.010131 0.000000 0.029441 0.999298 -0.023180 13.051600 -0.009446 0.023467 0.999680 0.000000 0.000000 0.000000 0.000000 1.000000
0.999529 -0.029186 0.009470 0.000000 0.029396 0.999306 -0.022881 13.051600 -0.008795 0.023148 0.999693 0.000000 0.000000 0.000000 0.000000 1.000000
0.999540 -0.029031 0.008719 0.000000 0.029219 0.999324 -0.022331 13.051600 -0.008065 0.022575 0.999713 0.000000 0.000000 0.000000 0.000000 1.000000
0.999553 -0.028823 0.007953 0.000000 0.028990 0.999345 -0.021672 13.051600 -0.007323 0.021893 0.999733 0.000000 0.000000 0.000000 0.000000 1.000000
0.999564 -0.028640 0.007248 0.000000 0.028787 0.999364 -0.021047 13.051600 -0.006641 0.021247 0.999752 -0.000000 0.000000 0.000000 0.000000 1.000000
0.999570 -0.028490 0.006885 0.000000 0.028625 0.999383 -0.020377 13.051600 -0.006300 0.020566 0.999769 0.000000 0.000000 0.000000 0.000000 1.000000
0.999582 -0.028301 0.005980 0.000000 0.028416 0.999393 -0.020151 13.051600 -0.005406 0.020313 0.999779 -0.000000 0.000000 0.000000 0.000000 1.000000
0.999592 -0.028107 0.004998 0.000000 0.028202 0.999402 -0.019987 13.051600 -0.004434 0.020120 0.999788 -0.000000 0.000000 0.000000 0.000000 1.000000
0.999602 -0.027910 0.003987 0.000000 0.027984 0.999411 -0.019848 13.051600 -0.003430 0.019951 0.999795 0.000000 0.000000 0.000000 0.000000 1.000000
0.999611 -0.027714 0.002990 0.000000 0.027768 0.999420 -0.019696 13.051600 -0.002443 0.019771 0.999802 0.000000 0.000000 0.000000 0.000000 1.000000</float_array>
        <technique_common>
          <accessor source="#mixamorig1_Spine2-Matrix-animation-output-transform-array" count="66" stride="16">
            <param type="float4x4"/>
          </accessor>
        </technique_common>
      </source>
      <source id="mixamorig1_Spine2-Interpolations">
        <Name_array id="mixamorig1_Spine2-Interpolations-array" count="66">
 LINEAR LINEAR LINEAR LINEAR LINEAR LINEAR LINEAR LINEAR LINEAR LINEAR LINEAR
LINEAR LINEAR LINEAR LINEAR LINEAR LINEAR LINEAR LINEAR LINEAR LINEAR LINEAR LINEAR
LINEAR LINEAR LINEAR LINEAR LINEAR LINEAR LINEAR LINEAR LINEAR LINEAR LINEAR LINEAR
LINEAR LINEAR LINEAR LINEAR LINEAR LINEAR LINEAR LINEAR LINEAR LINEAR LINEAR LINEAR
LINEAR LINEAR LINEAR LINEAR LINEAR LINEAR LINEAR LINEAR LINEAR LINEAR LINEAR LINEAR
LINEAR LINEAR LINEAR LINEAR LINEAR LINEAR LINEAR</Name_array>
        <technique_common>
          <accessor source="#mixamorig1_Spine2-Interpolations-array" count="66">
            <param type="name"/>
          </accessor>
        </technique_common>
      </source>
      <sampler id="mixamorig1_Spine2-Matrix-animation-transform">
        <input semantic="INPUT" source="#mixamorig1_Spine2-Matrix-animation-input"/>
        <input semantic="OUTPUT" source="#mixamorig1_Spine2-Matrix-animation-output-transform"/>
        <input semantic="INTERPOLATION" source="#mixamorig1_Spine2-Interpolations"/>
      </sampler>
      <channel source="#mixamorig1_Spine2-Matrix-animation-transform" target="mixamorig1_Spine2/matrix"/>
    </animation>
    <animation id="mixamorig1_Neck-anim" name="mixamorig1_Neck">
      <source id="mixamorig1_Neck-Matrix-animation-input">
        <float_array id="mixamorig1_Neck-Matrix-animation-input-array" count="66">

0.000000 0.033333 0.066667 0.100000 0.133333 0.166667 0.200000 0.233333 0.266667 0.300000 0.333333 0.366667 0.400000 0.433333 0.466667 0.500000
0.533333 0.566667 0.600000 0.633333 0.666667 0.700000 0.733333 0.766667 0.800000 0.833333 0.866667 0.900000 0.933333 0.966667 1.000000 1.033333
1.066667 1.100000 1.133333 1.166667 1.200000 1.233333 1.266667 1.300000 1.333333 1.366667 1.400000 1.433333 1.466667 1.500000 1.533333 1.566667
1.600000 1.633333 1.666667 1.700000 1.733333 1.766667 1.800000 1.833333 1.866667 1.900000 1.933333 1.966667 2.000000 2.033333 2.066667 2.100000
2.133333 2.166667</float_array>
        <technique_common>
          <accessor source="#mixamorig1_Neck-Matrix-animation-input-array" count="66">
            <param name="TIME" type="float"/>
          </accessor>
        </technique_common>
      </source>
      <source id="mixamorig1_Neck-Matrix-animation-output-transform">
        <float_array id="mixamorig1_Neck-Matrix-animation-output-transform-array" count="1056">

0.999968 -0.007936 -0.001378 0.000000 0.007446 0.976073 -0.217315 14.683000 0.003070 0.217298 0.976100 -0.000000 0.000000 0.000000 0.000000 1.000000
0.999973 -0.007281 -0.000666 -0.000000 0.006970 0.976826 -0.213924 14.683000 0.002208 0.213913 0.976850 -0.000000 0.000000 0.000000 0.000000 1.000000
0.999978 -0.006632 0.000050 0.000000 0.006494 0.977566 -0.210530 14.683000 0.001347 0.210526 0.977587 0.000000 0.000000 0.000000 0.000000 1.000000
0.999974 -0.007009 0.001496 -0.000000 0.007167 0.978331 -0.206924 14.683000 -0.000013 0.206930 0.978356 0.000000 0.000000 0.000000 0.000000 1.000000
0.999941 -0.009815 0.004587 0.000000 0.010543 0.979071 -0.203247 14.683000 -0.002496 0.203284 0.979117 0.000000 0.000000 0.000000 0.000000 1.000000
0.999861 -0.014135 0.008787 0.000000 0.015598 0.980009 -0.198341 14.683000 -0.005807 0.198451 0.980094 0.000000 0.000000 0.000000 0.000000 1.000000
0.999702 -0.019798 0.014291 0.000000 0.022136 0.981874 -0.188239 14.683000 -0.010305 0.188499 0.982019 0.000000 0.000000 0.000000 0.000000 1.000000
0.999396 -0.027121 0.021731 0.000000 0.030345 0.985789 -0.165228 14.683000 -0.016941 0.165787 0.986016 -0.000000 0.000000 0.000000 0.000000 1.000000
0.998939 -0.035173 0.029712 -0.000000 0.038934 0.989760 -0.137332 14.683000 -0.024577 0.138343 0.990079 0.000000 0.000000 0.000000 0.000000 1.000000
0.998242 -0.044043 0.039660 -0.000000 0.047774 0.993977 -0.098626 14.683000 -0.035077 0.100348 0.994334 -0.000000 0.000000 0.000000 0.000000 1.000000
0.997350 -0.052391 0.050481 0.000000 0.055451 0.996582 -0.061241 14.683000 -0.047100 0.063878 0.996846 0.000000 0.000000 0.000000 0.000000 1.000000
0.996425 -0.059461 0.060015 -0.000000 0.061474 0.997587 -0.032260 14.683000 -0.057952 0.035834 0.997676 -0.000000 0.000000 0.000000 0.000000 1.000000
0.995728 -0.065913 0.064657 -0.000000 0.066765 0.997707 -0.011099 14.683000 -0.063778 0.015369 0.997846 0.000000 0.000000 0.000000 0.000000 1.000000
0.995295 -0.074517 0.061935 0.000000 0.074074 0.997208 0.009418 14.683000 -0.062464 -0.004786 0.998036 0.000000 0.000000 0.000000 0.000000 1.000000
0.994622 -0.088770 0.053350 -0.000000 0.086951 0.995580 0.035510 14.683000 -0.056266 -0.030680 0.997944 -0.000000 0.000000 0.000000 0.000000 1.000000
0.993106 -0.108723 0.043812 0.000000 0.105764 0.992265 0.064990 14.683000 -0.050539 -0.059908 0.996924 0.000000 0.000000 0.000000 0.000000 1.000000
0.991167 -0.126812 0.038812 -0.000000 0.123105 0.988627 0.086379 14.683000 -0.049324 -0.080838 0.995506 0.000000 0.000000 0.000000 0.000000 1.000000
0.990674 -0.129571 0.042156 0.000000 0.125619 0.988363 0.085780 14.683000 -0.052780 -0.079684 0.995422 -0.000000 0.000000 0.000000 0.000000 1.000000
0.992840 -0.107404 0.052273 -0.000000 0.104478 0.992959 0.055819 14.683000 -0.057900 -0.049958 0.997072 0.000000 0.000000 0.000000 0.000000 1.000000
0.996152 -0.064569 0.059264 0.000000 0.064699 0.997905 -0.000281 14.683000 -0.059122 0.004114 0.998242 0.000000 0.000000 0.000000 0.000000 1.000000
0.998509 -0.017843 0.051587 -0.000000 0.021531 0.997183 -0.071856 14.683000 -0.050160 0.072860 0.996080 0.000000 0.000000 0.000000 0.000000 1.000000
0.999466 0.016034 0.028471 -0.000000 -0.011637 0.988864 -0.148365 14.683000 -0.030532 0.147954 0.988523 0.000000 0.000000 0.000000 0.000000 1.000000
0.999515 0.031087 0.002025 0.000000 -0.029844 0.974145 -0.223944 14.683000 -0.008934 0.223775 0.974600 0.000000 0.000000 0.000000 0.000000 1.000000
0.999371 0.032605 -0.013975 0.000000 -0.035276 0.955014 -0.294455 14.683000 0.003746 0.294763 0.955563 -0.000000 0.000000 0.000000 0.000000 1.000000
0.999408 0.030639 -0.015618 0.000000 -0.034182 0.934896 -0.353272 14.683000 0.003777 0.353597 0.935390 0.000000 0.000000 0.000000 0.000000 1.000000
0.999420 0.032554 -0.009949 0.000000 -0.033839 0.918368 -0.394277 14.683000 -0.003698 0.394385 0.918938 -0.000000 0.000000 0.000000 0.000000 1.000000
0.999238 0.038504 -0.006425 0.000000 -0.037662 0.907639 -0.418059 14.683000 -0.010266 0.417982 0.908397 0.000000 0.000000 0.000000 0.000000 1.000000
0.999032 0.043241 -0.008085 -0.000000 -0.042498 0.901236 -0.431240 14.683000 -0.011360 0.431166 0.902201 0.000000 0.000000 0.000000 0.000000 1.000000
0.998997 0.043235 -0.011693 0.000000 -0.043971 0.897089 -0.439657 14.683000 -0.008519 0.439730 0.898090 0.000000 0.000000 0.000000 0.000000 1.000000
0.999058 0.040845 -0.014651 -0.000000 -0.043098 0.894693 -0.444598 14.683000 -0.005051 0.444811 0.895610 0.000000 0.000000 0.000000 0.000000 1.000000
0.998976 0.041295 -0.018506 0.000000 -0.045214 0.894182 -0.445416 14.683000 -0.001846 0.445796 0.895133 -0.000000 0.000000 0.000000 0.000000 1.000000
0.998575 0.046879 -0.025496 -0.000000 -0.053324 0.895041 -0.442784 14.683000 0.002062 0.443512 0.896266 0.000000 0.000000 0.000000 0.000000 1.000000
0.997901 0.054768 -0.034564 0.000000 -0.064387 0.896384 -0.438577 14.683000 0.006963 0.439882 0.898028 -0.000000 0.000000 0.000000 0.000000 1.000000
0.997255 0.060653 -0.042477 -0.000000 -0.073113 0.897405 -0.435109 14.683000 0.011728 0.437020 0.899375 0.000000 0.000000 0.000000 0.000000 1.000000
0.996877 0.063061 -0.047532 0.000000 -0.077499 0.896806 -0.435584 14.683000 0.015158 0.437908 0.898892 -0.000000 0.000000 0.000000 0.000000 1.000000
0.996816 0.061753 -0.050440 0.000000 -0.077742 0.893261 -0.442765 14.683000 0.017714 0.445276 0.895218 0.000000 0.000000 0.000000 0.000000 1.000000
0.997205 0.053483 -0.052161 0.000000 -0.071379 0.888179 -0.453919 14.683000 0.022052 0.456374 0.889515 0.000000 0.000000 0.000000 0.000000 1.000000
0.998018 0.034230 -0.052814 0.000000 -0.054657 0.887442 -0.457667 14.683000 0.031203 0.459647 0.887553 -0.000000 0.000000 0.000000 0.000000 1.000000
0.998566 0.007147 -0.053056 0.000000 -0.029799 0.897524 -0.439958 14.683000 0.044475 0.440908 0.896450 0.000000 0.000000 0.000000 0.000000 1.000000
0.998357 -0.015783 -0.055085 0.000000 -0.007327 0.918264 -0.395901 14.683000 0.056831 0.395654 0.916640 0.000000 0.000000 0.000000 0.000000 1.000000
0.997860 -0.023429 -0.061038 -0.000000 0.001545 0.941776 -0.336238 14.683000 0.065361 0.335424 0.939797 0.000000 0.000000 0.000000 0.000000 1.000000
0.997417 -0.015281 -0.070182 -0.000000 -0.005072 0.959682 -0.281042 14.683000 0.071647 0.280672 0.957126 0.000000 0.000000 0.000000 0.000000 1.000000
0.996932 0.000137 -0.078276 0.000000 -0.019349 0.969394 -0.244746 14.683000 0.075847 0.245509 0.966423 -0.000000 0.000000 0.000000 0.000000 1.000000
0.996641 0.014342 -0.080629 0.000000 -0.032377 0.973339 -0.227077 14.683000 0.075223 0.228924 0.970533 0.000000 0.000000 0.000000 0.000000 1.000000
0.996824 0.024087 -0.075903 -0.000000 -0.040164 0.975118 -0.218019 14.683000 0.068763 0.220375 0.972988 0.000000 0.000000 0.000000 0.000000 1.000000
0.997329 0.029331 -0.066899 0.000000 -0.042764 0.976935 -0.209210 14.683000 0.059220 0.211512 0.975580 0.000000 0.000000 0.000000 0.000000 1.000000
0.997861 0.029897 -0.058134 0.000000 -0.040993 0.978894 -0.200215 14.683000 0.050921 0.202170 0.978026 0.000000 0.000000 0.000000 0.000000 1.000000
0.998298 0.025255 -0.052572 -0.000000 -0.035116 0.979964 -0.196056 14.683000 0.046567 0.197568 0.979182 0.000000 0.000000 0.000000 0.000000 1.000000
0.998614 0.015997 -0.050134 0.000000 -0.025749 0.979378 -0.200387 14.683000 0.045895 0.201400 0.978433 0.000000 0.000000 0.000000 0.000000 1.000000
0.998797 0.004538 -0.048823 -0.000000 -0.014766 0.977323 -0.211238 14.683000 0.046758 0.211704 0.976215 0.000000 0.000000 0.000000 0.000000 1.000000
0.998893 -0.005510 -0.046727 0.000000 -0.005039 0.974880 -0.222674 14.683000 0.046780 0.222662 0.973773 -0.000000 0.000000 0.000000 0.000000 1.000000
0.999009 -0.010985 -0.043128 0.000000 0.000790 0.973284 -0.229605 14.683000 0.044498 0.229343 0.972328 0.000000 0.000000 0.000000 0.000000 1.000000
0.999201 -0.011032 -0.038421 -0.000000 0.001868 0.973000 -0.230798 14.683000 0.039930 0.230541 0.972243 0.000000 0.000000 0.000000 0.000000 1.000000
0.999414 -0.007608 -0.033359 0.000000 -0.000210 0.973583 -0.228334 14.683000 0.034215 0.228208 0.973011 0.000000 0.000000 0.000000 0.000000 1.000000
0.999590 -0.003891 -0.028374 0.000000 -0.002598 0.974318 -0.225163 14.683000 0.028521 0.225145 0.973908 0.000000 0.000000 0.000000 0.000000 1.000000
0.999725 -0.002460 -0.023334 0.000000 -0.002814 0.974745 -0.223305 14.683000 0.023294 0.223309 0.974469 0.000000 0.000000 0.000000 0.000000 1.000000
0.999819 -0.002346 -0.018889 0.000000 -0.001913 0.974962 -0.222363 14.683000 0.018938 0.222359 0.974781 -0.000000 0.000000 0.000000 0.000000 1.000000
0.999874 -0.003637 -0.015438 -0.000000 0.000110 0.974921 -0.222549 14.683000 0.015861 0.222520 0.974799 -0.000000 0.000000 0.000000 0.000000 1.000000
0.999909 -0.005473 -0.012295 0.000000 0.002592 0.974779 -0.223159 14.683000 0.013207 0.223107 0.974704 0.000000 0.000000 0.000000 0.000000 1.000000
0.999929 -0.007432 -0.009361 0.000000 0.005148 0.974618 -0.223816 14.683000 0.010787 0.223752 0.974586 -0.000000 0.000000 0.000000 0.000000 1.000000
0.999937 -0.009092 -0.006540 0.000000 0.007395 0.974527 -0.224147 14.683000 0.008411 0.224085 0.974533 0.000000 0.000000 0.000000 0.000000 1.000000
0.999945 -0.009236 -0.004925 0.000000 0.007907 0.974858 -0.222686 14.683000 0.006857 0.222635 0.974878 0.000000 0.000000 0.000000 0.000000 1.000000
0.999952 -0.008961 -0.003957 0.000000 0.007863 0.975167 -0.221330 14.683000 0.005842 0.221288 0.975191 -0.000000 0.000000 0.000000 0.000000 1.000000
0.999958 -0.008628 -0.003080 -0.000000 0.007740 0.975472 -0.219989 14.683000 0.004903 0.219956 0.975498 0.000000 0.000000 0.000000 0.000000 1.000000
0.999963 -0.008275 -0.002239 0.000000 0.007585 0.975773 -0.218654 14.683000 0.003994 0.218629 0.975800 0.000000 0.000000 0.000000 0.000000 1.000000
0.999968 -0.007936 -0.001378 0.000000 0.007446 0.976073 -0.217315 14.683000 0.003070 0.217298 0.976100 0.000000 0.000000 0.000000 0.000000 1.000000</float_array>
        <technique_common>
          <accessor source="#mixamorig1_Neck-Matrix-animation-output-transform-array" count="66" stride="16">
            <param type="float4x4"/>
          </accessor>
        </technique_common>
      </source>
      <source id="mixamorig1_Neck-Interpolations">
        <Name_array id="mixamorig1_Neck-Interpolations-array" count="66">
 LINEAR LINEAR LINEAR LINEAR LINEAR LINEAR LINEAR LINEAR LINEAR LINEAR LINEAR
LINEAR LINEAR LINEAR LINEAR LINEAR LINEAR LINEAR LINEAR LINEAR LINEAR LINEAR LINEAR
LINEAR LINEAR LINEAR LINEAR LINEAR LINEAR LINEAR LINEAR LINEAR LINEAR LINEAR LINEAR
LINEAR LINEAR LINEAR LINEAR LINEAR LINEAR LINEAR LINEAR LINEAR LINEAR LINEAR LINEAR
LINEAR LINEAR LINEAR LINEAR LINEAR LINEAR LINEAR LINEAR LINEAR LINEAR LINEAR LINEAR
LINEAR LINEAR LINEAR LINEAR LINEAR LINEAR LINEAR</Name_array>
        <technique_common>
          <accessor source="#mixamorig1_Neck-Interpolations-array" count="66">
            <param type="name"/>
          </accessor>
        </technique_common>
      </source>
      <sampler id="mixamorig1_Neck-Matrix-animation-transform">
        <input semantic="INPUT" source="#mixamorig1_Neck-Matrix-animation-input"/>
        <input semantic="OUTPUT" source="#mixamorig1_Neck-Matrix-animation-output-transform"/>
        <input semantic="INTERPOLATION" source="#mixamorig1_Neck-Interpolations"/>
      </sampler>
      <channel source="#mixamorig1_Neck-Matrix-animation-transform" target="mixamorig1_Neck/matrix"/>
    </animation>
    <animation id="mixamorig1_Head-anim" name="mixamorig1_Head">
      <source id="mixamorig1_Head-Matrix-animation-input">
        <float_array id="mixamorig1_Head-Matrix-animation-input-array" count="66">

0.000000 0.033333 0.066667 0.100000 0.133333 0.166667 0.200000 0.233333 0.266667 0.300000 0.333333 0.366667 0.400000 0.433333 0.466667 0.500000
0.533333 0.566667 0.600000 0.633333 0.666667 0.700000 0.733333 0.766667 0.800000 0.833333 0.866667 0.900000 0.933333 0.966667 1.000000 1.033333
1.066667 1.100000 1.133333 1.166667 1.200000 1.233333 1.266667 1.300000 1.333333 1.366667 1.400000 1.433333 1.466667 1.500000 1.533333 1.566667
1.600000 1.633333 1.666667 1.700000 1.733333 1.766667 1.800000 1.833333 1.866667 1.900000 1.933333 1.966667 2.000000 2.033333 2.066667 2.100000
2.133333 2.166667</float_array>
        <technique_common>
          <accessor source="#mixamorig1_Head-Matrix-animation-input-array" count="66">
            <param name="TIME" type="float"/>
          </accessor>
        </technique_common>
      </source>
      <source id="mixamorig1_Head-Matrix-animation-output-transform">
        <float_array id="mixamorig1_Head-Matrix-animation-output-transform-array" count="1056">

0.999962 -0.008586 -0.001744 0.000000 0.008374 0.995155 -0.097957 6.720200 0.002577 0.097939 0.995189 1.972200 0.000000 0.000000 0.000000 1.000000
0.999968 -0.007911 -0.001043 0.000000 0.007777 0.995494 -0.094508 6.720200 0.001786 0.094497 0.995524 1.972200 0.000000 0.000000 0.000000 1.000000
0.999974 -0.007241 -0.000337 -0.000000 0.007180 0.995820 -0.091058 6.720200 0.000995 0.091054 0.995845 1.972200 0.000000 0.000000 0.000000 1.000000
0.999971 -0.007569 0.001107 0.000000 0.007637 0.996145 -0.087389 6.720200 -0.000441 0.087395 0.996174 1.972200 0.000000 0.000000 0.000000 1.000000
0.999938 -0.010260 0.004215 0.000000 0.010577 0.996440 -0.083638 6.720200 -0.003342 0.083677 0.996487 1.972200 0.000000 0.000000 0.000000 1.000000
0.999860 -0.014421 0.008456 0.000000 0.015042 0.996790 -0.078637 6.720200 -0.007294 0.078753 0.996867 1.972200 0.000000 0.000000 0.000000 1.000000
0.999704 -0.019868 0.014070 0.000000 0.020786 0.997443 -0.068373 6.720200 -0.012676 0.068645 0.997561 1.972200 0.000000 0.000000 0.000000 1.000000
0.999402 -0.026912 0.021723 0.000000 0.027869 0.998596 -0.045057 6.720200 -0.020480 0.045635 0.998748 1.972200 0.000000 0.000000 0.000000 1.000000
0.998949 -0.034698 0.029950 0.000000 0.035215 0.999237 -0.016891 6.720200 -0.029341 0.017928 0.999409 1.972200 0.000000 0.000000 0.000000 1.000000
0.998250 -0.043404 0.040152 0.000000 0.042545 0.998852 0.022006 6.720200 -0.041061 -0.020259 0.998951 1.972200 0.000000 0.000000 0.000000 1.000000
0.997351 -0.051725 0.051152 0.000000 0.048664 0.997049 0.059368 6.720200 -0.054072 -0.056722 0.996925 1.972200 0.000000 0.000000 0.000000 1.000000
0.996420 -0.058746 0.060788 -0.000000 0.053261 0.994676 0.088223 6.720200 -0.065647 -0.084670 0.994244 1.972200 0.000000 0.000000 0.000000 1.000000
0.995743 -0.064845 0.065511 -0.000000 0.057427 0.992340 0.109379 6.720200 -0.072102 -0.105151 0.991839 1.972200 0.000000 0.000000 0.000000 1.000000
0.995370 -0.072678 0.062899 0.000000 0.064022 0.989430 0.130117 6.720200 -0.071691 -0.125487 0.989502 1.972200 0.000000 0.000000 0.000000 1.000000
0.994799 -0.086076 0.054451 -0.000000 0.076638 0.984703 0.156480 6.720200 -0.067087 -0.151494 0.986179 1.972200 0.000000 0.000000 0.000000 1.000000
0.993381 -0.105658 0.045053 -0.000000 0.095576 0.977895 0.185976 6.720200 -0.063706 -0.180439 0.981521 1.972200 0.000000 0.000000 0.000000 1.000000
0.991452 -0.124115 0.040221 -0.000000 0.113250 0.971753 0.207053 6.720200 -0.064784 -0.200728 0.977503 1.972200 0.000000 0.000000 0.000000 1.000000
0.990847 -0.127681 0.043822 0.000000 0.116091 0.971629 0.206059 6.720200 -0.068888 -0.199086 0.977558 1.972200 0.000000 0.000000 0.000000 1.000000
0.992876 -0.106137 0.054141 0.000000 0.095148 0.979802 0.175881 6.720200 -0.071715 -0.169477 0.982921 1.972200 0.000000 0.000000 0.000000 1.000000
0.996136 -0.063343 0.060831 0.000000 0.055714 0.991232 0.119815 6.720200 -0.067887 -0.115963 0.990931 1.972200 0.000000 0.000000 0.000000 1.000000
0.998506 -0.016552 0.052067 0.000000 0.014036 0.998733 0.048325 6.720200 -0.052801 -0.047522 0.997474 1.972200 0.000000 0.000000 0.000000 1.000000
0.999485 0.016513 0.027520 0.000000 -0.015727 0.999469 -0.028530 6.720200 -0.027976 0.028083 0.999214 1.972200 0.000000 0.000000 0.000000 1.000000
0.999551 0.029974 0.000235 0.000000 -0.029783 0.994003 -0.105220 6.720200 -0.003387 0.105166 0.994449 1.972200 0.000000 0.000000 0.000000 1.000000
0.999411 0.030723 -0.015318 0.000000 -0.032955 0.983589 -0.177389 6.720200 0.009616 0.177790 0.984022 1.972200 0.000000 0.000000 0.000000 1.000000
0.999433 0.029996 -0.015298 0.000000 -0.032776 0.970745 -0.237866 6.720200 0.007715 0.238233 0.971177 1.972200 0.000000 0.000000 0.000000 1.000000
0.999390 0.034105 -0.007557 0.000000 -0.034856 0.959324 -0.280149 6.720200 -0.002305 0.280241 0.959927 1.972200 0.000000 0.000000 0.000000 1.000000
0.999159 0.040929 -0.002382 0.000000 -0.039706 0.951558 -0.304895 6.720200 -0.010213 0.304733 0.952383 1.972200 0.000000 0.000000 0.000000 1.000000
0.999007 0.044449 -0.003044 0.000000 -0.043097 0.946783 -0.318975 6.720200 -0.011297 0.318789 0.947758 1.972200 0.000000 0.000000 0.000000 1.000000
0.999077 0.042497 -0.006194 0.000000 -0.042175 0.943668 -0.328194 6.720200 -0.008102 0.328152 0.944590 1.972200 0.000000 0.000000 0.000000 1.000000
0.999205 0.038811 -0.009152 0.000000 -0.039640 0.941869 -0.333634 6.720200 -0.004329 0.333731 0.942658 1.972200 0.000000 0.000000 0.000000 1.000000
0.999174 0.038368 -0.013365 0.000000 -0.040629 0.941446 -0.334707 6.720200 -0.000260 0.334974 0.942227 1.972200 0.000000 0.000000 0.000000 1.000000
0.998881 0.042413 -0.020946 -0.000000 -0.046967 0.941975 -0.332380 6.720200 0.005634 0.332992 0.942913 1.972200 0.000000 0.000000 0.000000 1.000000
0.998379 0.047889 -0.030762 0.000000 -0.055350 0.942829 -0.328650 6.720200 0.013265 0.329820 0.943951 1.972200 0.000000 0.000000 0.000000 1.000000
0.997904 0.051230 -0.039535 0.000000 -0.061339 0.943483 -0.325696 6.720200 0.020615 0.327439 0.944647 1.972200 0.000000 0.000000 0.000000 1.000000
0.997633 0.051584 -0.045467 0.000000 -0.063646 0.942998 -0.326656 6.720200 0.026025 0.328777 0.944049 1.972200 0.000000 0.000000 0.000000 1.000000
0.997608 0.048771 -0.048976 0.000000 -0.062389 0.940378 -0.334360 6.720200 0.029749 0.336616 0.941172 1.972200 0.000000 0.000000 0.000000 1.000000
0.997934 0.039615 -0.050575 0.000000 -0.054713 0.936676 -0.345897 6.720200 0.033670 0.347950 0.936908 1.972200 0.000000 0.000000 0.000000 1.000000
0.998528 0.020523 -0.050196 0.000000 -0.036801 0.936309 -0.349244 6.720200 0.039832 0.350578 0.935686 1.972200 0.000000 0.000000 0.000000 1.000000
0.998785 -0.005066 -0.049024 0.000000 -0.011400 0.943985 -0.329791 6.720200 0.047949 0.329949 0.942780 1.972200 0.000000 0.000000 0.000000 1.000000
0.998403 -0.025616 -0.050356 0.000000 0.010333 0.959065 -0.282998 6.720200 0.055544 0.282026 0.957798 1.972200 0.000000 0.000000 0.000000 1.000000
0.997889 -0.030995 -0.057070 0.000000 0.017663 0.975167 -0.220766 6.720200 0.062495 0.219291 0.973656 1.972200 0.000000 0.000000 0.000000 1.000000
0.997457 -0.021415 -0.067975 0.000000 0.010001 0.986409 -0.164006 6.720200 0.070563 0.162910 0.984114 1.972200 0.000000 0.000000 0.000000 1.000000
0.996967 -0.005334 -0.077639 0.000000 -0.004593 0.991877 -0.127118 6.720200 0.077687 0.127089 0.988844 1.972200 0.000000 0.000000 0.000000 1.000000
0.996692 0.009345 -0.080733 0.000000 -0.018173 0.993841 -0.109317 6.720200 0.079214 0.110422 0.990723 1.972200 0.000000 0.000000 0.000000 1.000000
0.996892 0.019870 -0.076234 -0.000000 -0.027476 0.994602 -0.100060 6.720200 0.073834 0.101843 0.992057 1.972200 0.000000 0.000000 0.000000 1.000000
0.997378 0.026229 -0.067449 0.000000 -0.032312 0.995351 -0.090737 6.720200 0.064755 0.092679 0.993588 1.972200 0.000000 0.000000 0.000000 1.000000
0.997873 0.027853 -0.058943 0.000000 -0.032596 0.996172 -0.081108 6.720200 0.056458 0.082857 0.994961 1.972200 0.000000 0.000000 0.000000 1.000000
0.998286 0.023807 -0.053471 0.000000 -0.027869 0.996677 -0.076544 6.720200 0.051471 0.077903 0.995631 1.972200 0.000000 0.000000 0.000000 1.000000
0.998595 0.014644 -0.050919 0.000000 -0.018735 0.996553 -0.080820 6.720200 0.049560 0.081661 0.995427 1.972200 0.000000 0.000000 0.000000 1.000000
0.998772 0.003053 -0.049449 0.000000 -0.007589 0.995747 -0.091816 6.720200 0.048958 0.092079 0.994547 1.972200 0.000000 0.000000 0.000000 1.000000
0.998856 -0.007068 -0.047293 0.000000 0.002142 0.994637 -0.103407 6.720200 0.047770 0.103188 0.993514 1.972200 0.000000 0.000000 0.000000 1.000000
0.998965 -0.012465 -0.043742 0.000000 0.007567 0.993857 -0.110412 6.720200 0.044849 0.109966 0.992923 1.972200 0.000000 0.000000 0.000000 1.000000
0.999158 -0.012371 -0.039109 0.000000 0.007935 0.993721 -0.111607 6.720200 0.040244 0.111203 0.992983 1.972200 0.000000 0.000000 0.000000 1.000000
0.999380 -0.008851 -0.034066 0.000000 0.005084 0.994015 -0.109121 6.720200 0.034828 0.108881 0.993445 1.972200 0.000000 0.000000 0.000000 1.000000
0.999565 -0.005102 -0.029032 0.000000 0.001999 0.994372 -0.105930 6.720200 0.029409 0.105825 0.993950 1.972200 0.000000 0.000000 0.000000 1.000000
0.999707 -0.003628 -0.023923 -0.000000 0.001119 0.994571 -0.104056 6.720200 0.024170 0.103999 0.994284 1.972200 0.000000 0.000000 0.000000 1.000000
0.999806 -0.003472 -0.019414 0.000000 0.001452 0.994669 -0.103106 6.720200 0.019668 0.103058 0.994481 1.972200 0.000000 0.000000 0.000000 1.000000
0.999862 -0.004724 -0.015918 0.000000 0.003055 0.994646 -0.103293 6.720200 0.016321 0.103230 0.994524 1.972200 0.000000 0.000000 0.000000 1.000000
0.999898 -0.006523 -0.012736 0.000000 0.005165 0.994574 -0.103906 6.720200 0.013345 0.103830 0.994506 1.972200 0.000000 0.000000 0.000000 1.000000
0.999917 -0.008445 -0.009765 0.000000 0.007378 0.994491 -0.104566 6.720200 0.010595 0.104486 0.994470 1.972200 0.000000 0.000000 0.000000 1.000000
0.999925 -0.010069 -0.006909 0.000000 0.009289 0.994440 -0.104897 6.720200 0.007927 0.104825 0.994459 1.972200 0.000000 0.000000 0.000000 1.000000
0.999934 -0.010177 -0.005273 0.000000 0.009578 0.994593 -0.103409 6.720200 0.006297 0.103351 0.994625 1.972200 0.000000 0.000000 0.000000 1.000000
0.999942 -0.009834 -0.004307 0.000000 0.009343 0.994737 -0.102031 6.720200 0.005288 0.101985 0.994772 1.972200 0.000000 0.000000 0.000000 1.000000
0.999950 -0.009428 -0.003435 0.000000 0.009035 0.994879 -0.100670 6.720200 0.004367 0.100634 0.994914 1.972200 0.000000 0.000000 0.000000 1.000000
0.999956 -0.009000 -0.002600 0.000000 0.008697 0.995018 -0.099315 6.720200 0.003481 0.099288 0.995053 1.972200 0.000000 0.000000 0.000000 1.000000
0.999962 -0.008586 -0.001744 0.000000 0.008374 0.995155 -0.097958 6.720200 0.002577 0.097939 0.995189 1.972200 0.000000 0.000000 0.000000 1.000000</float_array>
        <technique_common>
          <accessor source="#mixamorig1_Head-Matrix-animation-output-transform-array" count="66" stride="16">
            <param type="float4x4"/>
          </accessor>
        </technique_common>
      </source>
      <source id="mixamorig1_Head-Interpolations">
        <Name_array id="mixamorig1_Head-Interpolations-array" count="66">
 LINEAR LINEAR LINEAR LINEAR LINEAR LINEAR LINEAR LINEAR LINEAR LINEAR LINEAR
LINEAR LINEAR LINEAR LINEAR LINEAR LINEAR LINEAR LINEAR LINEAR LINEAR LINEAR LINEAR
LINEAR LINEAR LINEAR LINEAR LINEAR LINEAR LINEAR LINEAR LINEAR LINEAR LINEAR LINEAR
LINEAR LINEAR LINEAR LINEAR LINEAR LINEAR LINEAR LINEAR LINEAR LINEAR LINEAR LINEAR
LINEAR LINEAR LINEAR LINEAR LINEAR LINEAR LINEAR LINEAR LINEAR LINEAR LINEAR LINEAR
LINEAR LINEAR LINEAR LINEAR LINEAR LINEAR LINEAR</Name_array>
        <technique_common>
          <accessor source="#mixamorig1_Head-Interpolations-array" count="66">
            <param type="name"/>
          </accessor>
        </technique_common>
      </source>
      <sampler id="mixamorig1_Head-Matrix-animation-transform">
        <input semantic="INPUT" source="#mixamorig1_Head-Matrix-animation-input"/>
        <input semantic="OUTPUT" source="#mixamorig1_Head-Matrix-animation-output-transform"/>
        <input semantic="INTERPOLATION" source="#mixamorig1_Head-Interpolations"/>
      </sampler>
      <channel source="#mixamorig1_Head-Matrix-animation-transform" target="mixamorig1_Head/matrix"/>
    </animation>
    <animation id="mixamorig1_LeftShoulder-anim" name="mixamorig1_LeftShoulder">
      <source id="mixamorig1_LeftShoulder-Matrix-animation-input">
        <float_array id="mixamorig1_LeftShoulder-Matrix-animation-input-array" count="66">

0.000000 0.033333 0.066667 0.100000 0.133333 0.166667 0.200000 0.233333 0.266667 0.300000 0.333333 0.366667 0.400000 0.433333 0.466667 0.500000
0.533333 0.566667 0.600000 0.633333 0.666667 0.700000 0.733333 0.766667 0.800000 0.833333 0.866667 0.900000 0.933333 0.966667 1.000000 1.033333
1.066667 1.100000 1.133333 1.166667 1.200000 1.233333 1.266667 1.300000 1.333333 1.366667 1.400000 1.433333 1.466667 1.500000 1.533333 1.566667
1.600000 1.633333 1.666667 1.700000 1.733333 1.766667 1.800000 1.833333 1.866667 1.900000 1.933333 1.966667 2.000000 2.033333 2.066667 2.100000
2.133333 2.166667</float_array>
        <technique_common>
          <accessor source="#mixamorig1_LeftShoulder-Matrix-animation-input-array" count="66">
            <param name="TIME" type="float"/>
          </accessor>
        </technique_common>
      </source>
      <source id="mixamorig1_LeftShoulder-Matrix-animation-output-transform">
        <float_array id="mixamorig1_LeftShoulder-Matrix-animation-output-transform-array" count="1056">

0.238153 0.848457 -0.472656 6.140200 0.024805 -0.491813 -0.870348 13.000700 -0.970911 0.195552 -0.138172 -0.233600 0.000000 0.000000 0.000000 1.000000
0.239119 0.851011 -0.467549 6.140200 0.026622 -0.487082 -0.872950 13.000700 -0.970625 0.196292 -0.139127 -0.233600 0.000000 0.000000 0.000000 1.000000
0.240085 0.853535 -0.462425 6.140200 0.028440 -0.482338 -0.875524 13.000700 -0.970335 0.197048 -0.140076 -0.233600 0.000000 0.000000 0.000000 1.000000
0.240179 0.857113 -0.455709 6.140200 0.030592 -0.475901 -0.878967 13.000700 -0.970246 0.197168 -0.140523 -0.233600 0.000000 0.000000 0.000000 1.000000
0.238189 0.863247 -0.445051 6.140200 0.033560 -0.465282 -0.884526 13.000700 -0.970639 0.195748 -0.139796 -0.233600 0.000000 0.000000 0.000000 1.000000
0.235003 0.870547 -0.432345 6.140200 0.036963 -0.452484 -0.891006 13.000700 -0.971292 0.193408 -0.138513 -0.233600 0.000000 0.000000 0.000000 1.000000
0.231115 0.877848 -0.419486 6.140200 0.040498 -0.439465 -0.897346 13.000700 -0.972083 0.190402 -0.137118 -0.233600 0.000000 0.000000 0.000000 1.000000
0.232459 0.883567 -0.406536 6.140200 0.042972 -0.426908 -0.903273 13.000700 -0.971656 0.192504 -0.137208 -0.233600 0.000000 0.000000 0.000000 1.000000
0.237291 0.887796 -0.394350 6.140200 0.044721 -0.415497 -0.908494 13.000700 -0.970409 0.197942 -0.138297 -0.233600 0.000000 0.000000 0.000000 1.000000
0.254299 0.886635 -0.386278 6.140200 0.043916 -0.409582 -0.911215 13.000700 -0.966128 0.214757 -0.143094 -0.233600 0.000000 0.000000 0.000000 1.000000
0.276964 0.879905 -0.386080 6.140200 0.041395 -0.412351 -0.910084 13.000700 -0.959988 0.236079 -0.150630 -0.233600 0.000000 0.000000 0.000000 1.000000
0.297938 0.868545 -0.396058 6.140200 0.037974 -0.425356 -0.904229 13.000700 -0.953830 0.254364 -0.159712 -0.233600 0.000000 0.000000 0.000000 1.000000
0.313972 0.854938 -0.412919 6.140200 0.034454 -0.444885 -0.894925 13.000700 -0.948807 0.266755 -0.169138 -0.233600 0.000000 0.000000 0.000000 1.000000
0.328149 0.842952 -0.426322 6.140200 0.031431 -0.460807 -0.886944 13.000700 -0.944103 0.277650 -0.177708 -0.233600 0.000000 0.000000 0.000000 1.000000
0.344191 0.837286 -0.424836 6.140200 0.029638 -0.461946 -0.886413 13.000700 -0.938432 0.292504 -0.183813 -0.233600 0.000000 0.000000 0.000000 1.000000
0.360388 0.839240 -0.407182 6.140200 0.030251 -0.446800 -0.894122 13.000700 -0.932312 0.309914 -0.186409 -0.233600 0.000000 0.000000 0.000000 1.000000
0.370087 0.844096 -0.387992 6.140200 0.032902 -0.429293 -0.902566 13.000700 -0.928414 0.321262 -0.186648 -0.233600 0.000000 0.000000 0.000000 1.000000
0.367211 0.845702 -0.387227 6.140200 0.034599 -0.428443 -0.902906 13.000700 -0.929494 0.318159 -0.186589 -0.233600 0.000000 0.000000 0.000000 1.000000
0.351527 0.842058 -0.409104 6.140200 0.033591 -0.448058 -0.893373 13.000700 -0.935575 0.300303 -0.185790 -0.233600 0.000000 0.000000 0.000000 1.000000
0.331748 0.836825 -0.435508 6.140200 0.031299 -0.471162 -0.881491 13.000700 -0.942849 0.278802 -0.182499 -0.233600 0.000000 0.000000 0.000000 1.000000
0.325801 0.834910 -0.443598 6.140200 0.028273 -0.477592 -0.878127 13.000700 -0.945016 0.273552 -0.179205 -0.233600 0.000000 0.000000 0.000000 1.000000
0.351195 0.834700 -0.424190 6.140200 0.024647 -0.461133 -0.886989 13.000700 -0.935978 0.301051 -0.182520 -0.233600 0.000000 0.000000 0.000000 1.000000
0.407695 0.828887 -0.383055 6.140200 0.024823 -0.429408 -0.902770 13.000700 -0.912781 0.358546 -0.195643 -0.233600 0.000000 0.000000 0.000000 1.000000
0.474520 0.814350 -0.334163 6.140200 0.032126 -0.395394 -0.917950 13.000700 -0.879658 0.424850 -0.213784 -0.233600 0.000000 0.000000 0.000000 1.000000
0.524903 0.800781 -0.288491 6.140200 0.043725 -0.363858 -0.930428 13.000700 -0.850038 0.475770 -0.226004 -0.233600 0.000000 0.000000 0.000000 1.000000
0.534665 0.810162 -0.240354 6.140200 0.059520 -0.319817 -0.945608 13.000700 -0.842965 0.491278 -0.219216 -0.233600 0.000000 0.000000 0.000000 1.000000
0.485552 0.857297 -0.171116 6.140200 0.081695 -0.239379 -0.967483 13.000700 -0.870382 0.455784 -0.186268 -0.233600 0.000000 0.000000 0.000000 1.000000
0.379774 0.922253 -0.072252 6.140200 0.098066 -0.117799 -0.988183 13.000700 -0.919867 0.368201 -0.135179 -0.233600 0.000000 0.000000 0.000000 1.000000
0.255571 0.966136 0.035551 6.140200 0.092888 0.012063 -0.995603 13.000700 -0.962318 0.257750 -0.086659 -0.233600 0.000000 0.000000 0.000000 1.000000
0.162959 0.979970 0.114467 6.140200 0.075273 0.103331 -0.991795 13.000700 -0.983757 0.170238 -0.056927 -0.233600 0.000000 0.000000 0.000000 1.000000
0.119104 0.982034 0.146369 6.140200 0.063347 0.139602 -0.988179 13.000700 -0.990859 0.126968 -0.045582 -0.233600 0.000000 0.000000 0.000000 1.000000
0.105368 0.983223 0.148893 6.140200 0.058968 0.143286 -0.987923 13.000700 -0.992683 0.112876 -0.042881 -0.233600 0.000000 0.000000 0.000000 1.000000
0.094100 0.983413 0.155061 6.140200 0.057091 0.150165 -0.987011 13.000700 -0.993924 0.101731 -0.042013 -0.233600 0.000000 0.000000 0.000000 1.000000
0.069525 0.980787 0.182275 6.140200 0.054962 0.178673 -0.982372 13.000700 -0.996065 0.078317 -0.041484 -0.233600 0.000000 0.000000 0.000000 1.000000
0.029819 0.974940 0.220459 6.140200 0.048824 0.218873 -0.974531 13.000700 -0.998362 0.039823 -0.041074 -0.233600 0.000000 0.000000 0.000000 1.000000
-0.019476 0.969005 0.246271 6.140200 0.036340 0.246841 -0.968374 13.000700 -0.999150 -0.009910 -0.040021 -0.233600 0.000000 0.000000 0.000000 1.000000
-0.069446 0.967270 0.244062 6.140200 0.021430 0.246043 -0.969022 13.000700 -0.997356 -0.062064 -0.037816 -0.233600 0.000000 0.000000 0.000000 1.000000
-0.110159 0.971066 0.211886 6.140200 0.011136 0.214376 -0.976688 13.000700 -0.993852 -0.105232 -0.034430 -0.233600 0.000000 0.000000 0.000000 1.000000
-0.132942 0.979510 0.151281 6.140200 0.010051 0.153961 -0.988026 13.000700 -0.991073 -0.129829 -0.030313 -0.233600 0.000000 0.000000 0.000000 1.000000
-0.129779 0.989829 0.058279 6.140200 0.019902 0.061365 -0.997917 13.000700 -0.991343 -0.128349 -0.027663 -0.233600 0.000000 0.000000 0.000000 1.000000
-0.093079 0.993302 -0.068465 6.140200 0.037708 -0.065198 -0.997160 13.000700 -0.994944 -0.095396 -0.031387 -0.233600 0.000000 0.000000 0.000000 1.000000
-0.024591 0.976765 -0.212898 6.140200 0.052607 -0.211403 -0.975982 13.000700 -0.998312 -0.035200 -0.046186 -0.233600 0.000000 0.000000 0.000000 1.000000
0.056286 0.936713 -0.345543 6.140200 0.054874 -0.348471 -0.935712 13.000700 -0.996906 0.033706 -0.071015 -0.233600 0.000000 0.000000 0.000000 1.000000
0.126055 0.887291 -0.443650 6.140200 0.046865 -0.452044 -0.890764 13.000700 -0.990916 0.091493 -0.098565 -0.233600 0.000000 0.000000 0.000000 1.000000
0.176757 0.847356 -0.500743 6.140200 0.036372 -0.514030 -0.857001 13.000700 -0.983582 0.133268 -0.121678 -0.233600 0.000000 0.000000 0.000000 1.000000
0.212933 0.825739 -0.522316 6.140200 0.027532 -0.539434 -0.841577 13.000700 -0.976679 0.164819 -0.137598 -0.233600 0.000000 0.000000 0.000000 1.000000
0.236632 0.820378 -0.520562 6.140200 0.022195 -0.540203 -0.841242 13.000700 -0.971346 0.187511 -0.146038 -0.233600 0.000000 0.000000 0.000000 1.000000
0.244835 0.824957 -0.509413 6.140200 0.021371 -0.529868 -0.847811 13.000700 -0.969329 0.196687 -0.147360 -0.233600 0.000000 0.000000 0.000000 1.000000
0.239244 0.833906 -0.497356 6.140200 0.023859 -0.517126 -0.855577 13.000700 -0.970666 0.192826 -0.143615 -0.233600 0.000000 0.000000 0.000000 1.000000
0.230485 0.843513 -0.485142 6.140200 0.026835 -0.503886 -0.863353 13.000700 -0.972706 0.185971 -0.138774 -0.233600 0.000000 0.000000 0.000000 1.000000
0.229683 0.850811 -0.472617 6.140200 0.027935 -0.491162 -0.870620 13.000700 -0.972865 0.186764 -0.136579 -0.233600 0.000000 0.000000 0.000000 1.000000
0.238455 0.853210 -0.463867 6.140200 0.026834 -0.483251 -0.875070 13.000700 -0.970783 0.196218 -0.138129 -0.233600 0.000000 0.000000 0.000000 1.000000
0.249218 0.850723 -0.462775 6.140200 0.024756 -0.483293 -0.875109 13.000700 -0.968131 0.206636 -0.141506 -0.233600 0.000000 0.000000 0.000000 1.000000
0.254269 0.846929 -0.466967 6.140200 0.023254 -0.488050 -0.872506 13.000700 -0.966854 0.210993 -0.143790 -0.233600 0.000000 0.000000 0.000000 1.000000
0.252706 0.845692 -0.470047 6.140200 0.023168 -0.490964 -0.870871 13.000700 -0.967266 0.209185 -0.143662 -0.233600 0.000000 0.000000 0.000000 1.000000
0.249817 0.847776 -0.467833 6.140200 0.023848 -0.488393 -0.872298 13.000700 -0.967999 0.206758 -0.142226 -0.233600 0.000000 0.000000 0.000000 1.000000
0.247433 0.849811 -0.465400 6.140200 0.024435 -0.485657 -0.873808 13.000700 -0.968597 0.204837 -0.140933 -0.233600 0.000000 0.000000 0.000000 1.000000
0.246546 0.850469 -0.464669 6.140200 0.024541 -0.484795 -0.874284 13.000700 -0.968820 0.204148 -0.140396 -0.233600 0.000000 0.000000 0.000000 1.000000
0.246142 0.850781 -0.464312 6.140200 0.024507 -0.484360 -0.874525 13.000700 -0.968924 0.203878 -0.140071 -0.233600 0.000000 0.000000 0.000000 1.000000
0.245803 0.850914 -0.464248 6.140200 0.024433 -0.484228 -0.874601 13.000700 -0.969012 0.203636 -0.139815 -0.233600 0.000000 0.000000 0.000000 1.000000
0.245115 0.851033 -0.464394 6.140200 0.024417 -0.484274 -0.874576 13.000700 -0.969187 0.203032 -0.139483 -0.233600 0.000000 0.000000 0.000000 1.000000
0.242425 0.850637 -0.466526 6.140200 0.024670 -0.486120 -0.873544 13.000700 -0.969856 0.200260 -0.138833 -0.233600 0.000000 0.000000 0.000000 1.000000
0.241175 0.850113 -0.468127 6.140200 0.024728 -0.487592 -0.872721 13.000700 -0.970167 0.198903 -0.138617 -0.233600 0.000000 0.000000 0.000000 1.000000
0.240127 0.849568 -0.469653 6.140200 0.024759 -0.489011 -0.871926 13.000700 -0.970426 0.197745 -0.138460 -0.233600 0.000000 0.000000 0.000000 1.000000
0.239161 0.849013 -0.471147 6.140200 0.024779 -0.490407 -0.871141 13.000700 -0.970664 0.196668 -0.138324 -0.233600 0.000000 0.000000 0.000000 1.000000
0.238153 0.848457 -0.472655 6.140200 0.024805 -0.491812 -0.870348 13.000700 -0.970911 0.195552 -0.138172 -0.233600 0.000000 0.000000 0.000000 1.000000</float_array>
        <technique_common>
          <accessor source="#mixamorig1_LeftShoulder-Matrix-animation-output-transform-array" count="66" stride="16">
            <param type="float4x4"/>
          </accessor>
        </technique_common>
      </source>
      <source id="mixamorig1_LeftShoulder-Interpolations">
        <Name_array id="mixamorig1_LeftShoulder-Interpolations-array" count="66">
 LINEAR LINEAR LINEAR LINEAR LINEAR LINEAR LINEAR LINEAR LINEAR LINEAR LINEAR
LINEAR LINEAR LINEAR LINEAR LINEAR LINEAR LINEAR LINEAR LINEAR LINEAR LINEAR LINEAR
LINEAR LINEAR LINEAR LINEAR LINEAR LINEAR LINEAR LINEAR LINEAR LINEAR LINEAR LINEAR
LINEAR LINEAR LINEAR LINEAR LINEAR LINEAR LINEAR LINEAR LINEAR LINEAR LINEAR LINEAR
LINEAR LINEAR LINEAR LINEAR LINEAR LINEAR LINEAR LINEAR LINEAR LINEAR LINEAR LINEAR
LINEAR LINEAR LINEAR LINEAR LINEAR LINEAR LINEAR</Name_array>
        <technique_common>
          <accessor source="#mixamorig1_LeftShoulder-Interpolations-array" count="66">
            <param type="name"/>
          </accessor>
        </technique_common>
      </source>
      <sampler id="mixamorig1_LeftShoulder-Matrix-animation-transform">
        <input semantic="INPUT" source="#mixamorig1_LeftShoulder-Matrix-animation-input"/>
        <input semantic="OUTPUT" source="#mixamorig1_LeftShoulder-Matrix-animation-output-transform"/>
        <input semantic="INTERPOLATION" source="#mixamorig1_LeftShoulder-Interpolations"/>
      </sampler>
      <channel source="#mixamorig1_LeftShoulder-Matrix-animation-transform" target="mixamorig1_LeftShoulder/matrix"/>
    </animation>
    <animation id="mixamorig1_LeftArm-anim" name="mixamorig1_LeftArm">
      <source id="mixamorig1_LeftArm-Matrix-animation-input">
        <float_array id="mixamorig1_LeftArm-Matrix-animation-input-array" count="66">

0.000000 0.033333 0.066667 0.100000 0.133333 0.166667 0.200000 0.233333 0.266667 0.300000 0.333333 0.366667 0.400000 0.433333 0.466667 0.500000
0.533333 0.566667 0.600000 0.633333 0.666667 0.700000 0.733333 0.766667 0.800000 0.833333 0.866667 0.900000 0.933333 0.966667 1.000000 1.033333
1.066667 1.100000 1.133333 1.166667 1.200000 1.233333 1.266667 1.300000 1.333333 1.366667 1.400000 1.433333 1.466667 1.500000 1.533333 1.566667
1.600000 1.633333 1.666667 1.700000 1.733333 1.766667 1.800000 1.833333 1.866667 1.900000 1.933333 1.966667 2.000000 2.033333 2.066667 2.100000
2.133333 2.166667</float_array>
        <technique_common>
          <accessor source="#mixamorig1_LeftArm-Matrix-animation-input-array" count="66">
            <param name="TIME" type="float"/>
          </accessor>
        </technique_common>
      </source>
      <source id="mixamorig1_LeftArm-Matrix-animation-output-transform">
        <float_array id="mixamorig1_LeftArm-Matrix-animation-output-transform-array" count="1056">

0.951219 0.048583 0.304666 -0.000000 0.226890 0.558993 -0.797526 13.005900 -0.209053 0.827748 0.520702 -0.000000 0.000000 0.000000 0.000000 1.000000
0.946490 0.029146 0.321416 -0.000000 0.249243 0.566669 -0.785343 13.005900 -0.205026 0.823430 0.529082 0.000000 0.000000 0.000000 0.000000 1.000000
0.941224 0.009421 0.337651 0.000000 0.271496 0.573623 -0.772817 13.005900 -0.200965 0.819065 0.537350 0.000000 0.000000 0.000000 0.000000 1.000000
0.936026 -0.009479 0.351804 -0.000000 0.291564 0.580718 -0.760103 13.005900 -0.197094 0.814050 0.546330 0.000000 0.000000 0.000000 0.000000 1.000000
0.931639 -0.025961 0.362456 0.000000 0.307270 0.588768 -0.747621 13.005900 -0.193994 0.807885 0.556496 0.000000 0.000000 0.000000 0.000000 1.000000
0.928467 -0.041245 0.369116 0.000000 0.318729 0.598704 -0.734824 13.005900 -0.190683 0.799908 0.569023 0.000000 0.000000 0.000000 0.000000 1.000000
0.928867 -0.056157 0.366131 0.000000 0.321042 0.615088 -0.720138 13.005900 -0.184762 0.786456 0.589364 -0.000000 0.000000 0.000000 0.000000 1.000000
0.932685 -0.075345 0.352735 0.000000 0.316595 0.639574 -0.700509 13.005900 -0.172820 0.765029 0.620374 -0.000000 0.000000 0.000000 0.000000 1.000000
0.936735 -0.098902 0.335776 0.000000 0.312681 0.667620 -0.675659 13.005900 -0.157346 0.737904 0.656308 0.000000 0.000000 0.000000 0.000000 1.000000
0.938945 -0.143091 0.312902 0.000000 0.318440 0.705812 -0.632792 13.005900 -0.130303 0.693797 0.708285 0.000000 0.000000 0.000000 0.000000 1.000000
0.936543 -0.215299 0.276648 0.000000 0.339946 0.750458 -0.566789 13.005900 -0.085583 0.624867 0.776026 -0.000000 0.000000 0.000000 0.000000 1.000000
0.922557 -0.315433 0.222242 -0.000000 0.385081 0.789272 -0.478292 13.005900 -0.024540 0.526833 0.849615 0.000000 0.000000 0.000000 0.000000 1.000000
0.884028 -0.433922 0.173797 0.000000 0.466820 0.800538 -0.375789 13.005900 0.023932 0.413340 0.910262 0.000000 0.000000 0.000000 0.000000 1.000000
0.807697 -0.562010 0.178244 -0.000000 0.589493 0.764073 -0.262090 13.005900 0.011106 0.316762 0.948440 0.000000 0.000000 0.000000 0.000000 1.000000
0.682846 -0.685138 0.253589 0.000000 0.725893 0.675477 -0.129652 13.005900 -0.082464 0.272611 0.958584 0.000000 0.000000 0.000000 0.000000 1.000000
0.531379 -0.768199 0.357080 0.000000 0.822235 0.569148 0.000843 13.005900 -0.203879 0.293155 0.934074 0.000000 0.000000 0.000000 0.000000 1.000000
0.435417 -0.793243 0.425649 0.000000 0.858835 0.507757 0.067717 13.005900 -0.269843 0.336077 0.902351 0.000000 0.000000 0.000000 0.000000 1.000000
0.468057 -0.771768 0.430461 0.000000 0.846827 0.530955 0.031154 13.005900 -0.252598 0.349944 0.902072 0.000000 0.000000 0.000000 0.000000 1.000000
0.612592 -0.688536 0.388136 0.000000 0.767552 0.635433 -0.084191 13.005900 -0.188666 0.349489 0.917749 0.000000 0.000000 0.000000 0.000000 1.000000
0.773479 -0.525514 0.354352 0.000000 0.612876 0.762650 -0.206755 13.005900 -0.161594 0.377094 0.911969 -0.000000 0.000000 0.000000 0.000000 1.000000
0.866812 -0.314545 0.386908 0.000000 0.436208 0.854262 -0.282771 13.005900 -0.241577 0.413881 0.877692 0.000000 0.000000 0.000000 0.000000 1.000000
0.864396 -0.118494 0.488650 -0.000000 0.289832 0.911557 -0.291651 13.005900 -0.410874 0.393728 0.822290 0.000000 0.000000 0.000000 0.000000 1.000000
0.796088 -0.016115 0.604967 0.000000 0.180295 0.960568 -0.211665 13.005900 -0.577701 0.277577 0.767602 0.000000 0.000000 0.000000 0.000000 1.000000
0.737912 -0.046945 0.673262 0.000000 0.094027 0.995000 -0.033678 13.005900 -0.668315 0.088156 0.738637 0.000000 0.000000 0.000000 0.000000 1.000000
0.732594 -0.184807 0.655097 0.000000 0.049303 0.974315 0.219725 13.005900 -0.678878 -0.128671 0.722889 0.000000 0.000000 0.000000 0.000000 1.000000
0.759807 -0.373207 0.532362 0.000000 0.084606 0.868628 0.488189 13.005900 -0.644620 -0.325888 0.691565 -0.000000 0.000000 0.000000 0.000000 1.000000
0.789308 -0.527844 0.313647 0.000000 0.203290 0.706679 0.677700 13.005900 -0.579367 -0.471153 0.665093 0.000000 0.000000 0.000000 0.000000 1.000000
0.812429 -0.581043 0.048457 0.000000 0.369369 0.577199 0.728291 13.005900 -0.451138 -0.573786 0.683553 0.000000 0.000000 0.000000 0.000000 1.000000
0.814967 -0.545538 -0.195493 0.000000 0.520002 0.539518 0.662207 13.005900 -0.255787 -0.641333 0.723370 0.000000 0.000000 0.000000 0.000000 1.000000
0.789355 -0.487945 -0.372596 0.000000 0.610700 0.561825 0.558030 13.005900 -0.062954 -0.668029 0.741468 -0.000000 0.000000 0.000000 0.000000 1.000000
0.757728 -0.454853 -0.467928 -0.000000 0.650211 0.587155 0.482156 13.005900 0.055436 -0.669595 0.740654 0.000000 0.000000 0.000000 0.000000 1.000000
0.752567 -0.449473 -0.481265 -0.000000 0.652615 0.606683 0.453904 13.005900 0.087958 -0.655674 0.749903 0.000000 0.000000 0.000000 0.000000 1.000000
0.786370 -0.454699 -0.418177 -0.000000 0.614675 0.643443 0.456241 13.005900 0.061620 -0.615817 0.785476 0.000000 0.000000 0.000000 0.000000 1.000000
0.840320 -0.455832 -0.293392 0.000000 0.542090 0.706820 0.454471 13.005900 0.000213 -0.540946 0.841057 0.000000 0.000000 0.000000 0.000000 1.000000
0.883559 -0.448492 -0.134826 0.000000 0.461028 0.782374 0.418740 13.005900 -0.082317 -0.432140 0.898042 -0.000000 0.000000 0.000000 0.000000 1.000000
0.904549 -0.425765 0.022701 0.000000 0.393152 0.853496 0.342018 13.005900 -0.164994 -0.300447 0.939419 -0.000000 0.000000 0.000000 0.000000 1.000000
0.918784 -0.365831 0.148333 0.000000 0.325980 0.915034 0.237593 13.005900 -0.222648 -0.169943 0.959972 -0.000000 0.000000 0.000000 0.000000 1.000000
0.943598 -0.247069 0.220409 -0.000000 0.224239 0.966665 0.123598 13.005900 -0.243599 -0.067202 0.967545 0.000000 0.000000 0.000000 0.000000 1.000000
0.971594 -0.074191 0.224724 0.000000 0.073928 0.997217 0.009593 13.005900 -0.224811 0.007293 0.974375 0.000000 0.000000 0.000000 0.000000 1.000000
0.982687 0.108264 0.150352 0.000000 -0.092735 0.989954 -0.106728 13.005900 -0.160396 0.090937 0.982855 -0.000000 0.000000 0.000000 0.000000 1.000000
0.973609 0.228220 0.001337 0.000000 -0.221966 0.948260 -0.227010 13.005900 -0.053076 0.220722 0.973892 0.000000 0.000000 0.000000 0.000000 1.000000
0.957479 0.232452 -0.170879 0.000000 -0.278658 0.898541 -0.339077 13.005900 0.074723 0.372276 0.925109 0.000000 0.000000 0.000000 0.000000 1.000000
0.951440 0.138480 -0.274927 0.000000 -0.251686 0.864174 -0.435726 13.005900 0.177245 0.483762 0.857064 0.000000 0.000000 0.000000 0.000000 1.000000
0.967975 0.009283 -0.250873 0.000000 -0.144880 0.836764 -0.528049 13.005900 0.205020 0.547485 0.811312 -0.000000 0.000000 0.000000 0.000000 1.000000
0.987592 -0.104869 -0.116894 0.000000 0.012166 0.793212 -0.608823 13.005900 0.156568 0.599847 0.784646 0.000000 0.000000 0.000000 0.000000 1.000000
0.982331 -0.181327 0.046328 0.000000 0.167161 0.738777 -0.652890 13.005900 0.084160 0.649099 0.756034 0.000000 0.000000 0.000000 0.000000 1.000000
0.957706 -0.230346 0.172453 0.000000 0.286130 0.698854 -0.655540 13.005900 0.030482 0.677158 0.735206 0.000000 0.000000 0.000000 0.000000 1.000000
0.926699 -0.268528 0.262911 -0.000000 0.375633 0.683020 -0.626405 13.005900 -0.011366 0.679247 0.733822 -0.000000 0.000000 0.000000 0.000000 1.000000
0.892201 -0.289985 0.346245 -0.000000 0.446729 0.679361 -0.582153 13.005900 -0.066410 0.674075 0.735672 0.000000 0.000000 0.000000 0.000000 1.000000
0.862633 -0.275017 0.424536 0.000000 0.487525 0.675779 -0.552850 13.005900 -0.134849 0.683878 0.717026 0.000000 0.000000 0.000000 0.000000 1.000000
0.852682 -0.217695 0.474913 0.000000 0.484454 0.669738 -0.562810 13.005900 -0.195547 0.709972 0.676537 -0.000000 0.000000 0.000000 0.000000 1.000000
0.866084 -0.134381 0.481498 0.000000 0.440397 0.660854 -0.607719 13.005900 -0.236534 0.738386 0.631536 0.000000 0.000000 0.000000 0.000000 1.000000
0.890205 -0.052590 0.452514 0.000000 0.374730 0.649394 -0.661714 13.005900 -0.259060 0.758631 0.597801 0.000000 0.000000 0.000000 0.000000 1.000000
0.910156 0.000656 0.414265 0.000000 0.317841 0.640251 -0.699325 13.005900 -0.265692 0.768165 0.582520 0.000000 0.000000 0.000000 0.000000 1.000000
0.920912 0.015802 0.389450 0.000000 0.290428 0.638557 -0.712669 13.005900 -0.259947 0.769412 0.583466 0.000000 0.000000 0.000000 0.000000 1.000000
0.925171 0.007642 0.379474 -0.000000 0.286656 0.641234 -0.711791 13.005900 -0.248771 0.767307 0.591060 0.000000 0.000000 0.000000 0.000000 1.000000
0.927697 0.000245 0.373335 0.000000 0.286253 0.641485 -0.711728 13.005900 -0.239663 0.767136 0.595033 0.000000 0.000000 0.000000 0.000000 1.000000
0.929823 0.003403 0.367990 0.000000 0.282039 0.635748 -0.718525 13.005900 -0.236394 0.771890 0.590173 0.000000 0.000000 0.000000 0.000000 1.000000
0.931634 0.009249 0.363281 0.000000 0.277275 0.628091 -0.727063 13.005900 -0.234898 0.778085 0.582586 0.000000 0.000000 0.000000 0.000000 1.000000
0.933294 0.016157 0.358750 -0.000000 0.272330 0.619357 -0.736365 13.005900 -0.234092 0.784944 0.573642 0.000000 0.000000 0.000000 0.000000 1.000000
0.934970 0.022510 0.354013 0.000000 0.267570 0.610458 -0.745485 13.005900 -0.232890 0.791729 0.564737 -0.000000 0.000000 0.000000 0.000000 1.000000
0.936598 0.028678 0.349230 0.000000 0.263593 0.599005 -0.756117 13.005900 -0.230874 0.800232 0.553467 0.000000 0.000000 0.000000 0.000000 1.000000
0.940184 0.034135 0.338953 0.000000 0.255066 0.589011 -0.766817 13.005900 -0.225823 0.807404 0.545072 0.000000 0.000000 0.000000 0.000000 1.000000
0.943934 0.039247 0.327794 0.000000 0.245852 0.579097 -0.777305 13.005900 -0.220331 0.814313 0.536980 0.000000 0.000000 0.000000 0.000000 1.000000
0.947666 0.044047 0.316210 0.000000 0.236330 0.569136 -0.787548 13.005900 -0.214655 0.821063 0.528941 0.000000 0.000000 0.000000 0.000000 1.000000
0.951219 0.048583 0.304666 0.000000 0.226890 0.558992 -0.797527 13.005900 -0.209053 0.827748 0.520701 0.000000 0.000000 0.000000 0.000000 1.000000</float_array>
        <technique_common>
          <accessor source="#mixamorig1_LeftArm-Matrix-animation-output-transform-array" count="66" stride="16">
            <param type="float4x4"/>
          </accessor>
        </technique_common>
      </source>
      <source id="mixamorig1_LeftArm-Interpolations">
        <Name_array id="mixamorig1_LeftArm-Interpolations-array" count="66">
 LINEAR LINEAR LINEAR LINEAR LINEAR LINEAR LINEAR LINEAR LINEAR LINEAR LINEAR
LINEAR LINEAR LINEAR LINEAR LINEAR LINEAR LINEAR LINEAR LINEAR LINEAR LINEAR LINEAR
LINEAR LINEAR LINEAR LINEAR LINEAR LINEAR LINEAR LINEAR LINEAR LINEAR LINEAR LINEAR
LINEAR LINEAR LINEAR LINEAR LINEAR LINEAR LINEAR LINEAR LINEAR LINEAR LINEAR LINEAR
LINEAR LINEAR LINEAR LINEAR LINEAR LINEAR LINEAR LINEAR LINEAR LINEAR LINEAR LINEAR
LINEAR LINEAR LINEAR LINEAR LINEAR LINEAR LINEAR</Name_array>
        <technique_common>
          <accessor source="#mixamorig1_LeftArm-Interpolations-array" count="66">
            <param type="name"/>
          </accessor>
        </technique_common>
      </source>
      <sampler id="mixamorig1_LeftArm-Matrix-animation-transform">
        <input semantic="INPUT" source="#mixamorig1_LeftArm-Matrix-animation-input"/>
        <input semantic="OUTPUT" source="#mixamorig1_LeftArm-Matrix-animation-output-transform"/>
        <input semantic="INTERPOLATION" source="#mixamorig1_LeftArm-Interpolations"/>
      </sampler>
      <channel source="#mixamorig1_LeftArm-Matrix-animation-transform" target="mixamorig1_LeftArm/matrix"/>
    </animation>
    <animation id="mixamorig1_LeftForeArm-anim" name="mixamorig1_LeftForeArm">
      <source id="mixamorig1_LeftForeArm-Matrix-animation-input">
        <float_array id="mixamorig1_LeftForeArm-Matrix-animation-input-array" count="66">

0.000000 0.033333 0.066667 0.100000 0.133333 0.166667 0.200000 0.233333 0.266667 0.300000 0.333333 0.366667 0.400000 0.433333 0.466667 0.500000
0.533333 0.566667 0.600000 0.633333 0.666667 0.700000 0.733333 0.766667 0.800000 0.833333 0.866667 0.900000 0.933333 0.966667 1.000000 1.033333
1.066667 1.100000 1.133333 1.166667 1.200000 1.233333 1.266667 1.300000 1.333333 1.366667 1.400000 1.433333 1.466667 1.500000 1.533333 1.566667
1.600000 1.633333 1.666667 1.700000 1.733333 1.766667 1.800000 1.833333 1.866667 1.900000 1.933333 1.966667 2.000000 2.033333 2.066667 2.100000
2.133333 2.166667</float_array>
        <technique_common>
          <accessor source="#mixamorig1_LeftForeArm-Matrix-animation-input-array" count="66">
            <param name="TIME" type="float"/>
          </accessor>
        </technique_common>
      </source>
      <source id="mixamorig1_LeftForeArm-Matrix-animation-output-transform">
        <float_array id="mixamorig1_LeftForeArm-Matrix-animation-output-transform-array" count="1056">

0.999665 -0.025297 -0.005537 0.000000 0.025280 0.999676 -0.003086 25.560801 0.005613 0.002945 0.999980 0.000000 0.000000 0.000000 0.000000 1.000000
0.999633 -0.026535 -0.005531 0.000000 0.026518 0.999643 -0.003239 25.560801 0.005615 0.003091 0.999979 0.000000 0.000000 0.000000 0.000000 1.000000
0.999599 -0.027773 -0.005525 0.000000 0.027755 0.999609 -0.003392 25.560801 0.005617 0.003237 0.999979 0.000000 0.000000 0.000000 0.000000 1.000000
0.999478 -0.031822 -0.005514 0.000000 0.031801 0.999487 -0.003883 25.560801 0.005635 0.003705 0.999977 0.000000 0.000000 0.000000 0.000000 1.000000
0.999130 -0.041348 -0.005471 0.000000 0.041320 0.999133 -0.005046 25.560801 0.005675 0.004815 0.999972 -0.000000 0.000000 0.000000 0.000000 1.000000
0.998346 -0.057238 -0.005376 0.000000 0.057199 0.998338 -0.006983 25.560801 0.005767 0.006664 0.999961 0.000000 0.000000 0.000000 0.000000 1.000000
0.996005 -0.089152 -0.005090 0.000000 0.089093 0.995964 -0.010877 25.560801 0.006039 0.010380 0.999928 -0.000000 0.000000 0.000000 0.000000 1.000000
0.991208 -0.132231 -0.004586 0.000000 0.132142 0.991100 -0.016071 25.560801 0.006670 0.015324 0.999860 0.000000 0.000000 0.000000 0.000000 1.000000
0.984714 -0.174139 -0.003712 0.000000 0.174023 0.984512 -0.021247 25.560801 0.007354 0.020276 0.999767 0.000000 0.000000 0.000000 0.000000 1.000000
0.979777 -0.200068 -0.003109 -0.000000 0.199935 0.979505 -0.024410 25.560801 0.007929 0.023295 0.999697 0.000000 0.000000 0.000000 0.000000 1.000000
0.976018 -0.217675 -0.002650 0.000000 0.217531 0.975692 -0.026558 25.560801 0.008367 0.025345 0.999644 0.000000 0.000000 0.000000 0.000000 1.000000
0.964789 -0.263021 -0.001279 -0.000000 0.262846 0.964304 -0.032091 25.560801 0.009674 0.030625 0.999484 0.000000 0.000000 0.000000 0.000000 1.000000
0.928185 -0.372106 0.003190 0.000000 0.371859 0.927178 -0.045400 25.560801 0.013936 0.043326 0.998964 0.000000 0.000000 0.000000 0.000000 1.000000
0.844449 -0.535467 0.013413 0.000000 0.535111 0.842252 -0.065331 25.560801 0.023686 0.062347 0.997773 0.000000 0.000000 0.000000 0.000000 1.000000
0.719160 -0.694251 0.028710 -0.000000 0.693790 0.715179 -0.084705 25.560801 0.038274 0.080835 0.995992 0.000000 0.000000 0.000000 0.000000 1.000000
0.603272 -0.796383 0.042859 0.000000 0.795854 0.597641 -0.097166 25.560801 0.051767 0.092727 0.994345 0.000000 0.000000 0.000000 0.000000 1.000000
0.550173 -0.833592 0.049342 0.000000 0.833038 0.543787 -0.101705 25.560801 0.057950 0.097059 0.993590 0.000000 0.000000 0.000000 0.000000 1.000000
0.576270 -0.815955 0.046155 0.000000 0.815412 0.570256 -0.099554 25.560801 0.054911 0.095005 0.993961 0.000000 0.000000 0.000000 0.000000 1.000000
0.666400 -0.744766 0.035151 0.000000 0.744270 0.661668 -0.090868 25.560801 0.044417 0.086717 0.995242 0.000000 0.000000 0.000000 0.000000 1.000000
0.782625 -0.622140 0.020961 0.000000 0.621726 0.779548 -0.075906 25.560801 0.030884 0.072438 0.996895 -0.000000 0.000000 0.000000 0.000000 1.000000
0.876564 -0.481191 0.009492 -0.000000 0.480872 0.874823 -0.058710 25.560801 0.019946 0.056027 0.998230 0.000000 0.000000 0.000000 0.000000 1.000000
0.925214 -0.379430 0.003553 0.000000 0.379178 0.924165 -0.046293 25.560801 0.014282 0.044178 0.998922 0.000000 0.000000 0.000000 0.000000 1.000000
0.939367 -0.342908 0.001825 0.000000 0.342680 0.938520 -0.041838 25.560801 0.012634 0.039926 0.999123 0.000000 0.000000 0.000000 0.000000 1.000000
0.937741 -0.347329 0.002024 0.000000 0.347098 0.936871 -0.042377 25.560801 0.012823 0.040441 0.999100 0.000000 0.000000 0.000000 0.000000 1.000000
0.932513 -0.361127 0.002662 0.000000 0.360887 0.931568 -0.044060 25.560801 0.013432 0.042047 0.999025 0.000000 0.000000 0.000000 0.000000 1.000000
0.923484 -0.383618 0.003763 -0.000000 0.383362 0.922411 -0.046805 25.560801 0.014484 0.044666 0.998897 0.000000 0.000000 0.000000 0.000000 1.000000
0.901057 -0.433652 0.006502 0.000000 0.433363 0.899665 -0.052909 25.560801 0.017094 0.050492 0.998578 0.000000 0.000000 0.000000 0.000000 1.000000
0.858535 -0.512622 0.011694 0.000000 0.512281 0.856537 -0.062544 25.560801 0.022046 0.059687 0.997974 0.000000 0.000000 0.000000 0.000000 1.000000
0.803103 -0.595554 0.018461 0.000000 0.595158 0.800317 -0.072663 25.560801 0.028500 0.069343 0.997186 0.000000 0.000000 0.000000 0.000000 1.000000
0.753606 -0.656869 0.024504 -0.000000 0.656432 0.750116 -0.080144 25.560801 0.034263 0.076482 0.996482 0.000000 0.000000 0.000000 0.000000 1.000000
0.722055 -0.691255 0.028356 0.000000 0.690795 0.718115 -0.084339 25.560801 0.037937 0.080486 0.996034 0.000000 0.000000 0.000000 0.000000 1.000000
0.702551 -0.710970 0.030738 -0.000000 0.710497 0.698333 -0.086744 25.560801 0.040207 0.082781 0.995756 0.000000 0.000000 0.000000 0.000000 1.000000
0.680411 -0.732067 0.033441 -0.000000 0.731580 0.675879 -0.089319 25.560801 0.042785 0.085238 0.995442 0.000000 0.000000 0.000000 0.000000 1.000000
0.642883 -0.765020 0.038022 0.000000 0.764512 0.637816 -0.093339 25.560801 0.047155 0.089075 0.994908 -0.000000 0.000000 0.000000 0.000000 1.000000
0.578403 -0.814459 0.045894 -0.000000 0.813918 0.572419 -0.099371 25.560801 0.054663 0.094831 0.993991 0.000000 0.000000 0.000000 0.000000 1.000000
0.473800 -0.878676 0.058666 0.000000 0.878092 0.466327 -0.107206 25.560801 0.066842 0.102308 0.992505 -0.000000 0.000000 0.000000 0.000000 1.000000
0.321853 -0.943636 0.077217 -0.000000 0.943008 0.312217 -0.115132 25.560801 0.084534 0.109872 0.990345 0.000000 0.000000 0.000000 0.000000 1.000000
0.137599 -0.985456 0.099713 0.000000 0.984801 0.125342 -0.120234 25.560801 0.105987 0.114741 0.987725 -0.000000 0.000000 0.000000 0.000000 1.000000
-0.033535 -0.992134 0.120606 -0.000000 0.991474 -0.048228 -0.121049 25.560801 0.125913 0.115519 0.985293 -0.000000 0.000000 0.000000 0.000000 1.000000
-0.132223 -0.982303 0.132655 -0.000000 0.981650 -0.148320 -0.119850 25.560801 0.137404 0.114374 0.983890 0.000000 0.000000 0.000000 0.000000 1.000000
-0.113792 -0.984909 0.130405 0.000000 0.984254 -0.129627 -0.120167 25.560801 0.135258 0.114677 0.984152 0.000000 0.000000 0.000000 0.000000 1.000000
0.035806 -0.993047 0.112140 0.000000 0.992387 0.022100 -0.121160 25.560801 0.117840 0.115625 0.986278 0.000000 0.000000 0.000000 0.000000 1.000000
0.288017 -0.954164 0.081348 0.000000 0.953530 0.277900 -0.116416 25.560801 0.088474 0.111098 0.989863 0.000000 0.000000 0.000000 0.000000 1.000000
0.565691 -0.823251 0.047447 -0.000000 0.822704 0.559526 -0.100444 25.560801 0.056143 0.095855 0.993811 0.000000 0.000000 0.000000 0.000000 1.000000
0.778871 -0.626818 0.021420 0.000000 0.626401 0.775740 -0.076477 25.560801 0.031321 0.072983 0.996841 -0.000000 0.000000 0.000000 0.000000 1.000000
0.889970 -0.455951 0.007856 0.000000 0.455648 0.888420 -0.055630 25.560801 0.018385 0.053088 0.998421 -0.000000 0.000000 0.000000 0.000000 1.000000
0.926230 -0.376942 0.003429 0.000000 0.376692 0.925196 -0.045990 25.560801 0.014163 0.043889 0.998936 -0.000000 0.000000 0.000000 0.000000 1.000000
0.927140 -0.374701 0.003318 0.000000 0.374452 0.926119 -0.045716 25.560801 0.014058 0.043628 0.998949 0.000000 0.000000 0.000000 0.000000 1.000000
0.916916 -0.399053 0.004566 0.000000 0.398788 0.915750 -0.048688 25.560801 0.015248 0.046463 0.998804 -0.000000 0.000000 0.000000 0.000000 1.000000
0.906066 -0.423096 0.005891 0.000000 0.422815 0.904745 -0.051622 25.560801 0.016511 0.049263 0.998649 0.000000 0.000000 0.000000 0.000000 1.000000
0.897171 -0.441629 0.006977 0.000000 0.441335 0.895723 -0.053883 25.560801 0.017547 0.051421 0.998523 -0.000000 0.000000 0.000000 0.000000 1.000000
0.893569 -0.448865 0.007416 0.000000 0.448566 0.892070 -0.054765 25.560801 0.017966 0.052263 0.998472 0.000000 0.000000 0.000000 0.000000 1.000000
0.898510 -0.438901 0.006813 0.000000 0.438609 0.897081 -0.053549 25.560801 0.017391 0.051103 0.998542 0.000000 0.000000 0.000000 0.000000 1.000000
0.909295 -0.416116 0.005496 0.000000 0.415839 0.908020 -0.050770 25.560801 0.016135 0.048450 0.998695 0.000000 0.000000 0.000000 0.000000 1.000000
0.919987 -0.391927 0.004191 0.000000 0.391666 0.918864 -0.047819 25.560801 0.014890 0.045634 0.998847 0.000000 0.000000 0.000000 0.000000 1.000000
0.927714 -0.373276 0.003342 0.000000 0.373031 0.926697 -0.045603 25.560801 0.013925 0.043553 0.998954 0.000000 0.000000 0.000000 0.000000 1.000000
0.937534 -0.347887 0.002049 0.000000 0.347656 0.936661 -0.042445 25.560801 0.012847 0.040506 0.999097 0.000000 0.000000 0.000000 0.000000 1.000000
0.951343 -0.308135 0.000062 -0.000000 0.307922 0.950677 -0.037382 25.560801 0.011460 0.035583 0.999301 -0.000000 0.000000 0.000000 0.000000 1.000000
0.964731 -0.263234 -0.001694 0.000000 0.263049 0.964258 -0.031797 25.560801 0.010003 0.030230 0.999493 0.000000 0.000000 0.000000 0.000000 1.000000
0.976378 -0.216049 -0.003007 -0.000000 0.215900 0.976066 -0.026105 25.560801 0.008575 0.024840 0.999655 0.000000 0.000000 0.000000 0.000000 1.000000
0.985502 -0.169622 -0.003808 0.000000 0.169509 0.985311 -0.020695 25.560801 0.007262 0.019750 0.999779 0.000000 0.000000 0.000000 0.000000 1.000000
0.991927 -0.126724 -0.004592 0.000000 0.126639 0.991828 -0.015461 25.560801 0.006514 0.014755 0.999870 0.000000 0.000000 0.000000 0.000000 1.000000
0.995031 -0.099442 -0.005058 0.000000 0.099375 0.994977 -0.012070 25.560801 0.006233 0.011508 0.999914 -0.000000 0.000000 0.000000 0.000000 1.000000
0.997220 -0.074321 -0.005364 0.000000 0.074271 0.997198 -0.008974 25.560801 0.006016 0.008551 0.999945 0.000000 0.000000 0.000000 0.000000 1.000000
0.998732 -0.050048 -0.005529 0.000000 0.050014 0.998730 -0.006024 25.560801 0.005823 0.005740 0.999967 0.000000 0.000000 0.000000 0.000000 1.000000
0.999665 -0.025297 -0.005537 0.000000 0.025280 0.999676 -0.003086 25.560801 0.005613 0.002945 0.999980 0.000000 0.000000 0.000000 0.000000 1.000000</float_array>
        <technique_common>
          <accessor source="#mixamorig1_LeftForeArm-Matrix-animation-output-transform-array" count="66" stride="16">
            <param type="float4x4"/>
          </accessor>
        </technique_common>
      </source>
      <source id="mixamorig1_LeftForeArm-Interpolations">
        <Name_array id="mixamorig1_LeftForeArm-Interpolations-array" count="66">
 LINEAR LINEAR LINEAR LINEAR LINEAR LINEAR LINEAR LINEAR LINEAR LINEAR LINEAR
LINEAR LINEAR LINEAR LINEAR LINEAR LINEAR LINEAR LINEAR LINEAR LINEAR LINEAR LINEAR
LINEAR LINEAR LINEAR LINEAR LINEAR LINEAR LINEAR LINEAR LINEAR LINEAR LINEAR LINEAR
LINEAR LINEAR LINEAR LINEAR LINEAR LINEAR LINEAR LINEAR LINEAR LINEAR LINEAR LINEAR
LINEAR LINEAR LINEAR LINEAR LINEAR LINEAR LINEAR LINEAR LINEAR LINEAR LINEAR LINEAR
LINEAR LINEAR LINEAR LINEAR LINEAR LINEAR LINEAR</Name_array>
        <technique_common>
          <accessor source="#mixamorig1_LeftForeArm-Interpolations-array" count="66">
            <param type="name"/>
          </accessor>
        </technique_common>
      </source>
      <sampler id="mixamorig1_LeftForeArm-Matrix-animation-transform">
        <input semantic="INPUT" source="#mixamorig1_LeftForeArm-Matrix-animation-input"/>
        <input semantic="OUTPUT" source="#mixamorig1_LeftForeArm-Matrix-animation-output-transform"/>
        <input semantic="INTERPOLATION" source="#mixamorig1_LeftForeArm-Interpolations"/>
      </sampler>
      <channel source="#mixamorig1_LeftForeArm-Matrix-animation-transform" target="mixamorig1_LeftForeArm/matrix"/>
    </animation>
    <animation id="mixamorig1_LeftHand-anim" name="mixamorig1_LeftHand">
      <source id="mixamorig1_LeftHand-Matrix-animation-input">
        <float_array id="mixamorig1_LeftHand-Matrix-animation-input-array" count="66">

0.000000 0.033333 0.066667 0.100000 0.133333 0.166667 0.200000 0.233333 0.266667 0.300000 0.333333 0.366667 0.400000 0.433333 0.466667 0.500000
0.533333 0.566667 0.600000 0.633333 0.666667 0.700000 0.733333 0.766667 0.800000 0.833333 0.866667 0.900000 0.933333 0.966667 1.000000 1.033333
1.066667 1.100000 1.133333 1.166667 1.200000 1.233333 1.266667 1.300000 1.333333 1.366667 1.400000 1.433333 1.466667 1.500000 1.533333 1.566667
1.600000 1.633333 1.666667 1.700000 1.733333 1.766667 1.800000 1.833333 1.866667 1.900000 1.933333 1.966667 2.000000 2.033333 2.066667 2.100000
2.133333 2.166667</float_array>
        <technique_common>
          <accessor source="#mixamorig1_LeftHand-Matrix-animation-input-array" count="66">
            <param name="TIME" type="float"/>
          </accessor>
        </technique_common>
      </source>
      <source id="mixamorig1_LeftHand-Matrix-animation-output-transform">
        <float_array id="mixamorig1_LeftHand-Matrix-animation-output-transform-array" count="1056">

0.884730 -0.007359 -0.466046 -0.000000 -0.062241 0.989055 -0.133774 23.404100 0.461929 0.147361 0.874589 0.000000 0.000000 0.000000 0.000000 1.000000
0.882763 -0.000167 -0.469819 0.000000 -0.066931 0.989756 -0.126110 23.404100 0.465027 0.142771 0.873709 -0.000000 0.000000 0.000000 0.000000 1.000000
0.880757 0.007053 -0.473515 0.000000 -0.071588 0.990381 -0.118405 23.404100 0.468126 0.138184 0.872791 0.000000 0.000000 0.000000 0.000000 1.000000
0.878399 0.016558 -0.477640 0.000000 -0.075430 0.991677 -0.104341 23.404100 0.471937 0.127682 0.872337 0.000000 0.000000 0.000000 0.000000 1.000000
0.876311 0.031376 -0.480723 0.000000 -0.076191 0.994344 -0.073990 23.404100 0.475682 0.101465 0.873745 0.000000 0.000000 0.000000 0.000000 1.000000
0.871621 0.050334 -0.487589 0.000000 -0.078221 0.996250 -0.036985 23.404100 0.483899 0.070376 0.872290 -0.000000 0.000000 0.000000 0.000000 1.000000
0.854211 0.075788 -0.514373 0.000000 -0.092014 0.995739 -0.006093 23.404100 0.511719 0.052534 0.857545 -0.000000 0.000000 0.000000 0.000000 1.000000
0.804366 0.128993 -0.579962 0.000000 -0.130350 0.990679 0.039556 23.404100 0.579658 0.043780 0.813683 0.000000 0.000000 0.000000 0.000000 1.000000
0.745801 0.193277 -0.637514 0.000000 -0.164557 0.980780 0.104839 23.404100 0.645524 0.026718 0.763272 0.000000 0.000000 0.000000 0.000000 1.000000
0.710335 0.292895 -0.640029 0.000000 -0.192156 0.955462 0.223983 23.404100 0.677127 -0.036118 0.734979 0.000000 0.000000 0.000000 0.000000 1.000000
0.740218 0.370990 -0.560753 0.000000 -0.202794 0.918346 0.339875 23.404100 0.641055 -0.137865 0.755011 0.000000 0.000000 0.000000 0.000000 1.000000
0.813001 0.370910 -0.448838 0.000000 -0.195329 0.899918 0.389864 23.404100 0.548522 -0.229289 0.804084 -0.000000 0.000000 0.000000 0.000000 1.000000
0.886478 0.273027 -0.373648 -0.000000 -0.143682 0.929897 0.338595 23.404100 0.439900 -0.246470 0.863563 -0.000000 0.000000 0.000000 0.000000 1.000000
0.934419 0.119493 -0.335534 0.000000 -0.061250 0.981919 0.179116 23.404100 0.350870 -0.146818 0.924843 0.000000 0.000000 0.000000 0.000000 1.000000
0.967511 -0.003113 -0.252808 0.000000 -0.004035 0.999607 -0.027748 23.404100 0.252795 0.027867 0.967118 -0.000000 0.000000 0.000000 0.000000 1.000000
0.995772 -0.048946 -0.077736 0.000000 0.034198 0.982921 -0.180824 23.404100 0.085258 0.177401 0.980439 0.000000 0.000000 0.000000 0.000000 1.000000
0.992630 -0.070934 0.098252 -0.000000 0.092670 0.966767 -0.238271 23.404100 -0.078085 0.245620 0.966216 0.000000 0.000000 0.000000 0.000000 1.000000
0.983762 -0.146623 0.103512 -0.000000 0.165361 0.964663 -0.205135 23.404100 -0.069776 0.218921 0.973244 -0.000000 0.000000 0.000000 0.000000 1.000000
0.956921 -0.263401 -0.122153 0.000000 0.244306 0.957795 -0.151471 23.404100 0.156895 0.115103 0.980885 0.000000 0.000000 0.000000 0.000000 1.000000
0.834657 -0.345240 -0.429136 0.000000 0.294547 0.938171 -0.181873 23.404100 0.465393 0.025400 0.884740 0.000000 0.000000 0.000000 0.000000 1.000000
0.684644 -0.366693 -0.629919 0.000000 0.229799 0.928750 -0.290887 23.404100 0.691704 0.054399 0.720129 0.000000 0.000000 0.000000 0.000000 1.000000
0.614756 -0.358094 -0.702740 0.000000 0.069423 0.912100 -0.404047 23.404100 0.785656 0.199604 0.585579 0.000000 0.000000 0.000000 0.000000 1.000000
0.614533 -0.338084 -0.712775 0.000000 -0.069626 0.876746 -0.475888 23.404100 0.785813 0.342077 0.515250 0.000000 0.000000 0.000000 0.000000 1.000000
0.638574 -0.297773 -0.709616 0.000000 -0.129237 0.867514 -0.480330 23.404100 0.758631 0.398435 0.515488 0.000000 0.000000 0.000000 0.000000 1.000000
0.675809 -0.238308 -0.697489 0.000000 -0.139975 0.887577 -0.438879 23.404100 0.723663 0.394230 0.566475 0.000000 0.000000 0.000000 0.000000 1.000000
0.728255 -0.181363 -0.660873 -0.000000 -0.141128 0.903987 -0.403597 23.404100 0.670618 0.387189 0.632737 0.000000 0.000000 0.000000 0.000000 1.000000
0.782835 -0.142212 -0.605760 0.000000 -0.136374 0.910648 -0.390028 23.404100 0.607101 0.387938 0.693493 -0.000000 0.000000 0.000000 0.000000 1.000000
0.823019 -0.113840 -0.556489 -0.000000 -0.116257 0.925210 -0.361207 23.404100 0.555989 0.361976 0.748231 0.000000 0.000000 0.000000 0.000000 1.000000
0.847343 -0.078043 -0.525280 0.000000 -0.081288 0.958424 -0.273525 23.404100 0.524788 0.274468 0.805770 0.000000 0.000000 0.000000 0.000000 1.000000
0.860917 -0.027644 -0.507994 0.000000 -0.035007 0.992937 -0.113361 23.404100 0.507540 0.115378 0.853868 0.000000 0.000000 0.000000 0.000000 1.000000
0.863051 0.022758 -0.504603 0.000000 0.023059 0.996168 0.084366 23.404100 0.504589 -0.084448 0.859219 0.000000 0.000000 0.000000 0.000000 1.000000
0.850900 0.049114 -0.523027 0.000000 0.097319 0.963649 0.248816 23.404100 0.516235 -0.262618 0.815189 0.000000 0.000000 0.000000 0.000000 1.000000
0.828821 0.039428 -0.558123 -0.000000 0.181125 0.924895 0.334311 23.404100 0.529386 -0.378174 0.759430 -0.000000 0.000000 0.000000 0.000000 1.000000
0.811964 0.002695 -0.583702 -0.000000 0.257520 0.895756 0.362361 23.404100 0.523831 -0.444539 0.726627 0.000000 0.000000 0.000000 0.000000 1.000000
0.817989 -0.044279 -0.573527 0.000000 0.323289 0.860062 0.394687 23.404100 0.475792 -0.508265 0.717836 -0.000000 0.000000 0.000000 0.000000 1.000000
0.845750 -0.094213 -0.525196 0.000000 0.378981 0.798943 0.466973 23.404100 0.375607 -0.593981 0.711411 0.000000 0.000000 0.000000 0.000000 1.000000
0.872115 -0.144375 -0.467516 0.000000 0.413795 0.727540 0.547229 23.404100 0.261130 -0.670702 0.694240 -0.000000 0.000000 0.000000 0.000000 1.000000
0.879775 -0.185077 -0.437884 0.000000 0.431828 0.696308 0.573306 23.404100 0.198797 -0.693471 0.692516 -0.000000 0.000000 0.000000 0.000000 1.000000
0.872878 -0.208549 -0.441125 0.000000 0.439601 0.728434 0.525485 23.404100 0.211741 -0.652604 0.727512 0.000000 0.000000 0.000000 0.000000 1.000000
0.865832 -0.218629 -0.450040 0.000000 0.428499 0.788393 0.441389 23.404100 0.258308 -0.575011 0.776299 -0.000000 0.000000 0.000000 0.000000 1.000000
0.863435 -0.211480 -0.457991 -0.000000 0.402206 0.836582 0.371968 23.404100 0.304483 -0.505377 0.807393 0.000000 0.000000 0.000000 0.000000 1.000000
0.847445 -0.151654 -0.508762 0.000000 0.359018 0.869675 0.338780 23.404100 0.391080 -0.469751 0.791448 0.000000 0.000000 0.000000 0.000000 1.000000
0.770402 -0.002361 -0.637554 -0.000000 0.285423 0.895464 0.341581 23.404100 0.570101 -0.445127 0.690541 -0.000000 0.000000 0.000000 0.000000 1.000000
0.594506 0.197317 -0.779505 0.000000 0.192475 0.906320 0.376213 23.404100 0.780715 -0.373697 0.500834 0.000000 0.000000 0.000000 0.000000 1.000000
0.404892 0.334428 -0.851011 0.000000 0.095558 0.910141 0.403129 23.404100 0.909357 -0.244544 0.336552 0.000000 0.000000 0.000000 0.000000 1.000000
0.322581 0.338711 -0.883864 0.000000 -0.009705 0.934917 0.354734 23.404100 0.946492 -0.105853 0.304873 0.000000 0.000000 0.000000 0.000000 1.000000
0.368191 0.224805 -0.902163 0.000000 -0.089948 0.974390 0.206093 23.404100 0.925389 0.005266 0.378982 0.000000 0.000000 0.000000 0.000000 1.000000
0.490461 0.053756 -0.869803 0.000000 -0.102979 0.994678 0.003406 23.404100 0.865357 0.087901 0.493387 0.000000 0.000000 0.000000 0.000000 1.000000
0.624694 -0.097872 -0.774712 -0.000000 -0.066715 0.981797 -0.177830 23.404100 0.778015 0.162775 0.606793 0.000000 0.000000 0.000000 0.000000 1.000000
0.740543 -0.174561 -0.648941 0.000000 -0.023903 0.958220 -0.285032 23.404100 0.671584 0.226590 0.705431 0.000000 0.000000 0.000000 0.000000 1.000000
0.829522 -0.173801 -0.530742 0.000000 0.004537 0.952408 -0.304791 23.404100 0.558456 0.250423 0.790832 0.000000 0.000000 0.000000 0.000000 1.000000
0.881047 -0.133717 -0.453737 0.000000 0.015504 0.966862 -0.254830 23.404100 0.472775 0.217482 0.853923 0.000000 0.000000 0.000000 0.000000 1.000000
0.894006 -0.091625 -0.438587 -0.000000 0.015422 0.984580 -0.174252 23.404100 0.447790 0.149019 0.881634 -0.000000 0.000000 0.000000 0.000000 1.000000
0.881800 -0.061952 -0.467536 -0.000000 0.011888 0.993940 -0.109283 23.404100 0.471473 0.090807 0.877193 0.000000 0.000000 0.000000 0.000000 1.000000
0.866935 -0.043618 -0.496509 0.000000 0.003113 0.996618 -0.082116 23.404100 0.498411 0.069643 0.864139 0.000000 0.000000 0.000000 0.000000 1.000000
0.875057 -0.029711 -0.483108 -0.000000 -0.007330 0.997186 -0.074603 23.404100 0.483965 0.068823 0.872377 0.000000 0.000000 0.000000 0.000000 1.000000
0.884916 -0.019161 -0.465356 0.000000 -0.017445 0.997089 -0.074229 23.404100 0.465423 0.073804 0.882006 0.000000 0.000000 0.000000 0.000000 1.000000
0.889428 -0.012702 -0.456898 0.000000 -0.025223 0.996727 -0.076811 23.404100 0.456378 0.079843 0.886197 0.000000 0.000000 0.000000 0.000000 1.000000
0.892922 -0.007625 -0.450147 -0.000000 -0.032232 0.996208 -0.080810 23.404100 0.449056 0.086666 0.889291 0.000000 0.000000 0.000000 0.000000 1.000000
0.895531 -0.003179 -0.444988 0.000000 -0.039361 0.995489 -0.086326 23.404100 0.443255 0.094823 0.891366 0.000000 0.000000 0.000000 0.000000 1.000000
0.897340 0.001399 -0.441338 -0.000000 -0.047529 0.994486 -0.093484 23.404100 0.438773 0.104864 0.892458 0.000000 0.000000 0.000000 0.000000 1.000000
0.892880 0.003962 -0.450278 0.000000 -0.061589 0.991638 -0.113404 23.404100 0.446063 0.128988 0.885658 0.000000 0.000000 0.000000 0.000000 1.000000
0.890572 0.001742 -0.454839 0.000000 -0.063296 0.990737 -0.120139 23.404100 0.450417 0.135782 0.882433 0.000000 0.000000 0.000000 0.000000 1.000000
0.888575 -0.001141 -0.458730 -0.000000 -0.063283 0.990131 -0.125044 23.404100 0.454346 0.140141 0.879733 0.000000 0.000000 0.000000 0.000000 1.000000
0.886694 -0.004294 -0.462337 0.000000 -0.062589 0.989638 -0.129227 23.404100 0.458101 0.143522 0.877237 0.000000 0.000000 0.000000 0.000000 1.000000
0.884730 -0.007359 -0.466046 0.000000 -0.062241 0.989055 -0.133774 23.404100 0.461930 0.147361 0.874589 -0.000000 0.000000 0.000000 0.000000 1.000000</float_array>
        <technique_common>
          <accessor source="#mixamorig1_LeftHand-Matrix-animation-output-transform-array" count="66" stride="16">
            <param type="float4x4"/>
          </accessor>
        </technique_common>
      </source>
      <source id="mixamorig1_LeftHand-Interpolations">
        <Name_array id="mixamorig1_LeftHand-Interpolations-array" count="66">
 LINEAR LINEAR LINEAR LINEAR LINEAR LINEAR LINEAR LINEAR LINEAR LINEAR LINEAR
LINEAR LINEAR LINEAR LINEAR LINEAR LINEAR LINEAR LINEAR LINEAR LINEAR LINEAR LINEAR
LINEAR LINEAR LINEAR LINEAR LINEAR LINEAR LINEAR LINEAR LINEAR LINEAR LINEAR LINEAR
LINEAR LINEAR LINEAR LINEAR LINEAR LINEAR LINEAR LINEAR LINEAR LINEAR LINEAR LINEAR
LINEAR LINEAR LINEAR LINEAR LINEAR LINEAR LINEAR LINEAR LINEAR LINEAR LINEAR LINEAR
LINEAR LINEAR LINEAR LINEAR LINEAR LINEAR LINEAR</Name_array>
        <technique_common>
          <accessor source="#mixamorig1_LeftHand-Interpolations-array" count="66">
            <param type="name"/>
          </accessor>
        </technique_common>
      </source>
      <sampler id="mixamorig1_LeftHand-Matrix-animation-transform">
        <input semantic="INPUT" source="#mixamorig1_LeftHand-Matrix-animation-input"/>
        <input semantic="OUTPUT" source="#mixamorig1_LeftHand-Matrix-animation-output-transform"/>
        <input semantic="INTERPOLATION" source="#mixamorig1_LeftHand-Interpolations"/>
      </sampler>
      <channel source="#mixamorig1_LeftHand-Matrix-animation-transform" target="mixamorig1_LeftHand/matrix"/>
    </animation>
    <animation id="mixamorig1_LeftHandThumb1-anim" name="mixamorig1_LeftHandThumb1">
      <source id="mixamorig1_LeftHandThumb1-Matrix-animation-input">
        <float_array id="mixamorig1_LeftHandThumb1-Matrix-animation-input-array" count="66">

0.000000 0.033333 0.066667 0.100000 0.133333 0.166667 0.200000 0.233333 0.266667 0.300000 0.333333 0.366667 0.400000 0.433333 0.466667 0.500000
0.533333 0.566667 0.600000 0.633333 0.666667 0.700000 0.733333 0.766667 0.800000 0.833333 0.866667 0.900000 0.933333 0.966667 1.000000 1.033333
1.066667 1.100000 1.133333 1.166667 1.200000 1.233333 1.266667 1.300000 1.333333 1.366667 1.400000 1.433333 1.466667 1.500000 1.533333 1.566667
1.600000 1.633333 1.666667 1.700000 1.733333 1.766667 1.800000 1.833333 1.866667 1.900000 1.933333 1.966667 2.000000 2.033333 2.066667 2.100000
2.133333 2.166667</float_array>
        <technique_common>
          <accessor source="#mixamorig1_LeftHandThumb1-Matrix-animation-input-array" count="66">
            <param name="TIME" type="float"/>
          </accessor>
        </technique_common>
      </source>
      <source id="mixamorig1_LeftHandThumb1-Matrix-animation-output-transform">
        <float_array id="mixamorig1_LeftHandThumb1-Matrix-animation-output-transform-array" count="1056">

0.898331 -0.386902 0.208109 -2.867700 0.435427 0.847057 -0.304790 3.935800 -0.058356 0.364419 0.929405 1.188300 0.000000 0.000000 0.000000 1.000000
0.898331 -0.386902 0.208108 -2.867700 0.435427 0.847057 -0.304790 3.935800 -0.058356 0.364419 0.929405 1.188300 0.000000 0.000000 0.000000 1.000000
0.898331 -0.386902 0.208108 -2.867700 0.435427 0.847057 -0.304790 3.935800 -0.058356 0.364419 0.929405 1.188300 0.000000 0.000000 0.000000 1.000000
0.898331 -0.386902 0.208108 -2.867700 0.435427 0.847057 -0.304791 3.935800 -0.058356 0.364419 0.929405 1.188300 0.000000 0.000000 0.000000 1.000000
0.898331 -0.386902 0.208108 -2.867700 0.435427 0.847057 -0.304791 3.935800 -0.058356 0.364419 0.929405 1.188300 0.000000 0.000000 0.000000 1.000000
0.898331 -0.386902 0.208108 -2.867700 0.435427 0.847057 -0.304791 3.935800 -0.058356 0.364419 0.929405 1.188300 0.000000 0.000000 0.000000 1.000000
0.898331 -0.386902 0.208108 -2.867700 0.435427 0.847057 -0.304791 3.935800 -0.058356 0.364419 0.929405 1.188300 0.000000 0.000000 0.000000 1.000000
0.898331 -0.386902 0.208109 -2.867700 0.435427 0.847057 -0.304791 3.935800 -0.058356 0.364419 0.929405 1.188300 0.000000 0.000000 0.000000 1.000000
0.898331 -0.386902 0.208109 -2.867700 0.435427 0.847057 -0.304791 3.935800 -0.058356 0.364419 0.929405 1.188300 0.000000 0.000000 0.000000 1.000000
0.898331 -0.386901 0.208108 -2.867700 0.435426 0.847057 -0.304791 3.935800 -0.058356 0.364419 0.929405 1.188300 0.000000 0.000000 0.000000 1.000000
0.898331 -0.386901 0.208108 -2.867700 0.435426 0.847057 -0.304791 3.935800 -0.058356 0.364419 0.929405 1.188300 0.000000 0.000000 0.000000 1.000000
0.898331 -0.386902 0.208108 -2.867700 0.435427 0.847057 -0.304791 3.935800 -0.058356 0.364419 0.929405 1.188300 0.000000 0.000000 0.000000 1.000000
0.898330 -0.386903 0.208109 -2.867700 0.435428 0.847057 -0.304791 3.935800 -0.058355 0.364419 0.929405 1.188300 0.000000 0.000000 0.000000 1.000000
0.898331 -0.386901 0.208108 -2.867700 0.435426 0.847058 -0.304791 3.935800 -0.058356 0.364419 0.929405 1.188300 0.000000 0.000000 0.000000 1.000000
0.898333 -0.386897 0.208108 -2.867700 0.435422 0.847060 -0.304790 3.935800 -0.058358 0.364418 0.929405 1.188300 0.000000 0.000000 0.000000 1.000000
0.898332 -0.386900 0.208108 -2.867700 0.435425 0.847058 -0.304790 3.935800 -0.058357 0.364418 0.929405 1.188300 0.000000 0.000000 0.000000 1.000000
0.898325 -0.386915 0.208110 -2.867700 0.435440 0.847050 -0.304793 3.935800 -0.058350 0.364422 0.929404 1.188300 0.000000 0.000000 0.000000 1.000000
0.898324 -0.386917 0.208110 -2.867700 0.435442 0.847049 -0.304793 3.935800 -0.058349 0.364423 0.929404 1.188300 0.000000 0.000000 0.000000 1.000000
0.898344 -0.386872 0.208106 -2.867700 0.435398 0.847074 -0.304787 3.935800 -0.058367 0.364412 0.929407 1.188300 0.000000 0.000000 0.000000 1.000000
0.898362 -0.386831 0.208103 -2.867700 0.435358 0.847097 -0.304781 3.935800 -0.058384 0.364402 0.929410 1.188300 0.000000 0.000000 0.000000 1.000000
0.898316 -0.386934 0.208111 -2.867700 0.435458 0.847040 -0.304795 3.935800 -0.058343 0.364426 0.929403 1.188300 0.000000 0.000000 0.000000 1.000000
0.898229 -0.387126 0.208127 -2.867700 0.435648 0.846932 -0.304823 3.935800 -0.058265 0.364471 0.929390 1.188300 0.000000 0.000000 0.000000 1.000000
0.898311 -0.386946 0.208113 -2.867700 0.435471 0.847032 -0.304798 3.935800 -0.058338 0.364430 0.929402 1.188300 0.000000 0.000000 0.000000 1.000000
0.898599 -0.386306 0.208059 -2.867700 0.434841 0.847388 -0.304706 3.935800 -0.058597 0.364281 0.929444 1.188300 0.000000 0.000000 0.000000 1.000000
0.898254 -0.387072 0.208123 -2.867700 0.435594 0.846963 -0.304815 3.935800 -0.058287 0.364458 0.929394 1.188300 0.000000 0.000000 0.000000 1.000000
0.895617 -0.392872 0.208618 -2.867700 0.441296 0.843706 -0.305646 3.935800 -0.055933 0.365804 0.929010 1.188300 0.000000 0.000000 0.000000 1.000000
0.889505 -0.405932 0.209760 -2.867700 0.454117 0.836192 -0.307505 3.935800 -0.050573 0.368783 0.928139 1.188300 0.000000 0.000000 0.000000 1.000000
0.880237 -0.424814 0.211463 -2.867700 0.472612 0.824890 -0.310151 3.935800 -0.042677 0.372946 0.926871 1.188300 0.000000 0.000000 0.000000 1.000000
0.869418 -0.445610 0.213409 -2.867700 0.492921 0.811824 -0.313004 3.935800 -0.033773 0.377325 0.925465 1.188300 0.000000 0.000000 0.000000 1.000000
0.859310 -0.463982 0.215191 -2.867700 0.510808 0.799721 -0.315471 3.935800 -0.025720 0.381008 0.924214 1.188300 0.000000 0.000000 0.000000 1.000000
0.852104 -0.476520 0.216441 -2.867700 0.522985 0.791150 -0.317126 3.935800 -0.020121 0.383420 0.923355 1.188300 0.000000 0.000000 0.000000 1.000000
0.848743 -0.482222 0.217020 -2.867700 0.528515 0.787165 -0.317872 3.935800 -0.017546 0.384490 0.922962 1.188300 0.000000 0.000000 0.000000 1.000000
0.848268 -0.483020 0.217102 -2.867700 0.529288 0.786604 -0.317976 3.935800 -0.017184 0.384638 0.922907 1.188300 0.000000 0.000000 0.000000 1.000000
0.848955 -0.481865 0.216984 -2.867700 0.528169 0.787416 -0.317826 3.935800 -0.017708 0.384424 0.922987 1.188300 0.000000 0.000000 0.000000 1.000000
0.849412 -0.481091 0.216910 -2.867700 0.527421 0.787956 -0.317730 3.935800 -0.018058 0.384287 0.923037 1.188300 0.000000 0.000000 0.000000 1.000000
0.848564 -0.482519 0.217057 -2.867700 0.528806 0.786952 -0.317918 3.935800 -0.017412 0.384554 0.922938 1.188300 0.000000 0.000000 0.000000 1.000000
0.847052 -0.485061 0.217300 -2.867700 0.531262 0.785169 -0.318230 3.935800 -0.016256 0.385001 0.922773 1.188300 0.000000 0.000000 0.000000 1.000000
0.849586 -0.480807 0.216857 -2.867700 0.527136 0.788172 -0.317667 3.935800 -0.018185 0.384199 0.923071 1.188300 0.000000 0.000000 0.000000 1.000000
0.861424 -0.460211 0.214838 -2.867700 0.507148 0.802236 -0.314988 3.935800 -0.027390 0.380293 0.924460 1.188300 0.000000 0.000000 0.000000 1.000000
0.879450 -0.426353 0.211639 -2.867700 0.474132 0.823923 -0.310404 3.935800 -0.042033 0.373329 0.926746 1.188300 0.000000 0.000000 0.000000 1.000000
0.893796 -0.396820 0.208956 -2.867700 0.445172 0.841463 -0.306206 3.935800 -0.054320 0.366707 0.928749 1.188300 0.000000 0.000000 0.000000 1.000000
0.899386 -0.384559 0.207891 -2.867700 0.433115 0.848371 -0.304430 3.935800 -0.059297 0.363841 0.929572 1.188300 0.000000 0.000000 0.000000 1.000000
0.899145 -0.385088 0.207953 -2.867700 0.433643 0.848066 -0.304529 3.935800 -0.059088 0.363993 0.929526 1.188300 0.000000 0.000000 0.000000 1.000000
0.898036 -0.387551 0.208170 -2.867700 0.436069 0.846691 -0.304892 3.935800 -0.058095 0.364580 0.929358 1.188300 0.000000 0.000000 0.000000 1.000000
0.897988 -0.387661 0.208175 -2.867700 0.436174 0.846633 -0.304902 3.935800 -0.058049 0.364599 0.929354 1.188300 0.000000 0.000000 0.000000 1.000000
0.898352 -0.386856 0.208103 -2.867700 0.435381 0.847084 -0.304782 3.935800 -0.058374 0.364405 0.929409 1.188300 0.000000 0.000000 0.000000 1.000000
0.898452 -0.386634 0.208085 -2.867700 0.435163 0.847207 -0.304751 3.935800 -0.058464 0.364355 0.929423 1.188300 0.000000 0.000000 0.000000 1.000000
0.898354 -0.386849 0.208104 -2.867700 0.435375 0.847086 -0.304784 3.935800 -0.058377 0.364407 0.929408 1.188300 0.000000 0.000000 0.000000 1.000000
0.898297 -0.386976 0.208116 -2.867700 0.435500 0.847016 -0.304802 3.935800 -0.058326 0.364437 0.929400 1.188300 0.000000 0.000000 0.000000 1.000000
0.898315 -0.386936 0.208112 -2.867700 0.435461 0.847038 -0.304796 3.935800 -0.058342 0.364427 0.929403 1.188300 0.000000 0.000000 0.000000 1.000000
0.898338 -0.386886 0.208107 -2.867700 0.435411 0.847066 -0.304788 3.935800 -0.058362 0.364415 0.929406 1.188300 0.000000 0.000000 0.000000 1.000000
0.898338 -0.386886 0.208107 -2.867700 0.435412 0.847066 -0.304789 3.935800 -0.058362 0.364415 0.929406 1.188300 0.000000 0.000000 0.000000 1.000000
0.898330 -0.386903 0.208109 -2.867700 0.435428 0.847056 -0.304791 3.935800 -0.058355 0.364419 0.929405 1.188300 0.000000 0.000000 0.000000 1.000000
0.898328 -0.386907 0.208109 -2.867700 0.435432 0.847054 -0.304791 3.935800 -0.058354 0.364420 0.929405 1.188300 0.000000 0.000000 0.000000 1.000000
0.898330 -0.386903 0.208108 -2.867700 0.435428 0.847057 -0.304791 3.935800 -0.058355 0.364419 0.929405 1.188300 0.000000 0.000000 0.000000 1.000000
0.898331 -0.386901 0.208108 -2.867700 0.435427 0.847057 -0.304791 3.935800 -0.058356 0.364419 0.929405 1.188300 0.000000 0.000000 0.000000 1.000000
0.898331 -0.386901 0.208109 -2.867700 0.435426 0.847058 -0.304791 3.935800 -0.058356 0.364419 0.929405 1.188300 0.000000 0.000000 0.000000 1.000000
0.898331 -0.386901 0.208109 -2.867700 0.435426 0.847058 -0.304791 3.935800 -0.058356 0.364419 0.929405 1.188300 0.000000 0.000000 0.000000 1.000000
0.898331 -0.386901 0.208109 -2.867700 0.435426 0.847058 -0.304791 3.935800 -0.058356 0.364419 0.929405 1.188300 0.000000 0.000000 0.000000 1.000000
0.898331 -0.386901 0.208109 -2.867700 0.435427 0.847057 -0.304791 3.935800 -0.058356 0.364419 0.929405 1.188300 0.000000 0.000000 0.000000 1.000000
0.898331 -0.386901 0.208109 -2.867700 0.435427 0.847057 -0.304791 3.935800 -0.058356 0.364419 0.929405 1.188300 0.000000 0.000000 0.000000 1.000000
0.898331 -0.386901 0.208108 -2.867700 0.435427 0.847057 -0.304791 3.935800 -0.058356 0.364419 0.929405 1.188300 0.000000 0.000000 0.000000 1.000000
0.898331 -0.386902 0.208108 -2.867700 0.435427 0.847057 -0.304791 3.935800 -0.058356 0.364419 0.929405 1.188300 0.000000 0.000000 0.000000 1.000000
0.898331 -0.386902 0.208108 -2.867700 0.435427 0.847057 -0.304791 3.935800 -0.058356 0.364419 0.929405 1.188300 0.000000 0.000000 0.000000 1.000000
0.898331 -0.386902 0.208108 -2.867700 0.435427 0.847057 -0.304791 3.935800 -0.058356 0.364419 0.929405 1.188300 0.000000 0.000000 0.000000 1.000000
0.898331 -0.386902 0.208108 -2.867700 0.435427 0.847057 -0.304791 3.935800 -0.058356 0.364419 0.929405 1.188300 0.000000 0.000000 0.000000 1.000000</float_array>
        <technique_common>
          <accessor source="#mixamorig1_LeftHandThumb1-Matrix-animation-output-transform-array" count="66" stride="16">
            <param type="float4x4"/>
          </accessor>
        </technique_common>
      </source>
      <source id="mixamorig1_LeftHandThumb1-Interpolations">
        <Name_array id="mixamorig1_LeftHandThumb1-Interpolations-array" count="66">
 LINEAR LINEAR LINEAR LINEAR LINEAR LINEAR LINEAR LINEAR LINEAR LINEAR LINEAR
LINEAR LINEAR LINEAR LINEAR LINEAR LINEAR LINEAR LINEAR LINEAR LINEAR LINEAR LINEAR
LINEAR LINEAR LINEAR LINEAR LINEAR LINEAR LINEAR LINEAR LINEAR LINEAR LINEAR LINEAR
LINEAR LINEAR LINEAR LINEAR LINEAR LINEAR LINEAR LINEAR LINEAR LINEAR LINEAR LINEAR
LINEAR LINEAR LINEAR LINEAR LINEAR LINEAR LINEAR LINEAR LINEAR LINEAR LINEAR LINEAR
LINEAR LINEAR LINEAR LINEAR LINEAR LINEAR LINEAR</Name_array>
        <technique_common>
          <accessor source="#mixamorig1_LeftHandThumb1-Interpolations-array" count="66">
            <param type="name"/>
          </accessor>
        </technique_common>
      </source>
      <sampler id="mixamorig1_LeftHandThumb1-Matrix-animation-transform">
        <input semantic="INPUT" source="#mixamorig1_LeftHandThumb1-Matrix-animation-input"/>
        <input semantic="OUTPUT" source="#mixamorig1_LeftHandThumb1-Matrix-animation-output-transform"/>
        <input semantic="INTERPOLATION" source="#mixamorig1_LeftHandThumb1-Interpolations"/>
      </sampler>
      <channel source="#mixamorig1_LeftHandThumb1-Matrix-animation-transform" target="mixamorig1_LeftHandThumb1/matrix"/>
    </animation>
    <animation id="mixamorig1_LeftHandThumb2-anim" name="mixamorig1_LeftHandThumb2">
      <source id="mixamorig1_LeftHandThumb2-Matrix-animation-input">
        <float_array id="mixamorig1_LeftHandThumb2-Matrix-animation-input-array" count="66">

0.000000 0.033333 0.066667 0.100000 0.133333 0.166667 0.200000 0.233333 0.266667 0.300000 0.333333 0.366667 0.400000 0.433333 0.466667 0.500000
0.533333 0.566667 0.600000 0.633333 0.666667 0.700000 0.733333 0.766667 0.800000 0.833333 0.866667 0.900000 0.933333 0.966667 1.000000 1.033333
1.066667 1.100000 1.133333 1.166667 1.200000 1.233333 1.266667 1.300000 1.333333 1.366667 1.400000 1.433333 1.466667 1.500000 1.533333 1.566667
1.600000 1.633333 1.666667 1.700000 1.733333 1.766667 1.800000 1.833333 1.866667 1.900000 1.933333 1.966667 2.000000 2.033333 2.066667 2.100000
2.133333 2.166667</float_array>
        <technique_common>
          <accessor source="#mixamorig1_LeftHandThumb2-Matrix-animation-input-array" count="66">
            <param name="TIME" type="float"/>
          </accessor>
        </technique_common>
      </source>
      <source id="mixamorig1_LeftHandThumb2-Matrix-animation-output-transform">
        <float_array id="mixamorig1_LeftHandThumb2-Matrix-animation-output-transform-array" count="1056">

0.891838 0.409695 0.191766 -0.405400 -0.440000 0.884074 0.157524 3.989600 -0.104999 -0.224863 0.968717 -0.000000 0.000000 0.000000 0.000000 1.000000
0.889297 0.414276 0.193716 -0.405400 -0.444442 0.882725 0.152540 3.989600 -0.107805 -0.221749 0.969126 -0.000000 0.000000 0.000000 0.000000 1.000000
0.886726 0.418867 0.195621 -0.405400 -0.448869 0.881334 0.147541 3.989600 -0.110608 -0.218636 0.969517 0.000000 0.000000 0.000000 0.000000 1.000000
0.882042 0.428312 0.196345 -0.405400 -0.458019 0.877199 0.144017 3.989600 -0.110550 -0.216959 0.969901 0.000000 0.000000 0.000000 0.000000 1.000000
0.873370 0.445919 0.195911 -0.405400 -0.475447 0.867843 0.144216 3.989600 -0.105711 -0.219099 0.969959 -0.000000 0.000000 0.000000 0.000000 1.000000
0.858279 0.476246 0.191173 -0.405400 -0.504748 0.850675 0.146905 3.989600 -0.092663 -0.222580 0.970501 -0.000000 0.000000 0.000000 0.000000 1.000000
0.821949 0.543543 0.170177 -0.405400 -0.567021 0.809090 0.154468 3.989600 -0.053728 -0.223458 0.973232 0.000000 0.000000 0.000000 0.000000 1.000000
0.777486 0.612178 0.144064 -0.405400 -0.628788 0.761015 0.159628 3.989600 -0.011914 -0.214694 0.976609 -0.000000 0.000000 0.000000 0.000000 1.000000
0.736076 0.665569 0.123330 -0.405400 -0.676521 0.717270 0.166860 3.989600 0.022596 -0.206257 0.978237 0.000000 0.000000 0.000000 0.000000 1.000000
0.738106 0.662029 0.130063 -0.405400 -0.674510 0.719689 0.164574 3.989600 0.015348 -0.209202 0.977752 0.000000 0.000000 0.000000 0.000000 1.000000
0.771736 0.616476 0.156145 -0.405400 -0.635598 0.755794 0.157447 3.989600 -0.020951 -0.220753 0.975105 0.000000 0.000000 0.000000 0.000000 1.000000
0.831138 0.529001 0.171372 -0.405400 -0.553187 0.817911 0.158130 3.989600 -0.056516 -0.226228 0.972433 0.000000 0.000000 0.000000 0.000000 1.000000
0.905171 0.400139 0.143368 -0.405400 -0.421562 0.888247 0.182492 3.989600 -0.054324 -0.225625 0.972698 0.000000 0.000000 0.000000 0.000000 1.000000
0.958684 0.274489 0.074709 -0.405400 -0.284333 0.932847 0.221248 3.989600 -0.008962 -0.233349 0.972352 -0.000000 0.000000 0.000000 0.000000 1.000000
0.976694 0.214608 0.003448 -0.405400 -0.209099 0.947750 0.240930 3.989600 0.048437 -0.236036 0.970536 0.000000 0.000000 0.000000 0.000000 1.000000
0.974091 0.221533 -0.045493 -0.405400 -0.206473 0.953213 0.220802 3.989600 0.092279 -0.205688 0.974257 0.000000 0.000000 0.000000 0.000000 1.000000
0.963524 0.254015 -0.084250 -0.405400 -0.237540 0.956744 0.167976 3.989600 0.123274 -0.141836 0.982184 0.000000 0.000000 0.000000 0.000000 1.000000
0.950344 0.285726 -0.123315 -0.405400 -0.272393 0.955363 0.114381 3.989600 0.150492 -0.075111 0.985754 0.000000 0.000000 0.000000 0.000000 1.000000
0.939535 0.311622 -0.142005 -0.405400 -0.298973 0.948619 0.103622 3.989600 0.166999 -0.054901 0.984427 0.000000 0.000000 0.000000 0.000000 1.000000
0.936328 0.330004 -0.119950 -0.405400 -0.310873 0.937933 0.153753 3.989600 0.163244 -0.106674 0.980802 0.000000 0.000000 0.000000 0.000000 1.000000
0.939298 0.334421 -0.076687 -0.405400 -0.310383 0.923485 0.225475 3.989600 0.146222 -0.187986 0.971226 0.000000 0.000000 0.000000 0.000000 1.000000
0.945291 0.322700 -0.047842 -0.405400 -0.299727 0.917011 0.263162 3.989600 0.128794 -0.234425 0.963565 -0.000000 0.000000 0.000000 0.000000 1.000000
0.953765 0.297647 -0.041695 -0.405400 -0.277703 0.925790 0.256504 3.989600 0.114949 -0.233066 0.965643 0.000000 0.000000 0.000000 0.000000 1.000000
0.961901 0.268794 -0.049970 -0.405400 -0.251368 0.941373 0.225011 3.989600 0.107522 -0.203878 0.973074 0.000000 0.000000 0.000000 0.000000 1.000000
0.966962 0.246281 -0.065796 -0.405400 -0.230655 0.955181 0.185547 3.989600 0.108544 -0.164241 0.980430 0.000000 0.000000 0.000000 0.000000 1.000000
0.972395 0.221032 -0.074789 -0.405400 -0.207635 0.965866 0.154886 3.989600 0.106471 -0.135082 0.985097 -0.000000 0.000000 0.000000 0.000000 1.000000
0.982963 0.173592 -0.060416 -0.405400 -0.163249 0.975568 0.147026 3.989600 0.084462 -0.134658 0.987286 0.000000 0.000000 0.000000 0.000000 1.000000
0.994086 0.105177 -0.027029 -0.405400 -0.099744 0.982751 0.155730 3.989600 0.042943 -0.152113 0.987430 0.000000 0.000000 0.000000 0.000000 1.000000
0.999259 0.038378 0.002937 -0.405400 -0.038361 0.986754 0.157624 3.989600 0.003152 -0.157620 0.987495 0.000000 0.000000 0.000000 0.000000 1.000000
0.999730 -0.013494 0.018912 -0.405400 0.010650 0.989640 0.143178 3.989600 -0.020648 -0.142938 0.989516 -0.000000 0.000000 0.000000 0.000000 1.000000
0.998102 -0.051542 0.033704 -0.405400 0.046414 0.989292 0.138377 3.989600 -0.040475 -0.136550 0.989806 0.000000 0.000000 0.000000 0.000000 1.000000
0.996200 -0.066771 0.055915 -0.405400 0.056274 0.983512 0.171862 3.989600 -0.066468 -0.168062 0.983533 0.000000 0.000000 0.000000 0.000000 1.000000
0.995762 -0.053232 0.074999 -0.405400 0.035458 0.974630 0.220995 3.989600 -0.084860 -0.217400 0.972387 0.000000 0.000000 0.000000 0.000000 1.000000
0.995615 -0.027145 0.089522 -0.405400 0.005534 0.972389 0.233301 3.989600 -0.093383 -0.231782 0.968275 0.000000 0.000000 0.000000 0.000000 1.000000
0.993492 -0.010967 0.113374 -0.405400 -0.012226 0.979336 0.201868 3.989600 -0.113246 -0.201940 0.972829 0.000000 0.000000 0.000000 0.000000 1.000000
0.990178 -0.022187 0.138042 -0.405400 -0.002121 0.984832 0.173500 3.989600 -0.139797 -0.172089 0.975111 0.000000 0.000000 0.000000 0.000000 1.000000
0.988605 -0.057376 0.139167 -0.405400 0.031738 0.983176 0.179881 3.989600 -0.147146 -0.173414 0.973794 0.000000 0.000000 0.000000 0.000000 1.000000
0.990944 -0.056594 0.121769 -0.405400 0.031681 0.979780 0.197556 3.989600 -0.130488 -0.191909 0.972699 -0.000000 0.000000 0.000000 0.000000 1.000000
0.993301 0.046723 0.105694 -0.405400 -0.066817 0.978441 0.195419 3.989600 -0.094284 -0.201172 0.975008 0.000000 0.000000 0.000000 0.000000 1.000000
0.973301 0.213708 0.083753 -0.405400 -0.225933 0.956354 0.185316 3.989600 -0.040494 -0.199291 0.979103 0.000000 0.000000 0.000000 0.000000 1.000000
0.944635 0.325715 0.039688 -0.405400 -0.327083 0.925091 0.192935 3.989600 0.026126 -0.195234 0.980409 0.000000 0.000000 0.000000 0.000000 1.000000
0.939922 0.341340 -0.005755 -0.405400 -0.331920 0.917666 0.218447 3.989600 0.079846 -0.203413 0.975832 0.000000 0.000000 0.000000 0.000000 1.000000
0.941863 0.335855 -0.009813 -0.405400 -0.323682 0.914785 0.241657 3.989600 0.090138 -0.224432 0.970312 0.000000 0.000000 0.000000 0.000000 1.000000
0.920928 0.388745 0.027748 -0.405400 -0.383974 0.892818 0.235456 3.989600 0.066758 -0.227493 0.971489 0.000000 0.000000 0.000000 0.000000 1.000000
0.874512 0.480384 0.066784 -0.405400 -0.483412 0.852192 0.200207 3.989600 0.039263 -0.207367 0.977475 0.000000 0.000000 0.000000 0.000000 1.000000
0.835824 0.543047 0.080610 -0.405400 -0.548328 0.818512 0.171389 3.989600 0.027091 -0.187452 0.981900 0.000000 0.000000 0.000000 0.000000 1.000000
0.825226 0.558757 0.082425 -0.405400 -0.564247 0.809108 0.164226 3.989600 0.025072 -0.182031 0.982973 0.000000 0.000000 0.000000 0.000000 1.000000
0.831340 0.548177 0.091518 -0.405400 -0.555562 0.815248 0.163469 3.989600 0.015000 -0.186743 0.982294 -0.000000 0.000000 0.000000 0.000000 1.000000
0.845570 0.524017 0.102070 -0.405400 -0.533865 0.830009 0.161472 3.989600 -0.000105 -0.191028 0.981585 0.000000 0.000000 0.000000 0.000000 1.000000
0.867913 0.486337 0.101013 -0.405400 -0.496700 0.851406 0.168513 3.989600 -0.004049 -0.196427 0.980510 -0.000000 0.000000 0.000000 0.000000 1.000000
0.891683 0.443395 0.091117 -0.405400 -0.452630 0.871035 0.190851 3.989600 0.005257 -0.211421 0.977381 -0.000000 0.000000 0.000000 0.000000 1.000000
0.906786 0.412864 0.085334 -0.405400 -0.421366 0.880931 0.215434 3.989600 0.013771 -0.231310 0.972783 0.000000 0.000000 0.000000 0.000000 1.000000
0.910252 0.403587 0.092514 -0.405400 -0.413973 0.882640 0.222648 3.989600 0.008201 -0.240964 0.970499 0.000000 0.000000 0.000000 0.000000 1.000000
0.906263 0.407822 0.111218 -0.405400 -0.422513 0.882043 0.208525 3.989600 -0.013058 -0.235969 0.971673 0.000000 0.000000 0.000000 0.000000 1.000000
0.900336 0.414213 0.133506 -0.405400 -0.433224 0.882215 0.184427 3.989600 -0.041389 -0.223884 0.973736 -0.000000 0.000000 0.000000 0.000000 1.000000
0.894722 0.420821 0.149609 -0.405400 -0.442192 0.881740 0.164321 3.989600 -0.062766 -0.213177 0.974995 -0.000000 0.000000 0.000000 0.000000 1.000000
0.890929 0.424060 0.162541 -0.405400 -0.447178 0.881595 0.151068 3.989600 -0.079233 -0.207275 0.975069 -0.000000 0.000000 0.000000 0.000000 1.000000
0.890437 0.420893 0.173120 -0.405400 -0.446047 0.882626 0.148369 3.989600 -0.090353 -0.209333 0.973661 0.000000 0.000000 0.000000 0.000000 1.000000
0.891057 0.415425 0.182865 -0.405400 -0.442828 0.884073 0.149394 3.989600 -0.099604 -0.214096 0.971721 0.000000 0.000000 0.000000 0.000000 1.000000
0.892094 0.409170 0.191698 -0.405400 -0.438853 0.885616 0.151964 3.989600 -0.107592 -0.219693 0.969618 0.000000 0.000000 0.000000 0.000000 1.000000
0.892847 0.403720 0.199586 -0.405400 -0.435451 0.886971 0.153832 3.989600 -0.114922 -0.224258 0.967730 -0.000000 0.000000 0.000000 0.000000 1.000000
0.893447 0.402226 0.199917 -0.405400 -0.434112 0.887525 0.154419 3.989600 -0.115320 -0.224752 0.967568 0.000000 0.000000 0.000000 0.000000 1.000000
0.893169 0.403718 0.198144 -0.405400 -0.435273 0.886826 0.155165 3.989600 -0.113076 -0.224836 0.967813 -0.000000 0.000000 0.000000 0.000000 1.000000
0.892759 0.405629 0.196076 -0.405400 -0.436783 0.885948 0.155940 3.989600 -0.110459 -0.224859 0.968110 0.000000 0.000000 0.000000 0.000000 1.000000
0.892291 0.407705 0.193891 -0.405400 -0.438429 0.884995 0.156731 3.989600 -0.107693 -0.224857 0.968422 0.000000 0.000000 0.000000 0.000000 1.000000
0.891838 0.409695 0.191767 -0.405400 -0.440000 0.884074 0.157524 3.989600 -0.104999 -0.224863 0.968716 -0.000000 0.000000 0.000000 0.000000 1.000000</float_array>
        <technique_common>
          <accessor source="#mixamorig1_LeftHandThumb2-Matrix-animation-output-transform-array" count="66" stride="16">
            <param type="float4x4"/>
          </accessor>
        </technique_common>
      </source>
      <source id="mixamorig1_LeftHandThumb2-Interpolations">
        <Name_array id="mixamorig1_LeftHandThumb2-Interpolations-array" count="66">
 LINEAR LINEAR LINEAR LINEAR LINEAR LINEAR LINEAR LINEAR LINEAR LINEAR LINEAR
LINEAR LINEAR LINEAR LINEAR LINEAR LINEAR LINEAR LINEAR LINEAR LINEAR LINEAR LINEAR
LINEAR LINEAR LINEAR LINEAR LINEAR LINEAR LINEAR LINEAR LINEAR LINEAR LINEAR LINEAR
LINEAR LINEAR LINEAR LINEAR LINEAR LINEAR LINEAR LINEAR LINEAR LINEAR LINEAR LINEAR
LINEAR LINEAR LINEAR LINEAR LINEAR LINEAR LINEAR LINEAR LINEAR LINEAR LINEAR LINEAR
LINEAR LINEAR LINEAR LINEAR LINEAR LINEAR LINEAR</Name_array>
        <technique_common>
          <accessor source="#mixamorig1_LeftHandThumb2-Interpolations-array" count="66">
            <param type="name"/>
          </accessor>
        </technique_common>
      </source>
      <sampler id="mixamorig1_LeftHandThumb2-Matrix-animation-transform">
        <input semantic="INPUT" source="#mixamorig1_LeftHandThumb2-Matrix-animation-input"/>
        <input semantic="OUTPUT" source="#mixamorig1_LeftHandThumb2-Matrix-animation-output-transform"/>
        <input semantic="INTERPOLATION" source="#mixamorig1_LeftHandThumb2-Interpolations"/>
      </sampler>
      <channel source="#mixamorig1_LeftHandThumb2-Matrix-animation-transform" target="mixamorig1_LeftHandThumb2/matrix"/>
    </animation>
    <animation id="mixamorig1_LeftHandThumb3-anim" name="mixamorig1_LeftHandThumb3">
      <source id="mixamorig1_LeftHandThumb3-Matrix-animation-input">
        <float_array id="mixamorig1_LeftHandThumb3-Matrix-animation-input-array" count="66">

0.000000 0.033333 0.066667 0.100000 0.133333 0.166667 0.200000 0.233333 0.266667 0.300000 0.333333 0.366667 0.400000 0.433333 0.466667 0.500000
0.533333 0.566667 0.600000 0.633333 0.666667 0.700000 0.733333 0.766667 0.800000 0.833333 0.866667 0.900000 0.933333 0.966667 1.000000 1.033333
1.066667 1.100000 1.133333 1.166667 1.200000 1.233333 1.266667 1.300000 1.333333 1.366667 1.400000 1.433333 1.466667 1.500000 1.533333 1.566667
1.600000 1.633333 1.666667 1.700000 1.733333 1.766667 1.800000 1.833333 1.866667 1.900000 1.933333 1.966667 2.000000 2.033333 2.066667 2.100000
2.133333 2.166667</float_array>
        <technique_common>
          <accessor source="#mixamorig1_LeftHandThumb3-Matrix-animation-input-array" count="66">
            <param name="TIME" type="float"/>
          </accessor>
        </technique_common>
      </source>
      <source id="mixamorig1_LeftHandThumb3-Matrix-animation-output-transform">
        <float_array id="mixamorig1_LeftHandThumb3-Matrix-animation-output-transform-array" count="1056">

0.978489 -0.139090 -0.152358 -0.037300 0.173434 0.954542 0.242427 3.599900 0.111713 -0.263636 0.958132 0.000000 0.000000 0.000000 0.000000 1.000000
0.978007 -0.142890 -0.151933 -0.037300 0.177315 0.953187 0.244936 3.599900 0.109822 -0.266489 0.957561 0.000000 0.000000 0.000000 0.000000 1.000000
0.977507 -0.146691 -0.151532 -0.037300 0.181194 0.951807 0.247450 3.599900 0.107931 -0.269340 0.956978 0.000000 0.000000 0.000000 0.000000 1.000000
0.977408 -0.149780 -0.149130 -0.037300 0.183520 0.951417 0.247236 3.599900 0.104854 -0.269018 0.957410 -0.000000 0.000000 0.000000 0.000000 1.000000
0.978685 -0.145450 -0.144984 -0.037300 0.177105 0.955162 0.237275 3.599900 0.103971 -0.257895 0.960562 0.000000 0.000000 0.000000 0.000000 1.000000
0.979674 -0.151185 -0.131840 -0.037300 0.178570 0.956711 0.229820 3.599900 0.091387 -0.248691 0.964262 -0.000000 0.000000 0.000000 0.000000 1.000000
0.972133 -0.218813 -0.084131 -0.037300 0.233371 0.937334 0.258733 3.599900 0.022245 -0.271157 0.962278 0.000000 0.000000 0.000000 0.000000 1.000000
0.928670 -0.369690 0.030016 -0.037300 0.336411 0.873619 0.351592 3.599900 -0.156203 -0.316415 0.935672 -0.000000 0.000000 0.000000 0.000000 1.000000
0.849176 -0.516115 0.111915 -0.037300 0.416418 0.784707 0.459163 3.599900 -0.324801 -0.343307 0.881274 0.000000 0.000000 0.000000 0.000000 1.000000
0.822947 -0.552128 0.133844 -0.037300 0.438729 0.767306 0.467716 3.599900 -0.360938 -0.326184 0.873686 0.000000 0.000000 0.000000 0.000000 1.000000
0.888133 -0.456009 0.057235 -0.037300 0.403046 0.832650 0.379800 3.599900 -0.220849 -0.314245 0.923296 0.000000 0.000000 0.000000 0.000000 1.000000
0.958132 -0.280049 -0.059623 -0.037300 0.285347 0.916732 0.279606 3.599900 -0.023645 -0.284913 0.958262 0.000000 0.000000 0.000000 0.000000 1.000000
0.981264 -0.126654 -0.145191 -0.037300 0.158584 0.958895 0.235310 3.599900 0.109420 -0.253926 0.961014 0.000000 0.000000 0.000000 0.000000 1.000000
0.983116 -0.052035 -0.175431 -0.037300 0.094574 0.965230 0.243695 3.599900 0.156651 -0.256172 0.953853 0.000000 0.000000 0.000000 0.000000 1.000000
0.985513 -0.027679 -0.167326 -0.037300 0.074732 0.956521 0.281926 3.599900 0.152248 -0.290347 0.944733 0.000000 0.000000 0.000000 0.000000 1.000000
0.989111 0.003012 -0.147141 -0.037300 0.047381 0.940045 0.337742 3.599900 0.139337 -0.341036 0.929666 0.000000 0.000000 0.000000 0.000000 1.000000
0.989185 0.066404 -0.130779 -0.037300 -0.009524 0.918841 0.394514 3.599900 0.146363 -0.389002 0.909536 0.000000 0.000000 0.000000 0.000000 1.000000
0.982846 0.137852 -0.122519 -0.037300 -0.072596 0.899855 0.430107 3.599900 0.169541 -0.413834 0.894426 0.000000 0.000000 0.000000 0.000000 1.000000
0.977793 0.167992 -0.125299 -0.037300 -0.099548 0.898421 0.427702 3.599900 0.184422 -0.405731 0.895193 -0.000000 0.000000 0.000000 0.000000 1.000000
0.980399 0.137954 -0.140662 -0.037300 -0.073660 0.918825 0.387730 3.599900 0.182733 -0.369769 0.910977 0.000000 0.000000 0.000000 0.000000 1.000000
0.983433 0.087174 -0.158935 -0.037300 -0.028284 0.939830 0.340469 3.599900 0.179052 -0.330333 0.926726 -0.000000 0.000000 0.000000 0.000000 1.000000
0.983550 0.067945 -0.167370 -0.037300 -0.010600 0.946675 0.322016 3.599900 0.180325 -0.314945 0.931822 0.000000 0.000000 0.000000 0.000000 1.000000
0.982799 0.085233 -0.163832 -0.037300 -0.025760 0.941722 0.335403 3.599900 0.182872 -0.325414 0.927720 0.000000 0.000000 0.000000 0.000000 1.000000
0.981676 0.117153 -0.150293 -0.037300 -0.054183 0.927745 0.369261 3.599900 0.182694 -0.354351 0.917092 0.000000 0.000000 0.000000 0.000000 1.000000
0.981054 0.144405 -0.129153 -0.037300 -0.078432 0.905613 0.416790 3.599900 0.177149 -0.398763 0.899781 0.000000 0.000000 0.000000 0.000000 1.000000
0.984051 0.138628 -0.111471 -0.037300 -0.073457 0.887394 0.455121 3.599900 0.162011 -0.439674 0.883425 -0.000000 0.000000 0.000000 0.000000 1.000000
0.991108 0.075396 -0.109639 -0.037300 -0.017390 0.890301 0.455040 3.599900 0.131920 -0.449087 0.883695 0.000000 0.000000 0.000000 0.000000 1.000000
0.991824 -0.037284 -0.122042 -0.037300 0.085246 0.905252 0.416235 3.599900 0.094960 -0.423236 0.901030 0.000000 0.000000 0.000000 0.000000 1.000000
0.977786 -0.159600 -0.135880 -0.037300 0.199614 0.906788 0.371335 3.599900 0.063949 -0.390209 0.918503 0.000000 0.000000 0.000000 0.000000 1.000000
0.957235 -0.251969 -0.142170 -0.037300 0.286768 0.891370 0.351034 3.599900 0.038277 -0.376792 0.925507 0.000000 0.000000 0.000000 0.000000 1.000000
0.940308 -0.308393 -0.143927 -0.037300 0.339822 0.873804 0.347833 3.599900 0.018495 -0.375980 0.926443 0.000000 0.000000 0.000000 0.000000 1.000000
0.924137 -0.352159 -0.148172 -0.037300 0.381894 0.862899 0.331002 3.599900 0.011292 -0.362478 0.931924 -0.000000 0.000000 0.000000 0.000000 1.000000
0.901224 -0.404877 -0.154500 -0.037300 0.433115 0.853386 0.290076 3.599900 0.014403 -0.328340 0.944450 0.000000 0.000000 0.000000 0.000000 1.000000
0.872408 -0.462938 -0.156820 -0.037300 0.488455 0.837403 0.245293 3.599900 0.017766 -0.290595 0.956681 -0.000000 0.000000 0.000000 0.000000 1.000000
0.847976 -0.507120 -0.154164 -0.037300 0.529805 0.819524 0.218374 3.599900 0.015599 -0.266853 0.963611 -0.000000 0.000000 0.000000 0.000000 1.000000
0.835268 -0.528389 -0.152092 -0.037300 0.549726 0.808224 0.211131 3.599900 0.011365 -0.259960 0.965553 0.000000 0.000000 0.000000 0.000000 1.000000
0.834965 -0.528473 -0.153460 -0.037300 0.550194 0.807246 0.213638 3.599900 0.010978 -0.262812 0.964784 -0.000000 0.000000 0.000000 0.000000 1.000000
0.852838 -0.498678 -0.154879 -0.037300 0.521827 0.824746 0.217924 3.599900 0.019062 -0.266674 0.963598 0.000000 0.000000 0.000000 0.000000 1.000000
0.897521 -0.412970 -0.154634 -0.037300 0.438933 0.870321 0.223335 3.599900 0.042351 -0.268322 0.962398 0.000000 0.000000 0.000000 0.000000 1.000000
0.951598 -0.264498 -0.156531 -0.037300 0.295989 0.925841 0.234967 3.599900 0.082775 -0.269926 0.959317 -0.000000 0.000000 0.000000 0.000000 1.000000
0.981185 -0.103938 -0.162704 -0.037300 0.143591 0.956194 0.255095 3.599900 0.129063 -0.273659 0.953128 0.000000 0.000000 0.000000 0.000000 1.000000
0.985510 -0.005625 -0.169523 -0.037300 0.052621 0.960276 0.274044 3.599900 0.161248 -0.278994 0.946658 0.000000 0.000000 0.000000 0.000000 1.000000
0.985203 0.001064 -0.171391 -0.037300 0.047183 0.959659 0.277179 3.599900 0.164772 -0.281164 0.945408 0.000000 0.000000 0.000000 0.000000 1.000000
0.984773 -0.051211 -0.166132 -0.037300 0.094625 0.959563 0.265113 3.599900 0.145838 -0.276797 0.949797 0.000000 0.000000 0.000000 0.000000 1.000000
0.981984 -0.104667 -0.157328 -0.037300 0.142679 0.956581 0.254156 3.599900 0.123895 -0.272024 0.954281 0.000000 0.000000 0.000000 0.000000 1.000000
0.980238 -0.128377 -0.150508 -0.037300 0.163822 0.953267 0.253858 3.599900 0.110885 -0.273497 0.955460 0.000000 0.000000 0.000000 0.000000 1.000000
0.980176 -0.132458 -0.147343 -0.037300 0.167376 0.951523 0.258050 3.599900 0.106019 -0.277596 0.954830 -0.000000 0.000000 0.000000 0.000000 1.000000
0.980025 -0.134152 -0.146816 -0.037300 0.168920 0.951133 0.258479 3.599900 0.104966 -0.278116 0.954795 0.000000 0.000000 0.000000 0.000000 1.000000
0.979908 -0.132540 -0.149039 -0.037300 0.167547 0.952419 0.254610 3.599900 0.108201 -0.274466 0.955490 -0.000000 0.000000 0.000000 0.000000 1.000000
0.980673 -0.120783 -0.153920 -0.037300 0.157001 0.955246 0.250712 3.599900 0.116750 -0.270032 0.955747 -0.000000 0.000000 0.000000 0.000000 1.000000
0.981873 -0.103168 -0.159004 -0.037300 0.141115 0.957947 0.249847 3.599900 0.126541 -0.267756 0.955141 0.000000 0.000000 0.000000 0.000000 1.000000
0.982625 -0.091309 -0.161589 -0.037300 0.130426 0.959120 0.251152 3.599900 0.132051 -0.267864 0.954364 -0.000000 0.000000 0.000000 0.000000 1.000000
0.982629 -0.091943 -0.161206 -0.037300 0.131012 0.958903 0.251678 3.599900 0.131440 -0.268426 0.954291 0.000000 0.000000 0.000000 0.000000 1.000000
0.981945 -0.102131 -0.159230 -0.037300 0.140186 0.958041 0.250011 3.599900 0.127015 -0.267819 0.955060 0.000000 0.000000 0.000000 0.000000 1.000000
0.980892 -0.114742 -0.157118 -0.037300 0.151530 0.957080 0.247056 3.599900 0.122027 -0.266143 0.956178 -0.000000 0.000000 0.000000 0.000000 1.000000
0.979980 -0.124395 -0.155454 -0.037300 0.160213 0.956250 0.244782 3.599900 0.118203 -0.264787 0.957035 0.000000 0.000000 0.000000 0.000000 1.000000
0.979265 -0.131419 -0.154173 -0.037300 0.166533 0.955564 0.243235 3.599900 0.115357 -0.263867 0.957636 0.000000 0.000000 0.000000 0.000000 1.000000
0.978875 -0.135215 -0.153363 -0.037300 0.169949 0.955113 0.242645 3.599900 0.113670 -0.263583 0.957916 -0.000000 0.000000 0.000000 0.000000 1.000000
0.978602 -0.137899 -0.152714 -0.037300 0.172363 0.954746 0.242387 3.599900 0.112378 -0.263523 0.958085 0.000000 0.000000 0.000000 0.000000 1.000000
0.978394 -0.139946 -0.152186 -0.037300 0.174204 0.954444 0.242261 3.599900 0.111349 -0.263538 0.958201 0.000000 0.000000 0.000000 0.000000 1.000000
0.978193 -0.141831 -0.151734 -0.037300 0.175899 0.954181 0.242070 3.599900 0.110448 -0.263481 0.958321 0.000000 0.000000 0.000000 0.000000 1.000000
0.978232 -0.141238 -0.152035 -0.037300 0.175365 0.954358 0.241761 3.599900 0.110950 -0.263159 0.958351 0.000000 0.000000 0.000000 0.000000 1.000000
0.978294 -0.140695 -0.152140 -0.037300 0.174876 0.954419 0.241874 3.599900 0.111175 -0.263229 0.958306 0.000000 0.000000 0.000000 0.000000 1.000000
0.978358 -0.140158 -0.152219 -0.037300 0.174394 0.954463 0.242046 3.599900 0.111362 -0.263354 0.958250 -0.000000 0.000000 0.000000 0.000000 1.000000
0.978424 -0.139625 -0.152286 -0.037300 0.173915 0.954501 0.242243 3.599900 0.111534 -0.263501 0.958190 0.000000 0.000000 0.000000 0.000000 1.000000
0.978489 -0.139090 -0.152358 -0.037300 0.173434 0.954542 0.242427 3.599900 0.111713 -0.263636 0.958132 0.000000 0.000000 0.000000 0.000000 1.000000</float_array>
        <technique_common>
          <accessor source="#mixamorig1_LeftHandThumb3-Matrix-animation-output-transform-array" count="66" stride="16">
            <param type="float4x4"/>
          </accessor>
        </technique_common>
      </source>
      <source id="mixamorig1_LeftHandThumb3-Interpolations">
        <Name_array id="mixamorig1_LeftHandThumb3-Interpolations-array" count="66">
 LINEAR LINEAR LINEAR LINEAR LINEAR LINEAR LINEAR LINEAR LINEAR LINEAR LINEAR
LINEAR LINEAR LINEAR LINEAR LINEAR LINEAR LINEAR LINEAR LINEAR LINEAR LINEAR LINEAR
LINEAR LINEAR LINEAR LINEAR LINEAR LINEAR LINEAR LINEAR LINEAR LINEAR LINEAR LINEAR
LINEAR LINEAR LINEAR LINEAR LINEAR LINEAR LINEAR LINEAR LINEAR LINEAR LINEAR LINEAR
LINEAR LINEAR LINEAR LINEAR LINEAR LINEAR LINEAR LINEAR LINEAR LINEAR LINEAR LINEAR
LINEAR LINEAR LINEAR LINEAR LINEAR LINEAR LINEAR</Name_array>
        <technique_common>
          <accessor source="#mixamorig1_LeftHandThumb3-Interpolations-array" count="66">
            <param type="name"/>
          </accessor>
        </technique_common>
      </source>
      <sampler id="mixamorig1_LeftHandThumb3-Matrix-animation-transform">
        <input semantic="INPUT" source="#mixamorig1_LeftHandThumb3-Matrix-animation-input"/>
        <input semantic="OUTPUT" source="#mixamorig1_LeftHandThumb3-Matrix-animation-output-transform"/>
        <input semantic="INTERPOLATION" source="#mixamorig1_LeftHandThumb3-Interpolations"/>
      </sampler>
      <channel source="#mixamorig1_LeftHandThumb3-Matrix-animation-transform" target="mixamorig1_LeftHandThumb3/matrix"/>
    </animation>
    <animation id="mixamorig1_LeftHandIndex1-anim" name="mixamorig1_LeftHandIndex1">
      <source id="mixamorig1_LeftHandIndex1-Matrix-animation-input">
        <float_array id="mixamorig1_LeftHandIndex1-Matrix-animation-input-array" count="66">

0.000000 0.033333 0.066667 0.100000 0.133333 0.166667 0.200000 0.233333 0.266667 0.300000 0.333333 0.366667 0.400000 0.433333 0.466667 0.500000
0.533333 0.566667 0.600000 0.633333 0.666667 0.700000 0.733333 0.766667 0.800000 0.833333 0.866667 0.900000 0.933333 0.966667 1.000000 1.033333
1.066667 1.100000 1.133333 1.166667 1.200000 1.233333 1.266667 1.300000 1.333333 1.366667 1.400000 1.433333 1.466667 1.500000 1.533333 1.566667
1.600000 1.633333 1.666667 1.700000 1.733333 1.766667 1.800000 1.833333 1.866667 1.900000 1.933333 1.966667 2.000000 2.033333 2.066667 2.100000
2.133333 2.166667</float_array>
        <technique_common>
          <accessor source="#mixamorig1_LeftHandIndex1-Matrix-animation-input-array" count="66">
            <param name="TIME" type="float"/>
          </accessor>
        </technique_common>
      </source>
      <source id="mixamorig1_LeftHandIndex1-Matrix-animation-output-transform">
        <float_array id="mixamorig1_LeftHandIndex1-Matrix-animation-output-transform-array" count="1056">

0.994743 -0.101739 0.011623 -3.484200 0.102399 0.989002 -0.106725 11.757900 -0.000637 0.107354 0.994221 0.113100 0.000000 0.000000 0.000000 1.000000
0.995363 -0.095147 0.014126 -3.484200 0.096159 0.987959 -0.121201 11.757900 -0.002424 0.121997 0.992527 0.113100 0.000000 0.000000 0.000000 1.000000
0.995941 -0.088500 0.016439 -3.484200 0.089915 0.986664 -0.135685 11.757900 -0.004212 0.136612 0.990616 0.113100 0.000000 0.000000 0.000000 1.000000
0.996362 -0.083295 0.018019 -3.484200 0.085054 0.985190 -0.148882 11.757900 -0.005351 0.149873 0.988691 0.113100 0.000000 0.000000 0.000000 1.000000
0.996386 -0.083083 0.017683 -3.484200 0.084827 0.984162 -0.155660 11.757900 -0.004470 0.156598 0.987652 0.113100 0.000000 0.000000 0.000000 1.000000
0.996469 -0.082074 0.017675 -3.484200 0.083878 0.982333 -0.167293 11.757900 -0.003632 0.168185 0.985749 0.113100 0.000000 0.000000 0.000000 1.000000
0.997548 -0.066372 0.022192 -3.484200 0.069591 0.974309 -0.214195 11.757900 -0.007406 0.215214 0.976539 0.113100 0.000000 0.000000 0.000000 1.000000
0.998941 -0.026928 0.037314 -3.484200 0.036851 0.953777 -0.298246 11.757900 -0.027558 0.299305 0.953759 0.113100 0.000000 0.000000 0.000000 1.000000
0.998843 0.012600 0.046412 -3.484200 0.005740 0.926936 -0.375175 11.757900 -0.047748 0.375007 0.925791 0.113100 0.000000 0.000000 0.000000 1.000000
0.998655 0.018690 0.048353 -3.484200 0.001334 0.923167 -0.384397 11.757900 -0.051822 0.383945 0.921901 0.113100 0.000000 0.000000 0.000000 1.000000
0.999174 -0.011018 0.039123 -3.484200 0.023386 0.943111 -0.331654 11.757900 -0.033243 0.332295 0.942590 0.113100 0.000000 0.000000 0.000000 1.000000
0.998237 -0.053849 0.024979 -3.484200 0.058496 0.963913 -0.259711 11.757900 -0.010093 0.260714 0.965363 0.113100 0.000000 0.000000 0.000000 1.000000
0.995776 -0.091006 0.012182 -3.484200 0.091594 0.975334 -0.200831 11.757900 0.006396 0.201099 0.979550 0.113100 0.000000 0.000000 0.000000 1.000000
0.994227 -0.107073 0.006887 -3.484200 0.106661 0.979363 -0.171671 11.757900 0.011636 0.171414 0.985130 0.113100 0.000000 0.000000 0.000000 1.000000
0.995865 -0.089750 0.014092 -3.484200 0.090819 0.979461 -0.180021 11.757900 0.002354 0.180557 0.983562 0.113100 0.000000 0.000000 0.000000 1.000000
0.998270 -0.051136 0.029020 -3.484200 0.056210 0.974799 -0.215887 11.757900 -0.017249 0.217145 0.975987 0.113100 0.000000 0.000000 0.000000 1.000000
0.998990 -0.022630 0.038813 -3.484200 0.032023 0.964581 -0.261835 11.757900 -0.031513 0.262813 0.964332 0.113100 0.000000 0.000000 0.000000 1.000000
0.999105 -0.020454 0.037037 -3.484200 0.030708 0.952754 -0.302186 11.757900 -0.029107 0.303053 0.952529 0.113100 0.000000 0.000000 0.000000 1.000000
0.998901 -0.036668 0.029196 -3.484200 0.043931 0.949580 -0.310432 11.757900 -0.016341 0.311373 0.950147 0.113100 0.000000 0.000000 0.000000 1.000000
0.998113 -0.056635 0.023721 -3.484200 0.060862 0.963672 -0.260062 11.757900 -0.008130 0.261015 0.965300 0.113100 0.000000 0.000000 0.000000 1.000000
0.996796 -0.077187 0.020953 -3.484200 0.079413 0.986304 -0.144564 11.757900 -0.009508 0.145765 0.989274 0.113100 0.000000 0.000000 0.000000 1.000000
0.995066 -0.097749 0.016975 -3.484200 0.097682 0.995206 0.004761 11.757900 -0.017359 -0.003079 0.999845 0.113100 0.000000 0.000000 0.000000 1.000000
0.993851 -0.109986 0.012792 -3.484200 0.107694 0.987005 0.119259 11.757900 -0.025743 -0.117148 0.992781 0.113100 0.000000 0.000000 0.000000 1.000000
0.993526 -0.113098 0.010726 -3.484200 0.110321 0.983028 0.146581 11.757900 -0.027122 -0.144449 0.989140 0.113100 0.000000 0.000000 0.000000 1.000000
0.992634 -0.120891 0.008003 -3.484200 0.119378 0.987207 0.105697 11.757900 -0.020679 -0.103963 0.994366 0.113100 0.000000 0.000000 0.000000 1.000000
0.989417 -0.145057 0.003405 -3.484200 0.144650 0.987938 0.055275 11.757900 -0.011382 -0.054197 0.998465 0.113100 0.000000 0.000000 0.000000 1.000000
0.983324 -0.181857 0.001550 -3.484200 0.181784 0.983110 0.021218 11.757900 -0.005383 -0.020582 0.999774 0.113100 0.000000 0.000000 0.000000 1.000000
0.975567 -0.219626 0.005821 -3.484200 0.219683 0.975493 -0.012325 11.757900 -0.002972 0.013302 0.999907 0.113100 0.000000 0.000000 0.000000 1.000000
0.967467 -0.252601 0.014157 -3.484200 0.252990 0.966358 -0.046350 11.757900 -0.001973 0.048424 0.998825 0.113100 0.000000 0.000000 0.000000 1.000000
0.958578 -0.284051 0.021057 -3.484200 0.284790 0.957071 -0.053941 11.757900 -0.004831 0.057704 0.998322 0.113100 0.000000 0.000000 0.000000 1.000000
0.947717 -0.318405 0.021240 -3.484200 0.318952 0.947251 -0.031390 11.757900 -0.010125 0.036523 0.999282 0.113100 0.000000 0.000000 0.000000 1.000000
0.936599 -0.350071 0.015228 -3.484200 0.350239 0.936604 -0.010265 11.757900 -0.010669 0.014948 0.999831 0.113100 0.000000 0.000000 0.000000 1.000000
0.932025 -0.362216 0.011363 -3.484200 0.362366 0.931884 -0.016823 11.757900 -0.004496 0.019797 0.999794 0.113100 0.000000 0.000000 0.000000 1.000000
0.938140 -0.345881 0.016107 -3.484200 0.346255 0.937050 -0.045211 11.757900 0.000544 0.047991 0.998848 0.113100 0.000000 0.000000 0.000000 1.000000
0.946874 -0.320664 0.024576 -3.484200 0.321600 0.944491 -0.067157 11.757900 -0.001677 0.071493 0.997440 0.113100 0.000000 0.000000 0.000000 1.000000
0.948369 -0.315955 0.027734 -3.484200 0.317147 0.945724 -0.070884 11.757900 -0.003832 0.076020 0.997099 0.113100 0.000000 0.000000 0.000000 1.000000
0.943267 -0.331129 0.024517 -3.484200 0.332035 0.940684 -0.069753 11.757900 0.000034 0.073936 0.997263 0.113100 0.000000 0.000000 0.000000 1.000000
0.942940 -0.332389 0.019541 -3.484200 0.332930 0.940390 -0.069460 11.757900 0.004712 0.072002 0.997393 0.113100 0.000000 0.000000 0.000000 1.000000
0.958517 -0.284572 0.016248 -3.484200 0.284973 0.955557 -0.075508 11.757900 0.005961 0.077006 0.997013 0.113100 0.000000 0.000000 0.000000 1.000000
0.981230 -0.192138 0.016425 -3.484200 0.192824 0.976526 -0.096003 11.757900 0.002406 0.097368 0.995246 0.113100 0.000000 0.000000 0.000000 1.000000
0.993889 -0.108778 0.018739 -3.484200 0.110122 0.988779 -0.100943 11.757900 -0.007549 0.102390 0.994716 0.113100 0.000000 0.000000 0.000000 1.000000
0.996489 -0.081719 0.018209 -3.484200 0.082662 0.994826 -0.059061 11.757900 -0.013289 0.060358 0.998088 0.113100 0.000000 0.000000 0.000000 1.000000
0.995376 -0.094982 0.014316 -3.484200 0.095322 0.995125 -0.025286 11.757900 -0.011845 0.026533 0.999578 0.113100 0.000000 0.000000 0.000000 1.000000
0.995197 -0.096766 0.014831 -3.484200 0.097650 0.991970 -0.080379 11.757900 -0.006934 0.081441 0.996654 0.113100 0.000000 0.000000 0.000000 1.000000
0.997470 -0.067625 0.021932 -3.484200 0.070628 0.977824 -0.197158 11.757900 -0.008112 0.198208 0.980126 0.113100 0.000000 0.000000 0.000000 1.000000
0.998987 -0.033470 0.030085 -3.484200 0.040515 0.959896 -0.277412 11.757900 -0.019594 0.278350 0.960280 0.113100 0.000000 0.000000 0.000000 1.000000
0.999214 -0.018959 0.034813 -3.484200 0.028191 0.957261 -0.287848 11.757900 -0.027868 0.288603 0.957043 0.113100 0.000000 0.000000 0.000000 1.000000
0.999129 -0.023146 0.034722 -3.484200 0.031539 0.963698 -0.265125 11.757900 -0.027325 0.265989 0.963589 0.113100 0.000000 0.000000 0.000000 1.000000
0.998838 -0.036893 0.031002 -3.484200 0.043239 0.970167 -0.238550 11.757900 -0.021276 0.239614 0.970635 0.113100 0.000000 0.000000 0.000000 1.000000
0.998080 -0.056673 0.024978 -3.484200 0.060619 0.976572 -0.206478 11.757900 -0.012691 0.207596 0.978132 0.113100 0.000000 0.000000 0.000000 1.000000
0.996583 -0.080714 0.017518 -3.484200 0.082505 0.982640 -0.166170 11.757900 -0.003801 0.167047 0.985942 0.113100 0.000000 0.000000 0.000000 1.000000
0.994674 -0.102534 0.010536 -3.484200 0.103028 0.985941 -0.131549 11.757900 0.003100 0.131934 0.991254 0.113100 0.000000 0.000000 0.000000 1.000000
0.993535 -0.113315 0.006918 -3.484200 0.113333 0.986450 -0.118623 11.757900 0.006618 0.118640 0.992915 0.113100 0.000000 0.000000 0.000000 1.000000
0.993816 -0.110775 0.007646 -3.484200 0.110853 0.985832 -0.125884 11.757900 0.006407 0.125953 0.992015 0.113100 0.000000 0.000000 0.000000 1.000000
0.994923 -0.100013 0.011209 -3.484200 0.100595 0.985004 -0.140171 11.757900 0.002978 0.140587 0.990064 0.113100 0.000000 0.000000 0.000000 1.000000
0.995984 -0.088217 0.015278 -3.484200 0.089514 0.984448 -0.151160 11.757900 -0.001706 0.151921 0.988391 0.113100 0.000000 0.000000 0.000000 1.000000
0.996507 -0.081629 0.017631 -3.484200 0.083376 0.984479 -0.154431 11.757900 -0.004751 0.155361 0.987846 0.113100 0.000000 0.000000 0.000000 1.000000
0.996252 -0.084823 0.016934 -3.484200 0.086386 0.985636 -0.145121 11.757900 -0.004381 0.146040 0.989269 0.113100 0.000000 0.000000 0.000000 1.000000
0.995712 -0.091271 0.015088 -3.484200 0.092464 0.987007 -0.131406 11.757900 -0.002899 0.132237 0.991214 0.113100 0.000000 0.000000 0.000000 1.000000
0.995046 -0.098600 0.012722 -3.484200 0.099412 0.988190 -0.116613 11.757900 -0.001073 0.117300 0.993096 0.113100 0.000000 0.000000 0.000000 1.000000
0.994469 -0.104489 0.010665 -3.484200 0.105031 0.989010 -0.104059 11.757900 0.000325 0.104604 0.994514 0.113100 0.000000 0.000000 0.000000 1.000000
0.994522 -0.103957 0.010903 -3.484200 0.104527 0.989202 -0.102729 11.757900 -0.000106 0.103306 0.994650 0.113100 0.000000 0.000000 0.000000 1.000000
0.994577 -0.103405 0.011091 -3.484200 0.103998 0.989181 -0.103466 11.757900 -0.000272 0.104058 0.994571 0.113100 0.000000 0.000000 0.000000 1.000000
0.994633 -0.102851 0.011271 -3.484200 0.103466 0.989129 -0.104494 11.757900 -0.000401 0.105099 0.994462 0.113100 0.000000 0.000000 0.000000 1.000000
0.994688 -0.102295 0.011447 -3.484200 0.102932 0.989063 -0.105638 11.757900 -0.000515 0.106255 0.994339 0.113100 0.000000 0.000000 0.000000 1.000000
0.994743 -0.101739 0.011622 -3.484200 0.102399 0.989002 -0.106725 11.757900 -0.000637 0.107354 0.994221 0.113100 0.000000 0.000000 0.000000 1.000000</float_array>
        <technique_common>
          <accessor source="#mixamorig1_LeftHandIndex1-Matrix-animation-output-transform-array" count="66" stride="16">
            <param type="float4x4"/>
          </accessor>
        </technique_common>
      </source>
      <source id="mixamorig1_LeftHandIndex1-Interpolations">
        <Name_array id="mixamorig1_LeftHandIndex1-Interpolations-array" count="66">
 LINEAR LINEAR LINEAR LINEAR LINEAR LINEAR LINEAR LINEAR LINEAR LINEAR LINEAR
LINEAR LINEAR LINEAR LINEAR LINEAR LINEAR LINEAR LINEAR LINEAR LINEAR LINEAR LINEAR
LINEAR LINEAR LINEAR LINEAR LINEAR LINEAR LINEAR LINEAR LINEAR LINEAR LINEAR LINEAR
LINEAR LINEAR LINEAR LINEAR LINEAR LINEAR LINEAR LINEAR LINEAR LINEAR LINEAR LINEAR
LINEAR LINEAR LINEAR LINEAR LINEAR LINEAR LINEAR LINEAR LINEAR LINEAR LINEAR LINEAR
LINEAR LINEAR LINEAR LINEAR LINEAR LINEAR LINEAR</Name_array>
        <technique_common>
          <accessor source="#mixamorig1_LeftHandIndex1-Interpolations-array" count="66">
            <param type="name"/>
          </accessor>
        </technique_common>
      </source>
      <sampler id="mixamorig1_LeftHandIndex1-Matrix-animation-transform">
        <input semantic="INPUT" source="#mixamorig1_LeftHandIndex1-Matrix-animation-input"/>
        <input semantic="OUTPUT" source="#mixamorig1_LeftHandIndex1-Matrix-animation-output-transform"/>
        <input semantic="INTERPOLATION" source="#mixamorig1_LeftHandIndex1-Interpolations"/>
      </sampler>
      <channel source="#mixamorig1_LeftHandIndex1-Matrix-animation-transform" target="mixamorig1_LeftHandIndex1/matrix"/>
    </animation>
    <animation id="mixamorig1_LeftHandIndex2-anim" name="mixamorig1_LeftHandIndex2">
      <source id="mixamorig1_LeftHandIndex2-Matrix-animation-input">
        <float_array id="mixamorig1_LeftHandIndex2-Matrix-animation-input-array" count="66">

0.000000 0.033333 0.066667 0.100000 0.133333 0.166667 0.200000 0.233333 0.266667 0.300000 0.333333 0.366667 0.400000 0.433333 0.466667 0.500000
0.533333 0.566667 0.600000 0.633333 0.666667 0.700000 0.733333 0.766667 0.800000 0.833333 0.866667 0.900000 0.933333 0.966667 1.000000 1.033333
1.066667 1.100000 1.133333 1.166667 1.200000 1.233333 1.266667 1.300000 1.333333 1.366667 1.400000 1.433333 1.466667 1.500000 1.533333 1.566667
1.600000 1.633333 1.666667 1.700000 1.733333 1.766667 1.800000 1.833333 1.866667 1.900000 1.933333 1.966667 2.000000 2.033333 2.066667 2.100000
2.133333 2.166667</float_array>
        <technique_common>
          <accessor source="#mixamorig1_LeftHandIndex2-Matrix-animation-input-array" count="66">
            <param name="TIME" type="float"/>
          </accessor>
        </technique_common>
      </source>
      <source id="mixamorig1_LeftHandIndex2-Matrix-animation-output-transform">
        <float_array id="mixamorig1_LeftHandIndex2-Matrix-animation-output-transform-array" count="1056">

0.998743 0.049479 -0.007966 0.023100 -0.049609 0.953506 -0.297264 3.298400 -0.007112 0.297286 0.954762 -0.000000 0.000000 0.000000 0.000000 1.000000
0.998743 0.049479 -0.007966 0.023100 -0.049609 0.953507 -0.297260 3.298400 -0.007112 0.297282 0.954763 0.000000 0.000000 0.000000 0.000000 1.000000
0.998743 0.049478 -0.007966 0.023100 -0.049608 0.953508 -0.297256 3.298400 -0.007112 0.297277 0.954765 -0.000000 0.000000 0.000000 0.000000 1.000000
0.998744 0.049469 -0.007962 0.023100 -0.049598 0.953531 -0.297184 3.298400 -0.007109 0.297206 0.954787 0.000000 0.000000 0.000000 0.000000 1.000000
0.998746 0.049429 -0.007948 0.023100 -0.049558 0.953625 -0.296888 3.298400 -0.007096 0.296910 0.954879 0.000000 0.000000 0.000000 0.000000 1.000000
0.998748 0.049394 -0.007935 0.023100 -0.049523 0.953708 -0.296629 3.298400 -0.007084 0.296650 0.954960 0.000000 0.000000 0.000000 0.000000 1.000000
0.998745 0.049447 -0.007955 0.023100 -0.049577 0.953582 -0.297024 3.298400 -0.007102 0.297045 0.954837 0.000000 0.000000 0.000000 0.000000 1.000000
0.998748 0.049391 -0.007934 0.023100 -0.049521 0.953714 -0.296610 3.298400 -0.007083 0.296632 0.954966 0.000000 0.000000 0.000000 0.000000 1.000000
0.998751 0.049335 -0.007913 0.023100 -0.049464 0.953846 -0.296194 3.298400 -0.007065 0.296216 0.955095 -0.000000 0.000000 0.000000 0.000000 1.000000
0.998748 0.049387 -0.007933 0.023100 -0.049516 0.953724 -0.296579 3.298400 -0.007082 0.296600 0.954976 0.000000 0.000000 0.000000 0.000000 1.000000
0.998691 0.050469 -0.008336 0.023100 -0.050608 0.951124 -0.304634 3.298400 -0.007446 0.304658 0.952433 0.000000 0.000000 0.000000 0.000000 1.000000
0.998559 0.052865 -0.009267 0.023100 -0.053027 0.945087 -0.322487 3.298400 -0.008290 0.322514 0.946528 -0.000000 0.000000 0.000000 0.000000 1.000000
0.998419 0.055268 -0.010254 0.023100 -0.055455 0.938639 -0.340413 3.298400 -0.009189 0.340444 0.940220 0.000000 0.000000 0.000000 0.000000 1.000000
0.998390 0.055749 -0.010458 0.023100 -0.055941 0.937302 -0.343999 3.298400 -0.009375 0.344030 0.938912 0.000000 0.000000 0.000000 0.000000 1.000000
0.998472 0.054366 -0.009877 0.023100 -0.054543 0.941107 -0.333681 3.298400 -0.008845 0.333710 0.942634 0.000000 0.000000 0.000000 0.000000 1.000000
0.998516 0.053618 -0.009571 0.023100 -0.053788 0.943109 -0.328104 3.298400 -0.008566 0.328131 0.944593 0.000000 0.000000 0.000000 0.000000 1.000000
0.998422 0.055224 -0.010235 0.023100 -0.055411 0.938761 -0.340084 3.298400 -0.009172 0.340114 0.940339 0.000000 0.000000 0.000000 0.000000 1.000000
0.998293 0.057326 -0.011142 0.023100 -0.057536 0.932798 -0.355778 3.298400 -0.010002 0.355812 0.934504 0.000000 0.000000 0.000000 0.000000 1.000000
0.998345 0.056489 -0.010777 0.023100 -0.056689 0.935210 -0.349525 3.298400 -0.009666 0.349558 0.936865 0.000000 0.000000 0.000000 0.000000 1.000000
0.998584 0.052414 -0.009088 0.023100 -0.052571 0.946255 -0.319121 3.298400 -0.008127 0.319147 0.947670 0.000000 0.000000 0.000000 0.000000 1.000000
0.998783 0.048711 -0.007685 0.023100 -0.048834 0.955309 -0.291546 3.298400 -0.006860 0.291567 0.956526 0.000000 0.000000 0.000000 0.000000 1.000000
0.998820 0.048003 -0.007431 0.023100 -0.048120 0.956937 -0.286279 3.298400 -0.006631 0.286299 0.958117 -0.000000 0.000000 0.000000 0.000000 1.000000
0.998778 0.048808 -0.007720 0.023100 -0.048932 0.955084 -0.292267 3.298400 -0.006891 0.292288 0.956306 -0.000000 0.000000 0.000000 0.000000 1.000000
0.998771 0.048947 -0.007771 0.023100 -0.049072 0.954759 -0.293303 3.298400 -0.006937 0.293323 0.955988 0.000000 0.000000 0.000000 0.000000 1.000000
0.998803 0.048330 -0.007548 0.023100 -0.048449 0.956190 -0.288711 3.298400 -0.006736 0.288731 0.957387 -0.000000 0.000000 0.000000 0.000000 1.000000
0.998826 0.047877 -0.007386 0.023100 -0.047993 0.957224 -0.285341 3.298400 -0.006591 0.285361 0.958398 0.000000 0.000000 0.000000 0.000000 1.000000
0.998821 0.047968 -0.007419 0.023100 -0.048085 0.957016 -0.286022 3.298400 -0.006620 0.286041 0.958194 -0.000000 0.000000 0.000000 0.000000 1.000000
0.998803 0.048337 -0.007550 0.023100 -0.048457 0.956174 -0.288763 3.298400 -0.006738 0.288783 0.957371 0.000000 0.000000 0.000000 0.000000 1.000000
0.998787 0.048633 -0.007657 0.023100 -0.048755 0.955491 -0.290965 3.298400 -0.006834 0.290985 0.956703 0.000000 0.000000 0.000000 0.000000 1.000000
0.998785 0.048679 -0.007674 0.023100 -0.048802 0.955383 -0.291311 3.298400 -0.006849 0.291332 0.956598 0.000000 0.000000 0.000000 0.000000 1.000000
0.998792 0.048534 -0.007621 0.023100 -0.048655 0.955720 -0.290226 3.298400 -0.006802 0.290246 0.956928 0.000000 0.000000 0.000000 0.000000 1.000000
0.998799 0.048400 -0.007573 0.023100 -0.048520 0.956029 -0.289229 3.298400 -0.006759 0.289250 0.957230 0.000000 0.000000 0.000000 0.000000 1.000000
0.998798 0.048431 -0.007585 0.023100 -0.048552 0.955956 -0.289468 3.298400 -0.006769 0.289488 0.957158 -0.000000 0.000000 0.000000 0.000000 1.000000
0.998780 0.048767 -0.007706 0.023100 -0.048891 0.955180 -0.291962 3.298400 -0.006878 0.291982 0.956399 0.000000 0.000000 0.000000 0.000000 1.000000
0.998741 0.049525 -0.007983 0.023100 -0.049655 0.953398 -0.297602 3.298400 -0.007128 0.297623 0.954657 0.000000 0.000000 0.000000 0.000000 1.000000
0.998691 0.050461 -0.008333 0.023100 -0.050600 0.951143 -0.304576 3.298400 -0.007443 0.304599 0.952452 0.000000 0.000000 0.000000 0.000000 1.000000
0.998658 0.051075 -0.008566 0.023100 -0.051219 0.949636 -0.309142 3.298400 -0.007654 0.309166 0.950977 0.000000 0.000000 0.000000 0.000000 1.000000
0.998649 0.051236 -0.008629 0.023100 -0.051383 0.949233 -0.310349 3.298400 -0.007711 0.310373 0.950583 -0.000000 0.000000 0.000000 0.000000 1.000000
0.998649 0.051247 -0.008633 0.023100 -0.051393 0.949206 -0.310429 3.298400 -0.007714 0.310453 0.950557 0.000000 0.000000 0.000000 0.000000 1.000000
0.998642 0.051362 -0.008677 0.023100 -0.051509 0.948919 -0.311286 3.298400 -0.007754 0.311310 0.950277 0.000000 0.000000 0.000000 0.000000 1.000000
0.998640 0.051412 -0.008696 0.023100 -0.051560 0.948795 -0.311658 3.298400 -0.007772 0.311682 0.950155 0.000000 0.000000 0.000000 0.000000 1.000000
0.998666 0.050930 -0.008511 0.023100 -0.051073 0.949993 -0.308068 3.298400 -0.007604 0.308091 0.951326 0.000000 0.000000 0.000000 0.000000 1.000000
0.998718 0.049954 -0.008143 0.023100 -0.050089 0.952371 -0.300799 3.298400 -0.007271 0.300821 0.953653 0.000000 0.000000 0.000000 0.000000 1.000000
0.998756 0.049238 -0.007878 0.023100 -0.049366 0.954076 -0.295468 3.298400 -0.007032 0.295489 0.955320 -0.000000 0.000000 0.000000 0.000000 1.000000
0.998758 0.049209 -0.007867 0.023100 -0.049336 0.954145 -0.295250 3.298400 -0.007023 0.295271 0.955388 -0.000000 0.000000 0.000000 0.000000 1.000000
0.998741 0.049518 -0.007981 0.023100 -0.049648 0.953414 -0.297553 3.298400 -0.007125 0.297574 0.954672 0.000000 0.000000 0.000000 0.000000 1.000000
0.998730 0.049734 -0.008061 0.023100 -0.049866 0.952898 -0.299162 3.298400 -0.007198 0.299184 0.954168 0.000000 0.000000 0.000000 0.000000 1.000000
0.998726 0.049802 -0.008086 0.023100 -0.049935 0.952735 -0.299671 3.298400 -0.007220 0.299693 0.954008 0.000000 0.000000 0.000000 0.000000 1.000000
0.998727 0.049786 -0.008080 0.023100 -0.049919 0.952774 -0.299549 3.298400 -0.007215 0.299571 0.954047 0.000000 0.000000 0.000000 0.000000 1.000000
0.998733 0.049684 -0.008042 0.023100 -0.049816 0.953019 -0.298787 3.298400 -0.007181 0.298809 0.954286 0.000000 0.000000 0.000000 0.000000 1.000000
0.998741 0.049531 -0.007986 0.023100 -0.049662 0.953382 -0.297652 3.298400 -0.007130 0.297674 0.954641 0.000000 0.000000 0.000000 0.000000 1.000000
0.998747 0.049406 -0.007939 0.023100 -0.049535 0.953680 -0.296715 3.298400 -0.007088 0.296737 0.954933 0.000000 0.000000 0.000000 0.000000 1.000000
0.998750 0.049350 -0.007919 0.023100 -0.049479 0.953811 -0.296304 3.298400 -0.007069 0.296326 0.955061 0.000000 0.000000 0.000000 0.000000 1.000000
0.998750 0.049348 -0.007918 0.023100 -0.049477 0.953816 -0.296287 3.298400 -0.007069 0.296309 0.955066 0.000000 0.000000 0.000000 0.000000 1.000000
0.998750 0.049361 -0.007923 0.023100 -0.049490 0.953786 -0.296383 3.298400 -0.007073 0.296404 0.955036 0.000000 0.000000 0.000000 0.000000 1.000000
0.998749 0.049376 -0.007928 0.023100 -0.049505 0.953751 -0.296494 3.298400 -0.007078 0.296515 0.955002 0.000000 0.000000 0.000000 0.000000 1.000000
0.998748 0.049390 -0.007934 0.023100 -0.049519 0.953717 -0.296599 3.298400 -0.007082 0.296621 0.954969 0.000000 0.000000 0.000000 0.000000 1.000000
0.998747 0.049401 -0.007938 0.023100 -0.049530 0.953691 -0.296682 3.298400 -0.007086 0.296703 0.954943 -0.000000 0.000000 0.000000 0.000000 1.000000
0.998747 0.049411 -0.007941 0.023100 -0.049540 0.953668 -0.296755 3.298400 -0.007090 0.296776 0.954921 -0.000000 0.000000 0.000000 0.000000 1.000000
0.998746 0.049422 -0.007945 0.023100 -0.049551 0.953642 -0.296836 3.298400 -0.007093 0.296858 0.954895 0.000000 0.000000 0.000000 0.000000 1.000000
0.998746 0.049436 -0.007950 0.023100 -0.049566 0.953608 -0.296944 3.298400 -0.007098 0.296965 0.954862 0.000000 0.000000 0.000000 0.000000 1.000000
0.998744 0.049475 -0.007965 0.023100 -0.049605 0.953515 -0.297234 3.298400 -0.007111 0.297255 0.954772 0.000000 0.000000 0.000000 0.000000 1.000000
0.998743 0.049480 -0.007967 0.023100 -0.049610 0.953503 -0.297273 3.298400 -0.007113 0.297295 0.954759 0.000000 0.000000 0.000000 0.000000 1.000000
0.998743 0.049481 -0.007967 0.023100 -0.049611 0.953501 -0.297277 3.298400 -0.007113 0.297299 0.954758 0.000000 0.000000 0.000000 0.000000 1.000000
0.998743 0.049480 -0.007966 0.023100 -0.049610 0.953505 -0.297267 3.298400 -0.007113 0.297289 0.954761 0.000000 0.000000 0.000000 0.000000 1.000000
0.998743 0.049479 -0.007966 0.023100 -0.049609 0.953506 -0.297264 3.298400 -0.007113 0.297286 0.954762 0.000000 0.000000 0.000000 0.000000 1.000000</float_array>
        <technique_common>
          <accessor source="#mixamorig1_LeftHandIndex2-Matrix-animation-output-transform-array" count="66" stride="16">
            <param type="float4x4"/>
          </accessor>
        </technique_common>
      </source>
      <source id="mixamorig1_LeftHandIndex2-Interpolations">
        <Name_array id="mixamorig1_LeftHandIndex2-Interpolations-array" count="66">
 LINEAR LINEAR LINEAR LINEAR LINEAR LINEAR LINEAR LINEAR LINEAR LINEAR LINEAR
LINEAR LINEAR LINEAR LINEAR LINEAR LINEAR LINEAR LINEAR LINEAR LINEAR LINEAR LINEAR
LINEAR LINEAR LINEAR LINEAR LINEAR LINEAR LINEAR LINEAR LINEAR LINEAR LINEAR LINEAR
LINEAR LINEAR LINEAR LINEAR LINEAR LINEAR LINEAR LINEAR LINEAR LINEAR LINEAR LINEAR
LINEAR LINEAR LINEAR LINEAR LINEAR LINEAR LINEAR LINEAR LINEAR LINEAR LINEAR LINEAR
LINEAR LINEAR LINEAR LINEAR LINEAR LINEAR LINEAR</Name_array>
        <technique_common>
          <accessor source="#mixamorig1_LeftHandIndex2-Interpolations-array" count="66">
            <param type="name"/>
          </accessor>
        </technique_common>
      </source>
      <sampler id="mixamorig1_LeftHandIndex2-Matrix-animation-transform">
        <input semantic="INPUT" source="#mixamorig1_LeftHandIndex2-Matrix-animation-input"/>
        <input semantic="OUTPUT" source="#mixamorig1_LeftHandIndex2-Matrix-animation-output-transform"/>
        <input semantic="INTERPOLATION" source="#mixamorig1_LeftHandIndex2-Interpolations"/>
      </sampler>
      <channel source="#mixamorig1_LeftHandIndex2-Matrix-animation-transform" target="mixamorig1_LeftHandIndex2/matrix"/>
    </animation>
    <animation id="mixamorig1_LeftHandIndex3-anim" name="mixamorig1_LeftHandIndex3">
      <source id="mixamorig1_LeftHandIndex3-Matrix-animation-input">
        <float_array id="mixamorig1_LeftHandIndex3-Matrix-animation-input-array" count="66">

0.000000 0.033333 0.066667 0.100000 0.133333 0.166667 0.200000 0.233333 0.266667 0.300000 0.333333 0.366667 0.400000 0.433333 0.466667 0.500000
0.533333 0.566667 0.600000 0.633333 0.666667 0.700000 0.733333 0.766667 0.800000 0.833333 0.866667 0.900000 0.933333 0.966667 1.000000 1.033333
1.066667 1.100000 1.133333 1.166667 1.200000 1.233333 1.266667 1.300000 1.333333 1.366667 1.400000 1.433333 1.466667 1.500000 1.533333 1.566667
1.600000 1.633333 1.666667 1.700000 1.733333 1.766667 1.800000 1.833333 1.866667 1.900000 1.933333 1.966667 2.000000 2.033333 2.066667 2.100000
2.133333 2.166667</float_array>
        <technique_common>
          <accessor source="#mixamorig1_LeftHandIndex3-Matrix-animation-input-array" count="66">
            <param name="TIME" type="float"/>
          </accessor>
        </technique_common>
      </source>
      <source id="mixamorig1_LeftHandIndex3-Matrix-animation-output-transform">
        <float_array id="mixamorig1_LeftHandIndex3-Matrix-animation-output-transform-array" count="1056">

0.999739 0.022798 -0.001227 -0.006800 -0.022746 0.989995 -0.139260 3.081000 -0.001961 0.139252 0.990255 0.000000 0.000000 0.000000 0.000000 1.000000
0.999739 0.022797 -0.001227 -0.006800 -0.022746 0.989995 -0.139256 3.081000 -0.001960 0.139247 0.990256 0.000000 0.000000 0.000000 0.000000 1.000000
0.999739 0.022796 -0.001227 -0.006800 -0.022745 0.989996 -0.139251 3.081000 -0.001960 0.139243 0.990256 0.000000 0.000000 0.000000 0.000000 1.000000
0.999740 0.022786 -0.001225 -0.006800 -0.022735 0.990007 -0.139177 3.081000 -0.001958 0.139169 0.990267 0.000000 0.000000 0.000000 0.000000 1.000000
0.999741 0.022744 -0.001220 -0.006800 -0.022693 0.990051 -0.138869 3.081000 -0.001950 0.138861 0.990310 0.000000 0.000000 0.000000 0.000000 1.000000
0.999741 0.022707 -0.001216 -0.006800 -0.022657 0.990089 -0.138600 3.081000 -0.001944 0.138592 0.990348 -0.000000 0.000000 0.000000 0.000000 1.000000
0.999740 0.022764 -0.001223 -0.006800 -0.022713 0.990030 -0.139011 3.081000 -0.001954 0.139002 0.990290 -0.000000 0.000000 0.000000 0.000000 1.000000
0.999741 0.022705 -0.001215 -0.006800 -0.022654 0.990092 -0.138580 3.081000 -0.001943 0.138572 0.990351 0.000000 0.000000 0.000000 0.000000 1.000000
0.999743 0.022646 -0.001208 -0.006800 -0.022595 0.990154 -0.138147 3.081000 -0.001932 0.138139 0.990411 -0.000000 0.000000 0.000000 0.000000 1.000000
0.999742 0.022700 -0.001215 -0.006800 -0.022649 0.990097 -0.138545 3.081000 -0.001942 0.138537 0.990355 0.000000 0.000000 0.000000 0.000000 1.000000
0.999715 0.023843 -0.001361 -0.006800 -0.023784 0.988864 -0.146911 3.081000 -0.002157 0.146902 0.989149 0.000000 0.000000 0.000000 0.000000 1.000000
0.999650 0.026382 -0.001720 -0.006800 -0.026303 0.985858 -0.165506 3.081000 -0.002670 0.165493 0.986207 0.000000 0.000000 0.000000 0.000000 1.000000
0.999579 0.028943 -0.002133 -0.006800 -0.028841 0.982456 -0.184253 3.081000 -0.003237 0.184237 0.982876 0.000000 0.000000 0.000000 0.000000 1.000000
0.999563 0.029460 -0.002222 -0.006800 -0.029352 0.981724 -0.188032 3.081000 -0.003358 0.188015 0.982160 -0.000000 0.000000 0.000000 0.000000 1.000000
0.999606 0.027985 -0.001972 -0.006800 -0.027891 0.983773 -0.177236 3.081000 -0.003019 0.177221 0.984166 0.000000 0.000000 0.000000 0.000000 1.000000
0.999629 0.027185 -0.001844 -0.006800 -0.027099 0.984832 -0.171384 3.081000 -0.002843 0.171370 0.985203 0.000000 0.000000 0.000000 0.000000 1.000000
0.999580 0.028894 -0.002124 -0.006800 -0.028792 0.982525 -0.183891 3.081000 -0.003226 0.183875 0.982944 0.000000 0.000000 0.000000 0.000000 1.000000
0.999512 0.031142 -0.002527 -0.006800 -0.031017 0.979235 -0.200342 3.081000 -0.003765 0.200322 0.979723 0.000000 0.000000 0.000000 0.000000 1.000000
0.999540 0.030246 -0.002361 -0.006800 -0.030130 0.980581 -0.193786 3.081000 -0.003546 0.193768 0.981041 0.000000 0.000000 0.000000 0.000000 1.000000
0.999663 0.025903 -0.001649 -0.006800 -0.025828 0.986453 -0.162000 3.081000 -0.002570 0.161988 0.986789 0.000000 0.000000 0.000000 0.000000 1.000000
0.999758 0.021987 -0.001129 -0.006800 -0.021941 0.990829 -0.133327 3.081000 -0.001813 0.133319 0.991071 0.000000 0.000000 0.000000 0.000000 1.000000
0.999774 0.021242 -0.001043 -0.006800 -0.021201 0.991565 -0.127866 3.081000 -0.001682 0.127859 0.991791 0.000000 0.000000 0.000000 0.000000 1.000000
0.999755 0.022089 -0.001141 -0.006800 -0.022043 0.990726 -0.134074 3.081000 -0.001831 0.134066 0.990971 0.000000 0.000000 0.000000 0.000000 1.000000
0.999752 0.022236 -0.001158 -0.006800 -0.022189 0.990577 -0.135148 3.081000 -0.001858 0.135141 0.990825 0.000000 0.000000 0.000000 0.000000 1.000000
0.999766 0.021586 -0.001082 -0.006800 -0.021543 0.991229 -0.130386 3.081000 -0.001742 0.130379 0.991463 0.000000 0.000000 0.000000 0.000000 1.000000
0.999777 0.021109 -0.001028 -0.006800 -0.021069 0.991693 -0.126894 3.081000 -0.001659 0.126887 0.991916 0.000000 0.000000 0.000000 0.000000 1.000000
0.999775 0.021206 -0.001039 -0.006800 -0.021165 0.991600 -0.127601 3.081000 -0.001676 0.127594 0.991825 0.000000 0.000000 0.000000 0.000000 1.000000
0.999766 0.021594 -0.001083 -0.006800 -0.021550 0.991221 -0.130445 3.081000 -0.001744 0.130437 0.991455 0.000000 0.000000 0.000000 0.000000 1.000000
0.999759 0.021905 -0.001119 -0.006800 -0.021860 0.990912 -0.132725 3.081000 -0.001799 0.132718 0.991152 -0.000000 0.000000 0.000000 0.000000 1.000000
0.999758 0.021953 -0.001124 -0.006800 -0.021907 0.990864 -0.133072 3.081000 -0.001807 0.133064 0.991106 0.000000 0.000000 0.000000 0.000000 1.000000
0.999762 0.021799 -0.001107 -0.006800 -0.021755 0.991018 -0.131947 3.081000 -0.001780 0.131939 0.991256 0.000000 0.000000 0.000000 0.000000 1.000000
0.999765 0.021664 -0.001091 -0.006800 -0.021620 0.991152 -0.130957 3.081000 -0.001756 0.130950 0.991387 0.000000 0.000000 0.000000 0.000000 1.000000
0.999764 0.021706 -0.001096 -0.006800 -0.021662 0.991110 -0.131268 3.081000 -0.001763 0.131261 0.991346 -0.000000 0.000000 0.000000 0.000000 1.000000
0.999756 0.022059 -0.001137 -0.006800 -0.022013 0.990757 -0.133854 3.081000 -0.001826 0.133846 0.991000 0.000000 0.000000 0.000000 0.000000 1.000000
0.999738 0.022850 -0.001233 -0.006800 -0.022798 0.989939 -0.139644 3.081000 -0.001970 0.139635 0.990201 0.000000 0.000000 0.000000 0.000000 1.000000
0.999715 0.023834 -0.001359 -0.006800 -0.023775 0.988873 -0.146847 3.081000 -0.002156 0.146837 0.989158 0.000000 0.000000 0.000000 0.000000 1.000000
0.999699 0.024482 -0.001447 -0.006800 -0.024418 0.988141 -0.151596 3.081000 -0.002282 0.151585 0.988442 0.000000 0.000000 0.000000 0.000000 1.000000
0.999695 0.024656 -0.001470 -0.006800 -0.024591 0.987941 -0.152863 3.081000 -0.002316 0.152853 0.988246 0.000000 0.000000 0.000000 0.000000 1.000000
0.999695 0.024667 -0.001472 -0.006800 -0.024602 0.987928 -0.152949 3.081000 -0.002318 0.152939 0.988233 0.000000 0.000000 0.000000 0.000000 1.000000
0.999692 0.024788 -0.001489 -0.006800 -0.024722 0.987787 -0.153837 3.081000 -0.002343 0.153827 0.988095 -0.000000 0.000000 0.000000 0.000000 1.000000
0.999690 0.024841 -0.001496 -0.006800 -0.024774 0.987725 -0.154223 3.081000 -0.002353 0.154212 0.988035 -0.000000 0.000000 0.000000 0.000000 1.000000
0.999703 0.024331 -0.001426 -0.006800 -0.024268 0.988314 -0.150487 3.081000 -0.002252 0.150477 0.988611 0.000000 0.000000 0.000000 0.000000 1.000000
0.999728 0.023299 -0.001290 -0.006800 -0.023244 0.989460 -0.142932 3.081000 -0.002054 0.142923 0.989732 -0.000000 0.000000 0.000000 0.000000 1.000000
0.999745 0.022543 -0.001195 -0.006800 -0.022494 0.990261 -0.137396 3.081000 -0.001914 0.137388 0.990516 0.000000 0.000000 0.000000 0.000000 1.000000
0.999746 0.022512 -0.001192 -0.006800 -0.022463 0.990293 -0.137169 3.081000 -0.001908 0.137161 0.990547 -0.000000 0.000000 0.000000 0.000000 1.000000
0.999738 0.022839 -0.001232 -0.006800 -0.022787 0.989952 -0.139559 3.081000 -0.001968 0.139551 0.990213 -0.000000 0.000000 0.000000 0.000000 1.000000
0.999733 0.023067 -0.001261 -0.006800 -0.023013 0.989709 -0.141231 3.081000 -0.002010 0.141222 0.989976 0.000000 0.000000 0.000000 0.000000 1.000000
0.999731 0.023139 -0.001270 -0.006800 -0.023085 0.989632 -0.141759 3.081000 -0.002024 0.141750 0.989900 -0.000000 0.000000 0.000000 0.000000 1.000000
0.999732 0.023122 -0.001267 -0.006800 -0.023068 0.989650 -0.141633 3.081000 -0.002020 0.141624 0.989918 0.000000 0.000000 0.000000 0.000000 1.000000
0.999734 0.023014 -0.001254 -0.006800 -0.022961 0.989766 -0.140841 3.081000 -0.002000 0.140833 0.990031 0.000000 0.000000 0.000000 0.000000 1.000000
0.999738 0.022852 -0.001234 -0.006800 -0.022801 0.989937 -0.139663 3.081000 -0.001971 0.139654 0.990198 0.000000 0.000000 0.000000 0.000000 1.000000
0.999741 0.022720 -0.001217 -0.006800 -0.022669 0.990076 -0.138690 3.081000 -0.001946 0.138682 0.990335 0.000000 0.000000 0.000000 0.000000 1.000000
0.999742 0.022662 -0.001210 -0.006800 -0.022611 0.990137 -0.138264 3.081000 -0.001935 0.138256 0.990395 0.000000 0.000000 0.000000 0.000000 1.000000
0.999743 0.022659 -0.001210 -0.006800 -0.022609 0.990140 -0.138246 3.081000 -0.001935 0.138238 0.990397 -0.000000 0.000000 0.000000 0.000000 1.000000
0.999742 0.022673 -0.001211 -0.006800 -0.022622 0.990126 -0.138346 3.081000 -0.001937 0.138337 0.990383 -0.000000 0.000000 0.000000 0.000000 1.000000
0.999742 0.022688 -0.001213 -0.006800 -0.022638 0.990109 -0.138460 3.081000 -0.001940 0.138452 0.990367 0.000000 0.000000 0.000000 0.000000 1.000000
0.999742 0.022703 -0.001215 -0.006800 -0.022653 0.990094 -0.138569 3.081000 -0.001943 0.138561 0.990352 -0.000000 0.000000 0.000000 0.000000 1.000000
0.999741 0.022715 -0.001216 -0.006800 -0.022664 0.990081 -0.138655 3.081000 -0.001945 0.138647 0.990340 -0.000000 0.000000 0.000000 0.000000 1.000000
0.999741 0.022725 -0.001218 -0.006800 -0.022674 0.990071 -0.138731 3.081000 -0.001947 0.138723 0.990329 0.000000 0.000000 0.000000 0.000000 1.000000
0.999741 0.022737 -0.001219 -0.006800 -0.022686 0.990058 -0.138815 3.081000 -0.001949 0.138807 0.990318 0.000000 0.000000 0.000000 0.000000 1.000000
0.999740 0.022752 -0.001221 -0.006800 -0.022701 0.990042 -0.138927 3.081000 -0.001952 0.138919 0.990302 0.000000 0.000000 0.000000 0.000000 1.000000
0.999739 0.022793 -0.001226 -0.006800 -0.022742 0.989999 -0.139229 3.081000 -0.001960 0.139220 0.990259 -0.000000 0.000000 0.000000 0.000000 1.000000
0.999739 0.022799 -0.001227 -0.006800 -0.022748 0.989993 -0.139270 3.081000 -0.001961 0.139261 0.990254 0.000000 0.000000 0.000000 0.000000 1.000000
0.999739 0.022799 -0.001227 -0.006800 -0.022748 0.989993 -0.139274 3.081000 -0.001961 0.139266 0.990253 0.000000 0.000000 0.000000 0.000000 1.000000
0.999739 0.022798 -0.001227 -0.006800 -0.022747 0.989994 -0.139264 3.081000 -0.001960 0.139255 0.990255 0.000000 0.000000 0.000000 0.000000 1.000000
0.999739 0.022798 -0.001227 -0.006800 -0.022746 0.989995 -0.139260 3.081000 -0.001960 0.139252 0.990255 -0.000000 0.000000 0.000000 0.000000 1.000000</float_array>
        <technique_common>
          <accessor source="#mixamorig1_LeftHandIndex3-Matrix-animation-output-transform-array" count="66" stride="16">
            <param type="float4x4"/>
          </accessor>
        </technique_common>
      </source>
      <source id="mixamorig1_LeftHandIndex3-Interpolations">
        <Name_array id="mixamorig1_LeftHandIndex3-Interpolations-array" count="66">
 LINEAR LINEAR LINEAR LINEAR LINEAR LINEAR LINEAR LINEAR LINEAR LINEAR LINEAR
LINEAR LINEAR LINEAR LINEAR LINEAR LINEAR LINEAR LINEAR LINEAR LINEAR LINEAR LINEAR
LINEAR LINEAR LINEAR LINEAR LINEAR LINEAR LINEAR LINEAR LINEAR LINEAR LINEAR LINEAR
LINEAR LINEAR LINEAR LINEAR LINEAR LINEAR LINEAR LINEAR LINEAR LINEAR LINEAR LINEAR
LINEAR LINEAR LINEAR LINEAR LINEAR LINEAR LINEAR LINEAR LINEAR LINEAR LINEAR LINEAR
LINEAR LINEAR LINEAR LINEAR LINEAR LINEAR LINEAR</Name_array>
        <technique_common>
          <accessor source="#mixamorig1_LeftHandIndex3-Interpolations-array" count="66">
            <param type="name"/>
          </accessor>
        </technique_common>
      </source>
      <sampler id="mixamorig1_LeftHandIndex3-Matrix-animation-transform">
        <input semantic="INPUT" source="#mixamorig1_LeftHandIndex3-Matrix-animation-input"/>
        <input semantic="OUTPUT" source="#mixamorig1_LeftHandIndex3-Matrix-animation-output-transform"/>
        <input semantic="INTERPOLATION" source="#mixamorig1_LeftHandIndex3-Interpolations"/>
      </sampler>
      <channel source="#mixamorig1_LeftHandIndex3-Matrix-animation-transform" target="mixamorig1_LeftHandIndex3/matrix"/>
    </animation>
    <animation id="mixamorig1_LeftHandMiddle1-anim" name="mixamorig1_LeftHandMiddle1">
      <source id="mixamorig1_LeftHandMiddle1-Matrix-animation-input">
        <float_array id="mixamorig1_LeftHandMiddle1-Matrix-animation-input-array" count="66">

0.000000 0.033333 0.066667 0.100000 0.133333 0.166667 0.200000 0.233333 0.266667 0.300000 0.333333 0.366667 0.400000 0.433333 0.466667 0.500000
0.533333 0.566667 0.600000 0.633333 0.666667 0.700000 0.733333 0.766667 0.800000 0.833333 0.866667 0.900000 0.933333 0.966667 1.000000 1.033333
1.066667 1.100000 1.133333 1.166667 1.200000 1.233333 1.266667 1.300000 1.333333 1.366667 1.400000 1.433333 1.466667 1.500000 1.533333 1.566667
1.600000 1.633333 1.666667 1.700000 1.733333 1.766667 1.800000 1.833333 1.866667 1.900000 1.933333 1.966667 2.000000 2.033333 2.066667 2.100000
2.133333 2.166667</float_array>
        <technique_common>
          <accessor source="#mixamorig1_LeftHandMiddle1-Matrix-animation-input-array" count="66">
            <param name="TIME" type="float"/>
          </accessor>
        </technique_common>
      </source>
      <source id="mixamorig1_LeftHandMiddle1-Matrix-animation-output-transform">
        <float_array id="mixamorig1_LeftHandMiddle1-Matrix-animation-output-transform-array" count="1056">

0.999549 -0.029909 0.002544 -1.029300 0.029624 0.969229 -0.244370 12.347100 0.004843 0.244336 0.969679 -0.315800 0.000000 0.000000 0.000000 1.000000
0.999631 -0.027036 0.002607 -1.029300 0.026810 0.966756 -0.254293 12.347100 0.004354 0.254269 0.967124 -0.315800 0.000000 0.000000 0.000000 1.000000
0.999705 -0.024165 0.002612 -1.029300 0.023996 0.964172 -0.264190 12.347100 0.003865 0.264174 0.964467 -0.315800 0.000000 0.000000 0.000000 1.000000
0.999761 -0.021727 0.002578 -1.029300 0.021608 0.961954 -0.272356 12.347100 0.003438 0.272347 0.962193 -0.315800 0.000000 0.000000 0.000000 1.000000
0.999768 -0.021388 0.002531 -1.029300 0.021263 0.961573 -0.273726 12.347100 0.003420 0.273717 0.961804 -0.315800 0.000000 0.000000 0.000000 1.000000
0.999806 -0.019508 0.002570 -1.029300 0.019453 0.960338 -0.278159 12.347100 0.002959 0.278155 0.960532 -0.315800 0.000000 0.000000 0.000000 1.000000
0.999977 -0.006261 0.002426 -1.029300 0.006704 0.950464 -0.310764 12.347100 -0.000360 0.310773 0.950484 -0.315800 0.000000 0.000000 0.000000 1.000000
0.999860 0.016500 0.002669 -1.029300 -0.014346 0.929092 -0.369571 12.347100 -0.008578 0.369482 0.929198 -0.315800 0.000000 0.000000 0.000000 1.000000
0.999374 0.035361 0.000672 -1.029300 -0.031768 0.905870 -0.422363 12.347100 -0.015544 0.422078 0.906426 -0.315800 0.000000 0.000000 0.000000 1.000000
0.999675 0.025468 0.000579 -1.029300 -0.022802 0.904708 -0.425422 12.347100 -0.011358 0.425271 0.904995 -0.315800 0.000000 0.000000 0.000000 1.000000
0.999999 -0.000203 0.001214 -1.029300 0.000671 0.916769 -0.399418 12.347100 -0.001032 0.399418 0.916768 -0.315800 0.000000 0.000000 0.000000 1.000000
0.999832 -0.018279 0.001682 -1.029300 0.017559 0.925654 -0.377962 12.347100 0.005351 0.377928 0.925819 -0.315800 0.000000 0.000000 0.000000 1.000000
0.999764 -0.021647 0.001926 -1.029300 0.020867 0.931395 -0.363411 12.347100 0.006073 0.363366 0.931627 -0.315800 0.000000 0.000000 0.000000 1.000000
0.999891 -0.014598 0.002109 -1.029300 0.014421 0.937574 -0.347487 12.347100 0.003095 0.347480 0.937682 -0.315800 0.000000 0.000000 0.000000 1.000000
0.999995 -0.002450 0.002131 -1.029300 0.003033 0.939277 -0.343147 12.347100 -0.001161 0.343152 0.939279 -0.315800 0.000000 0.000000 0.000000 1.000000
0.999992 0.003712 0.001780 -1.029300 -0.002795 0.929696 -0.368318 12.347100 -0.003022 0.368310 0.929698 -0.315800 0.000000 0.000000 0.000000 1.000000
0.999976 -0.006937 0.000666 -1.029300 0.006565 0.905595 -0.424092 12.347100 0.002339 0.424086 0.905619 -0.315800 0.000000 0.000000 0.000000 1.000000
0.999470 -0.032534 -0.000890 -1.029300 0.028103 0.876497 -0.480587 12.347100 0.016415 0.480308 0.876946 -0.315800 0.000000 0.000000 0.000000 1.000000
0.998088 -0.061802 -0.000455 -1.029300 0.054114 0.877434 -0.476635 12.347100 0.029856 0.475699 0.879101 -0.315800 0.000000 0.000000 0.000000 1.000000
0.996286 -0.086073 0.002430 -1.029300 0.080938 0.926474 -0.367552 12.347100 0.029385 0.366383 0.930000 -0.315800 0.000000 0.000000 0.000000 1.000000
0.994505 -0.104663 0.002471 -1.029300 0.103413 0.978406 -0.178960 12.347100 0.016313 0.178232 0.983853 -0.315800 0.000000 0.000000 0.000000 1.000000
0.993151 -0.116814 -0.002315 -1.029300 0.116815 0.993154 0.000148 12.347100 0.002282 -0.000417 0.999997 -0.315800 0.000000 0.000000 0.000000 1.000000
0.992795 -0.119633 -0.006823 -1.029300 0.119724 0.987960 0.097982 12.347100 -0.004981 -0.098093 0.995165 -0.315800 0.000000 0.000000 0.000000 1.000000
0.993602 -0.112741 -0.006732 -1.029300 0.112869 0.989046 0.095127 12.347100 -0.004066 -0.095278 0.995442 -0.315800 0.000000 0.000000 0.000000 1.000000
0.994762 -0.102155 -0.003681 -1.029300 0.102220 0.994316 0.029765 12.347100 0.000619 -0.029985 0.999550 -0.315800 0.000000 0.000000 0.000000 1.000000
0.995418 -0.095613 -0.001365 -1.029300 0.095527 0.994963 -0.030376 12.347100 0.004262 0.030106 0.999538 -0.315800 0.000000 0.000000 0.000000 1.000000
0.995776 -0.091810 -0.000455 -1.029300 0.091625 0.994070 -0.058564 12.347100 0.005829 0.058275 0.998284 -0.315800 0.000000 0.000000 0.000000 1.000000
0.996357 -0.085281 -0.000004 -1.029300 0.085040 0.993537 -0.075184 12.347100 0.006415 0.074910 0.997170 -0.315800 0.000000 0.000000 0.000000 1.000000
0.996901 -0.078663 0.000323 -1.029300 0.078383 0.992985 -0.088528 12.347100 0.006643 0.088279 0.996074 -0.315800 0.000000 0.000000 0.000000 1.000000
0.996978 -0.077678 0.000220 -1.029300 0.077416 0.993370 -0.084992 12.347100 0.006384 0.084752 0.996382 -0.315800 0.000000 0.000000 0.000000 1.000000
0.996845 -0.079374 -0.000162 -1.029300 0.079161 0.994315 -0.071209 12.347100 0.005813 0.070972 0.997461 -0.315800 0.000000 0.000000 0.000000 1.000000
0.997222 -0.074482 -0.000095 -1.029300 0.074268 0.994447 -0.074560 12.347100 0.005648 0.074346 0.997217 -0.315800 0.000000 0.000000 0.000000 1.000000
0.998148 -0.060825 0.000543 -1.029300 0.060569 0.993051 -0.100899 12.347100 0.005598 0.100745 0.994896 -0.315800 0.000000 0.000000 0.000000 1.000000
0.998786 -0.049253 0.001008 -1.029300 0.049004 0.991235 -0.122688 12.347100 0.005044 0.122588 0.992445 -0.315800 0.000000 0.000000 0.000000 1.000000
0.998677 -0.051424 0.000841 -1.029300 0.051180 0.992057 -0.114907 12.347100 0.005075 0.114798 0.993376 -0.315800 0.000000 0.000000 0.000000 1.000000
0.998015 -0.062970 0.000322 -1.029300 0.062733 0.993791 -0.091893 12.347100 0.005467 0.091731 0.995769 -0.315800 0.000000 0.000000 0.000000 1.000000
0.997424 -0.071725 0.000088 -1.029300 0.071493 0.994098 -0.081592 12.347100 0.005764 0.081388 0.996666 -0.315800 0.000000 0.000000 0.000000 1.000000
0.997046 -0.076805 0.000055 -1.029300 0.076567 0.993907 -0.079285 12.347100 0.006035 0.079055 0.996852 -0.315800 0.000000 0.000000 0.000000 1.000000
0.996634 -0.081979 0.000041 -1.029300 0.081735 0.993629 -0.077592 12.347100 0.006320 0.077334 0.996985 -0.315800 0.000000 0.000000 0.000000 1.000000
0.996447 -0.084219 0.000393 -1.029300 0.083915 0.992435 -0.089619 12.347100 0.007158 0.089334 0.995976 -0.315800 0.000000 0.000000 0.000000 1.000000
0.996642 -0.081881 0.000646 -1.029300 0.081536 0.991651 -0.099901 12.347100 0.007540 0.099619 0.994997 -0.315800 0.000000 0.000000 0.000000 1.000000
0.996949 -0.078052 0.000028 -1.029300 0.077816 0.993907 -0.078062 12.347100 0.006065 0.077826 0.996949 -0.315800 0.000000 0.000000 0.000000 1.000000
0.997557 -0.069852 -0.000598 -1.029300 0.069697 0.995845 -0.058614 12.347100 0.004690 0.058430 0.998281 -0.315800 0.000000 0.000000 0.000000 1.000000
0.998678 -0.051391 0.000676 -1.029300 0.051164 0.992847 -0.107879 12.347100 0.004873 0.107771 0.994164 -0.315800 0.000000 0.000000 0.000000 1.000000
0.999600 -0.028173 0.002334 -1.029300 0.028024 0.976667 -0.212922 12.347100 0.003719 0.212902 0.977066 -0.315800 0.000000 0.000000 0.000000 1.000000
0.999898 -0.014055 0.002516 -1.029300 0.014171 0.955280 -0.295363 12.347100 0.001748 0.295369 0.955382 -0.315800 0.000000 0.000000 0.000000 1.000000
0.999899 -0.013998 0.002388 -1.029300 0.014029 0.947815 -0.318513 12.347100 0.002196 0.318515 0.947915 -0.315800 0.000000 0.000000 0.000000 1.000000
0.999761 -0.021730 0.002487 -1.029300 0.021447 0.951682 -0.306334 12.347100 0.004290 0.306314 0.951921 -0.315800 0.000000 0.000000 0.000000 1.000000
0.999561 -0.029520 0.002581 -1.029300 0.028999 0.956602 -0.289951 12.347100 0.006091 0.289899 0.957038 -0.315800 0.000000 0.000000 0.000000 1.000000
0.999422 -0.033901 0.002619 -1.029300 0.033290 0.959920 -0.278291 12.347100 0.006920 0.278217 0.960493 -0.315800 0.000000 0.000000 0.000000 1.000000
0.999382 -0.035043 0.002623 -1.029300 0.034461 0.962716 -0.268311 12.347100 0.006877 0.268236 0.963329 -0.315800 0.000000 0.000000 0.000000 1.000000
0.999444 -0.033240 0.002607 -1.029300 0.032765 0.964688 -0.261348 12.347100 0.006172 0.261289 0.965241 -0.315800 0.000000 0.000000 0.000000 1.000000
0.999595 -0.028346 0.002590 -1.029300 0.028035 0.964696 -0.261871 12.347100 0.004924 0.261837 0.965100 -0.315800 0.000000 0.000000 0.000000 1.000000
0.999754 -0.022016 0.002578 -1.029300 0.021898 0.962952 -0.268782 12.347100 0.003435 0.268772 0.963198 -0.315800 0.000000 0.000000 0.000000 1.000000
0.999851 -0.017058 0.002565 -1.029300 0.017101 0.960702 -0.277056 12.347100 0.002262 0.277058 0.960850 -0.315800 0.000000 0.000000 0.000000 1.000000
0.999893 -0.014403 0.002550 -1.029300 0.014534 0.958613 -0.284342 12.347100 0.001651 0.284348 0.958720 -0.315800 0.000000 0.000000 0.000000 1.000000
0.999909 -0.013211 0.002541 -1.029300 0.013385 0.957938 -0.286663 12.347100 0.001353 0.286671 0.958028 -0.315800 0.000000 0.000000 0.000000 1.000000
0.999906 -0.013507 0.002556 -1.029300 0.013682 0.959731 -0.280589 12.347100 0.001337 0.280597 0.959825 -0.315800 0.000000 0.000000 0.000000 1.000000
0.999894 -0.014327 0.002567 -1.029300 0.014486 0.962294 -0.271625 12.347100 0.001422 0.271634 0.962400 -0.315800 0.000000 0.000000 0.000000 1.000000
0.999876 -0.015539 0.002563 -1.029300 0.015668 0.964996 -0.261798 12.347100 0.001595 0.261805 0.965119 -0.315800 0.000000 0.000000 0.000000 1.000000
0.999852 -0.017008 0.002543 -1.029300 0.017098 0.967276 -0.253151 12.347100 0.001846 0.253157 0.967423 -0.315800 0.000000 0.000000 0.000000 1.000000
0.999777 -0.020970 0.002541 -1.029300 0.020939 0.968025 -0.249977 12.347100 0.002782 0.249975 0.968248 -0.315800 0.000000 0.000000 0.000000 1.000000
0.999723 -0.023399 0.002547 -1.029300 0.023298 0.968383 -0.248376 12.347100 0.003345 0.248366 0.968660 -0.315800 0.000000 0.000000 0.000000 1.000000
0.999669 -0.025612 0.002551 -1.029300 0.025449 0.968682 -0.246996 12.347100 0.003855 0.246979 0.969013 -0.315800 0.000000 0.000000 0.000000 1.000000
0.999612 -0.027739 0.002551 -1.029300 0.027516 0.968954 -0.245705 12.347100 0.004344 0.245680 0.969341 -0.315800 0.000000 0.000000 0.000000 1.000000
0.999549 -0.029909 0.002544 -1.029300 0.029624 0.969229 -0.244371 12.347100 0.004843 0.244336 0.969679 -0.315800 0.000000 0.000000 0.000000 1.000000</float_array>
        <technique_common>
          <accessor source="#mixamorig1_LeftHandMiddle1-Matrix-animation-output-transform-array" count="66" stride="16">
            <param type="float4x4"/>
          </accessor>
        </technique_common>
      </source>
      <source id="mixamorig1_LeftHandMiddle1-Interpolations">
        <Name_array id="mixamorig1_LeftHandMiddle1-Interpolations-array" count="66">
 LINEAR LINEAR LINEAR LINEAR LINEAR LINEAR LINEAR LINEAR LINEAR LINEAR LINEAR
LINEAR LINEAR LINEAR LINEAR LINEAR LINEAR LINEAR LINEAR LINEAR LINEAR LINEAR LINEAR
LINEAR LINEAR LINEAR LINEAR LINEAR LINEAR LINEAR LINEAR LINEAR LINEAR LINEAR LINEAR
LINEAR LINEAR LINEAR LINEAR LINEAR LINEAR LINEAR LINEAR LINEAR LINEAR LINEAR LINEAR
LINEAR LINEAR LINEAR LINEAR LINEAR LINEAR LINEAR LINEAR LINEAR LINEAR LINEAR LINEAR
LINEAR LINEAR LINEAR LINEAR LINEAR LINEAR LINEAR</Name_array>
        <technique_common>
          <accessor source="#mixamorig1_LeftHandMiddle1-Interpolations-array" count="66">
            <param type="name"/>
          </accessor>
        </technique_common>
      </source>
      <sampler id="mixamorig1_LeftHandMiddle1-Matrix-animation-transform">
        <input semantic="INPUT" source="#mixamorig1_LeftHandMiddle1-Matrix-animation-input"/>
        <input semantic="OUTPUT" source="#mixamorig1_LeftHandMiddle1-Matrix-animation-output-transform"/>
        <input semantic="INTERPOLATION" source="#mixamorig1_LeftHandMiddle1-Interpolations"/>
      </sampler>
      <channel source="#mixamorig1_LeftHandMiddle1-Matrix-animation-transform" target="mixamorig1_LeftHandMiddle1/matrix"/>
    </animation>
    <animation id="mixamorig1_LeftHandMiddle2-anim" name="mixamorig1_LeftHandMiddle2">
      <source id="mixamorig1_LeftHandMiddle2-Matrix-animation-input">
        <float_array id="mixamorig1_LeftHandMiddle2-Matrix-animation-input-array" count="66">

0.000000 0.033333 0.066667 0.100000 0.133333 0.166667 0.200000 0.233333 0.266667 0.300000 0.333333 0.366667 0.400000 0.433333 0.466667 0.500000
0.533333 0.566667 0.600000 0.633333 0.666667 0.700000 0.733333 0.766667 0.800000 0.833333 0.866667 0.900000 0.933333 0.966667 1.000000 1.033333
1.066667 1.100000 1.133333 1.166667 1.200000 1.233333 1.266667 1.300000 1.333333 1.366667 1.400000 1.433333 1.466667 1.500000 1.533333 1.566667
1.600000 1.633333 1.666667 1.700000 1.733333 1.766667 1.800000 1.833333 1.866667 1.900000 1.933333 1.966667 2.000000 2.033333 2.066667 2.100000
2.133333 2.166667</float_array>
        <technique_common>
          <accessor source="#mixamorig1_LeftHandMiddle2-Matrix-animation-input-array" count="66">
            <param name="TIME" type="float"/>
          </accessor>
        </technique_common>
      </source>
      <source id="mixamorig1_LeftHandMiddle2-Matrix-animation-output-transform">
        <float_array id="mixamorig1_LeftHandMiddle2-Matrix-animation-output-transform-array" count="1056">

0.998845 0.047503 -0.007210 0.009900 -0.047494 0.953494 -0.297646 3.432200 -0.007264 0.297645 0.954649 0.000000 0.000000 0.000000 0.000000 1.000000
0.998849 0.047416 -0.007181 0.009900 -0.047407 0.953694 -0.297019 3.432200 -0.007235 0.297018 0.954845 -0.000000 0.000000 0.000000 0.000000 1.000000
0.998854 0.047329 -0.007152 0.009900 -0.047320 0.953894 -0.296391 3.432200 -0.007206 0.296390 0.955040 0.000000 0.000000 0.000000 0.000000 1.000000
0.998857 0.047262 -0.007130 0.009900 -0.047254 0.954045 -0.295914 3.432200 -0.007184 0.295913 0.955188 -0.000000 0.000000 0.000000 0.000000 1.000000
0.998857 0.047257 -0.007128 0.009900 -0.047249 0.954056 -0.295878 3.432200 -0.007182 0.295877 0.955199 0.000000 0.000000 0.000000 0.000000 1.000000
0.998857 0.047259 -0.007129 0.009900 -0.047251 0.954053 -0.295888 3.432200 -0.007182 0.295887 0.955196 0.000000 0.000000 0.000000 0.000000 1.000000
0.998862 0.047155 -0.007094 0.009900 -0.047147 0.954291 -0.295137 3.432200 -0.007148 0.295135 0.955429 -0.000000 0.000000 0.000000 0.000000 1.000000
0.998865 0.047109 -0.007078 0.009900 -0.047101 0.954395 -0.294808 3.432200 -0.007132 0.294806 0.955530 0.000000 0.000000 0.000000 0.000000 1.000000
0.998862 0.047154 -0.007093 0.009900 -0.047145 0.954294 -0.295129 3.432200 -0.007147 0.295128 0.955431 0.000000 0.000000 0.000000 0.000000 1.000000
0.998841 0.047590 -0.007240 0.009900 -0.047582 0.953293 -0.298277 3.432200 -0.007294 0.298276 0.954452 0.000000 0.000000 0.000000 0.000000 1.000000
0.998803 0.048341 -0.007493 0.009900 -0.048332 0.951547 -0.303682 3.432200 -0.007550 0.303680 0.952744 0.000000 0.000000 0.000000 0.000000 1.000000
0.998760 0.049164 -0.007778 0.009900 -0.049155 0.949591 -0.309614 3.432200 -0.007836 0.309613 0.950831 0.000000 0.000000 0.000000 0.000000 1.000000
0.998743 0.049493 -0.007894 0.009900 -0.049484 0.948797 -0.311987 3.432200 -0.007952 0.311986 0.950053 0.000000 0.000000 0.000000 0.000000 1.000000
0.998779 0.048810 -0.007655 0.009900 -0.048801 0.950437 -0.307062 3.432200 -0.007712 0.307061 0.951659 0.000000 0.000000 0.000000 0.000000 1.000000
0.998834 0.047726 -0.007285 0.009900 -0.047718 0.952979 -0.299257 3.432200 -0.007340 0.299256 0.954145 0.000000 0.000000 0.000000 0.000000 1.000000
0.998831 0.047778 -0.007302 0.009900 -0.047769 0.952860 -0.299628 3.432200 -0.007357 0.299626 0.954028 0.000000 0.000000 0.000000 0.000000 1.000000
0.998750 0.049369 -0.007850 0.009900 -0.049360 0.949097 -0.311092 3.432200 -0.007908 0.311091 0.950347 -0.000000 0.000000 0.000000 0.000000 1.000000
0.998664 0.050983 -0.008427 0.009900 -0.050973 0.945119 -0.322724 3.432200 -0.008489 0.322723 0.946455 0.000000 0.000000 0.000000 0.000000 1.000000
0.998678 0.050721 -0.008331 0.009900 -0.050711 0.945777 -0.320834 3.432200 -0.008393 0.320833 0.947099 -0.000000 0.000000 0.000000 0.000000 1.000000
0.998798 0.048429 -0.007524 0.009900 -0.048420 0.951338 -0.304320 3.432200 -0.007580 0.304318 0.952540 -0.000000 0.000000 0.000000 0.000000 1.000000
0.998904 0.046312 -0.006816 0.009900 -0.046304 0.956190 -0.289063 3.432200 -0.006869 0.289061 0.957286 -0.000000 0.000000 0.000000 0.000000 1.000000
0.998912 0.046138 -0.006761 0.009900 -0.046131 0.956574 -0.287816 3.432200 -0.006812 0.287815 0.957662 0.000000 0.000000 0.000000 0.000000 1.000000
0.998877 0.046857 -0.006995 0.009900 -0.046849 0.954966 -0.292992 3.432200 -0.007049 0.292991 0.956089 0.000000 0.000000 0.000000 0.000000 1.000000
0.998875 0.046894 -0.007007 0.009900 -0.046886 0.954882 -0.293260 3.432200 -0.007061 0.293259 0.956007 0.000000 0.000000 0.000000 0.000000 1.000000
0.998898 0.046433 -0.006856 0.009900 -0.046425 0.955919 -0.289937 3.432200 -0.006909 0.289935 0.957021 0.000000 0.000000 0.000000 0.000000 1.000000
0.998905 0.046284 -0.006808 0.009900 -0.046277 0.956250 -0.288868 3.432200 -0.006860 0.288867 0.957345 -0.000000 0.000000 0.000000 0.000000 1.000000
0.998889 0.046617 -0.006916 0.009900 -0.046609 0.955507 -0.291263 3.432200 -0.006969 0.291262 0.956618 0.000000 0.000000 0.000000 0.000000 1.000000
0.998862 0.047154 -0.007094 0.009900 -0.047146 0.954293 -0.295132 3.432200 -0.007147 0.295130 0.955430 0.000000 0.000000 0.000000 0.000000 1.000000
0.998842 0.047569 -0.007232 0.009900 -0.047561 0.953342 -0.298124 3.432200 -0.007287 0.298122 0.954500 0.000000 0.000000 0.000000 0.000000 1.000000
0.998836 0.047692 -0.007274 0.009900 -0.047684 0.953058 -0.299008 3.432200 -0.007328 0.299007 0.954223 0.000000 0.000000 0.000000 0.000000 1.000000
0.998836 0.047691 -0.007273 0.009900 -0.047683 0.953061 -0.299000 3.432200 -0.007328 0.298999 0.954225 -0.000000 0.000000 0.000000 0.000000 1.000000
0.998828 0.047845 -0.007325 0.009900 -0.047837 0.952704 -0.300112 3.432200 -0.007380 0.300111 0.953876 0.000000 0.000000 0.000000 0.000000 1.000000
0.998814 0.048124 -0.007419 0.009900 -0.048115 0.952055 -0.302118 3.432200 -0.007475 0.302117 0.953242 0.000000 0.000000 0.000000 0.000000 1.000000
0.998804 0.048308 -0.007482 0.009900 -0.048299 0.951623 -0.303448 3.432200 -0.007538 0.303447 0.952819 0.000000 0.000000 0.000000 0.000000 1.000000
0.998801 0.048374 -0.007505 0.009900 -0.048365 0.951469 -0.303922 3.432200 -0.007561 0.303920 0.952667 0.000000 0.000000 0.000000 0.000000 1.000000
0.998796 0.048481 -0.007542 0.009900 -0.048472 0.951217 -0.304690 3.432200 -0.007598 0.304689 0.952422 0.000000 0.000000 0.000000 0.000000 1.000000
0.998783 0.048723 -0.007625 0.009900 -0.048714 0.950644 -0.306437 3.432200 -0.007682 0.306435 0.951860 0.000000 0.000000 0.000000 0.000000 1.000000
0.998771 0.048968 -0.007710 0.009900 -0.048959 0.950061 -0.308199 3.432200 -0.007767 0.308198 0.951291 0.000000 0.000000 0.000000 0.000000 1.000000
0.998766 0.049065 -0.007744 0.009900 -0.049056 0.949827 -0.308904 3.432200 -0.007801 0.308903 0.951062 0.000000 0.000000 0.000000 0.000000 1.000000
0.998763 0.049123 -0.007764 0.009900 -0.049114 0.949689 -0.309318 3.432200 -0.007821 0.309317 0.950927 0.000000 0.000000 0.000000 0.000000 1.000000
0.998763 0.049106 -0.007758 0.009900 -0.049097 0.949729 -0.309200 3.432200 -0.007816 0.309199 0.950965 -0.000000 0.000000 0.000000 0.000000 1.000000
0.998793 0.048538 -0.007561 0.009900 -0.048529 0.951081 -0.305106 3.432200 -0.007618 0.305105 0.952288 -0.000000 0.000000 0.000000 0.000000 1.000000
0.998855 0.047301 -0.007142 0.009900 -0.047292 0.953958 -0.296188 3.432200 -0.007196 0.296187 0.955103 0.000000 0.000000 0.000000 0.000000 1.000000
0.998908 0.046218 -0.006786 0.009900 -0.046210 0.956398 -0.288389 3.432200 -0.006839 0.288388 0.957489 0.000000 0.000000 0.000000 0.000000 1.000000
0.998917 0.046037 -0.006728 0.009900 -0.046030 0.956798 -0.287086 3.432200 -0.006779 0.287085 0.957881 0.000000 0.000000 0.000000 0.000000 1.000000
0.998895 0.046491 -0.006875 0.009900 -0.046483 0.955789 -0.290355 3.432200 -0.006927 0.290354 0.956894 -0.000000 0.000000 0.000000 0.000000 1.000000
0.998876 0.046882 -0.007003 0.009900 -0.046874 0.954911 -0.293170 3.432200 -0.007057 0.293169 0.956035 0.000000 0.000000 0.000000 0.000000 1.000000
0.998871 0.046989 -0.007039 0.009900 -0.046981 0.954668 -0.293943 3.432200 -0.007092 0.293942 0.955797 -0.000000 0.000000 0.000000 0.000000 1.000000
0.998868 0.047034 -0.007054 0.009900 -0.047026 0.954564 -0.294272 3.432200 -0.007107 0.294270 0.955696 -0.000000 0.000000 0.000000 0.000000 1.000000
0.998862 0.047155 -0.007094 0.009900 -0.047147 0.954288 -0.295145 3.432200 -0.007148 0.295144 0.955426 -0.000000 0.000000 0.000000 0.000000 1.000000
0.998856 0.047276 -0.007134 0.009900 -0.047268 0.954013 -0.296016 3.432200 -0.007188 0.296014 0.955156 0.000000 0.000000 0.000000 0.000000 1.000000
0.998853 0.047340 -0.007155 0.009900 -0.047332 0.953867 -0.296475 3.432200 -0.007210 0.296474 0.955014 -0.000000 0.000000 0.000000 0.000000 1.000000
0.998851 0.047379 -0.007168 0.009900 -0.047370 0.953779 -0.296751 3.432200 -0.007223 0.296749 0.954928 0.000000 0.000000 0.000000 0.000000 1.000000
0.998849 0.047429 -0.007185 0.009900 -0.047421 0.953664 -0.297113 3.432200 -0.007240 0.297112 0.954815 -0.000000 0.000000 0.000000 0.000000 1.000000
0.998846 0.047490 -0.007206 0.009900 -0.047482 0.953524 -0.297553 3.432200 -0.007260 0.297552 0.954678 -0.000000 0.000000 0.000000 0.000000 1.000000
0.998844 0.047520 -0.007216 0.009900 -0.047511 0.953455 -0.297767 3.432200 -0.007270 0.297766 0.954611 0.000000 0.000000 0.000000 0.000000 1.000000
0.998843 0.047537 -0.007221 0.009900 -0.047528 0.953417 -0.297888 3.432200 -0.007276 0.297887 0.954573 0.000000 0.000000 0.000000 0.000000 1.000000
0.998843 0.047543 -0.007223 0.009900 -0.047535 0.953401 -0.297936 3.432200 -0.007278 0.297935 0.954558 0.000000 0.000000 0.000000 0.000000 1.000000
0.998843 0.047545 -0.007224 0.009900 -0.047537 0.953396 -0.297952 3.432200 -0.007279 0.297951 0.954554 0.000000 0.000000 0.000000 0.000000 1.000000
0.998843 0.047547 -0.007224 0.009900 -0.047538 0.953394 -0.297961 3.432200 -0.007279 0.297960 0.954551 -0.000000 0.000000 0.000000 0.000000 1.000000
0.998843 0.047550 -0.007226 0.009900 -0.047542 0.953385 -0.297989 3.432200 -0.007281 0.297987 0.954542 -0.000000 0.000000 0.000000 0.000000 1.000000
0.998842 0.047568 -0.007232 0.009900 -0.047560 0.953344 -0.298115 3.432200 -0.007286 0.298114 0.954502 0.000000 0.000000 0.000000 0.000000 1.000000
0.998842 0.047555 -0.007228 0.009900 -0.047547 0.953373 -0.298026 3.432200 -0.007282 0.298024 0.954531 0.000000 0.000000 0.000000 0.000000 1.000000
0.998843 0.047539 -0.007222 0.009900 -0.047530 0.953411 -0.297905 3.432200 -0.007276 0.297904 0.954568 -0.000000 0.000000 0.000000 0.000000 1.000000
0.998844 0.047520 -0.007216 0.009900 -0.047512 0.953454 -0.297773 3.432200 -0.007270 0.297771 0.954610 -0.000000 0.000000 0.000000 0.000000 1.000000
0.998845 0.047503 -0.007210 0.009900 -0.047495 0.953494 -0.297646 3.432200 -0.007264 0.297645 0.954649 0.000000 0.000000 0.000000 0.000000 1.000000</float_array>
        <technique_common>
          <accessor source="#mixamorig1_LeftHandMiddle2-Matrix-animation-output-transform-array" count="66" stride="16">
            <param type="float4x4"/>
          </accessor>
        </technique_common>
      </source>
      <source id="mixamorig1_LeftHandMiddle2-Interpolations">
        <Name_array id="mixamorig1_LeftHandMiddle2-Interpolations-array" count="66">
 LINEAR LINEAR LINEAR LINEAR LINEAR LINEAR LINEAR LINEAR LINEAR LINEAR LINEAR
LINEAR LINEAR LINEAR LINEAR LINEAR LINEAR LINEAR LINEAR LINEAR LINEAR LINEAR LINEAR
LINEAR LINEAR LINEAR LINEAR LINEAR LINEAR LINEAR LINEAR LINEAR LINEAR LINEAR LINEAR
LINEAR LINEAR LINEAR LINEAR LINEAR LINEAR LINEAR LINEAR LINEAR LINEAR LINEAR LINEAR
LINEAR LINEAR LINEAR LINEAR LINEAR LINEAR LINEAR LINEAR LINEAR LINEAR LINEAR LINEAR
LINEAR LINEAR LINEAR LINEAR LINEAR LINEAR LINEAR</Name_array>
        <technique_common>
          <accessor source="#mixamorig1_LeftHandMiddle2-Interpolations-array" count="66">
            <param type="name"/>
          </accessor>
        </technique_common>
      </source>
      <sampler id="mixamorig1_LeftHandMiddle2-Matrix-animation-transform">
        <input semantic="INPUT" source="#mixamorig1_LeftHandMiddle2-Matrix-animation-input"/>
        <input semantic="OUTPUT" source="#mixamorig1_LeftHandMiddle2-Matrix-animation-output-transform"/>
        <input semantic="INTERPOLATION" source="#mixamorig1_LeftHandMiddle2-Interpolations"/>
      </sampler>
      <channel source="#mixamorig1_LeftHandMiddle2-Matrix-animation-transform" target="mixamorig1_LeftHandMiddle2/matrix"/>
    </animation>
    <animation id="mixamorig1_LeftHandMiddle3-anim" name="mixamorig1_LeftHandMiddle3">
      <source id="mixamorig1_LeftHandMiddle3-Matrix-animation-input">
        <float_array id="mixamorig1_LeftHandMiddle3-Matrix-animation-input-array" count="66">

0.000000 0.033333 0.066667 0.100000 0.133333 0.166667 0.200000 0.233333 0.266667 0.300000 0.333333 0.366667 0.400000 0.433333 0.466667 0.500000
0.533333 0.566667 0.600000 0.633333 0.666667 0.700000 0.733333 0.766667 0.800000 0.833333 0.866667 0.900000 0.933333 0.966667 1.000000 1.033333
1.066667 1.100000 1.133333 1.166667 1.200000 1.233333 1.266667 1.300000 1.333333 1.366667 1.400000 1.433333 1.466667 1.500000 1.533333 1.566667
1.600000 1.633333 1.666667 1.700000 1.733333 1.766667 1.800000 1.833333 1.866667 1.900000 1.933333 1.966667 2.000000 2.033333 2.066667 2.100000
2.133333 2.166667</float_array>
        <technique_common>
          <accessor source="#mixamorig1_LeftHandMiddle3-Matrix-animation-input-array" count="66">
            <param name="TIME" type="float"/>
          </accessor>
        </technique_common>
      </source>
      <source id="mixamorig1_LeftHandMiddle3-Matrix-animation-output-transform">
        <float_array id="mixamorig1_LeftHandMiddle3-Matrix-animation-output-transform-array" count="1056">

0.999144 0.040921 -0.006004 -0.010000 -0.040733 0.948440 -0.314329 3.160900 -0.007168 0.314304 0.949295 0.000000 0.000000 0.000000 0.000000 1.000000
0.999148 0.040833 -0.005977 -0.010000 -0.040646 0.948651 -0.313702 3.160900 -0.007139 0.313678 0.949503 0.000000 0.000000 0.000000 0.000000 1.000000
0.999152 0.040744 -0.005950 -0.010000 -0.040558 0.948862 -0.313075 3.160900 -0.007110 0.313051 0.949710 0.000000 0.000000 0.000000 0.000000 1.000000
0.999155 0.040677 -0.005929 -0.010000 -0.040491 0.949023 -0.312595 3.160900 -0.007088 0.312571 0.949868 0.000000 0.000000 0.000000 0.000000 1.000000
0.999155 0.040670 -0.005927 -0.010000 -0.040484 0.949040 -0.312543 3.160900 -0.007086 0.312519 0.949885 -0.000000 0.000000 0.000000 0.000000 1.000000
0.999155 0.040669 -0.005927 -0.010000 -0.040483 0.949041 -0.312541 3.160900 -0.007086 0.312517 0.949886 -0.000000 0.000000 0.000000 0.000000 1.000000
0.999159 0.040567 -0.005896 -0.010000 -0.040382 0.949284 -0.311817 3.160900 -0.007052 0.311793 0.950124 -0.000000 0.000000 0.000000 0.000000 1.000000
0.999161 0.040531 -0.005885 -0.010000 -0.040346 0.949370 -0.311558 3.160900 -0.007040 0.311534 0.950209 0.000000 0.000000 0.000000 0.000000 1.000000
0.999159 0.040584 -0.005901 -0.010000 -0.040399 0.949244 -0.311936 3.160900 -0.007058 0.311912 0.950085 0.000000 0.000000 0.000000 0.000000 1.000000
0.999140 0.041020 -0.006034 -0.010000 -0.040831 0.948202 -0.315033 3.160900 -0.007201 0.315008 0.949062 0.000000 0.000000 0.000000 0.000000 1.000000
0.999108 0.041768 -0.006267 -0.010000 -0.041574 0.946387 -0.320349 3.160900 -0.007450 0.320324 0.947279 0.000000 0.000000 0.000000 0.000000 1.000000
0.999071 0.042598 -0.006529 -0.010000 -0.042397 0.944336 -0.326240 3.160900 -0.007731 0.326213 0.945265 0.000000 0.000000 0.000000 0.000000 1.000000
0.999056 0.042934 -0.006638 -0.010000 -0.042730 0.943493 -0.328627 3.160900 -0.007847 0.328601 0.944436 0.000000 0.000000 0.000000 0.000000 1.000000
0.999087 0.042244 -0.006417 -0.010000 -0.042046 0.945215 -0.323729 3.160900 -0.007610 0.323703 0.946128 0.000000 0.000000 0.000000 0.000000 1.000000
0.999135 0.041142 -0.006072 -0.010000 -0.040953 0.947909 -0.315899 3.160900 -0.007241 0.315874 0.948773 0.000000 0.000000 0.000000 0.000000 1.000000
0.999133 0.041185 -0.006085 -0.010000 -0.040995 0.947804 -0.316206 3.160900 -0.007256 0.316181 0.948671 0.000000 0.000000 0.000000 0.000000 1.000000
0.999061 0.042813 -0.006599 -0.010000 -0.042610 0.943797 -0.327767 3.160900 -0.007805 0.327741 0.944735 0.000000 0.000000 0.000000 0.000000 1.000000
0.998983 0.044514 -0.007158 -0.010000 -0.044296 0.939440 -0.339840 3.160900 -0.008403 0.339811 0.940456 0.000000 0.000000 0.000000 0.000000 1.000000
0.998992 0.044330 -0.007097 -0.010000 -0.044114 0.939918 -0.338538 3.160900 -0.008337 0.338510 0.940926 0.000000 0.000000 0.000000 0.000000 1.000000
0.999095 0.042047 -0.006354 -0.010000 -0.041850 0.945704 -0.322324 3.160900 -0.007544 0.322298 0.946608 -0.000000 0.000000 0.000000 0.000000 1.000000
0.999188 0.039879 -0.005689 -0.010000 -0.039699 0.950904 -0.306928 3.160900 -0.006830 0.306905 0.951716 0.000000 0.000000 0.000000 0.000000 1.000000
0.999198 0.039656 -0.005623 -0.010000 -0.039478 0.951424 -0.305341 3.160900 -0.006759 0.305318 0.952226 0.000000 0.000000 0.000000 0.000000 1.000000
0.999169 0.040344 -0.005829 -0.010000 -0.040161 0.949812 -0.310233 3.160900 -0.006980 0.310209 0.950643 -0.000000 0.000000 0.000000 0.000000 1.000000
0.999168 0.040364 -0.005834 -0.010000 -0.040180 0.949767 -0.310369 3.160900 -0.006986 0.310345 0.950598 0.000000 0.000000 0.000000 0.000000 1.000000
0.999188 0.039894 -0.005694 -0.010000 -0.039715 0.950869 -0.307036 3.160900 -0.006835 0.307013 0.951681 0.000000 0.000000 0.000000 0.000000 1.000000
0.999194 0.039748 -0.005650 -0.010000 -0.039570 0.951209 -0.305999 3.160900 -0.006788 0.305976 0.952015 0.000000 0.000000 0.000000 0.000000 1.000000
0.999180 0.040082 -0.005750 -0.010000 -0.039901 0.950428 -0.308373 3.160900 -0.006895 0.308350 0.951248 0.000000 0.000000 0.000000 0.000000 1.000000
0.999157 0.040614 -0.005910 -0.010000 -0.040428 0.949174 -0.312145 3.160900 -0.007068 0.312121 0.950016 0.000000 0.000000 0.000000 0.000000 1.000000
0.999140 0.041021 -0.006035 -0.010000 -0.040833 0.948199 -0.315041 3.160900 -0.007201 0.315016 0.949059 0.000000 0.000000 0.000000 0.000000 1.000000
0.999135 0.041140 -0.006071 -0.010000 -0.040951 0.947912 -0.315888 3.160900 -0.007241 0.315863 0.948777 0.000000 0.000000 0.000000 0.000000 1.000000
0.999135 0.041138 -0.006071 -0.010000 -0.040949 0.947918 -0.315871 3.160900 -0.007240 0.315847 0.948783 -0.000000 0.000000 0.000000 0.000000 1.000000
0.999128 0.041290 -0.006118 -0.010000 -0.041099 0.947552 -0.316948 3.160900 -0.007290 0.316923 0.948423 -0.000000 0.000000 0.000000 0.000000 1.000000
0.999117 0.041564 -0.006202 -0.010000 -0.041370 0.946887 -0.318894 3.160900 -0.007381 0.318869 0.947770 0.000000 0.000000 0.000000 0.000000 1.000000
0.999109 0.041745 -0.006259 -0.010000 -0.041551 0.946444 -0.320183 3.160900 -0.007442 0.320158 0.947335 -0.000000 0.000000 0.000000 0.000000 1.000000
0.999106 0.041812 -0.006280 -0.010000 -0.041617 0.946280 -0.320660 3.160900 -0.007465 0.320634 0.947174 0.000000 0.000000 0.000000 0.000000 1.000000
0.999101 0.041924 -0.006315 -0.010000 -0.041728 0.946006 -0.321451 3.160900 -0.007502 0.321425 0.946905 -0.000000 0.000000 0.000000 0.000000 1.000000
0.999090 0.042172 -0.006394 -0.010000 -0.041974 0.945395 -0.323214 3.160900 -0.007586 0.323188 0.946304 -0.000000 0.000000 0.000000 0.000000 1.000000
0.999079 0.042424 -0.006474 -0.010000 -0.042224 0.944768 -0.325007 3.160900 -0.007672 0.324981 0.945689 0.000000 0.000000 0.000000 0.000000 1.000000
0.999074 0.042533 -0.006509 -0.010000 -0.042332 0.944499 -0.325775 3.160900 -0.007709 0.325749 0.945425 0.000000 0.000000 0.000000 0.000000 1.000000
0.999071 0.042599 -0.006530 -0.010000 -0.042397 0.944335 -0.326242 3.160900 -0.007731 0.326216 0.945264 0.000000 0.000000 0.000000 0.000000 1.000000
0.999072 0.042580 -0.006524 -0.010000 -0.042378 0.944381 -0.326111 3.160900 -0.007725 0.326084 0.945309 0.000000 0.000000 0.000000 0.000000 1.000000
0.999098 0.041994 -0.006338 -0.010000 -0.041798 0.945833 -0.321953 3.160900 -0.007526 0.321927 0.946734 0.000000 0.000000 0.000000 0.000000 1.000000
0.999153 0.040730 -0.005945 -0.010000 -0.040544 0.948896 -0.312973 3.160900 -0.007106 0.312949 0.949743 0.000000 0.000000 0.000000 0.000000 1.000000
0.999199 0.039627 -0.005614 -0.010000 -0.039449 0.951492 -0.305134 3.160900 -0.006749 0.305111 0.952293 -0.000000 0.000000 0.000000 0.000000 1.000000
0.999207 0.039439 -0.005559 -0.010000 -0.039263 0.951926 -0.303802 3.160900 -0.006690 0.303779 0.952719 0.000000 0.000000 0.000000 0.000000 1.000000
0.999188 0.039896 -0.005694 -0.010000 -0.039716 0.950865 -0.307048 3.160900 -0.006836 0.307025 0.951677 0.000000 0.000000 0.000000 0.000000 1.000000
0.999171 0.040292 -0.005813 -0.010000 -0.040109 0.949936 -0.309860 3.160900 -0.006963 0.309836 0.950764 0.000000 0.000000 0.000000 0.000000 1.000000
0.999166 0.040403 -0.005846 -0.010000 -0.040220 0.949672 -0.310653 3.160900 -0.006999 0.310629 0.950506 0.000000 0.000000 0.000000 0.000000 1.000000
0.999164 0.040453 -0.005861 -0.010000 -0.040269 0.949554 -0.311007 3.160900 -0.007016 0.310983 0.950390 0.000000 0.000000 0.000000 0.000000 1.000000
0.999159 0.040578 -0.005899 -0.010000 -0.040393 0.949258 -0.311893 3.160900 -0.007056 0.311869 0.950099 -0.000000 0.000000 0.000000 0.000000 1.000000
0.999154 0.040700 -0.005936 -0.010000 -0.040513 0.948969 -0.312756 3.160900 -0.007096 0.312732 0.949815 0.000000 0.000000 0.000000 0.000000 1.000000
0.999151 0.040761 -0.005955 -0.010000 -0.040575 0.948822 -0.313195 3.160900 -0.007116 0.313171 0.949670 0.000000 0.000000 0.000000 0.000000 1.000000
0.999150 0.040796 -0.005966 -0.010000 -0.040610 0.948738 -0.313444 3.160900 -0.007128 0.313420 0.949588 0.000000 0.000000 0.000000 0.000000 1.000000
0.999148 0.040844 -0.005981 -0.010000 -0.040657 0.948624 -0.313784 3.160900 -0.007143 0.313759 0.949476 0.000000 0.000000 0.000000 0.000000 1.000000
0.999145 0.040904 -0.005999 -0.010000 -0.040717 0.948480 -0.314211 3.160900 -0.007163 0.314186 0.949334 0.000000 0.000000 0.000000 0.000000 1.000000
0.999144 0.040934 -0.006008 -0.010000 -0.040746 0.948408 -0.314422 3.160900 -0.007173 0.314397 0.949264 -0.000000 0.000000 0.000000 0.000000 1.000000
0.999143 0.040951 -0.006013 -0.010000 -0.040763 0.948368 -0.314542 3.160900 -0.007178 0.314518 0.949224 0.000000 0.000000 0.000000 0.000000 1.000000
0.999143 0.040958 -0.006015 -0.010000 -0.040770 0.948352 -0.314590 3.160900 -0.007180 0.314565 0.949209 0.000000 0.000000 0.000000 0.000000 1.000000
0.999143 0.040960 -0.006016 -0.010000 -0.040772 0.948347 -0.314605 3.160900 -0.007181 0.314581 0.949204 0.000000 0.000000 0.000000 0.000000 1.000000
0.999143 0.040961 -0.006016 -0.010000 -0.040773 0.948344 -0.314614 3.160900 -0.007181 0.314589 0.949201 0.000000 0.000000 0.000000 0.000000 1.000000
0.999142 0.040965 -0.006018 -0.010000 -0.040777 0.948334 -0.314642 3.160900 -0.007182 0.314617 0.949191 -0.000000 0.000000 0.000000 0.000000 1.000000
0.999142 0.040983 -0.006023 -0.010000 -0.040795 0.948291 -0.314771 3.160900 -0.007189 0.314746 0.949149 0.000000 0.000000 0.000000 0.000000 1.000000
0.999142 0.040971 -0.006019 -0.010000 -0.040783 0.948319 -0.314687 3.160900 -0.007185 0.314663 0.949176 0.000000 0.000000 0.000000 0.000000 1.000000
0.999143 0.040955 -0.006014 -0.010000 -0.040767 0.948357 -0.314574 3.160900 -0.007180 0.314549 0.949214 -0.000000 0.000000 0.000000 0.000000 1.000000
0.999144 0.040938 -0.006009 -0.010000 -0.040750 0.948400 -0.314448 3.160900 -0.007174 0.314423 0.949256 0.000000 0.000000 0.000000 0.000000 1.000000
0.999144 0.040921 -0.006004 -0.010000 -0.040733 0.948440 -0.314328 3.160900 -0.007168 0.314304 0.949295 0.000000 0.000000 0.000000 0.000000 1.000000</float_array>
        <technique_common>
          <accessor source="#mixamorig1_LeftHandMiddle3-Matrix-animation-output-transform-array" count="66" stride="16">
            <param type="float4x4"/>
          </accessor>
        </technique_common>
      </source>
      <source id="mixamorig1_LeftHandMiddle3-Interpolations">
        <Name_array id="mixamorig1_LeftHandMiddle3-Interpolations-array" count="66">
 LINEAR LINEAR LINEAR LINEAR LINEAR LINEAR LINEAR LINEAR LINEAR LINEAR LINEAR
LINEAR LINEAR LINEAR LINEAR LINEAR LINEAR LINEAR LINEAR LINEAR LINEAR LINEAR LINEAR
LINEAR LINEAR LINEAR LINEAR LINEAR LINEAR LINEAR LINEAR LINEAR LINEAR LINEAR LINEAR
LINEAR LINEAR LINEAR LINEAR LINEAR LINEAR LINEAR LINEAR LINEAR LINEAR LINEAR LINEAR
LINEAR LINEAR LINEAR LINEAR LINEAR LINEAR LINEAR LINEAR LINEAR LINEAR LINEAR LINEAR
LINEAR LINEAR LINEAR LINEAR LINEAR LINEAR LINEAR</Name_array>
        <technique_common>
          <accessor source="#mixamorig1_LeftHandMiddle3-Interpolations-array" count="66">
            <param type="name"/>
          </accessor>
        </technique_common>
      </source>
      <sampler id="mixamorig1_LeftHandMiddle3-Matrix-animation-transform">
        <input semantic="INPUT" source="#mixamorig1_LeftHandMiddle3-Matrix-animation-input"/>
        <input semantic="OUTPUT" source="#mixamorig1_LeftHandMiddle3-Matrix-animation-output-transform"/>
        <input semantic="INTERPOLATION" source="#mixamorig1_LeftHandMiddle3-Interpolations"/>
      </sampler>
      <channel source="#mixamorig1_LeftHandMiddle3-Matrix-animation-transform" target="mixamorig1_LeftHandMiddle3/matrix"/>
    </animation>
    <animation id="mixamorig1_LeftHandRing1-anim" name="mixamorig1_LeftHandRing1">
      <source id="mixamorig1_LeftHandRing1-Matrix-animation-input">
        <float_array id="mixamorig1_LeftHandRing1-Matrix-animation-input-array" count="66">

0.000000 0.033333 0.066667 0.100000 0.133333 0.166667 0.200000 0.233333 0.266667 0.300000 0.333333 0.366667 0.400000 0.433333 0.466667 0.500000
0.533333 0.566667 0.600000 0.633333 0.666667 0.700000 0.733333 0.766667 0.800000 0.833333 0.866667 0.900000 0.933333 0.966667 1.000000 1.033333
1.066667 1.100000 1.133333 1.166667 1.200000 1.233333 1.266667 1.300000 1.333333 1.366667 1.400000 1.433333 1.466667 1.500000 1.533333 1.566667
1.600000 1.633333 1.666667 1.700000 1.733333 1.766667 1.800000 1.833333 1.866667 1.900000 1.933333 1.966667 2.000000 2.033333 2.066667 2.100000
2.133333 2.166667</float_array>
        <technique_common>
          <accessor source="#mixamorig1_LeftHandRing1-Matrix-animation-input-array" count="66">
            <param name="TIME" type="float"/>
          </accessor>
        </technique_common>
      </source>
      <source id="mixamorig1_LeftHandRing1-Matrix-animation-output-transform">
        <float_array id="mixamorig1_LeftHandRing1-Matrix-animation-output-transform-array" count="1056">

0.999944 -0.003563 -0.009937 1.266700 0.000036 0.942446 -0.334358 12.505900 0.010557 0.334339 0.942394 -0.277100 0.000000 0.000000 0.000000 1.000000
0.999946 -0.002701 -0.010029 1.266700 -0.000894 0.939619 -0.342221 12.505900 0.010348 0.342212 0.939566 -0.277100 0.000000 0.000000 0.000000 1.000000
0.999947 -0.001841 -0.010135 1.266700 -0.001824 0.936725 -0.350061 12.505900 0.010138 0.350060 0.936672 -0.277100 0.000000 0.000000 0.000000 1.000000
0.999948 0.000264 -0.010231 1.266700 -0.003910 0.933658 -0.358144 12.505900 0.009457 0.358166 0.933610 -0.277100 0.000000 0.000000 0.000000 1.000000
0.999937 0.004357 -0.010379 1.266700 -0.007847 0.930848 -0.365322 12.505900 0.008070 0.365380 0.930823 -0.277100 0.000000 0.000000 0.000000 1.000000
0.999871 0.012150 -0.010525 1.266700 -0.015216 0.926541 -0.375885 12.505900 0.005185 0.375997 0.926607 -0.277100 0.000000 0.000000 0.000000 1.000000
0.999430 0.031897 -0.011060 1.266700 -0.033648 0.914497 -0.403192 12.505900 -0.002746 0.403334 0.915049 -0.277100 0.000000 0.000000 0.000000 1.000000
0.998301 0.057183 -0.011154 1.266700 -0.056612 0.906888 -0.417552 12.505900 -0.013761 0.417474 0.908585 -0.277100 0.000000 0.000000 0.000000 1.000000
0.996943 0.077309 -0.011266 1.266700 -0.074877 0.904344 -0.420185 12.505900 -0.022295 0.419744 0.907369 -0.277100 0.000000 0.000000 0.000000 1.000000
0.997748 0.066264 -0.010365 1.266700 -0.065289 0.924214 -0.376251 12.505900 -0.015352 0.376081 0.926460 -0.277100 0.000000 0.000000 0.000000 1.000000
0.999326 0.035303 -0.010059 1.266700 -0.036601 0.937361 -0.346431 12.505900 -0.002802 0.346566 0.938021 -0.277100 0.000000 0.000000 0.000000 1.000000
0.999920 0.007265 -0.010361 1.266700 -0.010554 0.930498 -0.366144 12.505900 0.006981 0.366224 0.930501 -0.277100 0.000000 0.000000 0.000000 1.000000
0.999895 -0.009437 -0.011026 1.266700 0.004165 0.914361 -0.404878 12.505900 0.013902 0.404789 0.914304 -0.277100 0.000000 0.000000 0.000000 1.000000
0.999743 -0.019684 -0.011230 1.266700 0.013219 0.909037 -0.416505 12.505900 0.018407 0.416250 0.909064 -0.277100 0.000000 0.000000 0.000000 1.000000
0.999594 -0.026336 -0.010862 1.266700 0.019753 0.915471 -0.401899 12.505900 0.020528 0.401522 0.915619 -0.277100 0.000000 0.000000 0.000000 1.000000
0.999546 -0.028111 -0.010879 1.266700 0.021337 0.914782 -0.403385 12.505900 0.021291 0.402969 0.914966 -0.277100 0.000000 0.000000 0.000000 1.000000
0.999623 -0.024573 -0.012276 1.266700 0.016261 0.889561 -0.456528 12.505900 0.022138 0.456156 0.889625 -0.277100 0.000000 0.000000 0.000000 1.000000
0.999682 -0.020143 -0.015153 1.266700 0.009034 0.847547 -0.530643 12.505900 0.023531 0.530337 0.847460 -0.277100 0.000000 0.000000 0.000000 1.000000
0.999643 -0.021726 -0.015533 1.266700 0.009935 0.842359 -0.538825 12.505900 0.024791 0.538479 0.842274 -0.277100 0.000000 0.000000 0.000000 1.000000
0.999484 -0.030020 -0.011444 1.266700 0.022246 0.903690 -0.427608 12.505900 0.023179 0.427133 0.903892 -0.277100 0.000000 0.000000 0.000000 1.000000
0.999223 -0.038223 -0.009583 1.266700 0.034720 0.968987 -0.244660 12.505900 0.018638 0.244138 0.969561 -0.277100 0.000000 0.000000 0.000000 1.000000
0.999027 -0.042557 -0.011596 1.266700 0.041116 0.993670 -0.104548 12.505900 0.015971 0.103969 0.994452 -0.277100 0.000000 0.000000 0.000000 1.000000
0.998790 -0.047449 -0.012897 1.266700 0.046645 0.997296 -0.056793 12.505900 0.015557 0.056123 0.998303 -0.277100 0.000000 0.000000 0.000000 1.000000
0.998575 -0.051942 -0.012227 1.266700 0.050819 0.995577 -0.079020 12.505900 0.016277 0.078286 0.996798 -0.277100 0.000000 0.000000 0.000000 1.000000
0.998700 -0.049759 -0.011078 1.266700 0.047976 0.990908 -0.125695 12.505900 0.017232 0.125000 0.992007 -0.277100 0.000000 0.000000 0.000000 1.000000
0.999274 -0.036628 -0.010498 1.266700 0.034503 0.986741 -0.158595 12.505900 0.016168 0.158117 0.987288 -0.277100 0.000000 0.000000 0.000000 1.000000
0.999897 -0.010035 -0.010289 1.266700 0.008081 0.984544 -0.174948 12.505900 0.011885 0.174847 0.984524 -0.277100 0.000000 0.000000 0.000000 1.000000
0.999576 0.027331 -0.010048 1.266700 -0.028721 0.982249 -0.185370 12.505900 0.004803 0.185580 0.982617 -0.277100 0.000000 0.000000 0.000000 1.000000
0.997735 0.066566 -0.009720 1.266700 -0.067214 0.980426 -0.185061 12.505900 -0.002789 0.185295 0.982679 -0.277100 0.000000 0.000000 0.000000 1.000000
0.995113 0.098293 -0.009431 1.266700 -0.098448 0.980201 -0.171795 12.505900 -0.007642 0.171884 0.985088 -0.277100 0.000000 0.000000 0.000000 1.000000
0.992978 0.117944 -0.009196 1.266700 -0.117868 0.979683 -0.162258 12.505900 -0.010128 0.162203 0.986705 -0.277100 0.000000 0.000000 0.000000 1.000000
0.991778 0.127661 -0.008881 1.266700 -0.127280 0.976862 -0.171871 12.505900 -0.013265 0.171588 0.985079 -0.277100 0.000000 0.000000 0.000000 1.000000
0.991114 0.132741 -0.008551 1.266700 -0.131854 0.971953 -0.194737 12.505900 -0.017538 0.194134 0.980818 -0.277100 0.000000 0.000000 0.000000 1.000000
0.990825 0.134889 -0.008400 1.266700 -0.133633 0.968525 -0.210004 12.505900 -0.020192 0.209200 0.977664 -0.277100 0.000000 0.000000 0.000000 1.000000
0.990985 0.133704 -0.008469 1.266700 -0.132629 0.970158 -0.202984 12.505900 -0.018923 0.202278 0.979145 -0.277100 0.000000 0.000000 0.000000 1.000000
0.990929 0.134116 -0.008569 1.266700 -0.133305 0.972849 -0.189194 12.505900 -0.017038 0.188620 0.981902 -0.277100 0.000000 0.000000 0.000000 1.000000
0.990286 0.138788 -0.008439 1.266700 -0.137807 0.971581 -0.192458 12.505900 -0.018512 0.191752 0.981269 -0.277100 0.000000 0.000000 0.000000 1.000000
0.990945 0.133998 -0.008478 1.266700 -0.132957 0.970541 -0.200930 12.505900 -0.018696 0.200238 0.979569 -0.277100 0.000000 0.000000 0.000000 1.000000
0.994746 0.101973 -0.009075 1.266700 -0.101703 0.974181 -0.201564 12.505900 -0.011713 0.201428 0.979433 -0.277100 0.000000 0.000000 0.000000 1.000000
0.998759 0.048855 -0.009643 1.266700 -0.049788 0.975898 -0.212472 12.505900 -0.000970 0.212689 0.977120 -0.277100 0.000000 0.000000 0.000000 1.000000
0.999951 0.001902 -0.009735 1.266700 -0.004095 0.973073 -0.230459 12.505900 0.009035 0.230488 0.973033 -0.277100 0.000000 0.000000 0.000000 1.000000
0.999695 -0.022684 -0.009780 1.266700 0.019974 0.975225 -0.220310 12.505900 0.014536 0.220048 0.975381 -0.277100 0.000000 0.000000 0.000000 1.000000
0.999514 -0.029508 -0.010038 1.266700 0.027031 0.980985 -0.192192 12.505900 0.015518 0.191827 0.981306 -0.277100 0.000000 0.000000 0.000000 1.000000
0.999623 -0.025612 -0.009844 1.266700 0.022948 0.977046 -0.211791 12.505900 0.015042 0.211485 0.977265 -0.277100 0.000000 0.000000 0.000000 1.000000
0.999860 -0.013675 -0.009637 1.266700 0.010258 0.956180 -0.292599 12.505900 0.013216 0.292459 0.956187 -0.277100 0.000000 0.000000 0.000000 1.000000
0.999947 -0.000193 -0.010336 1.266700 -0.003598 0.930810 -0.365485 12.505900 0.009692 0.365503 0.930760 -0.277100 0.000000 0.000000 0.000000 1.000000
0.999923 0.006406 -0.010673 1.266700 -0.010019 0.923022 -0.384617 12.505900 0.007387 0.384694 0.923015 -0.277100 0.000000 0.000000 0.000000 1.000000
0.999938 0.003972 -0.010436 1.266700 -0.007563 0.928490 -0.371281 12.505900 0.008216 0.371337 0.928462 -0.277100 0.000000 0.000000 0.000000 1.000000
0.999941 -0.003588 -0.010274 1.266700 -0.000374 0.932210 -0.361918 12.505900 0.010876 0.361901 0.932153 -0.277100 0.000000 0.000000 0.000000 1.000000
0.999884 -0.011294 -0.010261 1.266700 0.006800 0.931783 -0.362951 12.505900 0.013661 0.362839 0.931752 -0.277100 0.000000 0.000000 0.000000 1.000000
0.999820 -0.016038 -0.010186 1.266700 0.011312 0.933243 -0.359066 12.505900 0.015264 0.358886 0.933256 -0.277100 0.000000 0.000000 0.000000 1.000000
0.999801 -0.017242 -0.010009 1.266700 0.012722 0.938319 -0.345538 12.505900 0.015350 0.345342 0.938351 -0.277100 0.000000 0.000000 0.000000 1.000000
0.999824 -0.015910 -0.009899 1.266700 0.011681 0.942283 -0.334613 12.505900 0.014652 0.334438 0.942304 -0.277100 0.000000 0.000000 0.000000 1.000000
0.999863 -0.013271 -0.009919 1.266700 0.009174 0.941991 -0.335513 12.505900 0.013797 0.335376 0.941983 -0.277100 0.000000 0.000000 0.000000 1.000000
0.999895 -0.010407 -0.010034 1.266700 0.006305 0.938512 -0.345190 12.505900 0.013009 0.345091 0.938479 -0.277100 0.000000 0.000000 0.000000 1.000000
0.999913 -0.008363 -0.010162 1.266700 0.004202 0.934596 -0.355686 12.505900 0.012472 0.355613 0.934550 -0.277100 0.000000 0.000000 0.000000 1.000000
0.999923 -0.007014 -0.010243 1.266700 0.002849 0.932732 -0.360559 12.505900 0.012083 0.360502 0.932680 -0.277100 0.000000 0.000000 0.000000 1.000000
0.999927 -0.006537 -0.010190 1.266700 0.002492 0.934823 -0.355105 12.505900 0.011847 0.355053 0.934771 -0.277100 0.000000 0.000000 0.000000 1.000000
0.999929 -0.006375 -0.010086 1.266700 0.002490 0.938179 -0.346142 12.505900 0.011669 0.346092 0.938128 -0.277100 0.000000 0.000000 0.000000 1.000000
0.999930 -0.006339 -0.009968 1.266700 0.002619 0.941786 -0.336202 12.505900 0.011519 0.336153 0.941737 -0.277100 0.000000 0.000000 0.000000 1.000000
0.999932 -0.006235 -0.009869 1.266700 0.002655 0.944726 -0.327851 12.505900 0.011368 0.327803 0.944678 -0.277100 0.000000 0.000000 0.000000 1.000000
0.999933 -0.005987 -0.009865 1.266700 0.002429 0.944917 -0.327301 12.505900 0.011282 0.327255 0.944869 -0.277100 0.000000 0.000000 0.000000 1.000000
0.999937 -0.005421 -0.009878 1.266700 0.001872 0.944396 -0.328806 12.505900 0.011111 0.328767 0.944346 -0.277100 0.000000 0.000000 0.000000 1.000000
0.999939 -0.004811 -0.009895 1.266700 0.001269 0.943770 -0.330600 12.505900 0.010929 0.330567 0.943719 -0.277100 0.000000 0.000000 0.000000 1.000000
0.999942 -0.004182 -0.009915 1.266700 0.000648 0.943100 -0.332509 12.505900 0.010741 0.332483 0.943048 -0.277100 0.000000 0.000000 0.000000 1.000000
0.999944 -0.003563 -0.009937 1.266700 0.000035 0.942446 -0.334358 12.505900 0.010557 0.334339 0.942394 -0.277100 0.000000 0.000000 0.000000 1.000000</float_array>
        <technique_common>
          <accessor source="#mixamorig1_LeftHandRing1-Matrix-animation-output-transform-array" count="66" stride="16">
            <param type="float4x4"/>
          </accessor>
        </technique_common>
      </source>
      <source id="mixamorig1_LeftHandRing1-Interpolations">
        <Name_array id="mixamorig1_LeftHandRing1-Interpolations-array" count="66">
 LINEAR LINEAR LINEAR LINEAR LINEAR LINEAR LINEAR LINEAR LINEAR LINEAR LINEAR
LINEAR LINEAR LINEAR LINEAR LINEAR LINEAR LINEAR LINEAR LINEAR LINEAR LINEAR LINEAR
LINEAR LINEAR LINEAR LINEAR LINEAR LINEAR LINEAR LINEAR LINEAR LINEAR LINEAR LINEAR
LINEAR LINEAR LINEAR LINEAR LINEAR LINEAR LINEAR LINEAR LINEAR LINEAR LINEAR LINEAR
LINEAR LINEAR LINEAR LINEAR LINEAR LINEAR LINEAR LINEAR LINEAR LINEAR LINEAR LINEAR
LINEAR LINEAR LINEAR LINEAR LINEAR LINEAR LINEAR</Name_array>
        <technique_common>
          <accessor source="#mixamorig1_LeftHandRing1-Interpolations-array" count="66">
            <param type="name"/>
          </accessor>
        </technique_common>
      </source>
      <sampler id="mixamorig1_LeftHandRing1-Matrix-animation-transform">
        <input semantic="INPUT" source="#mixamorig1_LeftHandRing1-Matrix-animation-input"/>
        <input semantic="OUTPUT" source="#mixamorig1_LeftHandRing1-Matrix-animation-output-transform"/>
        <input semantic="INTERPOLATION" source="#mixamorig1_LeftHandRing1-Interpolations"/>
      </sampler>
      <channel source="#mixamorig1_LeftHandRing1-Matrix-animation-transform" target="mixamorig1_LeftHandRing1/matrix"/>
    </animation>
    <animation id="mixamorig1_LeftHandRing2-anim" name="mixamorig1_LeftHandRing2">
      <source id="mixamorig1_LeftHandRing2-Matrix-animation-input">
        <float_array id="mixamorig1_LeftHandRing2-Matrix-animation-input-array" count="66">

0.000000 0.033333 0.066667 0.100000 0.133333 0.166667 0.200000 0.233333 0.266667 0.300000 0.333333 0.366667 0.400000 0.433333 0.466667 0.500000
0.533333 0.566667 0.600000 0.633333 0.666667 0.700000 0.733333 0.766667 0.800000 0.833333 0.866667 0.900000 0.933333 0.966667 1.000000 1.033333
1.066667 1.100000 1.133333 1.166667 1.200000 1.233333 1.266667 1.300000 1.333333 1.366667 1.400000 1.433333 1.466667 1.500000 1.533333 1.566667
1.600000 1.633333 1.666667 1.700000 1.733333 1.766667 1.800000 1.833333 1.866667 1.900000 1.933333 1.966667 2.000000 2.033333 2.066667 2.100000
2.133333 2.166667</float_array>
        <technique_common>
          <accessor source="#mixamorig1_LeftHandRing2-Matrix-animation-input-array" count="66">
            <param name="TIME" type="float"/>
          </accessor>
        </technique_common>
      </source>
      <source id="mixamorig1_LeftHandRing2-Matrix-animation-output-transform">
        <float_array id="mixamorig1_LeftHandRing2-Matrix-animation-output-transform-array" count="1056">

0.998690 0.050383 -0.008989 -0.006600 -0.050295 0.933700 -0.354506 2.726100 -0.009468 0.354494 0.935010 0.000000 0.000000 0.000000 0.000000 1.000000
0.998684 0.050481 -0.009024 -0.006600 -0.050392 0.933451 -0.355147 2.726100 -0.009504 0.355135 0.934767 0.000000 0.000000 0.000000 0.000000 1.000000
0.998679 0.050579 -0.009060 -0.006600 -0.050490 0.933202 -0.355788 2.726100 -0.009541 0.355775 0.934523 -0.000000 0.000000 0.000000 0.000000 1.000000
0.998671 0.050726 -0.009113 -0.006600 -0.050637 0.932827 -0.356750 2.726100 -0.009595 0.356737 0.934156 0.000000 0.000000 0.000000 0.000000 1.000000
0.998658 0.050969 -0.009202 -0.006600 -0.050879 0.932205 -0.358337 2.726100 -0.009686 0.358324 0.933547 0.000000 0.000000 0.000000 0.000000 1.000000
0.998638 0.051323 -0.009332 -0.006600 -0.051232 0.931293 -0.360650 2.726100 -0.009819 0.360637 0.932655 0.000000 0.000000 0.000000 0.000000 1.000000
0.998603 0.051958 -0.009568 -0.006600 -0.051865 0.929642 -0.364795 2.726100 -0.010059 0.364782 0.931039 0.000000 0.000000 0.000000 0.000000 1.000000
0.998604 0.051941 -0.009563 -0.006600 -0.051849 0.929686 -0.364686 2.726100 -0.010052 0.364673 0.931081 -0.000000 0.000000 0.000000 0.000000 1.000000
0.998625 0.051576 -0.009426 -0.006600 -0.051484 0.930638 -0.362302 2.726100 -0.009914 0.362289 0.932013 0.000000 0.000000 0.000000 0.000000 1.000000
0.998704 0.050117 -0.008893 -0.006600 -0.050030 0.934371 -0.352773 2.726100 -0.009371 0.352760 0.935667 0.000000 0.000000 0.000000 0.000000 1.000000
0.998723 0.049748 -0.008761 -0.006600 -0.049662 0.935297 -0.350362 2.726100 -0.009236 0.350350 0.936573 0.000000 0.000000 0.000000 0.000000 1.000000
0.998617 0.051719 -0.009479 -0.006600 -0.051627 0.930266 -0.363236 2.726100 -0.009968 0.363223 0.931649 0.000000 0.000000 0.000000 0.000000 1.000000
0.998436 0.054867 -0.010691 -0.006600 -0.054765 0.921794 -0.383792 2.726100 -0.011203 0.383778 0.923358 0.000000 0.000000 0.000000 0.000000 1.000000
0.998298 0.057146 -0.011619 -0.006600 -0.057036 0.915320 -0.398669 2.726100 -0.012147 0.398653 0.917021 -0.000000 0.000000 0.000000 0.000000 1.000000
0.998214 0.058480 -0.012182 -0.006600 -0.058365 0.911396 -0.407370 2.726100 -0.012720 0.407354 0.913182 0.000000 0.000000 0.000000 0.000000 1.000000
0.998087 0.060440 -0.013038 -0.006600 -0.060319 0.905443 -0.420160 2.726100 -0.013590 0.420142 0.907357 0.000000 0.000000 0.000000 0.000000 1.000000
0.997869 0.063615 -0.014494 -0.006600 -0.063481 0.895325 -0.440866 2.726100 -0.015069 0.440847 0.897456 0.000000 0.000000 0.000000 0.000000 1.000000
0.997654 0.066573 -0.015932 -0.006600 -0.066428 0.885353 -0.460150 2.726100 -0.016528 0.460129 0.887698 0.000000 0.000000 0.000000 0.000000 1.000000
0.997632 0.066869 -0.016080 -0.006600 -0.066722 0.884328 -0.462073 2.726100 -0.016678 0.462052 0.886696 0.000000 0.000000 0.000000 0.000000 1.000000
0.997875 0.063538 -0.014458 -0.006600 -0.063405 0.895579 -0.440361 2.726100 -0.015032 0.440342 0.897704 0.000000 0.000000 0.000000 0.000000 1.000000
0.998190 0.058857 -0.012344 -0.006600 -0.058741 0.910269 -0.409828 2.726100 -0.012885 0.409812 0.912079 -0.000000 0.000000 0.000000 0.000000 1.000000
0.998398 0.055510 -0.010948 -0.006600 -0.055406 0.919997 -0.387989 2.726100 -0.011465 0.387974 0.921599 0.000000 0.000000 0.000000 0.000000 1.000000
0.998521 0.053410 -0.010120 -0.006600 -0.053312 0.925783 -0.374277 2.726100 -0.010621 0.374263 0.927262 0.000000 0.000000 0.000000 0.000000 1.000000
0.998598 0.052053 -0.009603 -0.006600 -0.051960 0.929394 -0.365414 2.726100 -0.010095 0.365401 0.930795 0.000000 0.000000 0.000000 0.000000 1.000000
0.998610 0.051836 -0.009522 -0.006600 -0.051744 0.929961 -0.363999 2.726100 -0.010013 0.363986 0.931350 0.000000 0.000000 0.000000 0.000000 1.000000
0.998584 0.052308 -0.009699 -0.006600 -0.052214 0.928723 -0.367081 2.726100 -0.010193 0.367067 0.930139 0.000000 0.000000 0.000000 0.000000 1.000000
0.998568 0.052591 -0.009806 -0.006600 -0.052496 0.927975 -0.368927 2.726100 -0.010302 0.368914 0.929406 0.000000 0.000000 0.000000 0.000000 1.000000
0.998567 0.052614 -0.009816 -0.006600 -0.052520 0.927911 -0.369085 2.726100 -0.010311 0.369071 0.929344 0.000000 0.000000 0.000000 0.000000 1.000000
0.998568 0.052593 -0.009807 -0.006600 -0.052498 0.927969 -0.368942 2.726100 -0.010303 0.368929 0.929401 0.000000 0.000000 0.000000 0.000000 1.000000
0.998578 0.052421 -0.009742 -0.006600 -0.052327 0.928424 -0.367820 2.726100 -0.010237 0.367806 0.929846 -0.000000 0.000000 0.000000 0.000000 1.000000
0.998600 0.052015 -0.009589 -0.006600 -0.051922 0.929492 -0.365169 2.726100 -0.010081 0.365156 0.930892 0.000000 0.000000 0.000000 0.000000 1.000000
0.998624 0.051583 -0.009428 -0.006600 -0.051491 0.930621 -0.362345 2.726100 -0.009917 0.362332 0.931996 0.000000 0.000000 0.000000 0.000000 1.000000
0.998642 0.051267 -0.009311 -0.006600 -0.051176 0.931439 -0.360282 2.726100 -0.009798 0.360269 0.932797 -0.000000 0.000000 0.000000 0.000000 1.000000
0.998663 0.050879 -0.009169 -0.006600 -0.050789 0.932436 -0.357747 2.726100 -0.009652 0.357735 0.933773 0.000000 0.000000 0.000000 0.000000 1.000000
0.998692 0.050330 -0.008970 -0.006600 -0.050242 0.933833 -0.354162 2.726100 -0.009449 0.354150 0.935141 -0.000000 0.000000 0.000000 0.000000 1.000000
0.998701 0.050170 -0.008912 -0.006600 -0.050082 0.934239 -0.353114 2.726100 -0.009390 0.353101 0.935538 -0.000000 0.000000 0.000000 0.000000 1.000000
0.998658 0.050963 -0.009200 -0.006600 -0.050873 0.932220 -0.358298 2.726100 -0.009684 0.358286 0.933562 0.000000 0.000000 0.000000 0.000000 1.000000
0.998591 0.052175 -0.009650 -0.006600 -0.052082 0.929071 -0.366216 2.726100 -0.010142 0.366202 0.930480 0.000000 0.000000 0.000000 0.000000 1.000000
0.998556 0.052797 -0.009885 -0.006600 -0.052701 0.927427 -0.370272 2.726100 -0.010382 0.370259 0.928871 0.000000 0.000000 0.000000 0.000000 1.000000
0.998562 0.052695 -0.009846 -0.006600 -0.052600 0.927697 -0.369611 2.726100 -0.010343 0.369597 0.929135 0.000000 0.000000 0.000000 0.000000 1.000000
0.998591 0.052180 -0.009651 -0.006600 -0.052086 0.929059 -0.366247 2.726100 -0.010144 0.366234 0.930468 -0.000000 0.000000 0.000000 0.000000 1.000000
0.998647 0.051177 -0.009278 -0.006600 -0.051087 0.931670 -0.359695 2.726100 -0.009764 0.359682 0.933024 0.000000 0.000000 0.000000 0.000000 1.000000
0.998707 0.050055 -0.008870 -0.006600 -0.049968 0.934528 -0.352363 2.726100 -0.009348 0.352351 0.935821 -0.000000 0.000000 0.000000 0.000000 1.000000
0.998716 0.049892 -0.008812 -0.006600 -0.049805 0.934936 -0.351303 2.726100 -0.009288 0.351291 0.936220 -0.000000 0.000000 0.000000 0.000000 1.000000
0.998667 0.050802 -0.009141 -0.006600 -0.050713 0.932633 -0.357246 2.726100 -0.009623 0.357233 0.933966 -0.000000 0.000000 0.000000 0.000000 1.000000
0.998620 0.051654 -0.009455 -0.006600 -0.051562 0.930435 -0.362812 2.726100 -0.009944 0.362798 0.931815 0.000000 0.000000 0.000000 0.000000 1.000000
0.998613 0.051787 -0.009504 -0.006600 -0.051695 0.930088 -0.363682 2.726100 -0.009994 0.363669 0.931475 0.000000 0.000000 0.000000 0.000000 1.000000
0.998630 0.051470 -0.009386 -0.006600 -0.051378 0.930914 -0.361607 2.726100 -0.009874 0.361594 0.932283 0.000000 0.000000 0.000000 0.000000 1.000000
0.998652 0.051081 -0.009243 -0.006600 -0.050991 0.931916 -0.359071 2.726100 -0.009728 0.359058 0.933265 0.000000 0.000000 0.000000 0.000000 1.000000
0.998668 0.050789 -0.009136 -0.006600 -0.050699 0.932667 -0.357159 2.726100 -0.009619 0.357146 0.933999 0.000000 0.000000 0.000000 0.000000 1.000000
0.998674 0.050677 -0.009095 -0.006600 -0.050588 0.932952 -0.356429 2.726100 -0.009577 0.356416 0.934278 -0.000000 0.000000 0.000000 0.000000 1.000000
0.998671 0.050729 -0.009114 -0.006600 -0.050640 0.932819 -0.356770 2.726100 -0.009597 0.356757 0.934148 -0.000000 0.000000 0.000000 0.000000 1.000000
0.998666 0.050813 -0.009145 -0.006600 -0.050724 0.932603 -0.357321 2.726100 -0.009628 0.357308 0.933937 0.000000 0.000000 0.000000 0.000000 1.000000
0.998666 0.050818 -0.009146 -0.006600 -0.050728 0.932593 -0.357348 2.726100 -0.009630 0.357335 0.933927 -0.000000 0.000000 0.000000 0.000000 1.000000
0.998670 0.050740 -0.009119 -0.006600 -0.050651 0.932790 -0.356842 2.726100 -0.009600 0.356830 0.934120 0.000000 0.000000 0.000000 0.000000 1.000000
0.998675 0.050644 -0.009084 -0.006600 -0.050556 0.933034 -0.356218 2.726100 -0.009565 0.356205 0.934359 0.000000 0.000000 0.000000 0.000000 1.000000
0.998680 0.050564 -0.009054 -0.006600 -0.050475 0.933240 -0.355690 2.726100 -0.009535 0.355677 0.934560 0.000000 0.000000 0.000000 0.000000 1.000000
0.998682 0.050515 -0.009037 -0.006600 -0.050426 0.933365 -0.355369 2.726100 -0.009517 0.355357 0.934682 0.000000 0.000000 0.000000 0.000000 1.000000
0.998685 0.050475 -0.009022 -0.006600 -0.050387 0.933465 -0.355111 2.726100 -0.009502 0.355099 0.934781 -0.000000 0.000000 0.000000 0.000000 1.000000
0.998686 0.050442 -0.009010 -0.006600 -0.050353 0.933551 -0.354891 2.726100 -0.009490 0.354878 0.934864 0.000000 0.000000 0.000000 0.000000 1.000000
0.998688 0.050410 -0.008998 -0.006600 -0.050322 0.933632 -0.354683 2.726100 -0.009478 0.354670 0.934943 -0.000000 0.000000 0.000000 0.000000 1.000000
0.998688 0.050403 -0.008996 -0.006600 -0.050315 0.933648 -0.354640 2.726100 -0.009476 0.354628 0.934960 0.000000 0.000000 0.000000 0.000000 1.000000
0.998689 0.050398 -0.008994 -0.006600 -0.050310 0.933661 -0.354606 2.726100 -0.009474 0.354593 0.934973 0.000000 0.000000 0.000000 0.000000 1.000000
0.998689 0.050393 -0.008992 -0.006600 -0.050305 0.933674 -0.354573 2.726100 -0.009472 0.354560 0.934985 -0.000000 0.000000 0.000000 0.000000 1.000000
0.998689 0.050388 -0.008990 -0.006600 -0.050300 0.933687 -0.354540 2.726100 -0.009470 0.354527 0.934998 -0.000000 0.000000 0.000000 0.000000 1.000000
0.998690 0.050383 -0.008988 -0.006600 -0.050295 0.933700 -0.354507 2.726100 -0.009468 0.354494 0.935010 0.000000 0.000000 0.000000 0.000000 1.000000</float_array>
        <technique_common>
          <accessor source="#mixamorig1_LeftHandRing2-Matrix-animation-output-transform-array" count="66" stride="16">
            <param type="float4x4"/>
          </accessor>
        </technique_common>
      </source>
      <source id="mixamorig1_LeftHandRing2-Interpolations">
        <Name_array id="mixamorig1_LeftHandRing2-Interpolations-array" count="66">
 LINEAR LINEAR LINEAR LINEAR LINEAR LINEAR LINEAR LINEAR LINEAR LINEAR LINEAR
LINEAR LINEAR LINEAR LINEAR LINEAR LINEAR LINEAR LINEAR LINEAR LINEAR LINEAR LINEAR
LINEAR LINEAR LINEAR LINEAR LINEAR LINEAR LINEAR LINEAR LINEAR LINEAR LINEAR LINEAR
LINEAR LINEAR LINEAR LINEAR LINEAR LINEAR LINEAR LINEAR LINEAR LINEAR LINEAR LINEAR
LINEAR LINEAR LINEAR LINEAR LINEAR LINEAR LINEAR LINEAR LINEAR LINEAR LINEAR LINEAR
LINEAR LINEAR LINEAR LINEAR LINEAR LINEAR LINEAR</Name_array>
        <technique_common>
          <accessor source="#mixamorig1_LeftHandRing2-Interpolations-array" count="66">
            <param type="name"/>
          </accessor>
        </technique_common>
      </source>
      <sampler id="mixamorig1_LeftHandRing2-Matrix-animation-transform">
        <input semantic="INPUT" source="#mixamorig1_LeftHandRing2-Matrix-animation-input"/>
        <input semantic="OUTPUT" source="#mixamorig1_LeftHandRing2-Matrix-animation-output-transform"/>
        <input semantic="INTERPOLATION" source="#mixamorig1_LeftHandRing2-Interpolations"/>
      </sampler>
      <channel source="#mixamorig1_LeftHandRing2-Matrix-animation-transform" target="mixamorig1_LeftHandRing2/matrix"/>
    </animation>
    <animation id="mixamorig1_LeftHandRing3-anim" name="mixamorig1_LeftHandRing3">
      <source id="mixamorig1_LeftHandRing3-Matrix-animation-input">
        <float_array id="mixamorig1_LeftHandRing3-Matrix-animation-input-array" count="66">

0.000000 0.033333 0.066667 0.100000 0.133333 0.166667 0.200000 0.233333 0.266667 0.300000 0.333333 0.366667 0.400000 0.433333 0.466667 0.500000
0.533333 0.566667 0.600000 0.633333 0.666667 0.700000 0.733333 0.766667 0.800000 0.833333 0.866667 0.900000 0.933333 0.966667 1.000000 1.033333
1.066667 1.100000 1.133333 1.166667 1.200000 1.233333 1.266667 1.300000 1.333333 1.366667 1.400000 1.433333 1.466667 1.500000 1.533333 1.566667
1.600000 1.633333 1.666667 1.700000 1.733333 1.766667 1.800000 1.833333 1.866667 1.900000 1.933333 1.966667 2.000000 2.033333 2.066667 2.100000
2.133333 2.166667</float_array>
        <technique_common>
          <accessor source="#mixamorig1_LeftHandRing3-Matrix-animation-input-array" count="66">
            <param name="TIME" type="float"/>
          </accessor>
        </technique_common>
      </source>
      <source id="mixamorig1_LeftHandRing3-Matrix-animation-output-transform">
        <float_array id="mixamorig1_LeftHandRing3-Matrix-animation-output-transform-array" count="1056">

0.998905 0.046153 -0.007640 0.003400 -0.046285 0.951319 -0.304714 2.620300 -0.006795 0.304734 0.952413 0.000000 0.000000 0.000000 0.000000 1.000000
0.998900 0.046253 -0.007673 0.003400 -0.046386 0.951103 -0.305372 2.620300 -0.006827 0.305392 0.952202 0.000000 0.000000 0.000000 0.000000 1.000000
0.998895 0.046353 -0.007706 0.003400 -0.046486 0.950886 -0.306030 2.620300 -0.006858 0.306051 0.951991 0.000000 0.000000 0.000000 0.000000 1.000000
0.998888 0.046501 -0.007755 0.003400 -0.046635 0.950564 -0.307006 2.620300 -0.006904 0.307026 0.951676 0.000000 0.000000 0.000000 0.000000 1.000000
0.998876 0.046741 -0.007835 0.003400 -0.046877 0.950039 -0.308590 2.620300 -0.006980 0.308611 0.951163 0.000000 0.000000 0.000000 0.000000 1.000000
0.998859 0.047093 -0.007954 0.003400 -0.047231 0.949265 -0.310911 2.620300 -0.007092 0.310932 0.950406 -0.000000 0.000000 0.000000 0.000000 1.000000
0.998827 0.047736 -0.008172 0.003400 -0.047877 0.947835 -0.315147 2.620300 -0.007298 0.315168 0.949008 0.000000 0.000000 0.000000 0.000000 1.000000
0.998827 0.047735 -0.008172 0.003400 -0.047876 0.947838 -0.315137 2.620300 -0.007297 0.315159 0.949011 -0.000000 0.000000 0.000000 0.000000 1.000000
0.998844 0.047380 -0.008051 0.003400 -0.047519 0.948629 -0.312802 2.620300 -0.007184 0.312823 0.949784 -0.000000 0.000000 0.000000 0.000000 1.000000
0.998917 0.045902 -0.007558 0.003400 -0.046033 0.951859 -0.303061 2.620300 -0.006717 0.303080 0.952941 -0.000000 0.000000 0.000000 0.000000 1.000000
0.998936 0.045513 -0.007430 0.003400 -0.045641 0.952692 -0.300492 2.620300 -0.006597 0.300511 0.953755 0.000000 0.000000 0.000000 0.000000 1.000000
0.998839 0.047499 -0.008091 0.003400 -0.047639 0.948364 -0.313587 2.620300 -0.007222 0.313608 0.949525 -0.000000 0.000000 0.000000 0.000000 1.000000
0.998672 0.050697 -0.009219 0.003400 -0.050857 0.940962 -0.334669 2.620300 -0.008292 0.334693 0.942291 -0.000000 0.000000 0.000000 0.000000 1.000000
0.998542 0.053022 -0.010090 0.003400 -0.053197 0.935238 -0.350001 2.620300 -0.009121 0.350027 0.936695 0.000000 0.000000 0.000000 0.000000 1.000000
0.998464 0.054382 -0.010619 0.003400 -0.054566 0.931755 -0.358964 2.620300 -0.009626 0.358992 0.933291 0.000000 0.000000 0.000000 0.000000 1.000000
0.998345 0.056369 -0.011421 0.003400 -0.056567 0.926480 -0.372068 2.620300 -0.010392 0.372098 0.928135 0.000000 0.000000 0.000000 0.000000 1.000000
0.998141 0.059591 -0.012791 0.003400 -0.059814 0.917451 -0.393328 2.620300 -0.011704 0.393362 0.919309 0.000000 0.000000 0.000000 0.000000 1.000000
0.997938 0.062602 -0.014151 0.003400 -0.062849 0.908471 -0.413195 2.620300 -0.013011 0.413233 0.910532 0.000000 0.000000 0.000000 0.000000 1.000000
0.997917 0.062907 -0.014294 0.003400 -0.063156 0.907534 -0.415203 2.620300 -0.013147 0.415241 0.909617 0.000000 0.000000 0.000000 0.000000 1.000000
0.998146 0.059516 -0.012758 0.003400 -0.059738 0.917669 -0.392829 2.620300 -0.011672 0.392862 0.919523 0.000000 0.000000 0.000000 0.000000 1.000000
0.998442 0.054746 -0.010764 0.003400 -0.054933 0.930804 -0.361367 2.620300 -0.009764 0.361395 0.932362 -0.000000 0.000000 0.000000 0.000000 1.000000
0.998637 0.051338 -0.009455 0.003400 -0.051502 0.939413 -0.338897 2.620300 -0.008516 0.338922 0.940776 -0.000000 0.000000 0.000000 0.000000 1.000000
0.998751 0.049213 -0.008685 0.003400 -0.049364 0.944465 -0.324884 2.620300 -0.007785 0.324907 0.945714 0.000000 0.000000 0.000000 0.000000 1.000000
0.998821 0.047851 -0.008211 0.003400 -0.047993 0.947576 -0.315904 2.620300 -0.007336 0.315926 0.948755 0.000000 0.000000 0.000000 0.000000 1.000000
0.998832 0.047638 -0.008138 0.003400 -0.047779 0.948054 -0.314500 2.620300 -0.007267 0.314522 0.949222 0.000000 0.000000 0.000000 0.000000 1.000000
0.998807 0.048112 -0.008301 0.003400 -0.048255 0.946989 -0.317621 2.620300 -0.007421 0.317643 0.948181 0.000000 0.000000 0.000000 0.000000 1.000000
0.998793 0.048389 -0.008397 0.003400 -0.048534 0.946359 -0.319452 2.620300 -0.007512 0.319474 0.947565 0.000000 0.000000 0.000000 0.000000 1.000000
0.998792 0.048409 -0.008404 0.003400 -0.048554 0.946313 -0.319583 2.620300 -0.007518 0.319605 0.947521 -0.000000 0.000000 0.000000 0.000000 1.000000
0.998793 0.048391 -0.008398 0.003400 -0.048537 0.946353 -0.319468 2.620300 -0.007512 0.319490 0.947560 0.000000 0.000000 0.000000 0.000000 1.000000
0.998802 0.048227 -0.008340 0.003400 -0.048371 0.946728 -0.318380 2.620300 -0.007458 0.318402 0.947926 -0.000000 0.000000 0.000000 0.000000 1.000000
0.998822 0.047820 -0.008201 0.003400 -0.047962 0.947645 -0.315703 2.620300 -0.007326 0.315724 0.948823 0.000000 0.000000 0.000000 0.000000 1.000000
0.998844 0.047382 -0.008051 0.003400 -0.047522 0.948624 -0.312818 2.620300 -0.007184 0.312839 0.949779 -0.000000 0.000000 0.000000 0.000000 1.000000
0.998860 0.047066 -0.007944 0.003400 -0.047203 0.949327 -0.310726 2.620300 -0.007083 0.310747 0.950466 0.000000 0.000000 0.000000 0.000000 1.000000
0.998879 0.046678 -0.007814 0.003400 -0.046813 0.950177 -0.308175 2.620300 -0.006960 0.308196 0.951297 0.000000 0.000000 0.000000 0.000000 1.000000
0.998906 0.046127 -0.007631 0.003400 -0.046259 0.951375 -0.304541 2.620300 -0.006787 0.304561 0.952469 0.000000 0.000000 0.000000 0.000000 1.000000
0.998914 0.045966 -0.007579 0.003400 -0.046097 0.951722 -0.303480 2.620300 -0.006737 0.303500 0.952808 0.000000 0.000000 0.000000 0.000000 1.000000
0.998875 0.046769 -0.007845 0.003400 -0.046904 0.949979 -0.308772 2.620300 -0.006989 0.308792 0.951104 0.000000 0.000000 0.000000 0.000000 1.000000
0.998813 0.047994 -0.008260 0.003400 -0.048137 0.947255 -0.316845 2.620300 -0.007382 0.316867 0.948441 -0.000000 0.000000 0.000000 0.000000 1.000000
0.998782 0.048616 -0.008476 0.003400 -0.048763 0.945840 -0.320950 2.620300 -0.007587 0.320972 0.947058 0.000000 0.000000 0.000000 0.000000 1.000000
0.998787 0.048502 -0.008436 0.003400 -0.048648 0.946101 -0.320197 2.620300 -0.007549 0.320219 0.947314 0.000000 0.000000 0.000000 0.000000 1.000000
0.998815 0.047970 -0.008252 0.003400 -0.048113 0.947308 -0.316691 2.620300 -0.007374 0.316713 0.948493 0.000000 0.000000 0.000000 0.000000 1.000000
0.998866 0.046953 -0.007906 0.003400 -0.047090 0.949574 -0.309987 2.620300 -0.007047 0.310008 0.950708 0.000000 0.000000 0.000000 0.000000 1.000000
0.998921 0.045823 -0.007531 0.003400 -0.045953 0.952030 -0.302534 2.620300 -0.006693 0.302554 0.953109 -0.000000 0.000000 0.000000 0.000000 1.000000
0.998929 0.045662 -0.007479 0.003400 -0.045791 0.952373 -0.301477 2.620300 -0.006643 0.301496 0.953444 0.000000 0.000000 0.000000 0.000000 1.000000
0.998884 0.046581 -0.007782 0.003400 -0.046715 0.950390 -0.307534 2.620300 -0.006929 0.307555 0.951505 0.000000 0.000000 0.000000 0.000000 1.000000
0.998842 0.047438 -0.008070 0.003400 -0.047578 0.948499 -0.313186 2.620300 -0.007202 0.313207 0.949657 -0.000000 0.000000 0.000000 0.000000 1.000000
0.998835 0.047570 -0.008115 0.003400 -0.047710 0.948206 -0.314053 2.620300 -0.007245 0.314074 0.949371 -0.000000 0.000000 0.000000 0.000000 1.000000
0.998851 0.047250 -0.008006 0.003400 -0.047388 0.948919 -0.311941 2.620300 -0.007142 0.311962 0.950068 0.000000 0.000000 0.000000 0.000000 1.000000
0.998870 0.046863 -0.007876 0.003400 -0.046999 0.949773 -0.309389 2.620300 -0.007018 0.309410 0.950903 0.000000 0.000000 0.000000 0.000000 1.000000
0.998885 0.046574 -0.007779 0.003400 -0.046708 0.950406 -0.307485 2.620300 -0.006927 0.307505 0.951521 0.000000 0.000000 0.000000 0.000000 1.000000
0.998890 0.046465 -0.007743 0.003400 -0.046599 0.950643 -0.306767 2.620300 -0.006893 0.306787 0.951753 0.000000 0.000000 0.000000 0.000000 1.000000
0.998887 0.046517 -0.007761 0.003400 -0.046651 0.950530 -0.307109 2.620300 -0.006909 0.307129 0.951643 -0.000000 0.000000 0.000000 0.000000 1.000000
0.998883 0.046599 -0.007788 0.003400 -0.046733 0.950351 -0.307651 2.620300 -0.006935 0.307671 0.951467 0.000000 0.000000 0.000000 0.000000 1.000000
0.998883 0.046600 -0.007789 0.003400 -0.046735 0.950347 -0.307662 2.620300 -0.006935 0.307683 0.951464 0.000000 0.000000 0.000000 0.000000 1.000000
0.998887 0.046521 -0.007762 0.003400 -0.046655 0.950521 -0.307138 2.620300 -0.006911 0.307159 0.951633 0.000000 0.000000 0.000000 0.000000 1.000000
0.998892 0.046424 -0.007730 0.003400 -0.046558 0.950732 -0.306499 2.620300 -0.006880 0.306519 0.951840 0.000000 0.000000 0.000000 0.000000 1.000000
0.998896 0.046342 -0.007703 0.003400 -0.046475 0.950910 -0.305958 2.620300 -0.006854 0.305978 0.952014 0.000000 0.000000 0.000000 0.000000 1.000000
0.998898 0.046291 -0.007686 0.003400 -0.046424 0.951020 -0.305624 2.620300 -0.006838 0.305644 0.952121 0.000000 0.000000 0.000000 0.000000 1.000000
0.998900 0.046250 -0.007672 0.003400 -0.046383 0.951109 -0.305353 2.620300 -0.006826 0.305373 0.952208 0.000000 0.000000 0.000000 0.000000 1.000000
0.998902 0.046215 -0.007660 0.003400 -0.046347 0.951185 -0.305121 2.620300 -0.006815 0.305141 0.952283 0.000000 0.000000 0.000000 0.000000 1.000000
0.998904 0.046182 -0.007649 0.003400 -0.046314 0.951257 -0.304902 2.620300 -0.006804 0.304922 0.952353 0.000000 0.000000 0.000000 0.000000 1.000000
0.998904 0.046175 -0.007647 0.003400 -0.046307 0.951272 -0.304857 2.620300 -0.006802 0.304877 0.952368 0.000000 0.000000 0.000000 0.000000 1.000000
0.998904 0.046169 -0.007646 0.003400 -0.046301 0.951284 -0.304820 2.620300 -0.006800 0.304840 0.952379 -0.000000 0.000000 0.000000 0.000000 1.000000
0.998905 0.046164 -0.007644 0.003400 -0.046296 0.951296 -0.304784 2.620300 -0.006799 0.304804 0.952391 -0.000000 0.000000 0.000000 0.000000 1.000000
0.998905 0.046159 -0.007642 0.003400 -0.046291 0.951307 -0.304749 2.620300 -0.006797 0.304769 0.952402 -0.000000 0.000000 0.000000 0.000000 1.000000
0.998905 0.046153 -0.007640 0.003400 -0.046285 0.951319 -0.304714 2.620300 -0.006795 0.304734 0.952413 0.000000 0.000000 0.000000 0.000000 1.000000</float_array>
        <technique_common>
          <accessor source="#mixamorig1_LeftHandRing3-Matrix-animation-output-transform-array" count="66" stride="16">
            <param type="float4x4"/>
          </accessor>
        </technique_common>
      </source>
      <source id="mixamorig1_LeftHandRing3-Interpolations">
        <Name_array id="mixamorig1_LeftHandRing3-Interpolations-array" count="66">
 LINEAR LINEAR LINEAR LINEAR LINEAR LINEAR LINEAR LINEAR LINEAR LINEAR LINEAR
LINEAR LINEAR LINEAR LINEAR LINEAR LINEAR LINEAR LINEAR LINEAR LINEAR LINEAR LINEAR
LINEAR LINEAR LINEAR LINEAR LINEAR LINEAR LINEAR LINEAR LINEAR LINEAR LINEAR LINEAR
LINEAR LINEAR LINEAR LINEAR LINEAR LINEAR LINEAR LINEAR LINEAR LINEAR LINEAR LINEAR
LINEAR LINEAR LINEAR LINEAR LINEAR LINEAR LINEAR LINEAR LINEAR LINEAR LINEAR LINEAR
LINEAR LINEAR LINEAR LINEAR LINEAR LINEAR LINEAR</Name_array>
        <technique_common>
          <accessor source="#mixamorig1_LeftHandRing3-Interpolations-array" count="66">
            <param type="name"/>
          </accessor>
        </technique_common>
      </source>
      <sampler id="mixamorig1_LeftHandRing3-Matrix-animation-transform">
        <input semantic="INPUT" source="#mixamorig1_LeftHandRing3-Matrix-animation-input"/>
        <input semantic="OUTPUT" source="#mixamorig1_LeftHandRing3-Matrix-animation-output-transform"/>
        <input semantic="INTERPOLATION" source="#mixamorig1_LeftHandRing3-Interpolations"/>
      </sampler>
      <channel source="#mixamorig1_LeftHandRing3-Matrix-animation-transform" target="mixamorig1_LeftHandRing3/matrix"/>
    </animation>
    <animation id="mixamorig1_LeftHandPinky1-anim" name="mixamorig1_LeftHandPinky1">
      <source id="mixamorig1_LeftHandPinky1-Matrix-animation-input">
        <float_array id="mixamorig1_LeftHandPinky1-Matrix-animation-input-array" count="66">

0.000000 0.033333 0.066667 0.100000 0.133333 0.166667 0.200000 0.233333 0.266667 0.300000 0.333333 0.366667 0.400000 0.433333 0.466667 0.500000
0.533333 0.566667 0.600000 0.633333 0.666667 0.700000 0.733333 0.766667 0.800000 0.833333 0.866667 0.900000 0.933333 0.966667 1.000000 1.033333
1.066667 1.100000 1.133333 1.166667 1.200000 1.233333 1.266667 1.300000 1.333333 1.366667 1.400000 1.433333 1.466667 1.500000 1.533333 1.566667
1.600000 1.633333 1.666667 1.700000 1.733333 1.766667 1.800000 1.833333 1.866667 1.900000 1.933333 1.966667 2.000000 2.033333 2.066667 2.100000
2.133333 2.166667</float_array>
        <technique_common>
          <accessor source="#mixamorig1_LeftHandPinky1-Matrix-animation-input-array" count="66">
            <param name="TIME" type="float"/>
          </accessor>
        </technique_common>
      </source>
      <source id="mixamorig1_LeftHandPinky1-Matrix-animation-output-transform">
        <float_array id="mixamorig1_LeftHandPinky1-Matrix-animation-output-transform-array" count="1056">

0.999435 0.030977 -0.013029 3.246800 -0.033572 0.903072 -0.428175 11.102000 -0.001497 0.428371 0.903602 -0.112800 0.000000 0.000000 0.000000 1.000000
0.999501 0.028600 -0.013392 3.246800 -0.031578 0.900173 -0.434387 11.102000 -0.000368 0.434593 0.900627 -0.112800 0.000000 0.000000 0.000000 1.000000
0.999562 0.026220 -0.013723 3.246800 -0.029584 0.897226 -0.440580 11.102000 0.000761 0.440793 0.897608 -0.112800 0.000000 0.000000 0.000000 1.000000
0.999625 0.023575 -0.013912 3.246800 -0.027302 0.895560 -0.444103 11.102000 0.001989 0.444317 0.895868 -0.112800 0.000000 0.000000 0.000000 1.000000
0.999714 0.019520 -0.013809 3.246800 -0.023606 0.897679 -0.440017 11.102000 0.003807 0.440217 0.897883 -0.112800 0.000000 0.000000 0.000000 1.000000
0.999768 0.016672 -0.013666 3.246800 -0.020956 0.900304 -0.434756 11.102000 0.005055 0.434941 0.900445 -0.112800 0.000000 0.000000 0.000000 1.000000
0.999658 0.022243 -0.013721 3.246800 -0.026015 0.897100 -0.441062 11.102000 0.002499 0.441268 0.897372 -0.112800 0.000000 0.000000 0.000000 1.000000
0.998193 0.058693 -0.012868 3.246800 -0.057885 0.881856 -0.467953 11.102000 -0.016118 0.467852 0.883660 -0.112800 0.000000 0.000000 0.000000 1.000000
0.995130 0.097583 -0.013946 3.246800 -0.091649 0.863819 -0.495396 11.102000 -0.036295 0.494261 0.868555 -0.112800 0.000000 0.000000 0.000000 1.000000
0.992912 0.118088 -0.013466 3.246800 -0.108644 0.855840 -0.505703 11.102000 -0.048193 0.503581 0.862603 -0.112800 0.000000 0.000000 0.000000 1.000000
0.996568 0.081266 -0.015750 3.246800 -0.077883 0.856051 -0.510990 11.102000 -0.028043 0.510463 0.859442 -0.112800 0.000000 0.000000 0.000000 1.000000
0.999754 0.006010 -0.021346 3.246800 -0.016282 0.852437 -0.522576 11.102000 0.015055 0.522795 0.852325 -0.112800 0.000000 0.000000 0.000000 1.000000
0.998251 -0.053091 -0.026018 3.246800 0.031518 0.850174 -0.525557 11.102000 0.050022 0.523818 0.850360 -0.112800 0.000000 0.000000 0.000000 1.000000
0.997290 -0.068501 -0.026825 3.246800 0.045293 0.859066 -0.509857 11.102000 0.057971 0.507261 0.859841 -0.112800 0.000000 0.000000 0.000000 1.000000
0.997540 -0.064890 -0.026529 3.246800 0.042787 0.863324 -0.502833 11.102000 0.055531 0.500461 0.863977 -0.112800 0.000000 0.000000 0.000000 1.000000
0.997148 -0.069284 -0.029932 3.246800 0.041472 0.834351 -0.549672 11.102000 0.063057 0.546862 0.834844 -0.112800 0.000000 0.000000 0.000000 1.000000
0.996078 -0.079492 -0.038851 3.246800 0.035332 0.759939 -0.649034 11.102000 0.081117 0.645115 0.759767 -0.112800 0.000000 0.000000 0.000000 1.000000
0.995339 -0.083281 -0.048618 3.246800 0.020931 0.678715 -0.734103 11.102000 0.094134 0.729664 0.677295 -0.112800 0.000000 0.000000 0.000000 1.000000
0.996425 -0.069492 -0.048034 3.246800 0.011344 0.673519 -0.739083 11.102000 0.083712 0.735896 0.671900 -0.112800 0.000000 0.000000 0.000000 1.000000
0.998817 -0.034775 -0.033993 3.246800 0.004734 0.765238 -0.643731 11.102000 0.048398 0.642808 0.764497 -0.112800 0.000000 0.000000 0.000000 1.000000
0.999823 0.003021 -0.018545 3.246800 -0.011729 0.871401 -0.490431 11.102000 0.014678 0.490562 0.871282 -0.112800 0.000000 0.000000 0.000000 1.000000
0.999704 0.021583 -0.011246 3.246800 -0.024223 0.927169 -0.373860 11.102000 0.002358 0.374021 0.927417 -0.112800 0.000000 0.000000 0.000000 1.000000
0.999826 0.015195 -0.010805 3.246800 -0.017940 0.941865 -0.335511 11.102000 0.005078 0.335646 0.941974 -0.112800 0.000000 0.000000 0.000000 1.000000
0.999847 -0.010869 -0.013689 3.246800 0.005529 0.939602 -0.342224 11.102000 0.016582 0.342096 0.939519 -0.112800 0.000000 0.000000 0.000000 1.000000
0.999123 -0.038249 -0.017032 3.246800 0.030007 0.937824 -0.345811 11.102000 0.029200 0.344997 0.938150 -0.112800 0.000000 0.000000 0.000000 1.000000
0.999183 -0.035755 -0.018852 3.246800 0.027486 0.942993 -0.331675 11.102000 0.029637 0.330886 0.943205 -0.112800 0.000000 0.000000 0.000000 1.000000
0.999766 0.010421 -0.018938 3.246800 -0.015815 0.949884 -0.312204 11.102000 0.014736 0.312430 0.949826 -0.112800 0.000000 0.000000 0.000000 1.000000
0.996316 0.083871 -0.017893 3.246800 -0.085443 0.952939 -0.290874 11.102000 -0.007345 0.291331 0.956594 -0.112800 0.000000 0.000000 0.000000 1.000000
0.986798 0.161133 -0.016306 3.246800 -0.159596 0.950360 -0.267105 11.102000 -0.027543 0.266181 0.963529 -0.112800 0.000000 0.000000 0.000000 1.000000
0.973187 0.229572 -0.014287 3.246800 -0.225502 0.939998 -0.256032 11.102000 -0.045348 0.252388 0.966563 -0.112800 0.000000 0.000000 0.000000 1.000000
0.958574 0.284608 -0.011581 3.246800 -0.277102 0.922336 -0.269276 11.102000 -0.065956 0.261331 0.962993 -0.112800 0.000000 0.000000 0.000000 1.000000
0.945709 0.324914 -0.008117 3.246800 -0.313080 0.903987 -0.291183 11.102000 -0.087272 0.277916 0.956633 -0.112800 0.000000 0.000000 0.000000 1.000000
0.937162 0.348864 -0.004684 3.246800 -0.334333 0.894125 -0.297929 11.102000 -0.099749 0.280773 0.954577 -0.112800 0.000000 0.000000 0.000000 1.000000
0.935352 0.353704 -0.003061 3.246800 -0.339736 0.895939 -0.286135 11.102000 -0.098464 0.268677 0.958185 -0.112800 0.000000 0.000000 0.000000 1.000000
0.938240 0.345967 -0.003630 3.246800 -0.334004 0.902959 -0.270381 11.102000 -0.090266 0.254895 0.962746 -0.112800 0.000000 0.000000 0.000000 1.000000
0.939453 0.342648 -0.004643 3.246800 -0.331596 0.905568 -0.264558 11.102000 -0.086446 0.250079 0.964359 -0.112800 0.000000 0.000000 0.000000 1.000000
0.937022 0.349238 -0.004789 3.246800 -0.337434 0.901642 -0.270516 11.102000 -0.090157 0.255096 0.962703 -0.112800 0.000000 0.000000 0.000000 1.000000
0.939981 0.341194 -0.004702 3.246800 -0.328350 0.900675 -0.284552 11.102000 -0.092853 0.269018 0.958649 -0.112800 0.000000 0.000000 0.000000 1.000000
0.960700 0.277512 -0.006605 3.246800 -0.265676 0.912309 -0.311622 11.102000 -0.080453 0.301130 0.950183 -0.112800 0.000000 0.000000 0.000000 1.000000
0.988266 0.152376 -0.010527 3.246800 -0.146074 0.922753 -0.356635 11.102000 -0.044629 0.353988 0.934184 -0.112800 0.000000 0.000000 0.000000 1.000000
0.999504 0.028487 -0.013452 3.246800 -0.031491 0.915353 -0.401419 11.102000 0.000878 0.401643 0.915796 -0.112800 0.000000 0.000000 0.000000 1.000000
0.999609 -0.024089 -0.014199 3.246800 0.015973 0.908695 -0.417155 11.102000 0.022951 0.416765 0.908724 -0.112800 0.000000 0.000000 0.000000 1.000000
0.999847 -0.011235 -0.013400 3.246800 0.004814 0.913540 -0.406720 11.102000 0.016811 0.406593 0.913455 -0.112800 0.000000 0.000000 0.000000 1.000000
0.999887 0.007782 -0.012849 3.246800 -0.012337 0.913403 -0.406870 11.102000 0.008571 0.406982 0.913396 -0.112800 0.000000 0.000000 0.000000 1.000000
0.999900 0.001647 -0.014036 3.246800 -0.007573 0.900979 -0.433797 11.102000 0.011932 0.433860 0.900901 -0.112800 0.000000 0.000000 0.000000 1.000000
0.999779 -0.013799 -0.015878 3.246800 0.004869 0.886097 -0.463475 11.102000 0.020465 0.463295 0.885968 -0.112800 0.000000 0.000000 0.000000 1.000000
0.999680 -0.018970 -0.016712 3.246800 0.008734 0.879490 -0.475837 11.102000 0.023725 0.475539 0.879375 -0.112800 0.000000 0.000000 0.000000 1.000000
0.999748 -0.015193 -0.016524 3.246800 0.005530 0.880148 -0.474667 11.102000 0.021755 0.474456 0.880010 -0.112800 0.000000 0.000000 0.000000 1.000000
0.999800 -0.011860 -0.016095 3.246800 0.002916 0.882946 -0.469465 11.102000 0.019779 0.469324 0.882804 -0.112800 0.000000 0.000000 0.000000 1.000000
0.999815 -0.011190 -0.015643 3.246800 0.002688 0.886637 -0.462459 11.102000 0.019045 0.462331 0.886503 -0.112800 0.000000 0.000000 0.000000 1.000000
0.999850 -0.008833 -0.014899 3.246800 0.001136 0.891786 -0.452456 11.102000 0.017284 0.452372 0.891662 -0.112800 0.000000 0.000000 0.000000 1.000000
0.999899 -0.002571 -0.013966 3.246800 -0.003864 0.897132 -0.441746 11.102000 0.013665 0.441756 0.897031 -0.112800 0.000000 0.000000 0.000000 1.000000
0.999899 0.004844 -0.013333 3.246800 -0.010159 0.900553 -0.434627 11.102000 0.009902 0.434719 0.900512 -0.112800 0.000000 0.000000 0.000000 1.000000
0.999864 0.009911 -0.013186 3.246800 -0.014641 0.901452 -0.432631 11.102000 0.007599 0.432765 0.901475 -0.112800 0.000000 0.000000 0.000000 1.000000
0.999847 0.011373 -0.013297 3.246800 -0.016021 0.900580 -0.434396 11.102000 0.007035 0.434542 0.900624 -0.112800 0.000000 0.000000 0.000000 1.000000
0.999858 0.010221 -0.013423 3.246800 -0.015072 0.898654 -0.438400 11.102000 0.007582 0.438540 0.898680 -0.112800 0.000000 0.000000 0.000000 1.000000
0.999849 0.010985 -0.013494 3.246800 -0.015808 0.897558 -0.440612 11.102000 0.007271 0.440759 0.897596 -0.112800 0.000000 0.000000 0.000000 1.000000
0.999775 0.016414 -0.013469 3.246800 -0.020660 0.898375 -0.438744 11.102000 0.004899 0.438923 0.898511 -0.112800 0.000000 0.000000 0.000000 1.000000
0.999637 0.023396 -0.013369 3.246800 -0.026883 0.899752 -0.435574 11.102000 0.001838 0.435775 0.900054 -0.112800 0.000000 0.000000 0.000000 1.000000
0.999446 0.030556 -0.013199 3.246800 -0.033259 0.901253 -0.432015 11.102000 -0.001305 0.432214 0.901770 -0.112800 0.000000 0.000000 0.000000 1.000000
0.999248 0.036518 -0.013013 3.246800 -0.038569 0.902492 -0.428976 11.102000 -0.003921 0.429155 0.903222 -0.112800 0.000000 0.000000 0.000000 1.000000
0.999284 0.035530 -0.012997 3.246800 -0.037672 0.902910 -0.428176 11.102000 -0.003478 0.428359 0.903602 -0.112800 0.000000 0.000000 0.000000 1.000000
0.999323 0.034409 -0.013003 3.246800 -0.036662 0.902994 -0.428086 11.102000 -0.002989 0.428273 0.903645 -0.112800 0.000000 0.000000 0.000000 1.000000
0.999362 0.033269 -0.013011 3.246800 -0.035635 0.903031 -0.428095 11.102000 -0.002493 0.428286 0.903640 -0.112800 0.000000 0.000000 0.000000 1.000000
0.999399 0.032121 -0.013020 3.246800 -0.034602 0.903047 -0.428145 11.102000 -0.001995 0.428338 0.903616 -0.112800 0.000000 0.000000 0.000000 1.000000
0.999435 0.030977 -0.013029 3.246800 -0.033572 0.903072 -0.428175 11.102000 -0.001498 0.428371 0.903602 -0.112800 0.000000 0.000000 0.000000 1.000000</float_array>
        <technique_common>
          <accessor source="#mixamorig1_LeftHandPinky1-Matrix-animation-output-transform-array" count="66" stride="16">
            <param type="float4x4"/>
          </accessor>
        </technique_common>
      </source>
      <source id="mixamorig1_LeftHandPinky1-Interpolations">
        <Name_array id="mixamorig1_LeftHandPinky1-Interpolations-array" count="66">
 LINEAR LINEAR LINEAR LINEAR LINEAR LINEAR LINEAR LINEAR LINEAR LINEAR LINEAR
LINEAR LINEAR LINEAR LINEAR LINEAR LINEAR LINEAR LINEAR LINEAR LINEAR LINEAR LINEAR
LINEAR LINEAR LINEAR LINEAR LINEAR LINEAR LINEAR LINEAR LINEAR LINEAR LINEAR LINEAR
LINEAR LINEAR LINEAR LINEAR LINEAR LINEAR LINEAR LINEAR LINEAR LINEAR LINEAR LINEAR
LINEAR LINEAR LINEAR LINEAR LINEAR LINEAR LINEAR LINEAR LINEAR LINEAR LINEAR LINEAR
LINEAR LINEAR LINEAR LINEAR LINEAR LINEAR LINEAR</Name_array>
        <technique_common>
          <accessor source="#mixamorig1_LeftHandPinky1-Interpolations-array" count="66">
            <param type="name"/>
          </accessor>
        </technique_common>
      </source>
      <sampler id="mixamorig1_LeftHandPinky1-Matrix-animation-transform">
        <input semantic="INPUT" source="#mixamorig1_LeftHandPinky1-Matrix-animation-input"/>
        <input semantic="OUTPUT" source="#mixamorig1_LeftHandPinky1-Matrix-animation-output-transform"/>
        <input semantic="INTERPOLATION" source="#mixamorig1_LeftHandPinky1-Interpolations"/>
      </sampler>
      <channel source="#mixamorig1_LeftHandPinky1-Matrix-animation-transform" target="mixamorig1_LeftHandPinky1/matrix"/>
    </animation>
    <animation id="mixamorig1_LeftHandPinky2-anim" name="mixamorig1_LeftHandPinky2">
      <source id="mixamorig1_LeftHandPinky2-Matrix-animation-input">
        <float_array id="mixamorig1_LeftHandPinky2-Matrix-animation-input-array" count="66">

0.000000 0.033333 0.066667 0.100000 0.133333 0.166667 0.200000 0.233333 0.266667 0.300000 0.333333 0.366667 0.400000 0.433333 0.466667 0.500000
0.533333 0.566667 0.600000 0.633333 0.666667 0.700000 0.733333 0.766667 0.800000 0.833333 0.866667 0.900000 0.933333 0.966667 1.000000 1.033333
1.066667 1.100000 1.133333 1.166667 1.200000 1.233333 1.266667 1.300000 1.333333 1.366667 1.400000 1.433333 1.466667 1.500000 1.533333 1.566667
1.600000 1.633333 1.666667 1.700000 1.733333 1.766667 1.800000 1.833333 1.866667 1.900000 1.933333 1.966667 2.000000 2.033333 2.066667 2.100000
2.133333 2.166667</float_array>
        <technique_common>
          <accessor source="#mixamorig1_LeftHandPinky2-Matrix-animation-input-array" count="66">
            <param name="TIME" type="float"/>
          </accessor>
        </technique_common>
      </source>
      <source id="mixamorig1_LeftHandPinky2-Matrix-animation-output-transform">
        <float_array id="mixamorig1_LeftHandPinky2-Matrix-animation-output-transform-array" count="1056">

0.998738 0.049631 -0.007744 0.008400 -0.049689 0.953553 -0.297099 2.734600 -0.007361 0.297109 0.954815 0.000000 0.000000 0.000000 0.000000 1.000000
0.998729 0.049800 -0.007801 0.008400 -0.049859 0.953196 -0.298213 2.734600 -0.007415 0.298223 0.954467 0.000000 0.000000 0.000000 0.000000 1.000000
0.998720 0.049969 -0.007857 0.008400 -0.050028 0.952838 -0.299326 2.734600 -0.007470 0.299336 0.954118 0.000000 0.000000 0.000000 0.000000 1.000000
0.998713 0.050105 -0.007904 0.008400 -0.050165 0.952548 -0.300226 2.734600 -0.007514 0.300236 0.953835 -0.000000 0.000000 0.000000 0.000000 1.000000
0.998711 0.050143 -0.007917 0.008400 -0.050203 0.952467 -0.300475 2.734600 -0.007527 0.300485 0.953757 -0.000000 0.000000 0.000000 0.000000 1.000000
0.998709 0.050178 -0.007928 0.008400 -0.050238 0.952393 -0.300706 2.734600 -0.007538 0.300716 0.953684 0.000000 0.000000 0.000000 0.000000 1.000000
0.998696 0.050416 -0.008009 0.008400 -0.050477 0.951883 -0.302276 2.734600 -0.007616 0.302286 0.953187 0.000000 0.000000 0.000000 0.000000 1.000000
0.998725 0.049879 -0.007829 0.008400 -0.049938 0.953030 -0.298732 2.734600 -0.007439 0.298742 0.954305 -0.000000 0.000000 0.000000 0.000000 1.000000
0.998780 0.048815 -0.007475 0.008400 -0.048871 0.955253 -0.291725 2.734600 -0.007100 0.291734 0.956473 -0.000000 0.000000 0.000000 0.000000 1.000000
0.998925 0.045892 -0.006550 0.008400 -0.045939 0.961066 -0.272473 2.734600 -0.006209 0.272481 0.962141 -0.000000 0.000000 0.000000 0.000000 1.000000
0.998970 0.044949 -0.006265 0.008400 -0.044994 0.962849 -0.266266 2.734600 -0.005936 0.266274 0.963879 -0.000000 0.000000 0.000000 0.000000 1.000000
0.998748 0.049436 -0.007680 0.008400 -0.049494 0.953961 -0.295818 2.734600 -0.007298 0.295828 0.955213 0.000000 0.000000 0.000000 0.000000 1.000000
0.998287 0.057540 -0.010630 0.008400 -0.057626 0.935258 -0.349244 2.734600 -0.010153 0.349258 0.936971 0.000000 0.000000 0.000000 0.000000 1.000000
0.997889 0.063595 -0.013184 0.008400 -0.063706 0.918942 -0.389214 2.734600 -0.012637 0.389232 0.921053 0.000000 0.000000 0.000000 0.000000 1.000000
0.997765 0.065347 -0.013982 0.008400 -0.065466 0.913829 -0.400788 2.734600 -0.013414 0.400808 0.916064 0.000000 0.000000 0.000000 0.000000 1.000000
0.997713 0.066060 -0.014314 0.008400 -0.066183 0.911696 -0.405499 2.734600 -0.013738 0.405519 0.913983 -0.000000 0.000000 0.000000 0.000000 1.000000
0.997496 0.068952 -0.015708 0.008400 -0.069089 0.902735 -0.424614 2.734600 -0.015098 0.424636 0.905238 -0.000000 0.000000 0.000000 0.000000 1.000000
0.997234 0.072263 -0.017398 0.008400 -0.072416 0.891848 -0.446501 2.734600 -0.016749 0.446526 0.894614 0.000000 0.000000 0.000000 0.000000 1.000000
0.997273 0.071776 -0.017144 0.008400 -0.071927 0.893492 -0.443282 2.734600 -0.016499 0.443307 0.896218 -0.000000 0.000000 0.000000 0.000000 1.000000
0.997678 0.066531 -0.014536 0.008400 -0.066656 0.910272 -0.408610 2.734600 -0.013954 0.408630 0.912593 -0.000000 0.000000 0.000000 0.000000 1.000000
0.998124 0.060098 -0.011672 0.008400 -0.060194 0.928616 -0.366127 2.734600 -0.011165 0.366143 0.930492 -0.000000 0.000000 0.000000 0.000000 1.000000
0.998393 0.055793 -0.009950 0.008400 -0.055873 0.939585 -0.337724 2.734600 -0.009494 0.337737 0.941193 0.000000 0.000000 0.000000 0.000000 1.000000
0.998536 0.053339 -0.009036 0.008400 -0.053409 0.945389 -0.321540 2.734600 -0.008608 0.321551 0.946853 -0.000000 0.000000 0.000000 0.000000 1.000000
0.998608 0.052053 -0.008576 0.008400 -0.052119 0.948302 -0.313059 2.734600 -0.008163 0.313071 0.949695 0.000000 0.000000 0.000000 0.000000 1.000000
0.998603 0.052126 -0.008601 0.008400 -0.052193 0.948138 -0.313544 2.734600 -0.008189 0.313556 0.949535 0.000000 0.000000 0.000000 0.000000 1.000000
0.998564 0.052835 -0.008854 0.008400 -0.052904 0.946541 -0.318217 2.734600 -0.008432 0.318229 0.947976 -0.000000 0.000000 0.000000 0.000000 1.000000
0.998551 0.053068 -0.008938 0.008400 -0.053138 0.946009 -0.319755 2.734600 -0.008514 0.319766 0.947458 0.000000 0.000000 0.000000 0.000000 1.000000
0.998575 0.052638 -0.008783 0.008400 -0.052707 0.946986 -0.316923 2.734600 -0.008364 0.316934 0.948411 0.000000 0.000000 0.000000 0.000000 1.000000
0.998610 0.052001 -0.008557 0.008400 -0.052067 0.948418 -0.312719 2.734600 -0.008146 0.312730 0.949807 0.000000 0.000000 0.000000 0.000000 1.000000
0.998636 0.051536 -0.008394 0.008400 -0.051600 0.949449 -0.309653 2.734600 -0.007988 0.309664 0.950813 0.000000 0.000000 0.000000 0.000000 1.000000
0.998652 0.051231 -0.008289 0.008400 -0.051295 0.950117 -0.307646 2.734600 -0.007886 0.307657 0.951465 0.000000 0.000000 0.000000 0.000000 1.000000
0.998675 0.050817 -0.008146 0.008400 -0.050879 0.951019 -0.304917 2.734600 -0.007748 0.304927 0.952344 0.000000 0.000000 0.000000 0.000000 1.000000
0.998709 0.050183 -0.007930 0.008400 -0.050243 0.952382 -0.300738 2.734600 -0.007540 0.300748 0.953674 0.000000 0.000000 0.000000 0.000000 1.000000
0.998734 0.049694 -0.007766 0.008400 -0.049753 0.953419 -0.297519 2.734600 -0.007381 0.297529 0.954684 0.000000 0.000000 0.000000 0.000000 1.000000
0.998717 0.050017 -0.007874 0.008400 -0.050077 0.952735 -0.299647 2.734600 -0.007486 0.299656 0.954018 -0.000000 0.000000 0.000000 0.000000 1.000000
0.998644 0.051387 -0.008343 0.008400 -0.051451 0.949776 -0.308673 2.734600 -0.007938 0.308684 0.951132 0.000000 0.000000 0.000000 0.000000 1.000000
0.998544 0.053195 -0.008984 0.008400 -0.053265 0.945719 -0.320592 2.734600 -0.008558 0.320603 0.947175 -0.000000 0.000000 0.000000 0.000000 1.000000
0.998467 0.054528 -0.009473 0.008400 -0.054603 0.942618 -0.329379 2.734600 -0.009031 0.329391 0.944150 0.000000 0.000000 0.000000 0.000000 1.000000
0.998447 0.054873 -0.009601 0.008400 -0.054949 0.941799 -0.331655 2.734600 -0.009156 0.331668 0.943352 0.000000 0.000000 0.000000 0.000000 1.000000
0.998480 0.054305 -0.009390 0.008400 -0.054379 0.943143 -0.327908 2.734600 -0.008951 0.327921 0.944663 0.000000 0.000000 0.000000 0.000000 1.000000
0.998556 0.052986 -0.008908 0.008400 -0.053056 0.946196 -0.319215 2.734600 -0.008485 0.319227 0.947640 -0.000000 0.000000 0.000000 0.000000 1.000000
0.998655 0.051180 -0.008271 0.008400 -0.051243 0.950229 -0.307309 2.734600 -0.007869 0.307319 0.951574 0.000000 0.000000 0.000000 0.000000 1.000000
0.998726 0.049861 -0.007822 0.008400 -0.049920 0.953067 -0.298615 2.734600 -0.007434 0.298625 0.954342 -0.000000 0.000000 0.000000 0.000000 1.000000
0.998723 0.049900 -0.007835 0.008400 -0.049960 0.952983 -0.298876 2.734600 -0.007447 0.298886 0.954260 -0.000000 0.000000 0.000000 0.000000 1.000000
0.998679 0.050743 -0.008120 0.008400 -0.050804 0.951180 -0.304425 2.734600 -0.007723 0.304435 0.952502 -0.000000 0.000000 0.000000 0.000000 1.000000
0.998653 0.051222 -0.008285 0.008400 -0.051285 0.950138 -0.307585 2.734600 -0.007883 0.307595 0.951485 -0.000000 0.000000 0.000000 0.000000 1.000000
0.998661 0.051077 -0.008235 0.008400 -0.051140 0.950455 -0.306628 2.734600 -0.007835 0.306638 0.951794 0.000000 0.000000 0.000000 0.000000 1.000000
0.998680 0.050712 -0.008110 0.008400 -0.050774 0.951245 -0.304227 2.734600 -0.007713 0.304238 0.952565 0.000000 0.000000 0.000000 0.000000 1.000000
0.998698 0.050382 -0.007997 0.008400 -0.050443 0.951957 -0.302049 2.734600 -0.007605 0.302059 0.953259 0.000000 0.000000 0.000000 0.000000 1.000000
0.998711 0.050142 -0.007916 0.008400 -0.050202 0.952470 -0.300466 2.734600 -0.007526 0.300476 0.953760 0.000000 0.000000 0.000000 0.000000 1.000000
0.998716 0.050051 -0.007886 0.008400 -0.050111 0.952663 -0.299870 2.734600 -0.007497 0.299880 0.953947 0.000000 0.000000 0.000000 0.000000 1.000000
0.998713 0.050096 -0.007901 0.008400 -0.050156 0.952568 -0.300163 2.734600 -0.007511 0.300173 0.953855 -0.000000 0.000000 0.000000 0.000000 1.000000
0.998711 0.050146 -0.007917 0.008400 -0.050206 0.952462 -0.300492 2.734600 -0.007527 0.300502 0.953752 0.000000 0.000000 0.000000 0.000000 1.000000
0.998712 0.050111 -0.007906 0.008400 -0.050171 0.952536 -0.300265 2.734600 -0.007516 0.300275 0.953823 0.000000 0.000000 0.000000 0.000000 1.000000
0.998717 0.050016 -0.007874 0.008400 -0.050076 0.952737 -0.299640 2.734600 -0.007485 0.299650 0.954020 0.000000 0.000000 0.000000 0.000000 1.000000
0.998723 0.049906 -0.007837 0.008400 -0.049965 0.952971 -0.298914 2.734600 -0.007449 0.298924 0.954248 0.000000 0.000000 0.000000 0.000000 1.000000
0.998728 0.049819 -0.007807 0.008400 -0.049878 0.953156 -0.298339 2.734600 -0.007421 0.298348 0.954428 -0.000000 0.000000 0.000000 0.000000 1.000000
0.998730 0.049777 -0.007794 0.008400 -0.049836 0.953244 -0.298065 2.734600 -0.007408 0.298075 0.954514 -0.000000 0.000000 0.000000 0.000000 1.000000
0.998731 0.049750 -0.007785 0.008400 -0.049809 0.953300 -0.297888 2.734600 -0.007399 0.297898 0.954569 0.000000 0.000000 0.000000 0.000000 1.000000
0.998732 0.049729 -0.007777 0.008400 -0.049788 0.953344 -0.297751 2.734600 -0.007392 0.297761 0.954612 0.000000 0.000000 0.000000 0.000000 1.000000
0.998734 0.049706 -0.007770 0.008400 -0.049765 0.953394 -0.297595 2.734600 -0.007385 0.297605 0.954660 -0.000000 0.000000 0.000000 0.000000 1.000000
0.998735 0.049679 -0.007761 0.008400 -0.049738 0.953450 -0.297420 2.734600 -0.007376 0.297430 0.954715 0.000000 0.000000 0.000000 0.000000 1.000000
0.998736 0.049666 -0.007756 0.008400 -0.049724 0.953479 -0.297329 2.734600 -0.007372 0.297339 0.954744 0.000000 0.000000 0.000000 0.000000 1.000000
0.998736 0.049654 -0.007752 0.008400 -0.049712 0.953505 -0.297250 2.734600 -0.007368 0.297260 0.954768 0.000000 0.000000 0.000000 0.000000 1.000000
0.998737 0.049642 -0.007748 0.008400 -0.049701 0.953528 -0.297176 2.734600 -0.007364 0.297186 0.954791 -0.000000 0.000000 0.000000 0.000000 1.000000
0.998738 0.049631 -0.007744 0.008400 -0.049689 0.953553 -0.297099 2.734600 -0.007360 0.297109 0.954815 -0.000000 0.000000 0.000000 0.000000 1.000000</float_array>
        <technique_common>
          <accessor source="#mixamorig1_LeftHandPinky2-Matrix-animation-output-transform-array" count="66" stride="16">
            <param type="float4x4"/>
          </accessor>
        </technique_common>
      </source>
      <source id="mixamorig1_LeftHandPinky2-Interpolations">
        <Name_array id="mixamorig1_LeftHandPinky2-Interpolations-array" count="66">
 LINEAR LINEAR LINEAR LINEAR LINEAR LINEAR LINEAR LINEAR LINEAR LINEAR LINEAR
LINEAR LINEAR LINEAR LINEAR LINEAR LINEAR LINEAR LINEAR LINEAR LINEAR LINEAR LINEAR
LINEAR LINEAR LINEAR LINEAR LINEAR LINEAR LINEAR LINEAR LINEAR LINEAR LINEAR LINEAR
LINEAR LINEAR LINEAR LINEAR LINEAR LINEAR LINEAR LINEAR LINEAR LINEAR LINEAR LINEAR
LINEAR LINEAR LINEAR LINEAR LINEAR LINEAR LINEAR LINEAR LINEAR LINEAR LINEAR LINEAR
LINEAR LINEAR LINEAR LINEAR LINEAR LINEAR LINEAR</Name_array>
        <technique_common>
          <accessor source="#mixamorig1_LeftHandPinky2-Interpolations-array" count="66">
            <param type="name"/>
          </accessor>
        </technique_common>
      </source>
      <sampler id="mixamorig1_LeftHandPinky2-Matrix-animation-transform">
        <input semantic="INPUT" source="#mixamorig1_LeftHandPinky2-Matrix-animation-input"/>
        <input semantic="OUTPUT" source="#mixamorig1_LeftHandPinky2-Matrix-animation-output-transform"/>
        <input semantic="INTERPOLATION" source="#mixamorig1_LeftHandPinky2-Interpolations"/>
      </sampler>
      <channel source="#mixamorig1_LeftHandPinky2-Matrix-animation-transform" target="mixamorig1_LeftHandPinky2/matrix"/>
    </animation>
    <animation id="mixamorig1_LeftHandPinky3-anim" name="mixamorig1_LeftHandPinky3">
      <source id="mixamorig1_LeftHandPinky3-Matrix-animation-input">
        <float_array id="mixamorig1_LeftHandPinky3-Matrix-animation-input-array" count="66">

0.000000 0.033333 0.066667 0.100000 0.133333 0.166667 0.200000 0.233333 0.266667 0.300000 0.333333 0.366667 0.400000 0.433333 0.466667 0.500000
0.533333 0.566667 0.600000 0.633333 0.666667 0.700000 0.733333 0.766667 0.800000 0.833333 0.866667 0.900000 0.933333 0.966667 1.000000 1.033333
1.066667 1.100000 1.133333 1.166667 1.200000 1.233333 1.266667 1.300000 1.333333 1.366667 1.400000 1.433333 1.466667 1.500000 1.533333 1.566667
1.600000 1.633333 1.666667 1.700000 1.733333 1.766667 1.800000 1.833333 1.866667 1.900000 1.933333 1.966667 2.000000 2.033333 2.066667 2.100000
2.133333 2.166667</float_array>
        <technique_common>
          <accessor source="#mixamorig1_LeftHandPinky3-Matrix-animation-input-array" count="66">
            <param name="TIME" type="float"/>
          </accessor>
        </technique_common>
      </source>
      <source id="mixamorig1_LeftHandPinky3-Matrix-animation-output-transform">
        <float_array id="mixamorig1_LeftHandPinky3-Matrix-animation-output-transform-array" count="1056">

0.998988 0.044599 -0.005891 -0.002900 -0.044447 0.958321 -0.282217 2.194000 -0.006941 0.282193 0.959333 -0.000000 0.000000 0.000000 0.000000 1.000000
0.998980 0.044770 -0.005940 -0.002900 -0.044617 0.957982 -0.283337 2.194000 -0.006995 0.283313 0.959002 0.000000 0.000000 0.000000 0.000000 1.000000
0.998972 0.044941 -0.005989 -0.002900 -0.044787 0.957642 -0.284457 2.194000 -0.007049 0.284432 0.958670 -0.000000 0.000000 0.000000 0.000000 1.000000
0.998965 0.045080 -0.006029 -0.002900 -0.044925 0.957367 -0.285361 2.194000 -0.007092 0.285336 0.958401 0.000000 0.000000 0.000000 0.000000 1.000000
0.998963 0.045118 -0.006040 -0.002900 -0.044963 0.957290 -0.285611 2.194000 -0.007104 0.285587 0.958326 -0.000000 0.000000 0.000000 0.000000 1.000000
0.998962 0.045153 -0.006050 -0.002900 -0.044998 0.957220 -0.285840 2.194000 -0.007115 0.285815 0.958258 0.000000 0.000000 0.000000 0.000000 1.000000
0.998951 0.045392 -0.006119 -0.002900 -0.045235 0.956742 -0.287401 2.194000 -0.007191 0.287376 0.957791 0.000000 0.000000 0.000000 0.000000 1.000000
0.998976 0.044853 -0.005966 -0.002900 -0.044701 0.957817 -0.283881 2.194000 -0.007019 0.283857 0.958841 0.000000 0.000000 0.000000 0.000000 1.000000
0.999025 0.043784 -0.005661 -0.002900 -0.043639 0.959909 -0.276896 2.194000 -0.006689 0.276873 0.960883 -0.000000 0.000000 0.000000 0.000000 1.000000
0.999154 0.040835 -0.004870 -0.002900 -0.040711 0.965387 -0.257624 2.194000 -0.005819 0.257604 0.966233 0.000000 0.000000 0.000000 0.000000 1.000000
0.999194 0.039863 -0.004623 -0.002900 -0.039745 0.967101 -0.251270 2.194000 -0.005546 0.251251 0.967906 -0.000000 0.000000 0.000000 0.000000 1.000000
0.998999 0.044352 -0.005821 -0.002900 -0.044202 0.958805 -0.280606 2.194000 -0.006864 0.280582 0.959805 0.000000 0.000000 0.000000 0.000000 1.000000
0.998584 0.052526 -0.008387 -0.002900 -0.052308 0.941120 -0.334001 2.194000 -0.009651 0.333967 0.942535 0.000000 0.000000 0.000000 0.000000 1.000000
0.998220 0.058676 -0.010659 -0.002900 -0.058399 0.925522 -0.374164 2.194000 -0.012089 0.374121 0.927301 0.000000 0.000000 0.000000 0.000000 1.000000
0.998106 0.060459 -0.011375 -0.002900 -0.060162 0.920619 -0.385799 2.194000 -0.012853 0.385753 0.922513 -0.000000 0.000000 0.000000 0.000000 1.000000
0.998061 0.061143 -0.011657 -0.002900 -0.060839 0.918689 -0.390267 2.194000 -0.013153 0.390220 0.920628 0.000000 0.000000 0.000000 0.000000 1.000000
0.997865 0.064025 -0.012887 -0.002900 -0.063688 0.910275 -0.409076 2.194000 -0.014461 0.409023 0.912409 0.000000 0.000000 0.000000 0.000000 1.000000
0.997624 0.067365 -0.014401 -0.002900 -0.066988 0.899923 -0.430872 2.194000 -0.016065 0.430813 0.902298 0.000000 0.000000 0.000000 0.000000 1.000000
0.997659 0.066900 -0.014185 -0.002900 -0.066528 0.901404 -0.427838 2.194000 -0.015836 0.427780 0.903744 0.000000 0.000000 0.000000 0.000000 1.000000
0.998027 0.061648 -0.011867 -0.002900 -0.061338 0.917248 -0.393565 2.194000 -0.013377 0.393516 0.919220 0.000000 0.000000 0.000000 0.000000 1.000000
0.998432 0.055201 -0.009338 -0.002900 -0.054958 0.934584 -0.351472 2.194000 -0.010674 0.351434 0.936152 -0.000000 0.000000 0.000000 0.000000 1.000000
0.998675 0.050868 -0.007825 -0.002900 -0.050665 0.944982 -0.323175 2.194000 -0.009044 0.323144 0.946307 -0.000000 0.000000 0.000000 0.000000 1.000000
0.998805 0.048368 -0.007019 -0.002900 -0.048187 0.950539 -0.306846 2.194000 -0.008170 0.306817 0.951733 0.000000 0.000000 0.000000 0.000000 1.000000
0.998871 0.047040 -0.006609 -0.002900 -0.046870 0.953361 -0.298171 2.194000 -0.007725 0.298144 0.954490 -0.000000 0.000000 0.000000 0.000000 1.000000
0.998869 0.047094 -0.006626 -0.002900 -0.046923 0.953249 -0.298519 2.194000 -0.007743 0.298492 0.954381 0.000000 0.000000 0.000000 0.000000 1.000000
0.998834 0.047800 -0.006841 -0.002900 -0.047623 0.951758 -0.303132 2.194000 -0.007978 0.303104 0.952924 0.000000 0.000000 0.000000 0.000000 1.000000
0.998822 0.048033 -0.006914 -0.002900 -0.047855 0.951259 -0.304657 2.194000 -0.008057 0.304629 0.952437 0.000000 0.000000 0.000000 0.000000 1.000000
0.998844 0.047597 -0.006779 -0.002900 -0.047422 0.952189 -0.301807 2.194000 -0.007910 0.301779 0.953345 0.000000 0.000000 0.000000 0.000000 1.000000
0.998876 0.046948 -0.006581 -0.002900 -0.046778 0.953555 -0.297565 2.194000 -0.007695 0.297538 0.954679 0.000000 0.000000 0.000000 0.000000 1.000000
0.998899 0.046475 -0.006439 -0.002900 -0.046309 0.954536 -0.294475 2.194000 -0.007540 0.294449 0.955637 0.000000 0.000000 0.000000 0.000000 1.000000
0.998913 0.046173 -0.006349 -0.002900 -0.046010 0.955157 -0.292503 2.194000 -0.007442 0.292478 0.956243 0.000000 0.000000 0.000000 0.000000 1.000000
0.998933 0.045770 -0.006230 -0.002900 -0.045610 0.955978 -0.289871 2.194000 -0.007312 0.289845 0.957046 -0.000000 0.000000 0.000000 0.000000 1.000000
0.998962 0.045147 -0.006048 -0.002900 -0.044991 0.957234 -0.285796 2.194000 -0.007113 0.285772 0.958271 0.000000 0.000000 0.000000 0.000000 1.000000
0.998985 0.044661 -0.005909 -0.002900 -0.044509 0.958197 -0.282624 2.194000 -0.006961 0.282600 0.959212 0.000000 0.000000 0.000000 0.000000 1.000000
0.998970 0.044987 -0.006002 -0.002900 -0.044833 0.957551 -0.284755 2.194000 -0.007063 0.284731 0.958581 0.000000 0.000000 0.000000 0.000000 1.000000
0.998904 0.046371 -0.006408 -0.002900 -0.046206 0.954750 -0.293797 2.194000 -0.007506 0.293771 0.955846 0.000000 0.000000 0.000000 0.000000 1.000000
0.998813 0.048203 -0.006967 -0.002900 -0.048023 0.950896 -0.305763 2.194000 -0.008114 0.305735 0.952082 0.000000 0.000000 0.000000 0.000000 1.000000
0.998744 0.049557 -0.007396 -0.002900 -0.049366 0.947935 -0.314614 2.194000 -0.008580 0.314584 0.949191 0.000000 0.000000 0.000000 0.000000 1.000000
0.998725 0.049913 -0.007511 -0.002900 -0.049719 0.947142 -0.316938 2.194000 -0.008705 0.316907 0.948417 0.000000 0.000000 0.000000 0.000000 1.000000
0.998755 0.049339 -0.007326 -0.002900 -0.049149 0.948419 -0.313186 2.194000 -0.008504 0.313156 0.949663 0.000000 0.000000 0.000000 0.000000 1.000000
0.998824 0.047998 -0.006903 -0.002900 -0.047820 0.951335 -0.304427 2.194000 -0.008045 0.304399 0.952511 0.000000 0.000000 0.000000 0.000000 1.000000
0.998914 0.046164 -0.006346 -0.002900 -0.046001 0.955176 -0.292443 2.194000 -0.007439 0.292417 0.956262 0.000000 0.000000 0.000000 0.000000 1.000000
0.998977 0.044829 -0.005957 -0.002900 -0.044676 0.957866 -0.283720 2.194000 -0.007013 0.283696 0.958889 0.000000 0.000000 0.000000 0.000000 1.000000
0.998975 0.044872 -0.005969 -0.002900 -0.044718 0.957781 -0.284001 2.194000 -0.007027 0.283976 0.958806 0.000000 0.000000 0.000000 0.000000 1.000000
0.998935 0.045724 -0.006216 -0.002900 -0.045564 0.956072 -0.289570 2.194000 -0.007297 0.289544 0.957137 0.000000 0.000000 0.000000 0.000000 1.000000
0.998912 0.046207 -0.006359 -0.002900 -0.046043 0.955088 -0.292723 2.194000 -0.007452 0.292697 0.956176 0.000000 0.000000 0.000000 0.000000 1.000000
0.998919 0.046058 -0.006315 -0.002900 -0.045895 0.955393 -0.291751 2.194000 -0.007404 0.291725 0.956474 0.000000 0.000000 0.000000 0.000000 1.000000
0.998936 0.045689 -0.006206 -0.002900 -0.045529 0.956142 -0.289343 2.194000 -0.007286 0.289317 0.957205 -0.000000 0.000000 0.000000 0.000000 1.000000
0.998952 0.045355 -0.006109 -0.002900 -0.045198 0.956815 -0.287162 2.194000 -0.007179 0.287137 0.957863 0.000000 0.000000 0.000000 0.000000 1.000000
0.998964 0.045113 -0.006039 -0.002900 -0.044958 0.957300 -0.285578 2.194000 -0.007103 0.285554 0.958336 -0.000000 0.000000 0.000000 0.000000 1.000000
0.998968 0.045023 -0.006012 -0.002900 -0.044868 0.957480 -0.284988 2.194000 -0.007074 0.284964 0.958512 -0.000000 0.000000 0.000000 0.000000 1.000000
0.998966 0.045069 -0.006026 -0.002900 -0.044914 0.957388 -0.285292 2.194000 -0.007089 0.285267 0.958422 0.000000 0.000000 0.000000 0.000000 1.000000
0.998963 0.045121 -0.006041 -0.002900 -0.044965 0.957285 -0.285627 2.194000 -0.007105 0.285602 0.958322 0.000000 0.000000 0.000000 0.000000 1.000000
0.998965 0.045085 -0.006031 -0.002900 -0.044930 0.957355 -0.285399 2.194000 -0.007094 0.285375 0.958390 -0.000000 0.000000 0.000000 0.000000 1.000000
0.998969 0.044989 -0.006003 -0.002900 -0.044835 0.957547 -0.284770 2.194000 -0.007064 0.284746 0.958577 0.000000 0.000000 0.000000 0.000000 1.000000
0.998975 0.044878 -0.005971 -0.002900 -0.044724 0.957769 -0.284041 2.194000 -0.007029 0.284016 0.958794 0.000000 0.000000 0.000000 0.000000 1.000000
0.998979 0.044789 -0.005945 -0.002900 -0.044637 0.957944 -0.283463 2.194000 -0.007001 0.283439 0.958965 0.000000 0.000000 0.000000 0.000000 1.000000
0.998981 0.044747 -0.005933 -0.002900 -0.044595 0.958027 -0.283188 2.194000 -0.006988 0.283164 0.959046 0.000000 0.000000 0.000000 0.000000 1.000000
0.998982 0.044720 -0.005925 -0.002900 -0.044568 0.958081 -0.283010 2.194000 -0.006979 0.282986 0.959099 0.000000 0.000000 0.000000 0.000000 1.000000
0.998983 0.044699 -0.005919 -0.002900 -0.044547 0.958123 -0.282871 2.194000 -0.006973 0.282847 0.959140 0.000000 0.000000 0.000000 0.000000 1.000000
0.998984 0.044675 -0.005913 -0.002900 -0.044523 0.958170 -0.282715 2.194000 -0.006965 0.282691 0.959186 0.000000 0.000000 0.000000 0.000000 1.000000
0.998985 0.044648 -0.005905 -0.002900 -0.044496 0.958223 -0.282539 2.194000 -0.006957 0.282515 0.959238 0.000000 0.000000 0.000000 0.000000 1.000000
0.998986 0.044634 -0.005901 -0.002900 -0.044482 0.958251 -0.282448 2.194000 -0.006952 0.282424 0.959264 -0.000000 0.000000 0.000000 0.000000 1.000000
0.998987 0.044622 -0.005897 -0.002900 -0.044470 0.958275 -0.282368 2.194000 -0.006948 0.282345 0.959288 0.000000 0.000000 0.000000 0.000000 1.000000
0.998987 0.044610 -0.005894 -0.002900 -0.044459 0.958297 -0.282294 2.194000 -0.006945 0.282270 0.959310 -0.000000 0.000000 0.000000 0.000000 1.000000
0.998988 0.044599 -0.005891 -0.002900 -0.044447 0.958320 -0.282217 2.194000 -0.006941 0.282193 0.959333 -0.000000 0.000000 0.000000 0.000000 1.000000</float_array>
        <technique_common>
          <accessor source="#mixamorig1_LeftHandPinky3-Matrix-animation-output-transform-array" count="66" stride="16">
            <param type="float4x4"/>
          </accessor>
        </technique_common>
      </source>
      <source id="mixamorig1_LeftHandPinky3-Interpolations">
        <Name_array id="mixamorig1_LeftHandPinky3-Interpolations-array" count="66">
 LINEAR LINEAR LINEAR LINEAR LINEAR LINEAR LINEAR LINEAR LINEAR LINEAR LINEAR
LINEAR LINEAR LINEAR LINEAR LINEAR LINEAR LINEAR LINEAR LINEAR LINEAR LINEAR LINEAR
LINEAR LINEAR LINEAR LINEAR LINEAR LINEAR LINEAR LINEAR LINEAR LINEAR LINEAR LINEAR
LINEAR LINEAR LINEAR LINEAR LINEAR LINEAR LINEAR LINEAR LINEAR LINEAR LINEAR LINEAR
LINEAR LINEAR LINEAR LINEAR LINEAR LINEAR LINEAR LINEAR LINEAR LINEAR LINEAR LINEAR
LINEAR LINEAR LINEAR LINEAR LINEAR LINEAR LINEAR</Name_array>
        <technique_common>
          <accessor source="#mixamorig1_LeftHandPinky3-Interpolations-array" count="66">
            <param type="name"/>
          </accessor>
        </technique_common>
      </source>
      <sampler id="mixamorig1_LeftHandPinky3-Matrix-animation-transform">
        <input semantic="INPUT" source="#mixamorig1_LeftHandPinky3-Matrix-animation-input"/>
        <input semantic="OUTPUT" source="#mixamorig1_LeftHandPinky3-Matrix-animation-output-transform"/>
        <input semantic="INTERPOLATION" source="#mixamorig1_LeftHandPinky3-Interpolations"/>
      </sampler>
      <channel source="#mixamorig1_LeftHandPinky3-Matrix-animation-transform" target="mixamorig1_LeftHandPinky3/matrix"/>
    </animation>
    <animation id="mixamorig1_RightShoulder-anim" name="mixamorig1_RightShoulder">
      <source id="mixamorig1_RightShoulder-Matrix-animation-input">
        <float_array id="mixamorig1_RightShoulder-Matrix-animation-input-array" count="66">

0.000000 0.033333 0.066667 0.100000 0.133333 0.166667 0.200000 0.233333 0.266667 0.300000 0.333333 0.366667 0.400000 0.433333 0.466667 0.500000
0.533333 0.566667 0.600000 0.633333 0.666667 0.700000 0.733333 0.766667 0.800000 0.833333 0.866667 0.900000 0.933333 0.966667 1.000000 1.033333
1.066667 1.100000 1.133333 1.166667 1.200000 1.233333 1.266667 1.300000 1.333333 1.366667 1.400000 1.433333 1.466667 1.500000 1.533333 1.566667
1.600000 1.633333 1.666667 1.700000 1.733333 1.766667 1.800000 1.833333 1.866667 1.900000 1.933333 1.966667 2.000000 2.033333 2.066667 2.100000
2.133333 2.166667</float_array>
        <technique_common>
          <accessor source="#mixamorig1_RightShoulder-Matrix-animation-input-array" count="66">
            <param name="TIME" type="float"/>
          </accessor>
        </technique_common>
      </source>
      <source id="mixamorig1_RightShoulder-Matrix-animation-output-transform">
        <float_array id="mixamorig1_RightShoulder-Matrix-animation-output-transform-array" count="1056">

0.206976 -0.835902 0.508360 -6.140200 -0.028849 -0.524600 -0.850860 12.993700 0.977921 0.161442 -0.132694 -0.175900 0.000000 0.000000 0.000000 1.000000
0.206773 -0.836648 0.507213 -6.140200 -0.028421 -0.523334 -0.851653 12.993700 0.977976 0.161683 -0.131990 -0.175900 0.000000 0.000000 0.000000 1.000000
0.206570 -0.837393 0.506066 -6.140200 -0.027994 -0.522067 -0.852445 12.993700 0.978031 0.161923 -0.131285 -0.175900 0.000000 0.000000 0.000000 1.000000
0.206815 -0.838026 0.504917 -6.140200 -0.027482 -0.520846 -0.853208 12.993700 0.977994 0.162580 -0.130749 -0.175900 0.000000 0.000000 0.000000 1.000000
0.208356 -0.838365 0.503718 -6.140200 -0.026722 -0.519709 -0.853926 12.993700 0.977688 0.164460 -0.130687 -0.175900 0.000000 0.000000 0.000000 1.000000
0.210067 -0.838599 0.502617 -6.140200 -0.025938 -0.518687 -0.854571 12.993700 0.977343 0.166481 -0.130710 -0.175900 0.000000 0.000000 0.000000 1.000000
0.209696 -0.839031 0.502051 -6.140200 -0.025586 -0.518000 -0.854998 12.993700 0.977432 0.166445 -0.130090 -0.175900 0.000000 0.000000 0.000000 1.000000
0.206505 -0.842727 0.497159 -6.140200 -0.026220 -0.512695 -0.858170 12.993700 0.978094 0.164181 -0.127971 -0.175900 0.000000 0.000000 0.000000 1.000000
0.202965 -0.847943 0.489692 -6.140200 -0.027138 -0.504781 -0.862821 12.993700 0.978810 0.161833 -0.125464 -0.175900 0.000000 0.000000 0.000000 1.000000
0.200510 -0.857533 0.473743 -6.140200 -0.028479 -0.488461 -0.872121 12.993700 0.979278 0.161378 -0.122363 -0.175900 0.000000 0.000000 0.000000 1.000000
0.198901 -0.867177 0.456556 -6.140200 -0.029651 -0.470975 -0.881648 12.993700 0.979571 0.161823 -0.119390 -0.175900 0.000000 0.000000 0.000000 1.000000
0.196589 -0.871386 0.449487 -6.140200 -0.029970 -0.463559 -0.885559 12.993700 0.980028 0.160620 -0.117246 -0.175900 0.000000 0.000000 0.000000 1.000000
0.195518 -0.864852 0.462389 -6.140200 -0.028416 -0.476286 -0.878831 12.993700 0.980288 0.158688 -0.117698 -0.175900 0.000000 0.000000 0.000000 1.000000
0.201355 -0.845375 0.494770 -6.140200 -0.023973 -0.509217 -0.860304 12.993700 0.979225 0.161366 -0.122800 -0.175900 0.000000 0.000000 0.000000 1.000000
0.216695 -0.816096 0.535752 -6.140200 -0.016136 -0.551711 -0.833879 12.993700 0.976106 0.172053 -0.132722 -0.175900 0.000000 0.000000 0.000000 1.000000
0.236142 -0.784216 0.573796 -6.140200 -0.006422 -0.591743 -0.806101 12.993700 0.971697 0.186669 -0.144772 -0.175900 0.000000 0.000000 0.000000 1.000000
0.251122 -0.756407 0.603976 -6.140200 0.001828 -0.623599 -0.781742 12.993700 0.967954 0.197417 -0.155217 -0.175900 0.000000 0.000000 0.000000 1.000000
0.258589 -0.737584 0.623780 -6.140200 0.006362 -0.644428 -0.764638 12.993700 0.965966 0.201696 -0.161949 -0.175900 0.000000 0.000000 0.000000 1.000000
0.262948 -0.735360 0.624583 -6.140200 0.007173 -0.645856 -0.763426 12.993700 0.964783 0.205222 -0.164552 -0.175900 0.000000 0.000000 0.000000 1.000000
0.269739 -0.760413 0.590773 -6.140200 0.004477 -0.612517 -0.790445 12.993700 0.962923 0.215859 -0.161815 -0.175900 0.000000 0.000000 0.000000 1.000000
0.278677 -0.815576 0.507123 -6.140200 -0.003758 -0.528964 -0.848636 12.993700 0.960377 0.234590 -0.150475 -0.175900 0.000000 0.000000 0.000000 1.000000
0.280754 -0.885667 0.369825 -6.140200 -0.020367 -0.390734 -0.920278 12.993700 0.959564 0.250840 -0.127739 -0.175900 0.000000 0.000000 0.000000 1.000000
0.260152 -0.945361 0.196504 -6.140200 -0.042349 -0.214487 -0.975808 12.993700 0.964638 0.245537 -0.095835 -0.175900 0.000000 0.000000 0.000000 1.000000
0.206076 -0.978291 0.021912 -6.140200 -0.057556 -0.034472 -0.997747 12.993700 0.976842 0.204351 -0.063410 -0.175900 0.000000 0.000000 0.000000 1.000000
0.131488 -0.983755 -0.122216 -6.140200 -0.056288 0.115679 -0.991690 12.993700 0.989718 0.137275 -0.040164 -0.175900 0.000000 0.000000 0.000000 1.000000
0.076599 -0.972469 -0.220083 -6.140200 -0.046888 0.216974 -0.975051 12.993700 0.995959 0.085007 -0.028977 -0.175900 0.000000 0.000000 0.000000 1.000000
0.081302 -0.959213 -0.270739 -6.140200 -0.048580 0.267502 -0.962332 12.993700 0.995505 0.091392 -0.024850 -0.175900 0.000000 0.000000 0.000000 1.000000
0.147443 -0.946955 -0.285547 -6.140200 -0.067086 0.278463 -0.958101 12.993700 0.986793 0.160421 -0.022470 -0.175900 0.000000 0.000000 0.000000 1.000000
0.231387 -0.931072 -0.282071 -6.140200 -0.089104 0.268438 -0.959167 12.993700 0.968773 0.247073 -0.020849 -0.175900 0.000000 0.000000 0.000000 1.000000
0.282440 -0.919514 -0.273354 -6.140200 -0.100685 0.254966 -0.961694 12.993700 0.953986 0.299144 -0.020569 -0.175900 0.000000 0.000000 0.000000 1.000000
0.286170 -0.921003 -0.264311 -6.140200 -0.099768 0.245707 -0.964196 12.993700 0.952971 0.302294 -0.021573 -0.175900 0.000000 0.000000 0.000000 1.000000
0.266282 -0.929681 -0.254533 -6.140200 -0.093207 0.237994 -0.966784 12.993700 0.959378 0.281161 -0.023279 -0.175900 0.000000 0.000000 0.000000 1.000000
0.255255 -0.936175 -0.241706 -6.140200 -0.088643 0.226276 -0.970021 12.993700 0.962802 0.269028 -0.025227 -0.175900 0.000000 0.000000 0.000000 1.000000
0.265891 -0.937009 -0.226532 -6.140200 -0.088534 0.210262 -0.973628 12.993700 0.959929 0.278934 -0.027051 -0.175900 0.000000 0.000000 0.000000 1.000000
0.288341 -0.933339 -0.213862 -6.140200 -0.090557 0.195767 -0.976460 12.993700 0.953236 0.300921 -0.028073 -0.175900 0.000000 0.000000 0.000000 1.000000
0.308230 -0.928597 -0.206644 -6.140200 -0.092192 0.187040 -0.978017 12.993700 0.946834 0.320505 -0.027958 -0.175900 0.000000 0.000000 0.000000 1.000000
0.319180 -0.926419 -0.199678 -6.140200 -0.092310 0.179305 -0.979453 12.993700 0.943188 0.331054 -0.028288 -0.175900 0.000000 0.000000 0.000000 1.000000
0.316837 -0.931298 -0.179718 -6.140200 -0.088796 0.159523 -0.983193 12.993700 0.944314 0.327470 -0.032152 -0.175900 0.000000 0.000000 0.000000 1.000000
0.290358 -0.947993 -0.130390 -6.140200 -0.077468 0.112526 -0.990624 12.993700 0.953777 0.297737 -0.040767 -0.175900 0.000000 0.000000 0.000000 1.000000
0.231327 -0.972082 -0.039292 -6.140200 -0.059102 0.026271 -0.997906 12.993700 0.971079 0.233165 -0.051375 -0.175900 0.000000 0.000000 0.000000 1.000000
0.155574 -0.983606 0.091189 -6.140200 -0.046005 -0.099427 -0.993981 12.993700 0.986752 0.150442 -0.060719 -0.175900 0.000000 0.000000 0.000000 1.000000
0.105821 -0.966081 0.235562 -6.140200 -0.046338 -0.241426 -0.969312 12.993700 0.993305 0.091658 -0.070315 -0.175900 0.000000 0.000000 0.000000 1.000000
0.112714 -0.927611 0.356136 -6.140200 -0.047934 -0.363079 -0.930525 12.993700 0.992471 0.087813 -0.085388 -0.175900 0.000000 0.000000 0.000000 1.000000
0.161437 -0.887641 0.431314 -6.140200 -0.040095 -0.442586 -0.895829 12.993700 0.986068 0.127327 -0.107039 -0.175900 0.000000 0.000000 0.000000 1.000000
0.210790 -0.857493 0.469333 -6.140200 -0.029965 -0.485563 -0.873688 12.993700 0.977072 0.170101 -0.128047 -0.175900 0.000000 0.000000 0.000000 1.000000
0.233324 -0.839163 0.491289 -6.140200 -0.025488 -0.510338 -0.859596 12.993700 0.972065 0.188043 -0.140463 -0.175900 0.000000 0.000000 0.000000 1.000000
0.233088 -0.829774 0.507094 -6.140200 -0.025900 -0.526569 -0.849738 12.993700 0.972111 0.184930 -0.144228 -0.175900 0.000000 0.000000 0.000000 1.000000
0.230691 -0.826868 0.512904 -6.140200 -0.026849 -0.532331 -0.846111 12.993700 0.972657 0.181419 -0.145004 -0.175900 0.000000 0.000000 0.000000 1.000000
0.237474 -0.829355 0.505743 -6.140200 -0.026096 -0.525896 -0.850149 12.993700 0.971043 0.188691 -0.146529 -0.175900 0.000000 0.000000 0.000000 1.000000
0.247045 -0.834774 0.492058 -6.140200 -0.025151 -0.513150 -0.857930 12.993700 0.968678 0.199572 -0.147766 -0.175900 0.000000 0.000000 0.000000 1.000000
0.248222 -0.840063 0.482370 -6.140200 -0.025629 -0.503475 -0.863630 12.993700 0.968364 0.202009 -0.146503 -0.175900 0.000000 0.000000 0.000000 1.000000
0.239806 -0.842824 0.481809 -6.140200 -0.027152 -0.501919 -0.864488 12.993700 0.970441 0.194228 -0.143248 -0.175900 0.000000 0.000000 0.000000 1.000000
0.230511 -0.841805 0.488086 -6.140200 -0.028354 -0.507192 -0.861367 12.993700 0.972656 0.184716 -0.140782 -0.175900 0.000000 0.000000 0.000000 1.000000
0.227932 -0.837548 0.496548 -6.140200 -0.028112 -0.515420 -0.856476 12.993700 0.973271 0.181259 -0.141026 -0.175900 0.000000 0.000000 0.000000 1.000000
0.231368 -0.831792 0.504570 -6.140200 -0.026588 -0.523855 -0.851392 12.993700 0.972503 0.183570 -0.143319 -0.175900 0.000000 0.000000 0.000000 1.000000
0.234061 -0.826251 0.512371 -6.140200 -0.025151 -0.531980 -0.846383 12.993700 0.971897 0.185219 -0.145297 -0.175900 0.000000 0.000000 0.000000 1.000000
0.235151 -0.822118 0.518485 -6.140200 -0.024154 -0.538221 -0.842457 12.993700 0.971659 0.185581 -0.146421 -0.175900 0.000000 0.000000 0.000000 1.000000
0.233825 -0.820260 0.522014 -6.140200 -0.023854 -0.541576 -0.840313 12.993700 0.971986 0.184034 -0.146201 -0.175900 0.000000 0.000000 0.000000 1.000000
0.231697 -0.819115 0.524755 -6.140200 -0.023777 -0.544041 -0.838722 12.993700 0.972497 0.181853 -0.145529 -0.175900 0.000000 0.000000 0.000000 1.000000
0.229153 -0.818483 0.526854 -6.140200 -0.023839 -0.545813 -0.837568 12.993700 0.973098 0.179371 -0.144587 -0.175900 0.000000 0.000000 0.000000 1.000000
0.226578 -0.818166 0.528456 -6.140200 -0.023960 -0.547085 -0.836734 12.993700 0.973698 0.176924 -0.143561 -0.175900 0.000000 0.000000 0.000000 1.000000
0.222852 -0.821068 0.525532 -6.140200 -0.024764 -0.543683 -0.838925 12.993700 0.974538 0.173941 -0.141494 -0.175900 0.000000 0.000000 0.000000 1.000000
0.218914 -0.824733 0.521432 -6.140200 -0.025760 -0.539093 -0.841852 12.993700 0.975404 0.170862 -0.139260 -0.175900 0.000000 0.000000 0.000000 1.000000
0.214944 -0.828473 0.517138 -6.140200 -0.026783 -0.534316 -0.844860 12.993700 0.976259 0.167747 -0.137037 -0.175900 0.000000 0.000000 0.000000 1.000000
0.210959 -0.832217 0.512748 -6.140200 -0.027818 -0.529452 -0.847884 12.993700 0.977099 0.164605 -0.134843 -0.175900 0.000000 0.000000 0.000000 1.000000
0.206976 -0.835901 0.508360 -6.140200 -0.028849 -0.524600 -0.850860 12.993700 0.977921 0.161442 -0.132694 -0.175900 0.000000 0.000000 0.000000 1.000000</float_array>
        <technique_common>
          <accessor source="#mixamorig1_RightShoulder-Matrix-animation-output-transform-array" count="66" stride="16">
            <param type="float4x4"/>
          </accessor>
        </technique_common>
      </source>
      <source id="mixamorig1_RightShoulder-Interpolations">
        <Name_array id="mixamorig1_RightShoulder-Interpolations-array" count="66">
 LINEAR LINEAR LINEAR LINEAR LINEAR LINEAR LINEAR LINEAR LINEAR LINEAR LINEAR
LINEAR LINEAR LINEAR LINEAR LINEAR LINEAR LINEAR LINEAR LINEAR LINEAR LINEAR LINEAR
LINEAR LINEAR LINEAR LINEAR LINEAR LINEAR LINEAR LINEAR LINEAR LINEAR LINEAR LINEAR
LINEAR LINEAR LINEAR LINEAR LINEAR LINEAR LINEAR LINEAR LINEAR LINEAR LINEAR LINEAR
LINEAR LINEAR LINEAR LINEAR LINEAR LINEAR LINEAR LINEAR LINEAR LINEAR LINEAR LINEAR
LINEAR LINEAR LINEAR LINEAR LINEAR LINEAR LINEAR</Name_array>
        <technique_common>
          <accessor source="#mixamorig1_RightShoulder-Interpolations-array" count="66">
            <param type="name"/>
          </accessor>
        </technique_common>
      </source>
      <sampler id="mixamorig1_RightShoulder-Matrix-animation-transform">
        <input semantic="INPUT" source="#mixamorig1_RightShoulder-Matrix-animation-input"/>
        <input semantic="OUTPUT" source="#mixamorig1_RightShoulder-Matrix-animation-output-transform"/>
        <input semantic="INTERPOLATION" source="#mixamorig1_RightShoulder-Interpolations"/>
      </sampler>
      <channel source="#mixamorig1_RightShoulder-Matrix-animation-transform" target="mixamorig1_RightShoulder/matrix"/>
    </animation>
    <animation id="mixamorig1_RightArm-anim" name="mixamorig1_RightArm">
      <source id="mixamorig1_RightArm-Matrix-animation-input">
        <float_array id="mixamorig1_RightArm-Matrix-animation-input-array" count="66">

0.000000 0.033333 0.066667 0.100000 0.133333 0.166667 0.200000 0.233333 0.266667 0.300000 0.333333 0.366667 0.400000 0.433333 0.466667 0.500000
0.533333 0.566667 0.600000 0.633333 0.666667 0.700000 0.733333 0.766667 0.800000 0.833333 0.866667 0.900000 0.933333 0.966667 1.000000 1.033333
1.066667 1.100000 1.133333 1.166667 1.200000 1.233333 1.266667 1.300000 1.333333 1.366667 1.400000 1.433333 1.466667 1.500000 1.533333 1.566667
1.600000 1.633333 1.666667 1.700000 1.733333 1.766667 1.800000 1.833333 1.866667 1.900000 1.933333 1.966667 2.000000 2.033333 2.066667 2.100000
2.133333 2.166667</float_array>
        <technique_common>
          <accessor source="#mixamorig1_RightArm-Matrix-animation-input-array" count="66">
            <param name="TIME" type="float"/>
          </accessor>
        </technique_common>
      </source>
      <source id="mixamorig1_RightArm-Matrix-animation-output-transform">
        <float_array id="mixamorig1_RightArm-Matrix-animation-output-transform-array" count="1056">

0.877920 -0.055870 -0.475536 -0.000000 -0.318001 0.674451 -0.666326 13.005900 0.357954 0.736202 0.574348 0.000000 0.000000 0.000000 0.000000 1.000000
0.884980 -0.056939 -0.462134 0.000000 -0.298554 0.692238 -0.657017 13.005900 0.357317 0.719419 0.595618 0.000000 0.000000 0.000000 0.000000 1.000000
0.891613 -0.058790 -0.448965 -0.000000 -0.278978 0.709660 -0.646958 13.005900 0.356647 0.702087 0.616341 0.000000 0.000000 0.000000 0.000000 1.000000
0.898442 -0.060357 -0.434923 -0.000000 -0.258608 0.727754 -0.635213 13.005900 0.354856 0.683177 0.638236 0.000000 0.000000 0.000000 0.000000 1.000000
0.906424 -0.060959 -0.417948 0.000000 -0.235673 0.748173 -0.620239 13.005900 0.350506 0.660698 0.663795 0.000000 0.000000 0.000000 0.000000 1.000000
0.914298 -0.060438 -0.400508 0.000000 -0.213146 0.769031 -0.602628 13.005900 0.344425 0.636348 0.690241 0.000000 0.000000 0.000000 0.000000 1.000000
0.920549 -0.054303 -0.386835 0.000000 -0.198517 0.787843 -0.583005 13.005900 0.336424 0.613478 0.714468 -0.000000 0.000000 0.000000 0.000000 1.000000
0.924306 -0.044360 -0.379065 0.000000 -0.194795 0.799273 -0.568522 13.005900 0.328196 0.599328 0.730132 0.000000 0.000000 0.000000 0.000000 1.000000
0.928129 -0.033684 -0.370732 0.000000 -0.194104 0.806009 -0.559172 13.005900 0.317648 0.590945 0.741542 0.000000 0.000000 0.000000 0.000000 1.000000
0.934607 -0.022383 -0.354977 0.000000 -0.197642 0.797073 -0.570624 13.005900 0.295715 0.603468 0.740527 0.000000 0.000000 0.000000 0.000000 1.000000
0.947421 -0.015859 -0.319596 0.000000 -0.189368 0.777310 -0.599941 13.005900 0.257939 0.628918 0.733437 0.000000 0.000000 0.000000 0.000000 1.000000
0.964262 -0.022780 -0.263971 -0.000000 -0.155826 0.757015 -0.634545 13.005900 0.214284 0.653001 0.726411 -0.000000 0.000000 0.000000 0.000000 1.000000
0.977901 -0.044993 -0.204171 -0.000000 -0.102814 0.746830 -0.657019 13.005900 0.182043 0.663491 0.725700 0.000000 0.000000 0.000000 0.000000 1.000000
0.984475 -0.062313 -0.164093 0.000000 -0.062076 0.750846 -0.657554 13.005900 0.164183 0.657531 0.735321 0.000000 0.000000 0.000000 0.000000 1.000000
0.987092 -0.040773 -0.154879 0.000000 -0.067679 0.770271 -0.634116 13.005900 0.145154 0.636412 0.757568 0.000000 0.000000 0.000000 0.000000 1.000000
0.985767 0.035130 -0.164405 -0.000000 -0.125681 0.803497 -0.581891 13.005900 0.111657 0.594272 0.796476 0.000000 0.000000 0.000000 0.000000 1.000000
0.973303 0.151089 -0.172782 -0.000000 -0.218054 0.843676 -0.490574 13.005900 0.071652 0.515153 0.854098 0.000000 0.000000 0.000000 0.000000 1.000000
0.941289 0.288442 -0.175433 0.000000 -0.333730 0.873480 -0.354480 13.005900 0.050990 0.392215 0.918459 0.000000 0.000000 0.000000 0.000000 1.000000
0.880005 0.439913 -0.179072 0.000000 -0.469610 0.862324 -0.189376 13.005900 0.071109 0.250746 0.965438 0.000000 0.000000 0.000000 0.000000 1.000000
0.785894 0.592824 -0.175869 0.000000 -0.607625 0.793125 -0.041764 13.005900 0.114728 0.139685 0.983527 0.000000 0.000000 0.000000 0.000000 1.000000
0.677572 0.721750 -0.141326 -0.000000 -0.726342 0.686863 0.025430 13.005900 0.115426 0.085421 0.989636 0.000000 0.000000 0.000000 0.000000 1.000000
0.590318 0.804763 -0.062304 0.000000 -0.807102 0.589514 -0.032544 13.005900 0.010539 0.069497 0.997526 -0.000000 0.000000 0.000000 0.000000 1.000000
0.552450 0.832027 0.050308 0.000000 -0.810920 0.550441 -0.198555 13.005900 -0.192895 0.068895 0.978798 -0.000000 0.000000 0.000000 0.000000 1.000000
0.573522 0.800072 0.175946 -0.000000 -0.713061 0.593298 -0.373553 13.005900 -0.403258 0.088781 0.910770 -0.000000 0.000000 0.000000 0.000000 1.000000
0.651957 0.700371 0.290572 -0.000000 -0.552892 0.701339 -0.449926 13.005900 -0.518905 0.132677 0.844473 -0.000000 0.000000 0.000000 0.000000 1.000000
0.775725 0.517646 0.360962 -0.000000 -0.373214 0.837542 -0.399042 13.005900 -0.508884 0.174831 0.842895 0.000000 0.000000 0.000000 0.000000 1.000000
0.901558 0.247260 0.355044 -0.000000 -0.157803 0.952000 -0.262288 13.005900 -0.402855 0.180441 0.897301 -0.000000 0.000000 0.000000 0.000000 1.000000
0.960298 -0.063060 0.271756 0.000000 0.097632 0.988483 -0.115625 13.005900 -0.261335 0.137567 0.955395 0.000000 0.000000 0.000000 0.000000 1.000000
0.938313 -0.302928 0.166743 0.000000 0.312140 0.949514 -0.031493 13.005900 -0.148785 0.081597 0.985497 -0.000000 0.000000 0.000000 0.000000 1.000000
0.905149 -0.406750 0.123533 0.000000 0.411664 0.911193 -0.016102 13.005900 -0.106013 0.065429 0.992210 0.000000 0.000000 0.000000 0.000000 1.000000
0.898501 -0.402159 0.175969 0.000000 0.411457 0.911245 -0.018349 13.005900 -0.152971 0.088890 0.984225 -0.000000 0.000000 0.000000 0.000000 1.000000
0.893683 -0.349438 0.281467 0.000000 0.364559 0.931179 -0.001457 13.005900 -0.261587 0.103913 0.959570 0.000000 0.000000 0.000000 0.000000 1.000000
0.880031 -0.299550 0.368530 0.000000 0.309966 0.950203 0.032165 13.005900 -0.359814 0.085926 0.929059 0.000000 0.000000 0.000000 0.000000 1.000000
0.878916 -0.269410 0.393605 0.000000 0.264843 0.961959 0.067039 13.005900 -0.396693 0.045321 0.916832 -0.000000 0.000000 0.000000 0.000000 1.000000
0.901209 -0.255783 0.349853 0.000000 0.238421 0.966734 0.092628 13.005900 -0.361907 -0.000065 0.932214 0.000000 0.000000 0.000000 0.000000 1.000000
0.930334 -0.268871 0.249375 0.000000 0.251620 0.962721 0.099278 13.005900 -0.266771 -0.029614 0.963305 -0.000000 0.000000 0.000000 0.000000 1.000000
0.936136 -0.330882 0.119024 0.000000 0.323770 0.943129 0.075375 13.005900 -0.137195 -0.032025 0.990026 0.000000 0.000000 0.000000 0.000000 1.000000
0.900777 -0.434234 0.006524 -0.000000 0.434090 0.900722 0.016309 13.005900 -0.012958 -0.011859 0.999846 0.000000 0.000000 0.000000 0.000000 1.000000
0.848590 -0.528194 -0.030116 0.000000 0.525683 0.848233 -0.064486 13.005900 0.059606 0.038891 0.997464 0.000000 0.000000 0.000000 0.000000 1.000000
0.830240 -0.555955 0.040202 0.000000 0.555499 0.819280 -0.142129 13.005900 0.046081 0.140333 0.989031 -0.000000 0.000000 0.000000 0.000000 1.000000
0.859695 -0.478531 0.178697 -0.000000 0.508106 0.837046 -0.202936 13.005900 -0.052466 0.265260 0.962748 -0.000000 0.000000 0.000000 0.000000 1.000000
0.910462 -0.303893 0.280551 0.000000 0.377351 0.888034 -0.262684 13.005900 -0.169311 0.345030 0.923195 0.000000 0.000000 0.000000 0.000000 1.000000
0.962911 -0.081424 0.257239 -0.000000 0.169769 0.923844 -0.343062 13.005900 -0.209715 0.374009 0.903403 0.000000 0.000000 0.000000 0.000000 1.000000
0.984401 0.137884 0.109283 0.000000 -0.079501 0.902711 -0.422839 13.005900 -0.156954 0.407555 0.899591 0.000000 0.000000 0.000000 0.000000 1.000000
0.951111 0.299230 -0.076474 -0.000000 -0.300334 0.838352 -0.454934 13.005900 -0.072018 0.455661 0.887235 -0.000000 0.000000 0.000000 0.000000 1.000000
0.893916 0.390066 -0.220822 -0.000000 -0.448224 0.781186 -0.434561 13.005900 0.002996 0.487439 0.873152 0.000000 0.000000 0.000000 0.000000 1.000000
0.837459 0.437181 -0.327927 0.000000 -0.541157 0.747092 -0.386009 13.005900 0.076236 0.500727 0.862242 0.000000 0.000000 0.000000 0.000000 1.000000
0.776562 0.455050 -0.435753 -0.000000 -0.607240 0.724957 -0.325109 13.005900 0.167961 0.517074 0.839299 -0.000000 0.000000 0.000000 0.000000 1.000000
0.708057 0.445647 -0.547773 -0.000000 -0.651941 0.710613 -0.264579 13.005900 0.271345 0.544453 0.793690 0.000000 0.000000 0.000000 0.000000 1.000000
0.645454 0.419458 -0.638313 0.000000 -0.675235 0.703972 -0.220185 13.005900 0.356997 0.573130 0.737614 0.000000 0.000000 0.000000 0.000000 1.000000
0.604433 0.392525 -0.693242 0.000000 -0.684187 0.701543 -0.199313 13.005900 0.408104 0.594778 0.692597 0.000000 0.000000 0.000000 0.000000 1.000000
0.586596 0.370034 -0.720403 0.000000 -0.684289 0.702242 -0.196484 13.005900 0.433191 0.608220 0.665142 0.000000 0.000000 0.000000 0.000000 1.000000
0.583438 0.346434 -0.734564 0.000000 -0.675939 0.708528 -0.202720 13.005900 0.450230 0.614794 0.647550 0.000000 0.000000 0.000000 0.000000 1.000000
0.587667 0.316866 -0.744475 0.000000 -0.659949 0.720047 -0.214475 13.005900 0.468097 0.617356 0.632263 0.000000 0.000000 0.000000 0.000000 1.000000
0.597139 0.283098 -0.750520 0.000000 -0.640677 0.731320 -0.233889 13.005900 0.482657 0.620505 0.618074 0.000000 0.000000 0.000000 0.000000 1.000000
0.612728 0.252314 -0.748934 0.000000 -0.625169 0.734474 -0.264030 13.005900 0.483454 0.629989 0.607772 0.000000 0.000000 0.000000 0.000000 1.000000
0.636024 0.222552 -0.738880 0.000000 -0.608557 0.733407 -0.302939 13.005900 0.474480 0.642327 0.601901 -0.000000 0.000000 0.000000 0.000000 1.000000
0.669694 0.194174 -0.716803 0.000000 -0.588021 0.728178 -0.352121 13.005900 0.453587 0.657308 0.601835 0.000000 0.000000 0.000000 0.000000 1.000000
0.705861 0.167888 -0.688167 0.000000 -0.564625 0.719997 -0.403489 13.005900 0.427737 0.673364 0.603011 0.000000 0.000000 0.000000 0.000000 1.000000
0.742024 0.143427 -0.654851 -0.000000 -0.538007 0.710184 -0.454079 13.005900 0.399937 0.689252 0.604138 -0.000000 0.000000 0.000000 0.000000 1.000000
0.775950 0.119953 -0.619284 0.000000 -0.508397 0.700088 -0.501407 13.005900 0.373408 0.703910 0.604217 0.000000 0.000000 0.000000 0.000000 1.000000
0.808573 0.091350 -0.581261 0.000000 -0.469359 0.695888 -0.543545 13.005900 0.354840 0.712317 0.605553 -0.000000 0.000000 0.000000 0.000000 1.000000
0.829590 0.054988 -0.555658 0.000000 -0.432114 0.693476 -0.576515 13.005900 0.353634 0.718379 0.599062 0.000000 0.000000 0.000000 0.000000 1.000000
0.847622 0.017780 -0.530302 -0.000000 -0.394586 0.689306 -0.607585 13.005900 0.354738 0.724252 0.591287 0.000000 0.000000 0.000000 0.000000 1.000000
0.863481 -0.019476 -0.504005 -0.000000 -0.356630 0.683047 -0.637387 13.005900 0.356672 0.730115 0.582852 0.000000 0.000000 0.000000 0.000000 1.000000
0.877920 -0.055871 -0.475536 0.000000 -0.318002 0.674451 -0.666326 13.005900 0.357954 0.736203 0.574347 -0.000000 0.000000 0.000000 0.000000 1.000000</float_array>
        <technique_common>
          <accessor source="#mixamorig1_RightArm-Matrix-animation-output-transform-array" count="66" stride="16">
            <param type="float4x4"/>
          </accessor>
        </technique_common>
      </source>
      <source id="mixamorig1_RightArm-Interpolations">
        <Name_array id="mixamorig1_RightArm-Interpolations-array" count="66">
 LINEAR LINEAR LINEAR LINEAR LINEAR LINEAR LINEAR LINEAR LINEAR LINEAR LINEAR
LINEAR LINEAR LINEAR LINEAR LINEAR LINEAR LINEAR LINEAR LINEAR LINEAR LINEAR LINEAR
LINEAR LINEAR LINEAR LINEAR LINEAR LINEAR LINEAR LINEAR LINEAR LINEAR LINEAR LINEAR
LINEAR LINEAR LINEAR LINEAR LINEAR LINEAR LINEAR LINEAR LINEAR LINEAR LINEAR LINEAR
LINEAR LINEAR LINEAR LINEAR LINEAR LINEAR LINEAR LINEAR LINEAR LINEAR LINEAR LINEAR
LINEAR LINEAR LINEAR LINEAR LINEAR LINEAR LINEAR</Name_array>
        <technique_common>
          <accessor source="#mixamorig1_RightArm-Interpolations-array" count="66">
            <param type="name"/>
          </accessor>
        </technique_common>
      </source>
      <sampler id="mixamorig1_RightArm-Matrix-animation-transform">
        <input semantic="INPUT" source="#mixamorig1_RightArm-Matrix-animation-input"/>
        <input semantic="OUTPUT" source="#mixamorig1_RightArm-Matrix-animation-output-transform"/>
        <input semantic="INTERPOLATION" source="#mixamorig1_RightArm-Interpolations"/>
      </sampler>
      <channel source="#mixamorig1_RightArm-Matrix-animation-transform" target="mixamorig1_RightArm/matrix"/>
    </animation>
    <animation id="mixamorig1_RightForeArm-anim" name="mixamorig1_RightForeArm">
      <source id="mixamorig1_RightForeArm-Matrix-animation-input">
        <float_array id="mixamorig1_RightForeArm-Matrix-animation-input-array" count="66">

0.000000 0.033333 0.066667 0.100000 0.133333 0.166667 0.200000 0.233333 0.266667 0.300000 0.333333 0.366667 0.400000 0.433333 0.466667 0.500000
0.533333 0.566667 0.600000 0.633333 0.666667 0.700000 0.733333 0.766667 0.800000 0.833333 0.866667 0.900000 0.933333 0.966667 1.000000 1.033333
1.066667 1.100000 1.133333 1.166667 1.200000 1.233333 1.266667 1.300000 1.333333 1.366667 1.400000 1.433333 1.466667 1.500000 1.533333 1.566667
1.600000 1.633333 1.666667 1.700000 1.733333 1.766667 1.800000 1.833333 1.866667 1.900000 1.933333 1.966667 2.000000 2.033333 2.066667 2.100000
2.133333 2.166667</float_array>
        <technique_common>
          <accessor source="#mixamorig1_RightForeArm-Matrix-animation-input-array" count="66">
            <param name="TIME" type="float"/>
          </accessor>
        </technique_common>
      </source>
      <source id="mixamorig1_RightForeArm-Matrix-animation-output-transform">
        <float_array id="mixamorig1_RightForeArm-Matrix-animation-output-transform-array" count="1056">

0.993256 0.115834 0.004955 0.000000 -0.115757 0.993183 -0.013677 25.571100 -0.006505 0.013012 0.999894 0.000000 0.000000 0.000000 0.000000 1.000000
0.986579 0.163227 0.004382 -0.000000 -0.163117 0.986422 -0.019106 25.571100 -0.007441 0.018135 0.999808 -0.000000 0.000000 0.000000 0.000000 1.000000
0.977644 0.210241 0.003265 0.000000 -0.210099 0.977368 -0.024719 25.571100 -0.008388 0.023480 0.999689 0.000000 0.000000 0.000000 0.000000 1.000000
0.966203 0.257776 0.001759 0.000000 -0.257605 0.965771 -0.030437 25.571100 -0.009544 0.028956 0.999535 0.000000 0.000000 0.000000 0.000000 1.000000
0.951577 0.307410 0.000043 0.000000 -0.307206 0.950951 -0.036278 25.571100 -0.011194 0.034508 0.999342 -0.000000 0.000000 0.000000 0.000000 1.000000
0.934144 0.356890 -0.002030 -0.000000 -0.356653 0.933286 -0.042140 25.571100 -0.013145 0.040089 0.999110 -0.000000 0.000000 0.000000 0.000000 1.000000
0.915367 0.402597 -0.004248 0.000000 -0.402331 0.914259 -0.047537 25.571100 -0.015255 0.045223 0.998860 0.000000 0.000000 0.000000 0.000000 1.000000
0.890796 0.454349 -0.007037 -0.000000 -0.454044 0.889368 -0.053559 25.571100 -0.018076 0.050905 0.998540 0.000000 0.000000 0.000000 0.000000 1.000000
0.862580 0.505811 -0.010485 0.000000 -0.505476 0.860771 -0.059725 25.571100 -0.021184 0.056817 0.998160 -0.000000 0.000000 0.000000 0.000000 1.000000
0.831784 0.554920 -0.014124 0.000000 -0.554553 0.829565 -0.065523 25.571100 -0.024643 0.062333 0.997751 -0.000000 0.000000 0.000000 0.000000 1.000000
0.805165 0.592799 -0.017269 0.000000 -0.592407 0.802593 -0.069996 25.571100 -0.027634 0.066589 0.997398 0.000000 0.000000 0.000000 0.000000 1.000000
0.789250 0.613773 -0.019150 0.000000 -0.613367 0.786466 -0.072472 25.571100 -0.029421 0.068945 0.997187 0.000000 0.000000 0.000000 0.000000 1.000000
0.796266 0.604670 -0.018321 0.000000 -0.604269 0.793575 -0.071397 25.571100 -0.028633 0.067922 0.997280 0.000000 0.000000 0.000000 0.000000 1.000000
0.840004 0.542420 -0.013153 0.000000 -0.542061 0.837895 -0.064047 25.571100 -0.023720 0.060929 0.997860 0.000000 0.000000 0.000000 0.000000 1.000000
0.908011 0.418916 -0.005118 -0.000000 -0.418639 0.906805 -0.049464 25.571100 -0.016081 0.047056 0.998763 0.000000 0.000000 0.000000 0.000000 1.000000
0.958515 0.285042 0.000850 0.000000 -0.284853 0.957980 -0.033657 25.571100 -0.010408 0.032018 0.999433 -0.000000 0.000000 0.000000 0.000000 1.000000
0.971615 0.236555 0.002398 0.000000 -0.236398 0.971255 -0.027931 25.571100 -0.008936 0.026572 0.999607 0.000000 0.000000 0.000000 0.000000 1.000000
0.948440 0.316958 -0.000340 0.000000 -0.316748 0.947771 -0.037425 25.571100 -0.011540 0.035603 0.999299 0.000000 0.000000 0.000000 0.000000 1.000000
0.880442 0.474079 -0.008375 0.000000 -0.473765 0.878870 -0.055978 25.571100 -0.019177 0.053253 0.998397 0.000000 0.000000 0.000000 0.000000 1.000000
0.780201 0.625202 -0.020219 -0.000000 -0.624788 0.777297 -0.073822 25.571100 -0.030438 0.070229 0.997066 -0.000000 0.000000 0.000000 0.000000 1.000000
0.679259 0.733194 -0.032145 -0.000000 -0.732709 0.675014 -0.086573 25.571100 -0.041776 0.082359 0.995727 0.000000 0.000000 0.000000 0.000000 1.000000
0.587807 0.807860 -0.042951 0.000000 -0.807325 0.582346 -0.095390 25.571100 -0.052049 0.090746 0.994513 -0.000000 0.000000 0.000000 0.000000 1.000000
0.495856 0.866736 -0.053815 0.000000 -0.866162 0.489173 -0.102341 25.571100 -0.062378 0.097359 0.993293 -0.000000 0.000000 0.000000 0.000000 1.000000
0.406763 0.911265 -0.064342 -0.000000 -0.910662 0.398896 -0.107599 25.571100 -0.072386 0.102361 0.992110 0.000000 0.000000 0.000000 0.000000 1.000000
0.350517 0.933862 -0.070988 0.000000 -0.933244 0.341903 -0.110268 25.571100 -0.078704 0.104900 0.991364 0.000000 0.000000 0.000000 0.000000 1.000000
0.357841 0.931146 -0.070123 0.000000 -0.930529 0.349324 -0.109947 25.571100 -0.077881 0.104595 0.991461 -0.000000 0.000000 0.000000 0.000000 1.000000
0.431610 0.899968 -0.061406 0.000000 -0.899372 0.424073 -0.106265 25.571100 -0.069594 0.101092 0.992440 -0.000000 0.000000 0.000000 0.000000 1.000000
0.546363 0.836181 -0.047848 -0.000000 -0.835627 0.540351 -0.098734 25.571100 -0.056705 0.093927 0.993963 0.000000 0.000000 0.000000 0.000000 1.000000
0.662982 0.747860 -0.034069 0.000000 -0.747365 0.658520 -0.088305 25.571100 -0.043605 0.084006 0.995511 0.000000 0.000000 0.000000 0.000000 1.000000
0.747923 0.663351 -0.024033 0.000000 -0.662911 0.744589 -0.078326 25.571100 -0.034063 0.074514 0.996638 0.000000 0.000000 0.000000 0.000000 1.000000
0.790227 0.612519 -0.019034 0.000000 -0.612113 0.787456 -0.072324 25.571100 -0.029311 0.068803 0.997200 0.000000 0.000000 0.000000 0.000000 1.000000
0.800805 0.598661 -0.017784 0.000000 -0.598264 0.798175 -0.070688 25.571100 -0.028123 0.067247 0.997340 -0.000000 0.000000 0.000000 0.000000 1.000000
0.799332 0.600621 -0.017958 -0.000000 -0.600223 0.796682 -0.070919 25.571100 -0.028289 0.067467 0.997320 -0.000000 0.000000 0.000000 0.000000 1.000000
0.798225 0.602088 -0.018089 -0.000000 -0.601690 0.795560 -0.071093 25.571100 -0.028413 0.067632 0.997306 0.000000 0.000000 0.000000 0.000000 1.000000
0.791412 0.610990 -0.018894 0.000000 -0.610586 0.788657 -0.072144 25.571100 -0.029178 0.068632 0.997215 0.000000 0.000000 0.000000 0.000000 1.000000
0.761687 0.647558 -0.022406 0.000000 -0.647129 0.758537 -0.076462 25.571100 -0.032517 0.072739 0.996821 -0.000000 0.000000 0.000000 0.000000 1.000000
0.700640 0.712900 -0.029619 0.000000 -0.712428 0.696678 -0.084177 25.571100 -0.039375 0.080079 0.996011 0.000000 0.000000 0.000000 0.000000 1.000000
0.625764 0.779063 -0.038466 0.000000 -0.778547 0.620808 -0.091989 25.571100 -0.047785 0.087511 0.995017 0.000000 0.000000 0.000000 0.000000 1.000000
0.575812 0.816378 -0.044368 0.000000 -0.815837 0.570191 -0.096395 25.571100 -0.053397 0.091703 0.994354 0.000000 0.000000 0.000000 0.000000 1.000000
0.580740 0.812911 -0.043786 0.000000 -0.812372 0.575185 -0.095986 25.571100 -0.052843 0.091313 0.994419 0.000000 0.000000 0.000000 0.000000 1.000000
0.645780 0.762670 -0.036101 -0.000000 -0.762164 0.641090 -0.090054 25.571100 -0.045537 0.085670 0.995282 -0.000000 0.000000 0.000000 0.000000 1.000000
0.757150 0.652838 -0.022942 -0.000000 -0.652406 0.753940 -0.077085 25.571100 -0.033027 0.073333 0.996761 0.000000 0.000000 0.000000 0.000000 1.000000
0.875881 0.482445 -0.008914 -0.000000 -0.482125 0.874248 -0.056966 25.571100 -0.019690 0.054193 0.998336 0.000000 0.000000 0.000000 0.000000 1.000000
0.949968 0.312347 -0.000160 0.000000 -0.312140 0.949320 -0.036881 25.571100 -0.011368 0.035085 0.999320 0.000000 0.000000 0.000000 0.000000 1.000000
0.968350 0.249588 0.002012 0.000000 -0.249423 0.967946 -0.029471 25.571100 -0.009303 0.028036 0.999564 0.000000 0.000000 0.000000 0.000000 1.000000
0.942952 0.332926 -0.000989 -0.000000 -0.332706 0.942211 -0.039311 25.571100 -0.012156 0.037397 0.999227 -0.000000 0.000000 0.000000 0.000000 1.000000
0.871300 0.490660 -0.009455 0.000000 -0.490335 0.869606 -0.057935 25.571100 -0.020205 0.055115 0.998276 -0.000000 0.000000 0.000000 0.000000 1.000000
0.774386 0.632368 -0.020906 0.000000 -0.631949 0.771405 -0.074668 25.571100 -0.031091 0.071033 0.996989 0.000000 0.000000 0.000000 0.000000 1.000000
0.683213 0.729531 -0.031678 0.000000 -0.729048 0.679020 -0.086141 25.571100 -0.041332 0.081947 0.995779 0.000000 0.000000 0.000000 0.000000 1.000000
0.606600 0.793963 -0.040730 0.000000 -0.793437 0.601389 -0.093749 25.571100 -0.049938 0.089185 0.994762 0.000000 0.000000 0.000000 0.000000 1.000000
0.545069 0.837016 -0.048001 0.000000 -0.836461 0.539041 -0.098832 25.571100 -0.056850 0.094021 0.993946 0.000000 0.000000 0.000000 0.000000 1.000000
0.504053 0.862055 -0.052847 0.000000 -0.861484 0.497479 -0.101789 25.571100 -0.061457 0.096834 0.993401 0.000000 0.000000 0.000000 0.000000 1.000000
0.488916 0.870618 -0.054635 0.000000 -0.870042 0.482141 -0.102800 25.571100 -0.063157 0.097796 0.993200 0.000000 0.000000 0.000000 0.000000 1.000000
0.500728 0.863966 -0.053240 -0.000000 -0.863393 0.494110 -0.102014 25.571100 -0.061831 0.097048 0.993357 0.000000 0.000000 0.000000 0.000000 1.000000
0.538247 0.841373 -0.048807 -0.000000 -0.840815 0.532128 -0.099347 25.571100 -0.057616 0.094510 0.993855 0.000000 0.000000 0.000000 0.000000 1.000000
0.602037 0.797379 -0.041698 -0.000000 -0.796883 0.596733 -0.094271 25.571100 -0.050287 0.089983 0.994673 -0.000000 0.000000 0.000000 0.000000 1.000000
0.674583 0.737475 -0.032698 0.000000 -0.736986 0.670275 -0.087079 25.571100 -0.042302 0.082840 0.995665 -0.000000 0.000000 0.000000 0.000000 1.000000
0.751921 0.658893 -0.021791 -0.000000 -0.658365 0.748783 -0.076676 25.571100 -0.034204 0.072001 0.996818 -0.000000 0.000000 0.000000 0.000000 1.000000
0.823999 0.566452 -0.012599 0.000000 -0.565973 0.821856 -0.065021 25.571100 -0.026477 0.060708 0.997804 0.000000 0.000000 0.000000 0.000000 1.000000
0.885210 0.465152 -0.006035 0.000000 -0.464784 0.883818 -0.053303 25.571100 -0.019460 0.049989 0.998560 0.000000 0.000000 0.000000 0.000000 1.000000
0.932272 0.361750 -0.002251 -0.000000 -0.361510 0.931389 -0.042714 25.571100 -0.013355 0.040635 0.999085 0.000000 0.000000 0.000000 0.000000 1.000000
0.959740 0.280889 0.000995 0.000000 -0.280703 0.959222 -0.033166 25.571100 -0.010270 0.031552 0.999449 0.000000 0.000000 0.000000 0.000000 1.000000
0.971878 0.235471 0.002640 0.000000 -0.235311 0.971527 -0.027657 25.571100 -0.009078 0.026258 0.999614 0.000000 0.000000 0.000000 0.000000 1.000000
0.980829 0.194835 0.003796 0.000000 -0.194701 0.980598 -0.022774 25.571100 -0.008160 0.021598 0.999733 0.000000 0.000000 0.000000 0.000000 1.000000
0.987747 0.155995 0.004571 0.000000 -0.155889 0.987607 -0.018203 25.571100 -0.007354 0.017268 0.999824 0.000000 0.000000 0.000000 0.000000 1.000000
0.993256 0.115834 0.004955 0.000000 -0.115757 0.993183 -0.013677 25.571100 -0.006505 0.013012 0.999894 -0.000000 0.000000 0.000000 0.000000 1.000000</float_array>
        <technique_common>
          <accessor source="#mixamorig1_RightForeArm-Matrix-animation-output-transform-array" count="66" stride="16">
            <param type="float4x4"/>
          </accessor>
        </technique_common>
      </source>
      <source id="mixamorig1_RightForeArm-Interpolations">
        <Name_array id="mixamorig1_RightForeArm-Interpolations-array" count="66">
 LINEAR LINEAR LINEAR LINEAR LINEAR LINEAR LINEAR LINEAR LINEAR LINEAR LINEAR
LINEAR LINEAR LINEAR LINEAR LINEAR LINEAR LINEAR LINEAR LINEAR LINEAR LINEAR LINEAR
LINEAR LINEAR LINEAR LINEAR LINEAR LINEAR LINEAR LINEAR LINEAR LINEAR LINEAR LINEAR
LINEAR LINEAR LINEAR LINEAR LINEAR LINEAR LINEAR LINEAR LINEAR LINEAR LINEAR LINEAR
LINEAR LINEAR LINEAR LINEAR LINEAR LINEAR LINEAR LINEAR LINEAR LINEAR LINEAR LINEAR
LINEAR LINEAR LINEAR LINEAR LINEAR LINEAR LINEAR</Name_array>
        <technique_common>
          <accessor source="#mixamorig1_RightForeArm-Interpolations-array" count="66">
            <param type="name"/>
          </accessor>
        </technique_common>
      </source>
      <sampler id="mixamorig1_RightForeArm-Matrix-animation-transform">
        <input semantic="INPUT" source="#mixamorig1_RightForeArm-Matrix-animation-input"/>
        <input semantic="OUTPUT" source="#mixamorig1_RightForeArm-Matrix-animation-output-transform"/>
        <input semantic="INTERPOLATION" source="#mixamorig1_RightForeArm-Interpolations"/>
      </sampler>
      <channel source="#mixamorig1_RightForeArm-Matrix-animation-transform" target="mixamorig1_RightForeArm/matrix"/>
    </animation>
    <animation id="mixamorig1_RightHand-anim" name="mixamorig1_RightHand">
      <source id="mixamorig1_RightHand-Matrix-animation-input">
        <float_array id="mixamorig1_RightHand-Matrix-animation-input-array" count="66">

0.000000 0.033333 0.066667 0.100000 0.133333 0.166667 0.200000 0.233333 0.266667 0.300000 0.333333 0.366667 0.400000 0.433333 0.466667 0.500000
0.533333 0.566667 0.600000 0.633333 0.666667 0.700000 0.733333 0.766667 0.800000 0.833333 0.866667 0.900000 0.933333 0.966667 1.000000 1.033333
1.066667 1.100000 1.133333 1.166667 1.200000 1.233333 1.266667 1.300000 1.333333 1.366667 1.400000 1.433333 1.466667 1.500000 1.533333 1.566667
1.600000 1.633333 1.666667 1.700000 1.733333 1.766667 1.800000 1.833333 1.866667 1.900000 1.933333 1.966667 2.000000 2.033333 2.066667 2.100000
2.133333 2.166667</float_array>
        <technique_common>
          <accessor source="#mixamorig1_RightHand-Matrix-animation-input-array" count="66">
            <param name="TIME" type="float"/>
          </accessor>
        </technique_common>
      </source>
      <source id="mixamorig1_RightHand-Matrix-animation-output-transform">
        <float_array id="mixamorig1_RightHand-Matrix-animation-output-transform-array" count="1056">

0.967139 -0.049871 0.249308 0.000000 0.085942 0.986979 -0.135962 23.401699 -0.239282 0.152920 0.958833 0.000000 0.000000 0.000000 0.000000 1.000000
0.968173 -0.051782 0.244867 0.000000 0.075035 0.993414 -0.086599 23.401699 -0.238770 0.102216 0.965682 0.000000 0.000000 0.000000 0.000000 1.000000
0.969076 -0.053380 0.240918 0.000000 0.064106 0.997261 -0.036899 23.401699 -0.238289 0.051202 0.969844 0.000000 0.000000 0.000000 0.000000 1.000000
0.969420 -0.053566 0.239489 -0.000000 0.051203 0.998559 0.016080 23.401699 -0.240006 -0.003326 0.970766 0.000000 0.000000 0.000000 0.000000 1.000000
0.968327 -0.050371 0.244553 0.000000 0.032545 0.996546 0.076398 23.401699 -0.247556 -0.066019 0.966622 0.000000 0.000000 0.000000 0.000000 1.000000
0.966319 -0.049086 0.252621 -0.000000 0.013634 0.990027 0.140214 23.401699 -0.256984 -0.132047 0.957352 0.000000 0.000000 0.000000 0.000000 1.000000
0.965134 -0.058984 0.255025 0.000000 0.005588 0.978701 0.205213 23.401699 -0.261698 -0.196633 0.944907 0.000000 0.000000 0.000000 0.000000 1.000000
0.965096 -0.076234 0.250556 0.000000 0.001066 0.957833 0.287324 23.401699 -0.261895 -0.277028 0.924482 0.000000 0.000000 0.000000 0.000000 1.000000
0.965347 -0.092645 0.243970 -0.000000 -0.004800 0.928403 0.371543 23.401699 -0.260924 -0.359839 0.895787 0.000000 0.000000 0.000000 0.000000 1.000000
0.965742 -0.100040 0.239445 0.000000 -0.020901 0.889721 0.456027 23.401699 -0.258660 -0.445409 0.857150 0.000000 0.000000 0.000000 0.000000 1.000000
0.965936 -0.097471 0.239724 -0.000000 -0.039792 0.859394 0.509764 23.401699 -0.255704 -0.501938 0.826240 0.000000 0.000000 0.000000 0.000000 1.000000
0.962168 -0.102493 0.252444 0.000000 -0.045039 0.853966 0.518376 23.401699 -0.268709 -0.510135 0.817042 0.000000 0.000000 0.000000 0.000000 1.000000
0.946570 -0.141013 0.290037 -0.000000 -0.018429 0.874219 0.485181 23.401699 -0.321973 -0.464603 0.824911 0.000000 0.000000 0.000000 0.000000 1.000000
0.912922 -0.212141 0.348667 0.000000 0.048936 0.905031 0.422522 23.401699 -0.405189 -0.368667 0.836604 0.000000 0.000000 0.000000 0.000000 1.000000
0.876343 -0.274637 0.395723 0.000000 0.141459 0.932046 0.333585 23.401699 -0.460447 -0.236357 0.855642 0.000000 0.000000 0.000000 0.000000 1.000000
0.871543 -0.292153 0.393776 0.000000 0.224558 0.951757 0.209121 23.401699 -0.435875 -0.093833 0.895102 0.000000 0.000000 0.000000 0.000000 1.000000
0.904912 -0.274864 0.324936 0.000000 0.269546 0.960975 0.062231 23.401699 -0.329361 0.031271 0.943686 0.000000 0.000000 0.000000 0.000000 1.000000
0.945298 -0.252682 0.206310 0.000000 0.271693 0.959890 -0.069233 23.401699 -0.180541 0.121499 0.976034 -0.000000 0.000000 0.000000 0.000000 1.000000
0.970054 -0.228758 0.081635 0.000000 0.239678 0.956008 -0.169124 23.401699 -0.039355 0.183626 0.982208 0.000000 0.000000 0.000000 0.000000 1.000000
0.981994 -0.188419 -0.013636 0.000000 0.178423 0.948770 -0.260771 23.401699 0.062072 0.253643 0.965304 0.000000 0.000000 0.000000 0.000000 1.000000
0.988457 -0.138845 -0.060625 0.000000 0.105811 0.919058 -0.379653 23.401699 0.108431 0.368856 0.923140 0.000000 0.000000 0.000000 0.000000 1.000000
0.992777 -0.107743 -0.052772 0.000000 0.065178 0.853661 -0.516735 23.401699 0.100724 0.509563 0.854517 0.000000 0.000000 0.000000 0.000000 1.000000
0.994235 -0.106639 -0.011171 -0.000000 0.077914 0.790108 -0.607996 23.401699 0.073662 0.603621 0.793861 -0.000000 0.000000 0.000000 0.000000 1.000000
0.992876 -0.116975 0.022659 0.000000 0.106392 0.784779 -0.610575 23.401699 0.053640 0.608637 0.791634 0.000000 0.000000 0.000000 0.000000 1.000000
0.993509 -0.109080 0.032273 -0.000000 0.109280 0.836431 -0.537066 23.401699 0.031589 0.537107 0.842922 0.000000 0.000000 0.000000 0.000000 1.000000
0.996698 -0.068824 0.043083 -0.000000 0.080572 0.904009 -0.419853 23.401699 -0.010051 0.421938 0.906569 0.000000 0.000000 0.000000 0.000000 1.000000
0.996307 -0.008167 0.085477 -0.000000 0.032569 0.957021 -0.288185 23.401699 -0.079449 0.289904 0.953752 0.000000 0.000000 0.000000 0.000000 1.000000
0.988281 0.041130 0.147002 -0.000000 -0.015999 0.985621 -0.168209 23.401699 -0.151807 0.163886 0.974729 0.000000 0.000000 0.000000 0.000000 1.000000
0.983507 0.046978 0.174665 0.000000 -0.036151 0.997252 -0.064664 23.401699 -0.177223 0.057283 0.982502 0.000000 0.000000 0.000000 0.000000 1.000000
0.990344 0.005616 0.138518 0.000000 -0.011149 0.999169 0.039204 23.401699 -0.138183 -0.040370 0.989584 0.000000 0.000000 0.000000 0.000000 1.000000
0.995708 -0.050995 0.077240 -0.000000 0.039537 0.988902 0.143215 23.401699 -0.083686 -0.139547 0.986673 0.000000 0.000000 0.000000 0.000000 1.000000
0.994559 -0.086031 0.058745 0.000000 0.070356 0.970580 0.230269 23.401699 -0.076827 -0.224883 0.971352 -0.000000 0.000000 0.000000 0.000000 1.000000
0.991507 -0.088118 0.095648 0.000000 0.057391 0.956442 0.286224 23.401699 -0.116703 -0.278304 0.953377 0.000000 0.000000 0.000000 0.000000 1.000000
0.988365 -0.068534 0.135786 -0.000000 0.021949 0.947657 0.318535 23.401699 -0.150509 -0.311848 0.938135 -0.000000 0.000000 0.000000 0.000000 1.000000
0.990153 -0.043354 0.133109 0.000000 -0.007605 0.932777 0.360374 23.401699 -0.139784 -0.357837 0.923262 0.000000 0.000000 0.000000 0.000000 1.000000
0.995128 -0.024240 0.095566 0.000000 -0.019138 0.903379 0.428417 23.401699 -0.096717 -0.428158 0.898513 0.000000 0.000000 0.000000 0.000000 1.000000
0.997987 -0.020963 0.059847 0.000000 -0.011852 0.865486 0.500792 23.401699 -0.062295 -0.500494 0.863496 0.000000 0.000000 0.000000 0.000000 1.000000
0.997940 -0.046530 0.044175 0.000000 0.014370 0.833118 0.552909 23.401699 -0.062530 -0.551135 0.832070 -0.000000 0.000000 0.000000 0.000000 1.000000
0.992035 -0.118643 0.042313 0.000000 0.071478 0.806822 0.586455 23.401699 -0.103718 -0.578759 0.808876 0.000000 0.000000 0.000000 0.000000 1.000000
0.966634 -0.250067 0.055550 -0.000000 0.164925 0.773468 0.612002 23.401699 -0.196007 -0.582420 0.788903 0.000000 0.000000 0.000000 0.000000 1.000000
0.901985 -0.417102 0.111574 0.000000 0.260997 0.732574 0.628662 23.401699 -0.343953 -0.537923 0.769633 0.000000 0.000000 0.000000 0.000000 1.000000
0.808197 -0.539026 0.237211 0.000000 0.296646 0.720579 0.626711 23.401699 -0.508743 -0.436138 0.742270 -0.000000 0.000000 0.000000 0.000000 1.000000
0.728292 -0.530052 0.434323 0.000000 0.241953 0.791879 0.560701 23.401699 -0.641132 -0.303268 0.704967 0.000000 0.000000 0.000000 0.000000 1.000000
0.673376 -0.366807 0.641886 -0.000000 0.152709 0.918521 0.364690 23.401699 -0.723356 -0.147552 0.674525 0.000000 0.000000 0.000000 0.000000 1.000000
0.683849 -0.140031 0.716060 0.000000 0.093450 0.990137 0.104383 23.401699 -0.723614 -0.004466 0.690190 0.000000 0.000000 0.000000 0.000000 1.000000
0.794422 0.009059 0.607299 0.000000 0.044842 0.996285 -0.073520 23.401699 -0.605709 0.085638 0.791065 0.000000 0.000000 0.000000 0.000000 1.000000
0.922371 0.057814 0.381955 -0.000000 0.001314 0.988262 -0.152760 23.401699 -0.386304 0.141403 0.911468 -0.000000 0.000000 0.000000 0.000000 1.000000
0.985995 0.071513 0.150667 0.000000 -0.041119 0.979753 -0.195941 23.401699 -0.161629 0.187002 0.968972 -0.000000 0.000000 0.000000 0.000000 1.000000
0.995718 0.092351 0.004071 -0.000000 -0.088962 0.969281 -0.229304 23.401699 -0.025122 0.227960 0.973346 0.000000 0.000000 0.000000 0.000000 1.000000
0.991441 0.124247 -0.040102 -0.000000 -0.130446 0.955469 -0.264695 23.401699 0.005429 0.267661 0.963498 0.000000 0.000000 0.000000 0.000000 1.000000
0.985927 0.166337 -0.016721 0.000000 -0.163249 0.936391 -0.310678 23.401699 -0.036020 0.309036 0.950368 0.000000 0.000000 0.000000 0.000000 1.000000
0.975226 0.219801 0.024943 -0.000000 -0.196644 0.913034 -0.357352 23.401699 -0.101320 0.343594 0.933636 0.000000 0.000000 0.000000 0.000000 1.000000
0.959568 0.276747 0.051391 -0.000000 -0.236719 0.892203 -0.384627 23.401699 -0.152296 0.356910 0.921640 0.000000 0.000000 0.000000 0.000000 1.000000
0.944998 0.321952 0.057667 0.000000 -0.276567 0.880672 -0.384613 23.401699 -0.174613 0.347510 0.921275 0.000000 0.000000 0.000000 0.000000 1.000000
0.937347 0.344039 0.054939 -0.000000 -0.300652 0.878447 -0.371402 23.401699 -0.176037 0.331615 0.926845 0.000000 0.000000 0.000000 0.000000 1.000000
0.939700 0.338465 0.049048 0.000000 -0.297316 0.879354 -0.371941 23.401699 -0.169020 0.334930 0.926960 -0.000000 0.000000 0.000000 0.000000 1.000000
0.946413 0.318773 0.051833 0.000000 -0.278832 0.887491 -0.366895 23.401699 -0.162958 0.332781 0.928817 0.000000 0.000000 0.000000 0.000000 1.000000
0.955907 0.285417 0.069134 0.000000 -0.245456 0.905756 -0.345481 23.401699 -0.161225 0.313279 0.935876 -0.000000 0.000000 0.000000 0.000000 1.000000
0.965241 0.245656 0.089233 0.000000 -0.206174 0.925505 -0.317698 23.401699 -0.160630 0.288258 0.943984 -0.000000 0.000000 0.000000 0.000000 1.000000
0.973044 0.202407 0.110527 0.000000 -0.163868 0.944055 -0.286196 23.401699 -0.162271 0.260370 0.951775 0.000000 0.000000 0.000000 0.000000 1.000000
0.978405 0.158961 0.132116 -0.000000 -0.121594 0.959527 -0.254014 23.401699 -0.167148 0.232464 0.958135 0.000000 0.000000 0.000000 0.000000 1.000000
0.978092 0.114170 0.174070 0.000000 -0.074531 0.972813 -0.219271 23.401699 -0.194372 0.201494 0.960010 0.000000 0.000000 0.000000 0.000000 1.000000
0.977791 0.072840 0.196517 0.000000 -0.033097 0.979562 -0.198403 23.401699 -0.206952 0.187492 0.960217 0.000000 0.000000 0.000000 0.000000 1.000000
0.975970 0.031919 0.215555 0.000000 0.007227 0.983928 -0.178419 23.401699 -0.217786 0.175689 0.960053 0.000000 0.000000 0.000000 0.000000 1.000000
0.972502 -0.008853 0.232725 -0.000000 0.046813 0.986313 -0.158100 23.401699 -0.228140 0.164647 0.959606 -0.000000 0.000000 0.000000 0.000000 1.000000
0.967139 -0.049871 0.249309 0.000000 0.085942 0.986979 -0.135962 23.401699 -0.239282 0.152921 0.958832 -0.000000 0.000000 0.000000 0.000000 1.000000</float_array>
        <technique_common>
          <accessor source="#mixamorig1_RightHand-Matrix-animation-output-transform-array" count="66" stride="16">
            <param type="float4x4"/>
          </accessor>
        </technique_common>
      </source>
      <source id="mixamorig1_RightHand-Interpolations">
        <Name_array id="mixamorig1_RightHand-Interpolations-array" count="66">
 LINEAR LINEAR LINEAR LINEAR LINEAR LINEAR LINEAR LINEAR LINEAR LINEAR LINEAR
LINEAR LINEAR LINEAR LINEAR LINEAR LINEAR LINEAR LINEAR LINEAR LINEAR LINEAR LINEAR
LINEAR LINEAR LINEAR LINEAR LINEAR LINEAR LINEAR LINEAR LINEAR LINEAR LINEAR LINEAR
LINEAR LINEAR LINEAR LINEAR LINEAR LINEAR LINEAR LINEAR LINEAR LINEAR LINEAR LINEAR
LINEAR LINEAR LINEAR LINEAR LINEAR LINEAR LINEAR LINEAR LINEAR LINEAR LINEAR LINEAR
LINEAR LINEAR LINEAR LINEAR LINEAR LINEAR LINEAR</Name_array>
        <technique_common>
          <accessor source="#mixamorig1_RightHand-Interpolations-array" count="66">
            <param type="name"/>
          </accessor>
        </technique_common>
      </source>
      <sampler id="mixamorig1_RightHand-Matrix-animation-transform">
        <input semantic="INPUT" source="#mixamorig1_RightHand-Matrix-animation-input"/>
        <input semantic="OUTPUT" source="#mixamorig1_RightHand-Matrix-animation-output-transform"/>
        <input semantic="INTERPOLATION" source="#mixamorig1_RightHand-Interpolations"/>
      </sampler>
      <channel source="#mixamorig1_RightHand-Matrix-animation-transform" target="mixamorig1_RightHand/matrix"/>
    </animation>
    <animation id="mixamorig1_RightHandThumb1-anim" name="mixamorig1_RightHandThumb1">
      <source id="mixamorig1_RightHandThumb1-Matrix-animation-input">
        <float_array id="mixamorig1_RightHandThumb1-Matrix-animation-input-array" count="66">

0.000000 0.033333 0.066667 0.100000 0.133333 0.166667 0.200000 0.233333 0.266667 0.300000 0.333333 0.366667 0.400000 0.433333 0.466667 0.500000
0.533333 0.566667 0.600000 0.633333 0.666667 0.700000 0.733333 0.766667 0.800000 0.833333 0.866667 0.900000 0.933333 0.966667 1.000000 1.033333
1.066667 1.100000 1.133333 1.166667 1.200000 1.233333 1.266667 1.300000 1.333333 1.366667 1.400000 1.433333 1.466667 1.500000 1.533333 1.566667
1.600000 1.633333 1.666667 1.700000 1.733333 1.766667 1.800000 1.833333 1.866667 1.900000 1.933333 1.966667 2.000000 2.033333 2.066667 2.100000
2.133333 2.166667</float_array>
        <technique_common>
          <accessor source="#mixamorig1_RightHandThumb1-Matrix-animation-input-array" count="66">
            <param name="TIME" type="float"/>
          </accessor>
        </technique_common>
      </source>
      <source id="mixamorig1_RightHandThumb1-Matrix-animation-output-transform">
        <float_array id="mixamorig1_RightHandThumb1-Matrix-animation-output-transform-array" count="1056">

0.885879 0.418728 -0.199713 2.885100 -0.462546 0.830296 -0.310901 4.054300 0.035638 0.367797 0.929223 1.212000 0.000000 0.000000 0.000000 1.000000
0.885879 0.418728 -0.199713 2.885100 -0.462546 0.830296 -0.310901 4.054300 0.035638 0.367797 0.929223 1.212000 0.000000 0.000000 0.000000 1.000000
0.885879 0.418728 -0.199713 2.885100 -0.462546 0.830296 -0.310901 4.054300 0.035638 0.367797 0.929223 1.212000 0.000000 0.000000 0.000000 1.000000
0.885879 0.418729 -0.199713 2.885100 -0.462546 0.830296 -0.310901 4.054300 0.035638 0.367796 0.929223 1.212000 0.000000 0.000000 0.000000 1.000000
0.885879 0.418729 -0.199712 2.885100 -0.462546 0.830296 -0.310901 4.054300 0.035638 0.367797 0.929223 1.212000 0.000000 0.000000 0.000000 1.000000
0.885879 0.418729 -0.199712 2.885100 -0.462546 0.830296 -0.310901 4.054300 0.035637 0.367797 0.929223 1.212000 0.000000 0.000000 0.000000 1.000000
0.885879 0.418729 -0.199712 2.885100 -0.462546 0.830296 -0.310901 4.054300 0.035637 0.367797 0.929223 1.212000 0.000000 0.000000 0.000000 1.000000
0.885879 0.418728 -0.199713 2.885100 -0.462546 0.830296 -0.310901 4.054300 0.035638 0.367797 0.929223 1.212000 0.000000 0.000000 0.000000 1.000000
0.885879 0.418728 -0.199713 2.885100 -0.462545 0.830297 -0.310901 4.054300 0.035638 0.367797 0.929223 1.212000 0.000000 0.000000 0.000000 1.000000
0.885879 0.418728 -0.199713 2.885100 -0.462546 0.830296 -0.310901 4.054300 0.035638 0.367797 0.929223 1.212000 0.000000 0.000000 0.000000 1.000000
0.885878 0.418730 -0.199713 2.885100 -0.462547 0.830296 -0.310901 4.054300 0.035637 0.367797 0.929223 1.212000 0.000000 0.000000 0.000000 1.000000
0.885878 0.418730 -0.199713 2.885100 -0.462547 0.830296 -0.310901 4.054300 0.035637 0.367797 0.929223 1.212000 0.000000 0.000000 0.000000 1.000000
0.885880 0.418726 -0.199712 2.885100 -0.462543 0.830298 -0.310900 4.054300 0.035639 0.367796 0.929223 1.212000 0.000000 0.000000 0.000000 1.000000
0.885881 0.418723 -0.199712 2.885100 -0.462541 0.830299 -0.310900 4.054300 0.035640 0.367796 0.929223 1.212000 0.000000 0.000000 0.000000 1.000000
0.885877 0.418733 -0.199713 2.885100 -0.462550 0.830294 -0.310901 4.054300 0.035636 0.367797 0.929223 1.212000 0.000000 0.000000 0.000000 1.000000
0.885869 0.418748 -0.199715 2.885100 -0.462565 0.830285 -0.310903 4.054300 0.035630 0.367801 0.929222 1.212000 0.000000 0.000000 0.000000 1.000000
0.885878 0.418729 -0.199713 2.885100 -0.462547 0.830296 -0.310901 4.054300 0.035637 0.367797 0.929223 1.212000 0.000000 0.000000 0.000000 1.000000
0.885908 0.418670 -0.199706 2.885100 -0.462488 0.830332 -0.310893 4.054300 0.035661 0.367784 0.929227 1.212000 0.000000 0.000000 0.000000 1.000000
0.885903 0.418680 -0.199707 2.885100 -0.462498 0.830325 -0.310894 4.054300 0.035657 0.367786 0.929227 1.212000 0.000000 0.000000 0.000000 1.000000
0.885811 0.418864 -0.199729 2.885100 -0.462680 0.830215 -0.310920 4.054300 0.035585 0.367827 0.929213 1.212000 0.000000 0.000000 0.000000 1.000000
0.885766 0.418955 -0.199739 2.885100 -0.462769 0.830160 -0.310933 4.054300 0.035548 0.367847 0.929207 1.212000 0.000000 0.000000 0.000000 1.000000
0.886008 0.418469 -0.199681 2.885100 -0.462290 0.830452 -0.310865 4.054300 0.035738 0.367740 0.929242 1.212000 0.000000 0.000000 0.000000 1.000000
0.886194 0.418096 -0.199640 2.885100 -0.461922 0.830676 -0.310812 4.054300 0.035887 0.367658 0.929268 1.212000 0.000000 0.000000 0.000000 1.000000
0.884789 0.420906 -0.199965 2.885100 -0.464692 0.828983 -0.311205 4.054300 0.034779 0.368273 0.929067 1.212000 0.000000 0.000000 0.000000 1.000000
0.879865 0.430594 -0.201063 2.885100 -0.474218 0.823063 -0.312546 4.054300 0.030907 0.370346 0.928379 1.212000 0.000000 0.000000 0.000000 1.000000
0.870655 0.448052 -0.203001 2.885100 -0.491320 0.812058 -0.314908 4.054300 0.023754 0.373914 0.927159 1.212000 0.000000 0.000000 0.000000 1.000000
0.857920 0.470913 -0.205461 2.885100 -0.513591 0.796974 -0.317894 4.054300 0.014046 0.378250 0.925597 1.212000 0.000000 0.000000 0.000000 1.000000
0.843107 0.495879 -0.208027 2.885100 -0.537738 0.779601 -0.321030 4.054300 0.002986 0.382526 0.923940 1.212000 0.000000 0.000000 0.000000 1.000000
0.827744 0.520170 -0.210386 2.885100 -0.561045 0.761758 -0.323966 4.054300 -0.008254 0.386197 0.922379 1.212000 0.000000 0.000000 0.000000 1.000000
0.813602 0.541268 -0.212321 2.885100 -0.581131 0.745473 -0.326432 4.054300 -0.018407 0.388972 0.921066 1.212000 0.000000 0.000000 0.000000 1.000000
0.802743 0.556731 -0.213669 2.885100 -0.595755 0.733053 -0.328191 4.054300 -0.026083 0.390748 0.920128 1.212000 0.000000 0.000000 0.000000 1.000000
0.796652 0.565146 -0.214375 2.885100 -0.603677 0.726117 -0.329134 4.054300 -0.030348 0.391618 0.919627 1.212000 0.000000 0.000000 0.000000 1.000000
0.795267 0.567035 -0.214528 2.885100 -0.605451 0.724542 -0.329346 4.054300 -0.031317 0.391804 0.919515 1.212000 0.000000 0.000000 0.000000 1.000000
0.797389 0.564138 -0.214288 2.885100 -0.602728 0.726954 -0.329024 4.054300 -0.029837 0.391518 0.919687 1.212000 0.000000 0.000000 0.000000 1.000000
0.801903 0.557902 -0.213768 2.885100 -0.596858 0.732095 -0.328324 4.054300 -0.026675 0.390873 0.920058 1.212000 0.000000 0.000000 0.000000 1.000000
0.808190 0.549050 -0.213009 2.885100 -0.588502 0.739274 -0.327321 4.054300 -0.022244 0.389894 0.920591 1.212000 0.000000 0.000000 0.000000 1.000000
0.815800 0.538062 -0.212037 2.885100 -0.578089 0.747996 -0.326060 4.054300 -0.016838 0.388576 0.921263 1.212000 0.000000 0.000000 0.000000 1.000000
0.824233 0.525515 -0.210889 2.885100 -0.566148 0.757703 -0.324597 4.054300 -0.010790 0.386937 0.922043 1.212000 0.000000 0.000000 0.000000 1.000000
0.832952 0.512105 -0.209618 2.885100 -0.553327 0.767788 -0.323003 4.054300 -0.004470 0.385033 0.922892 1.212000 0.000000 0.000000 0.000000 1.000000
0.841379 0.498689 -0.208304 2.885100 -0.540443 0.777586 -0.321376 4.054300 0.001708 0.382975 0.923757 1.212000 0.000000 0.000000 0.000000 1.000000
0.848939 0.486244 -0.207050 2.885100 -0.528440 0.786420 -0.319835 4.054300 0.007311 0.380934 0.924573 1.212000 0.000000 0.000000 0.000000 1.000000
0.855396 0.475283 -0.205921 2.885100 -0.517832 0.794002 -0.318452 4.054300 0.012146 0.379035 0.925303 1.212000 0.000000 0.000000 0.000000 1.000000
0.861190 0.465174 -0.204855 2.885100 -0.508015 0.800833 -0.317155 4.054300 0.016523 0.377200 0.925984 1.212000 0.000000 0.000000 0.000000 1.000000
0.867050 0.454665 -0.203725 2.885100 -0.497778 0.807773 -0.315783 4.054300 0.020988 0.375210 0.926702 1.212000 0.000000 0.000000 0.000000 1.000000
0.873140 0.443422 -0.202493 2.885100 -0.486793 0.815019 -0.314288 4.054300 0.025673 0.372990 0.927480 1.212000 0.000000 0.000000 0.000000 1.000000
0.878799 0.432659 -0.201294 2.885100 -0.476244 0.821784 -0.312830 4.054300 0.030071 0.370779 0.928234 1.212000 0.000000 0.000000 0.000000 1.000000
0.883062 0.424335 -0.200354 2.885100 -0.468066 0.826903 -0.311683 4.054300 0.033415 0.369014 0.928823 1.212000 0.000000 0.000000 0.000000 1.000000
0.885371 0.419745 -0.199830 2.885100 -0.463548 0.829684 -0.311043 4.054300 0.035237 0.368019 0.929150 1.212000 0.000000 0.000000 0.000000 1.000000
0.886026 0.418433 -0.199679 2.885100 -0.462255 0.830474 -0.310860 4.054300 0.035754 0.367732 0.929244 1.212000 0.000000 0.000000 0.000000 1.000000
0.885937 0.418613 -0.199699 2.885100 -0.462432 0.830366 -0.310885 4.054300 0.035683 0.367771 0.929231 1.212000 0.000000 0.000000 0.000000 1.000000
0.885825 0.418837 -0.199725 2.885100 -0.462653 0.830231 -0.310916 4.054300 0.035595 0.367821 0.929215 1.212000 0.000000 0.000000 0.000000 1.000000
0.885848 0.418791 -0.199720 2.885100 -0.462608 0.830259 -0.310910 4.054300 0.035613 0.367811 0.929219 1.212000 0.000000 0.000000 0.000000 1.000000
0.885891 0.418705 -0.199710 2.885100 -0.462522 0.830311 -0.310898 4.054300 0.035647 0.367792 0.929225 1.212000 0.000000 0.000000 0.000000 1.000000
0.885893 0.418701 -0.199709 2.885100 -0.462519 0.830313 -0.310897 4.054300 0.035648 0.367791 0.929225 1.212000 0.000000 0.000000 0.000000 1.000000
0.885878 0.418729 -0.199713 2.885100 -0.462547 0.830296 -0.310901 4.054300 0.035637 0.367797 0.929223 1.212000 0.000000 0.000000 0.000000 1.000000
0.885877 0.418732 -0.199713 2.885100 -0.462550 0.830294 -0.310901 4.054300 0.035636 0.367798 0.929223 1.212000 0.000000 0.000000 0.000000 1.000000
0.885878 0.418730 -0.199713 2.885100 -0.462548 0.830295 -0.310901 4.054300 0.035637 0.367797 0.929223 1.212000 0.000000 0.000000 0.000000 1.000000
0.885878 0.418730 -0.199713 2.885100 -0.462548 0.830295 -0.310901 4.054300 0.035637 0.367797 0.929223 1.212000 0.000000 0.000000 0.000000 1.000000
0.885878 0.418730 -0.199713 2.885100 -0.462547 0.830295 -0.310901 4.054300 0.035637 0.367797 0.929223 1.212000 0.000000 0.000000 0.000000 1.000000
0.885878 0.418729 -0.199713 2.885100 -0.462547 0.830296 -0.310901 4.054300 0.035637 0.367797 0.929223 1.212000 0.000000 0.000000 0.000000 1.000000
0.885879 0.418729 -0.199713 2.885100 -0.462546 0.830296 -0.310901 4.054300 0.035637 0.367797 0.929223 1.212000 0.000000 0.000000 0.000000 1.000000
0.885879 0.418728 -0.199713 2.885100 -0.462546 0.830297 -0.310901 4.054300 0.035638 0.367797 0.929223 1.212000 0.000000 0.000000 0.000000 1.000000
0.885879 0.418728 -0.199713 2.885100 -0.462546 0.830297 -0.310901 4.054300 0.035638 0.367797 0.929223 1.212000 0.000000 0.000000 0.000000 1.000000
0.885879 0.418728 -0.199713 2.885100 -0.462546 0.830296 -0.310901 4.054300 0.035638 0.367797 0.929223 1.212000 0.000000 0.000000 0.000000 1.000000
0.885879 0.418728 -0.199713 2.885100 -0.462546 0.830296 -0.310901 4.054300 0.035638 0.367797 0.929223 1.212000 0.000000 0.000000 0.000000 1.000000
0.885879 0.418728 -0.199713 2.885100 -0.462546 0.830296 -0.310901 4.054300 0.035637 0.367797 0.929223 1.212000 0.000000 0.000000 0.000000 1.000000</float_array>
        <technique_common>
          <accessor source="#mixamorig1_RightHandThumb1-Matrix-animation-output-transform-array" count="66" stride="16">
            <param type="float4x4"/>
          </accessor>
        </technique_common>
      </source>
      <source id="mixamorig1_RightHandThumb1-Interpolations">
        <Name_array id="mixamorig1_RightHandThumb1-Interpolations-array" count="66">
 LINEAR LINEAR LINEAR LINEAR LINEAR LINEAR LINEAR LINEAR LINEAR LINEAR LINEAR
LINEAR LINEAR LINEAR LINEAR LINEAR LINEAR LINEAR LINEAR LINEAR LINEAR LINEAR LINEAR
LINEAR LINEAR LINEAR LINEAR LINEAR LINEAR LINEAR LINEAR LINEAR LINEAR LINEAR LINEAR
LINEAR LINEAR LINEAR LINEAR LINEAR LINEAR LINEAR LINEAR LINEAR LINEAR LINEAR LINEAR
LINEAR LINEAR LINEAR LINEAR LINEAR LINEAR LINEAR LINEAR LINEAR LINEAR LINEAR LINEAR
LINEAR LINEAR LINEAR LINEAR LINEAR LINEAR LINEAR</Name_array>
        <technique_common>
          <accessor source="#mixamorig1_RightHandThumb1-Interpolations-array" count="66">
            <param type="name"/>
          </accessor>
        </technique_common>
      </source>
      <sampler id="mixamorig1_RightHandThumb1-Matrix-animation-transform">
        <input semantic="INPUT" source="#mixamorig1_RightHandThumb1-Matrix-animation-input"/>
        <input semantic="OUTPUT" source="#mixamorig1_RightHandThumb1-Matrix-animation-output-transform"/>
        <input semantic="INTERPOLATION" source="#mixamorig1_RightHandThumb1-Interpolations"/>
      </sampler>
      <channel source="#mixamorig1_RightHandThumb1-Matrix-animation-transform" target="mixamorig1_RightHandThumb1/matrix"/>
    </animation>
    <animation id="mixamorig1_RightHandThumb2-anim" name="mixamorig1_RightHandThumb2">
      <source id="mixamorig1_RightHandThumb2-Matrix-animation-input">
        <float_array id="mixamorig1_RightHandThumb2-Matrix-animation-input-array" count="66">

0.000000 0.033333 0.066667 0.100000 0.133333 0.166667 0.200000 0.233333 0.266667 0.300000 0.333333 0.366667 0.400000 0.433333 0.466667 0.500000
0.533333 0.566667 0.600000 0.633333 0.666667 0.700000 0.733333 0.766667 0.800000 0.833333 0.866667 0.900000 0.933333 0.966667 1.000000 1.033333
1.066667 1.100000 1.133333 1.166667 1.200000 1.233333 1.266667 1.300000 1.333333 1.366667 1.400000 1.433333 1.466667 1.500000 1.533333 1.566667
1.600000 1.633333 1.666667 1.700000 1.733333 1.766667 1.800000 1.833333 1.866667 1.900000 1.933333 1.966667 2.000000 2.033333 2.066667 2.100000
2.133333 2.166667</float_array>
        <technique_common>
          <accessor source="#mixamorig1_RightHandThumb2-Matrix-animation-input-array" count="66">
            <param name="TIME" type="float"/>
          </accessor>
        </technique_common>
      </source>
      <source id="mixamorig1_RightHandThumb2-Matrix-animation-output-transform">
        <float_array id="mixamorig1_RightHandThumb2-Matrix-animation-output-transform-array" count="1056">

0.860404 -0.479392 -0.172881 0.428400 0.502930 0.853526 0.136217 4.074800 0.082257 -0.204149 0.975478 -0.000000 0.000000 0.000000 0.000000 1.000000
0.866099 -0.467309 -0.177467 0.428400 0.491986 0.859719 0.137232 4.074800 0.088442 -0.206168 0.974511 0.000000 0.000000 0.000000 0.000000 1.000000
0.871629 -0.455110 -0.182038 0.428400 0.480949 0.865755 0.138405 4.074800 0.094611 -0.208189 0.973502 -0.000000 0.000000 0.000000 0.000000 1.000000
0.876532 -0.444400 -0.184934 0.428400 0.470883 0.871332 0.138019 4.074800 0.099803 -0.208061 0.973011 0.000000 0.000000 0.000000 0.000000 1.000000
0.879697 -0.438707 -0.183489 0.428400 0.464441 0.875497 0.133417 4.074800 0.102113 -0.202587 0.973926 0.000000 0.000000 0.000000 0.000000 1.000000
0.883250 -0.432684 -0.180703 0.428400 0.457169 0.880304 0.126732 4.074800 0.104239 -0.194548 0.975339 0.000000 0.000000 0.000000 0.000000 1.000000
0.891936 -0.414122 -0.181532 0.428400 0.438116 0.890811 0.120456 4.074800 0.111827 -0.186971 0.975980 0.000000 0.000000 0.000000 0.000000 1.000000
0.904720 -0.380277 -0.192020 0.428400 0.406534 0.905406 0.122351 4.074800 0.127329 -0.188756 0.973734 0.000000 0.000000 0.000000 0.000000 1.000000
0.915919 -0.345470 -0.204312 0.428400 0.374852 0.918232 0.127810 4.074800 0.143451 -0.193651 0.970526 -0.000000 0.000000 0.000000 0.000000 1.000000
0.920910 -0.324091 -0.216541 0.428400 0.357512 0.923652 0.138029 4.074800 0.155274 -0.204528 0.966467 0.000000 0.000000 0.000000 0.000000 1.000000
0.921054 -0.319068 -0.223282 0.428400 0.355262 0.923274 0.146132 4.074800 0.159524 -0.213919 0.963738 0.000000 0.000000 0.000000 0.000000 1.000000
0.920203 -0.321405 -0.223441 0.428400 0.357817 0.922116 0.147204 4.074800 0.158726 -0.215408 0.963538 0.000000 0.000000 0.000000 0.000000 1.000000
0.920446 -0.324473 -0.217937 0.428400 0.358558 0.922905 0.140295 4.074800 0.155613 -0.207277 0.965826 0.000000 0.000000 0.000000 0.000000 1.000000
0.920543 -0.324393 -0.217647 0.428400 0.358335 0.923067 0.139796 4.074800 0.155554 -0.206679 0.965964 0.000000 0.000000 0.000000 0.000000 1.000000
0.918020 -0.314414 -0.241625 0.428400 0.359222 0.917457 0.170975 4.074800 0.167924 -0.243756 0.955188 0.000000 0.000000 0.000000 0.000000 1.000000
0.911585 -0.288338 -0.293043 0.428400 0.361404 0.901810 0.236909 4.074800 0.195959 -0.321870 0.926283 0.000000 0.000000 0.000000 0.000000 1.000000
0.902598 -0.251640 -0.349276 0.428400 0.364017 0.879267 0.307214 4.074800 0.229800 -0.404434 0.885226 0.000000 0.000000 0.000000 0.000000 1.000000
0.895161 -0.221476 -0.386827 0.428400 0.365586 0.861292 0.352879 4.074800 0.255016 -0.457302 0.851963 0.000000 0.000000 0.000000 0.000000 1.000000
0.893951 -0.215466 -0.392970 0.428400 0.365202 0.858467 0.360085 4.074800 0.259766 -0.465412 0.846117 0.000000 0.000000 0.000000 0.000000 1.000000
0.900514 -0.240161 -0.362487 0.428400 0.363103 0.873970 0.323005 4.074800 0.239229 -0.422491 0.874226 0.000000 0.000000 0.000000 0.000000 1.000000
0.909356 -0.278407 -0.309130 0.428400 0.361751 0.896127 0.257084 4.074800 0.205446 -0.345609 0.915613 0.000000 0.000000 0.000000 0.000000 1.000000
0.914880 -0.306056 -0.263295 0.428400 0.362035 0.910559 0.199532 4.074800 0.178678 -0.277870 0.943855 0.000000 0.000000 0.000000 0.000000 1.000000
0.916865 -0.315336 -0.244789 0.428400 0.361839 0.915484 0.175956 4.074800 0.168615 -0.249903 0.953477 0.000000 0.000000 0.000000 0.000000 1.000000
0.917252 -0.305887 -0.255113 0.428400 0.357206 0.915093 0.187106 4.074800 0.176219 -0.262752 0.948635 -0.000000 0.000000 0.000000 0.000000 1.000000
0.917299 -0.274819 -0.288162 0.428400 0.343202 0.912611 0.222156 4.074800 0.201927 -0.302681 0.931456 0.000000 0.000000 0.000000 0.000000 1.000000
0.916297 -0.224488 -0.331669 0.428400 0.318534 0.910476 0.263759 4.074800 0.242766 -0.347330 0.905774 0.000000 0.000000 0.000000 0.000000 1.000000
0.914452 -0.169081 -0.367680 0.428400 0.285686 0.913207 0.290580 4.074800 0.286636 -0.370763 0.883388 0.000000 0.000000 0.000000 0.000000 1.000000
0.916015 -0.125872 -0.380884 0.428400 0.246305 0.925921 0.286363 4.074800 0.316623 -0.356126 0.879161 0.000000 0.000000 0.000000 0.000000 1.000000
0.924015 -0.099802 -0.369101 0.428400 0.202380 0.946683 0.250666 4.074800 0.324404 -0.306318 0.894948 0.000000 0.000000 0.000000 0.000000 1.000000
0.933797 -0.081349 -0.348432 0.428400 0.160788 0.965352 0.205528 4.074800 0.319640 -0.247946 0.914523 0.000000 0.000000 0.000000 0.000000 1.000000
0.938902 -0.063419 -0.338291 0.428400 0.130104 0.975347 0.178247 4.074800 0.318647 -0.211369 0.924006 0.000000 0.000000 0.000000 0.000000 1.000000
0.938571 -0.049146 -0.341568 0.428400 0.114821 0.977884 0.174809 4.074800 0.325422 -0.203290 0.923457 0.000000 0.000000 0.000000 0.000000 1.000000
0.936327 -0.043516 -0.348422 0.428400 0.113339 0.976632 0.182605 4.074800 0.332333 -0.210468 0.919379 0.000000 0.000000 0.000000 0.000000 1.000000
0.935083 -0.047387 -0.351247 0.428400 0.120824 0.974279 0.190214 4.074800 0.333199 -0.220305 0.916757 0.000000 0.000000 0.000000 0.000000 1.000000
0.935661 -0.059318 -0.347880 0.428400 0.133476 0.972027 0.193257 4.074800 0.326685 -0.227257 0.917405 0.000000 0.000000 0.000000 0.000000 1.000000
0.938362 -0.078863 -0.336538 0.428400 0.149181 0.970678 0.188494 4.074800 0.311805 -0.227080 0.922612 0.000000 0.000000 0.000000 0.000000 1.000000
0.942242 -0.104863 -0.318095 0.428400 0.167494 0.969967 0.176380 4.074800 0.290046 -0.219471 0.931507 0.000000 0.000000 0.000000 0.000000 1.000000
0.944033 -0.132322 -0.302148 0.428400 0.189555 0.967279 0.168641 4.074800 0.269946 -0.216477 0.938225 0.000000 0.000000 0.000000 0.000000 1.000000
0.940841 -0.154551 -0.301549 0.428400 0.215689 0.959505 0.181187 4.074800 0.261335 -0.235509 0.936077 -0.000000 0.000000 0.000000 0.000000 1.000000
0.932553 -0.166789 -0.320197 0.428400 0.243847 0.945009 0.217937 4.074800 0.266240 -0.281317 0.921942 -0.000000 0.000000 0.000000 0.000000 1.000000
0.921552 -0.168173 -0.349944 0.428400 0.270177 0.925068 0.266932 4.074800 0.278831 -0.340538 0.897935 0.000000 0.000000 0.000000 0.000000 1.000000
0.910289 -0.161037 -0.381367 0.428400 0.291878 0.902955 0.315404 4.074800 0.293566 -0.398421 0.868953 0.000000 0.000000 0.000000 0.000000 1.000000
0.900260 -0.151875 -0.408002 0.428400 0.310099 0.881491 0.356108 4.074800 0.305566 -0.447111 0.840667 0.000000 0.000000 0.000000 0.000000 1.000000
0.894311 -0.154389 -0.419966 0.428400 0.327306 0.865692 0.378746 4.074800 0.305087 -0.476174 0.824730 0.000000 0.000000 0.000000 0.000000 1.000000
0.895086 -0.180893 -0.407553 0.428400 0.343794 0.862028 0.372443 4.074800 0.283949 -0.473483 0.833779 -0.000000 0.000000 0.000000 0.000000 1.000000
0.900097 -0.227368 -0.371656 0.428400 0.358998 0.870388 0.336964 4.074800 0.246870 -0.436724 0.865059 -0.000000 0.000000 0.000000 0.000000 1.000000
0.904262 -0.273138 -0.328185 0.428400 0.371498 0.882179 0.289395 4.074800 0.210474 -0.383609 0.899191 0.000000 0.000000 0.000000 0.000000 1.000000
0.906401 -0.301162 -0.296207 0.428400 0.378395 0.890555 0.252447 4.074800 0.187761 -0.340901 0.921158 0.000000 0.000000 0.000000 0.000000 1.000000
0.907580 -0.310900 -0.282205 0.428400 0.379676 0.894665 0.235414 4.074800 0.179289 -0.320804 0.930022 0.000000 0.000000 0.000000 0.000000 1.000000
0.908064 -0.311715 -0.279737 0.428400 0.379003 0.895826 0.232061 4.074800 0.178259 -0.316747 0.931609 0.000000 0.000000 0.000000 0.000000 1.000000
0.908054 -0.311823 -0.279651 0.428400 0.379052 0.895844 0.231912 4.074800 0.178208 -0.316590 0.931672 0.000000 0.000000 0.000000 0.000000 1.000000
0.908216 -0.313236 -0.277538 0.428400 0.379240 0.896440 0.229284 4.074800 0.176976 -0.313493 0.932953 0.000000 0.000000 0.000000 0.000000 1.000000
0.909033 -0.314234 -0.273706 0.428400 0.377984 0.898289 0.224062 4.074800 0.175459 -0.307137 0.935351 0.000000 0.000000 0.000000 0.000000 1.000000
0.909956 -0.315938 -0.268630 0.428400 0.376775 0.900472 0.217233 4.074800 0.173262 -0.298886 0.938428 0.000000 0.000000 0.000000 0.000000 1.000000
0.909203 -0.324989 -0.260254 0.428400 0.381450 0.900720 0.207842 4.074800 0.166869 -0.288245 0.942905 0.000000 0.000000 0.000000 0.000000 1.000000
0.904578 -0.348524 -0.245499 0.428400 0.398061 0.896661 0.193767 4.074800 0.152597 -0.273001 0.949834 0.000000 0.000000 0.000000 0.000000 1.000000
0.897921 -0.375430 -0.229763 0.428400 0.418246 0.890397 0.179620 4.074800 0.137146 -0.257382 0.956528 0.000000 0.000000 0.000000 0.000000 1.000000
0.889353 -0.403539 -0.214957 0.428400 0.440517 0.882177 0.166461 4.074800 0.122457 -0.242735 0.962333 0.000000 0.000000 0.000000 0.000000 1.000000
0.879387 -0.432235 -0.199627 0.428400 0.463793 0.872449 0.154041 4.074800 0.107583 -0.228048 0.967688 0.000000 0.000000 0.000000 0.000000 1.000000
0.868857 -0.459411 -0.184468 0.428400 0.486194 0.862056 0.143086 4.074800 0.093287 -0.214009 0.972367 0.000000 0.000000 0.000000 0.000000 1.000000
0.858811 -0.483150 -0.170324 0.428400 0.505952 0.852079 0.134066 4.074800 0.080355 -0.201313 0.976225 0.000000 0.000000 0.000000 0.000000 1.000000
0.856343 -0.488389 -0.167787 0.428400 0.510517 0.849579 0.132622 4.074800 0.077777 -0.199228 0.976862 -0.000000 0.000000 0.000000 0.000000 1.000000
0.856973 -0.486990 -0.168638 0.428400 0.509351 0.850180 0.133249 4.074800 0.078482 -0.200086 0.976630 0.000000 0.000000 0.000000 0.000000 1.000000
0.858036 -0.484652 -0.169962 0.428400 0.507376 0.851215 0.134171 4.074800 0.079648 -0.201358 0.976274 -0.000000 0.000000 0.000000 0.000000 1.000000
0.859267 -0.481932 -0.171472 0.428400 0.505074 0.852418 0.135219 4.074800 0.080999 -0.202795 0.975865 -0.000000 0.000000 0.000000 0.000000 1.000000
0.860404 -0.479392 -0.172881 0.428400 0.502930 0.853526 0.136217 4.074800 0.082257 -0.204149 0.975478 -0.000000 0.000000 0.000000 0.000000 1.000000</float_array>
        <technique_common>
          <accessor source="#mixamorig1_RightHandThumb2-Matrix-animation-output-transform-array" count="66" stride="16">
            <param type="float4x4"/>
          </accessor>
        </technique_common>
      </source>
      <source id="mixamorig1_RightHandThumb2-Interpolations">
        <Name_array id="mixamorig1_RightHandThumb2-Interpolations-array" count="66">
 LINEAR LINEAR LINEAR LINEAR LINEAR LINEAR LINEAR LINEAR LINEAR LINEAR LINEAR
LINEAR LINEAR LINEAR LINEAR LINEAR LINEAR LINEAR LINEAR LINEAR LINEAR LINEAR LINEAR
LINEAR LINEAR LINEAR LINEAR LINEAR LINEAR LINEAR LINEAR LINEAR LINEAR LINEAR LINEAR
LINEAR LINEAR LINEAR LINEAR LINEAR LINEAR LINEAR LINEAR LINEAR LINEAR LINEAR LINEAR
LINEAR LINEAR LINEAR LINEAR LINEAR LINEAR LINEAR LINEAR LINEAR LINEAR LINEAR LINEAR
LINEAR LINEAR LINEAR LINEAR LINEAR LINEAR LINEAR</Name_array>
        <technique_common>
          <accessor source="#mixamorig1_RightHandThumb2-Interpolations-array" count="66">
            <param type="name"/>
          </accessor>
        </technique_common>
      </source>
      <sampler id="mixamorig1_RightHandThumb2-Matrix-animation-transform">
        <input semantic="INPUT" source="#mixamorig1_RightHandThumb2-Matrix-animation-input"/>
        <input semantic="OUTPUT" source="#mixamorig1_RightHandThumb2-Matrix-animation-output-transform"/>
        <input semantic="INTERPOLATION" source="#mixamorig1_RightHandThumb2-Interpolations"/>
      </sampler>
      <channel source="#mixamorig1_RightHandThumb2-Matrix-animation-transform" target="mixamorig1_RightHandThumb2/matrix"/>
    </animation>
    <animation id="mixamorig1_RightHandThumb3-anim" name="mixamorig1_RightHandThumb3">
      <source id="mixamorig1_RightHandThumb3-Matrix-animation-input">
        <float_array id="mixamorig1_RightHandThumb3-Matrix-animation-input-array" count="66">

0.000000 0.033333 0.066667 0.100000 0.133333 0.166667 0.200000 0.233333 0.266667 0.300000 0.333333 0.366667 0.400000 0.433333 0.466667 0.500000
0.533333 0.566667 0.600000 0.633333 0.666667 0.700000 0.733333 0.766667 0.800000 0.833333 0.866667 0.900000 0.933333 0.966667 1.000000 1.033333
1.066667 1.100000 1.133333 1.166667 1.200000 1.233333 1.266667 1.300000 1.333333 1.366667 1.400000 1.433333 1.466667 1.500000 1.533333 1.566667
1.600000 1.633333 1.666667 1.700000 1.733333 1.766667 1.800000 1.833333 1.866667 1.900000 1.933333 1.966667 2.000000 2.033333 2.066667 2.100000
2.133333 2.166667</float_array>
        <technique_common>
          <accessor source="#mixamorig1_RightHandThumb3-Matrix-animation-input-array" count="66">
            <param name="TIME" type="float"/>
          </accessor>
        </technique_common>
      </source>
      <source id="mixamorig1_RightHandThumb3-Matrix-animation-output-transform">
        <float_array id="mixamorig1_RightHandThumb3-Matrix-animation-output-transform-array" count="1056">

0.978621 0.133893 0.156122 0.036500 -0.177123 0.934476 0.308840 3.530400 -0.104541 -0.329890 0.938213 0.000000 0.000000 0.000000 0.000000 1.000000
0.978686 0.134222 0.155430 0.036500 -0.177368 0.933941 0.310314 3.530400 -0.103512 -0.331268 0.937842 -0.000000 0.000000 0.000000 0.000000 1.000000
0.978750 0.134553 0.154740 0.036500 -0.177613 0.933404 0.311787 3.530400 -0.102483 -0.332645 0.937467 -0.000000 0.000000 0.000000 0.000000 1.000000
0.978743 0.135163 0.154249 0.036500 -0.178138 0.932965 0.312799 3.530400 -0.101630 -0.333628 0.937211 0.000000 0.000000 0.000000 0.000000 1.000000
0.978575 0.136405 0.154223 0.036500 -0.179306 0.932762 0.312736 3.530400 -0.101195 -0.333689 0.937236 -0.000000 0.000000 0.000000 0.000000 1.000000
0.978297 0.138083 0.154494 0.036500 -0.180917 0.932704 0.311981 3.530400 -0.101018 -0.333161 0.937443 0.000000 0.000000 0.000000 0.000000 1.000000
0.977893 0.140297 0.155058 0.036500 -0.183062 0.932768 0.310535 3.530400 -0.101066 -0.332055 0.937830 0.000000 0.000000 0.000000 0.000000 1.000000
0.978278 0.140060 0.152824 0.036500 -0.182599 0.931209 0.315447 3.530400 -0.098130 -0.336500 0.936556 0.000000 0.000000 0.000000 0.000000 1.000000
0.978917 0.139861 0.148865 0.036500 -0.181922 0.928377 0.324070 3.530400 -0.092878 -0.344319 0.934247 0.000000 0.000000 0.000000 0.000000 1.000000
0.979973 0.142410 0.139183 0.036500 -0.182776 0.920679 0.344882 3.530400 -0.079028 -0.363414 0.928270 0.000000 0.000000 0.000000 0.000000 1.000000
0.980310 0.149486 0.129022 0.036500 -0.187196 0.911492 0.366252 3.530400 -0.062853 -0.383193 0.921527 0.000000 0.000000 0.000000 0.000000 1.000000
0.981505 0.147623 0.121883 0.036500 -0.183657 0.905767 0.381911 3.530400 -0.054019 -0.397232 0.916127 0.000000 0.000000 0.000000 0.000000 1.000000
0.985883 0.124309 0.112165 0.036500 -0.159598 0.900238 0.405092 3.530400 -0.050619 -0.417275 0.907369 0.000000 0.000000 0.000000 0.000000 1.000000
0.989435 0.113254 0.090504 0.036500 -0.142163 0.880301 0.452614 3.530400 -0.028411 -0.460698 0.887102 0.000000 0.000000 0.000000 0.000000 1.000000
0.978818 0.195762 0.059932 0.036500 -0.198599 0.836808 0.510207 3.530400 0.049727 -0.511302 0.857961 0.000000 0.000000 0.000000 0.000000 1.000000
0.921707 0.386577 0.031850 0.036500 -0.339410 0.764043 0.548670 3.530400 0.187769 -0.516523 0.835432 0.000000 0.000000 0.000000 0.000000 1.000000
0.825916 0.563630 0.013562 0.036500 -0.472464 0.678799 0.562148 3.530400 0.307638 -0.470694 0.826926 0.000000 0.000000 0.000000 0.000000 1.000000
0.782960 0.621979 0.010743 0.036500 -0.520777 0.645924 0.558187 3.530400 0.340242 -0.442633 0.829646 0.000000 0.000000 0.000000 0.000000 1.000000
0.822597 0.568211 0.021679 0.036500 -0.486533 0.683596 0.544042 3.530400 0.294311 -0.458075 0.838778 0.000000 0.000000 0.000000 0.000000 1.000000
0.886445 0.461472 0.035467 0.036500 -0.407954 0.742846 0.530805 3.530400 0.218605 -0.484999 0.846751 0.000000 0.000000 0.000000 0.000000 1.000000
0.935589 0.350520 0.042536 0.036500 -0.318490 0.785753 0.530241 3.530400 0.152437 -0.509635 0.846779 -0.000000 0.000000 0.000000 0.000000 1.000000
0.965800 0.255938 0.041557 0.036500 -0.236847 0.805576 0.543094 3.530400 0.105521 -0.534362 0.838643 -0.000000 0.000000 0.000000 0.000000 1.000000
0.978257 0.203832 0.038278 0.036500 -0.190403 0.809510 0.555375 3.530400 0.082217 -0.550587 0.830719 0.000000 0.000000 0.000000 0.000000 1.000000
0.976950 0.209602 0.040436 0.036500 -0.196871 0.811456 0.550256 3.530400 0.082523 -0.545533 0.834016 0.000000 0.000000 0.000000 0.000000 1.000000
0.967882 0.246235 0.050715 0.036500 -0.235603 0.818017 0.524729 3.530400 0.087721 -0.519824 0.849757 0.000000 0.000000 0.000000 0.000000 1.000000
0.962659 0.262717 0.065331 0.036500 -0.260142 0.830917 0.491836 3.530400 0.074929 -0.490466 0.868233 -0.000000 0.000000 0.000000 0.000000 1.000000
0.969338 0.232201 0.080419 0.036500 -0.242634 0.852601 0.462818 3.530400 0.038901 -0.468139 0.882798 0.000000 0.000000 0.000000 0.000000 1.000000
0.979783 0.175797 0.095505 0.036500 -0.199937 0.877404 0.436105 3.530400 -0.007130 -0.446383 0.894813 0.000000 0.000000 0.000000 0.000000 1.000000
0.984656 0.135703 0.109719 0.036500 -0.169170 0.896600 0.409256 3.530400 -0.042837 -0.421538 0.905798 0.000000 0.000000 0.000000 0.000000 1.000000
0.984595 0.127809 0.119317 0.036500 -0.164812 0.906271 0.389243 3.530400 -0.058385 -0.402912 0.913375 -0.000000 0.000000 0.000000 0.000000 1.000000
0.983319 0.134830 0.122081 0.036500 -0.171973 0.907758 0.382624 3.530400 -0.059230 -0.397236 0.915803 0.000000 0.000000 0.000000 0.000000 1.000000
0.983041 0.138954 0.119677 0.036500 -0.175106 0.905113 0.387438 3.530400 -0.054485 -0.401824 0.914095 0.000000 0.000000 0.000000 0.000000 1.000000
0.983968 0.138568 0.112281 0.036500 -0.172579 0.898593 0.403419 3.530400 -0.044994 -0.416329 0.908100 0.000000 0.000000 0.000000 0.000000 1.000000
0.985271 0.140964 0.096800 0.036500 -0.169307 0.883632 0.436497 3.530400 -0.024005 -0.446457 0.894483 0.000000 0.000000 0.000000 0.000000 1.000000
0.985915 0.149422 0.075126 0.036500 -0.167080 0.860011 0.482146 3.530400 0.007434 -0.487907 0.872864 -0.000000 0.000000 0.000000 0.000000 1.000000
0.986367 0.153896 0.058270 0.036500 -0.161670 0.840203 0.517611 3.530400 0.030699 -0.519976 0.853629 -0.000000 0.000000 0.000000 0.000000 1.000000
0.988597 0.140607 0.053908 0.036500 -0.147742 0.836385 0.527856 3.530400 0.029132 -0.529802 0.847621 0.000000 0.000000 0.000000 0.000000 1.000000
0.990888 0.122096 0.056861 0.036500 -0.133735 0.841807 0.522949 3.530400 0.015984 -0.525788 0.850465 0.000000 0.000000 0.000000 0.000000 1.000000
0.987635 0.146463 0.055913 0.036500 -0.153924 0.838244 0.523120 3.530400 0.029749 -0.525257 0.850423 -0.000000 0.000000 0.000000 0.000000 1.000000
0.967446 0.249240 0.043899 0.036500 -0.232860 0.808737 0.540112 3.530400 0.099114 -0.532751 0.840448 -0.000000 0.000000 0.000000 0.000000 1.000000
0.920882 0.389011 0.025443 0.036500 -0.334173 0.754088 0.565402 3.530400 0.200761 -0.529171 0.824423 0.000000 0.000000 0.000000 0.000000 1.000000
0.870676 0.491648 0.014322 0.036500 -0.408776 0.707107 0.576976 3.530400 0.273542 -0.508214 0.816635 -0.000000 0.000000 0.000000 0.000000 1.000000
0.847752 0.530079 0.018216 0.036500 -0.446509 0.694721 0.563908 3.530400 0.286261 -0.486188 0.825637 0.000000 0.000000 0.000000 0.000000 1.000000
0.863201 0.503777 0.033059 0.036500 -0.440744 0.720023 0.536015 3.530400 0.246229 -0.477259 0.843561 0.000000 0.000000 0.000000 0.000000 1.000000
0.908138 0.415628 0.050385 0.036500 -0.381220 0.771142 0.509913 3.530400 0.173080 -0.482279 0.858749 0.000000 0.000000 0.000000 0.000000 1.000000
0.955327 0.288201 0.065499 0.036500 -0.282301 0.824200 0.490919 3.530400 0.087499 -0.487478 0.868740 0.000000 0.000000 0.000000 0.000000 1.000000
0.980694 0.178178 0.080574 0.036500 -0.195048 0.861804 0.468242 3.530400 0.013992 -0.474918 0.879919 0.000000 0.000000 0.000000 0.000000 1.000000
0.986689 0.130083 0.097589 0.036500 -0.159867 0.885868 0.435523 3.530400 -0.029797 -0.445327 0.894872 0.000000 0.000000 0.000000 0.000000 1.000000
0.985362 0.128617 0.111892 0.036500 -0.163409 0.899621 0.404945 3.530400 -0.048578 -0.417301 0.907469 0.000000 0.000000 0.000000 0.000000 1.000000
0.983563 0.135162 0.119729 0.036500 -0.171645 0.905713 0.387584 3.530400 -0.056053 -0.401764 0.914026 0.000000 0.000000 0.000000 0.000000 1.000000
0.983180 0.134740 0.123299 0.036500 -0.172198 0.908852 0.379915 3.530400 -0.060871 -0.394757 0.916767 -0.000000 0.000000 0.000000 0.000000 1.000000
0.983123 0.132251 0.126404 0.036500 -0.170670 0.911836 0.373399 3.530400 -0.065877 -0.388671 0.919019 0.000000 0.000000 0.000000 0.000000 1.000000
0.982561 0.132134 0.130819 0.036500 -0.171564 0.915514 0.363869 3.530400 -0.071687 -0.379968 0.922218 0.000000 0.000000 0.000000 0.000000 1.000000
0.981656 0.133258 0.136358 0.036500 -0.173730 0.919813 0.351799 3.530400 -0.078544 -0.369035 0.926091 0.000000 0.000000 0.000000 0.000000 1.000000
0.980773 0.133721 0.142134 0.036500 -0.175177 0.924243 0.339246 3.530400 -0.086002 -0.357622 0.929898 0.000000 0.000000 0.000000 0.000000 1.000000
0.980068 0.133328 0.147280 0.036500 -0.175574 0.928185 0.328095 3.530400 -0.092959 -0.347414 0.933093 0.000000 0.000000 0.000000 0.000000 1.000000
0.979516 0.133069 0.151134 0.036500 -0.175820 0.931045 0.319755 3.530400 -0.098163 -0.339777 0.935369 0.000000 0.000000 0.000000 0.000000 1.000000
0.979192 0.133297 0.153019 0.036500 -0.176249 0.932365 0.315646 3.530400 -0.100595 -0.336048 0.936457 0.000000 0.000000 0.000000 0.000000 1.000000
0.978951 0.133649 0.154247 0.036500 -0.176710 0.933186 0.312948 3.530400 -0.102116 -0.333618 0.937161 0.000000 0.000000 0.000000 0.000000 1.000000
0.978757 0.134039 0.155137 0.036500 -0.177168 0.933758 0.310978 3.530400 -0.103177 -0.331858 0.937670 0.000000 0.000000 0.000000 0.000000 1.000000
0.978571 0.134392 0.156008 0.036500 -0.177584 0.934319 0.309050 3.530400 -0.104227 -0.330132 0.938163 -0.000000 0.000000 0.000000 0.000000 1.000000
0.978552 0.134559 0.155979 0.036500 -0.177740 0.934273 0.309099 3.530400 -0.104135 -0.330193 0.938151 0.000000 0.000000 0.000000 0.000000 1.000000
0.978565 0.134430 0.156007 0.036500 -0.177620 0.934313 0.309047 3.530400 -0.104215 -0.330133 0.938164 0.000000 0.000000 0.000000 0.000000 1.000000
0.978583 0.134259 0.156044 0.036500 -0.177462 0.934365 0.308981 3.530400 -0.104319 -0.330056 0.938180 -0.000000 0.000000 0.000000 0.000000 1.000000
0.978602 0.134072 0.156084 0.036500 -0.177289 0.934422 0.308909 3.530400 -0.104432 -0.329971 0.938197 -0.000000 0.000000 0.000000 0.000000 1.000000
0.978621 0.133893 0.156122 0.036500 -0.177123 0.934476 0.308840 3.530400 -0.104541 -0.329890 0.938213 0.000000 0.000000 0.000000 0.000000 1.000000</float_array>
        <technique_common>
          <accessor source="#mixamorig1_RightHandThumb3-Matrix-animation-output-transform-array" count="66" stride="16">
            <param type="float4x4"/>
          </accessor>
        </technique_common>
      </source>
      <source id="mixamorig1_RightHandThumb3-Interpolations">
        <Name_array id="mixamorig1_RightHandThumb3-Interpolations-array" count="66">
 LINEAR LINEAR LINEAR LINEAR LINEAR LINEAR LINEAR LINEAR LINEAR LINEAR LINEAR
LINEAR LINEAR LINEAR LINEAR LINEAR LINEAR LINEAR LINEAR LINEAR LINEAR LINEAR LINEAR
LINEAR LINEAR LINEAR LINEAR LINEAR LINEAR LINEAR LINEAR LINEAR LINEAR LINEAR LINEAR
LINEAR LINEAR LINEAR LINEAR LINEAR LINEAR LINEAR LINEAR LINEAR LINEAR LINEAR LINEAR
LINEAR LINEAR LINEAR LINEAR LINEAR LINEAR LINEAR LINEAR LINEAR LINEAR LINEAR LINEAR
LINEAR LINEAR LINEAR LINEAR LINEAR LINEAR LINEAR</Name_array>
        <technique_common>
          <accessor source="#mixamorig1_RightHandThumb3-Interpolations-array" count="66">
            <param type="name"/>
          </accessor>
        </technique_common>
      </source>
      <sampler id="mixamorig1_RightHandThumb3-Matrix-animation-transform">
        <input semantic="INPUT" source="#mixamorig1_RightHandThumb3-Matrix-animation-input"/>
        <input semantic="OUTPUT" source="#mixamorig1_RightHandThumb3-Matrix-animation-output-transform"/>
        <input semantic="INTERPOLATION" source="#mixamorig1_RightHandThumb3-Interpolations"/>
      </sampler>
      <channel source="#mixamorig1_RightHandThumb3-Matrix-animation-transform" target="mixamorig1_RightHandThumb3/matrix"/>
    </animation>
    <animation id="mixamorig1_RightHandIndex1-anim" name="mixamorig1_RightHandIndex1">
      <source id="mixamorig1_RightHandIndex1-Matrix-animation-input">
        <float_array id="mixamorig1_RightHandIndex1-Matrix-animation-input-array" count="66">

0.000000 0.033333 0.066667 0.100000 0.133333 0.166667 0.200000 0.233333 0.266667 0.300000 0.333333 0.366667 0.400000 0.433333 0.466667 0.500000
0.533333 0.566667 0.600000 0.633333 0.666667 0.700000 0.733333 0.766667 0.800000 0.833333 0.866667 0.900000 0.933333 0.966667 1.000000 1.033333
1.066667 1.100000 1.133333 1.166667 1.200000 1.233333 1.266667 1.300000 1.333333 1.366667 1.400000 1.433333 1.466667 1.500000 1.533333 1.566667
1.600000 1.633333 1.666667 1.700000 1.733333 1.766667 1.800000 1.833333 1.866667 1.900000 1.933333 1.966667 2.000000 2.033333 2.066667 2.100000
2.133333 2.166667</float_array>
        <technique_common>
          <accessor source="#mixamorig1_RightHandIndex1-Matrix-animation-input-array" count="66">
            <param name="TIME" type="float"/>
          </accessor>
        </technique_common>
      </source>
      <source id="mixamorig1_RightHandIndex1-Matrix-animation-output-transform">
        <float_array id="mixamorig1_RightHandIndex1-Matrix-animation-output-transform-array" count="1056">

0.995084 0.098482 -0.010492 3.614500 -0.099038 0.989987 -0.100589 12.346600 0.000481 0.101133 0.994873 -0.007800 0.000000 0.000000 0.000000 1.000000
0.995092 0.098426 -0.010229 3.614500 -0.098948 0.988429 -0.114964 12.346600 -0.001204 0.115412 0.993317 -0.007800 0.000000 0.000000 0.000000 1.000000
0.995097 0.098397 -0.009967 3.614500 -0.098858 0.986663 -0.129316 12.346600 -0.002890 0.129667 0.991553 -0.007800 0.000000 0.000000 0.000000 1.000000
0.995105 0.098365 -0.009481 3.614500 -0.098700 0.984549 -0.144646 12.346600 -0.004894 0.144874 0.989438 -0.007800 0.000000 0.000000 0.000000 1.000000
0.995149 0.098018 -0.008454 3.614500 -0.098098 0.982079 -0.160925 12.346600 -0.007472 0.160973 0.986930 -0.007800 0.000000 0.000000 0.000000 1.000000
0.995131 0.098303 -0.007117 3.614500 -0.097960 0.978524 -0.181366 12.346600 -0.010865 0.181180 0.983390 -0.007800 0.000000 0.000000 0.000000 1.000000
0.994765 0.102023 -0.005822 3.614500 -0.100833 0.970720 -0.218027 12.346600 -0.016592 0.217473 0.975925 -0.007800 0.000000 0.000000 0.000000 1.000000
0.993471 0.113962 -0.005310 3.614500 -0.111376 0.958741 -0.261555 12.346600 -0.024716 0.260439 0.965174 -0.007800 0.000000 0.000000 0.000000 1.000000
0.991887 0.126982 -0.005919 3.614500 -0.122904 0.946058 -0.299782 12.346600 -0.032468 0.298078 0.953989 -0.007800 0.000000 0.000000 0.000000 1.000000
0.990624 0.136474 -0.006249 3.614500 -0.131796 0.942626 -0.306734 12.346600 -0.035971 0.304682 0.951775 -0.007800 0.000000 0.000000 0.000000 1.000000
0.990899 0.134468 -0.006200 3.614500 -0.130300 0.946587 -0.294948 12.346600 -0.033793 0.293071 0.955493 -0.007800 0.000000 0.000000 0.000000 1.000000
0.992254 0.124082 -0.006037 3.614500 -0.120149 0.946175 -0.300528 12.346600 -0.031578 0.298926 0.953754 -0.007800 0.000000 0.000000 0.000000 1.000000
0.993225 0.116053 -0.005974 3.614500 -0.111103 0.933279 -0.341534 12.346600 -0.034061 0.339884 0.939850 -0.007800 0.000000 0.000000 0.000000 1.000000
0.992498 0.122118 -0.005868 3.614500 -0.114755 0.913954 -0.389255 12.346600 -0.042172 0.387008 0.921111 -0.007800 0.000000 0.000000 0.000000 1.000000
0.989920 0.141502 -0.005977 3.614500 -0.131513 0.902743 -0.409584 12.346600 -0.052561 0.406242 0.912253 -0.007800 0.000000 0.000000 0.000000 1.000000
0.988006 0.154294 -0.006173 3.614500 -0.143282 0.901120 -0.409210 12.346600 -0.057576 0.405186 0.912419 -0.007800 0.000000 0.000000 0.000000 1.000000
0.989911 0.141566 -0.005885 3.614500 -0.131040 0.898926 -0.418044 12.346600 -0.053891 0.414598 0.908408 -0.007800 0.000000 0.000000 0.000000 1.000000
0.993965 0.109568 -0.005264 3.614500 -0.100929 0.894686 -0.435144 12.346600 -0.042968 0.433050 0.900345 -0.007800 0.000000 0.000000 0.000000 1.000000
0.996268 0.086156 -0.005187 3.614500 -0.080268 0.902741 -0.422629 12.346600 -0.031730 0.421468 0.906288 -0.007800 0.000000 0.000000 0.000000 1.000000
0.995748 0.091941 -0.005714 3.614500 -0.087775 0.928152 -0.361704 12.346600 -0.027952 0.360667 0.932276 -0.007800 0.000000 0.000000 0.000000 1.000000
0.992960 0.118306 -0.005921 3.614500 -0.115000 0.950817 -0.287615 12.346600 -0.028397 0.286271 0.957728 -0.007800 0.000000 0.000000 0.000000 1.000000
0.989851 0.141989 -0.005802 3.614500 -0.139284 0.961275 -0.237803 12.346600 -0.028188 0.236198 0.971296 -0.007800 0.000000 0.000000 0.000000 1.000000
0.987873 0.155166 -0.005451 3.614500 -0.153187 0.968353 -0.197045 12.346600 -0.025297 0.195491 0.980379 -0.007800 0.000000 0.000000 0.000000 1.000000
0.985620 0.168909 -0.004786 3.614500 -0.167737 0.974576 -0.148547 12.346600 -0.020427 0.147214 0.988894 -0.007800 0.000000 0.000000 0.000000 1.000000
0.981025 0.193830 -0.004536 3.614500 -0.192978 0.973919 -0.119337 12.346600 -0.018713 0.117948 0.992843 -0.007800 0.000000 0.000000 0.000000 1.000000
0.974143 0.225863 -0.005551 3.614500 -0.224466 0.964745 -0.137414 12.346600 -0.025681 0.135107 0.990498 -0.007800 0.000000 0.000000 0.000000 1.000000
0.967039 0.254526 -0.007184 3.614500 -0.251352 0.949710 -0.186745 12.346600 -0.040709 0.182395 0.982382 -0.007800 0.000000 0.000000 0.000000 1.000000
0.960035 0.279753 -0.008460 3.614500 -0.274366 0.934713 -0.225910 12.346600 -0.055291 0.219203 0.974111 -0.007800 0.000000 0.000000 0.000000 1.000000
0.950739 0.309850 -0.009350 3.614500 -0.303674 0.924883 -0.228853 12.346600 -0.062262 0.220419 0.973416 -0.007800 0.000000 0.000000 0.000000 1.000000
0.938251 0.345807 -0.010077 3.614500 -0.340523 0.917990 -0.203321 12.346600 -0.061059 0.194198 0.979060 -0.007800 0.000000 0.000000 0.000000 1.000000
0.926296 0.376643 -0.010742 3.614500 -0.372619 0.911421 -0.174546 12.346600 -0.055951 0.165684 0.984590 -0.007800 0.000000 0.000000 0.000000 1.000000
0.920050 0.391637 -0.011332 3.614500 -0.388420 0.907940 -0.157399 12.346600 -0.051355 0.149217 0.987470 -0.007800 0.000000 0.000000 0.000000 1.000000
0.919756 0.392317 -0.011651 3.614500 -0.389397 0.908387 -0.152326 12.346600 -0.049176 0.144640 0.988262 -0.007800 0.000000 0.000000 0.000000 1.000000
0.920803 0.389856 -0.011554 3.614500 -0.386819 0.909036 -0.155002 12.346600 -0.049926 0.147195 0.987847 -0.007800 0.000000 0.000000 0.000000 1.000000
0.920303 0.391050 -0.011065 3.614500 -0.388119 0.909129 -0.151155 12.346600 -0.049049 0.143403 0.988448 -0.007800 0.000000 0.000000 0.000000 1.000000
0.921761 0.387631 -0.009964 3.614500 -0.385827 0.914305 -0.123224 12.346600 -0.038655 0.117427 0.992329 -0.007800 0.000000 0.000000 0.000000 1.000000
0.930186 0.367002 -0.007981 3.614500 -0.366466 0.927120 -0.078426 12.346600 -0.021384 0.075876 0.996888 -0.007800 0.000000 0.000000 0.000000 1.000000
0.943073 0.332527 -0.006161 3.614500 -0.332361 0.941598 -0.054133 12.346600 -0.012200 0.053099 0.998515 -0.007800 0.000000 0.000000 0.000000 1.000000
0.953072 0.302690 -0.005725 3.614500 -0.302314 0.950537 -0.071314 12.346600 -0.016144 0.069698 0.997437 -0.007800 0.000000 0.000000 0.000000 1.000000
0.957180 0.289437 -0.005708 3.614500 -0.288795 0.953317 -0.088227 12.346600 -0.020094 0.086098 0.996084 -0.007800 0.000000 0.000000 0.000000 1.000000
0.959767 0.280760 -0.004648 3.614500 -0.280594 0.958307 -0.053978 12.346600 -0.010701 0.053111 0.998531 -0.007800 0.000000 0.000000 0.000000 1.000000
0.966132 0.258038 -0.002462 3.614500 -0.257990 0.966068 0.012415 12.346600 0.005582 -0.011360 0.999920 -0.007800 0.000000 0.000000 0.000000 1.000000
0.974084 0.226184 -0.000523 3.614500 -0.225795 0.972540 0.056412 12.346600 0.013268 -0.054831 0.998407 -0.007800 0.000000 0.000000 0.000000 1.000000
0.979640 0.200760 0.000585 3.614500 -0.200387 0.977633 0.063867 12.346600 0.012250 -0.062683 0.997958 -0.007800 0.000000 0.000000 0.000000 1.000000
0.983403 0.181434 0.000829 3.614500 -0.181260 0.982243 0.048405 12.346600 0.007968 -0.047752 0.998827 -0.007800 0.000000 0.000000 0.000000 1.000000
0.986962 0.160955 0.000191 3.614500 -0.160929 0.986778 0.019284 12.346600 0.002915 -0.019063 0.999814 -0.007800 0.000000 0.000000 0.000000 1.000000
0.989990 0.141134 -0.000602 3.614500 -0.141129 0.989897 -0.013632 12.346600 -0.001328 0.013581 0.999907 -0.007800 0.000000 0.000000 0.000000 1.000000
0.991954 0.126591 -0.001227 3.614500 -0.126530 0.991072 -0.042019 12.346600 -0.004103 0.041837 0.999116 -0.007800 0.000000 0.000000 0.000000 1.000000
0.993303 0.115502 -0.002926 3.614500 -0.115422 0.990848 -0.069981 12.346600 -0.005184 0.069850 0.997544 -0.007800 0.000000 0.000000 0.000000 1.000000
0.994576 0.103756 -0.007266 3.614500 -0.103909 0.988100 -0.113410 12.346600 -0.004588 0.113550 0.993522 -0.007800 0.000000 0.000000 0.000000 1.000000
0.995748 0.091065 -0.013918 3.614500 -0.092068 0.978574 -0.184165 12.346600 -0.003151 0.184663 0.982797 -0.007800 0.000000 0.000000 0.000000 1.000000
0.996629 0.079291 -0.021049 3.614500 -0.082025 0.958762 -0.272115 12.346600 -0.001396 0.272924 0.962034 -0.007800 0.000000 0.000000 0.000000 1.000000
0.997221 0.069187 -0.027633 3.614500 -0.074488 0.933034 -0.351993 12.346600 0.001429 0.353073 0.935595 -0.007800 0.000000 0.000000 0.000000 1.000000
0.997602 0.060448 -0.033713 3.614500 -0.068962 0.909579 -0.409768 12.346600 0.005895 0.411110 0.911567 -0.007800 0.000000 0.000000 0.000000 1.000000
0.997848 0.052689 -0.039036 3.614500 -0.064670 0.889205 -0.452915 12.346600 0.010847 0.454465 0.890699 -0.007800 0.000000 0.000000 0.000000 1.000000
0.998078 0.044607 -0.043029 3.614500 -0.060192 0.863111 -0.501414 12.346600 0.014773 0.503041 0.864137 -0.007800 0.000000 0.000000 0.000000 1.000000
0.998206 0.039858 -0.044687 3.614500 -0.057547 0.844823 -0.531942 12.346600 0.016550 0.533559 0.845601 -0.007800 0.000000 0.000000 0.000000 1.000000
0.998207 0.040907 -0.043693 3.614500 -0.057921 0.844229 -0.532844 12.346600 0.015090 0.534420 0.845085 -0.007800 0.000000 0.000000 0.000000 1.000000
0.998167 0.043743 -0.041825 3.614500 -0.059205 0.849097 -0.524908 12.346600 0.012553 0.526422 0.850131 -0.007800 0.000000 0.000000 0.000000 1.000000
0.998078 0.047780 -0.039454 3.614500 -0.061236 0.857904 -0.510147 12.346600 0.009473 0.511583 0.859182 -0.007800 0.000000 0.000000 0.000000 1.000000
0.997939 0.052457 -0.036957 3.614500 -0.063849 0.869072 -0.490547 12.346600 0.006385 0.491896 0.870631 -0.007800 0.000000 0.000000 0.000000 1.000000
0.997417 0.064126 -0.032362 3.614500 -0.071802 0.902584 -0.424485 12.346600 0.001989 0.425712 0.904857 -0.007800 0.000000 0.000000 0.000000 1.000000
0.996894 0.073396 -0.028548 3.614500 -0.078744 0.934323 -0.347620 12.346600 0.001159 0.348788 0.937201 -0.007800 0.000000 0.000000 0.000000 1.000000
0.996334 0.082184 -0.023743 3.614500 -0.085541 0.959846 -0.267167 12.346600 0.000833 0.268219 0.963358 -0.007800 0.000000 0.000000 0.000000 1.000000
0.995733 0.090551 -0.017784 3.614500 -0.092278 0.978515 -0.184371 12.346600 0.000707 0.185226 0.982696 -0.007800 0.000000 0.000000 0.000000 1.000000
0.995084 0.098482 -0.010492 3.614500 -0.099038 0.989986 -0.100589 12.346600 0.000481 0.101134 0.994873 -0.007800 0.000000 0.000000 0.000000 1.000000</float_array>
        <technique_common>
          <accessor source="#mixamorig1_RightHandIndex1-Matrix-animation-output-transform-array" count="66" stride="16">
            <param type="float4x4"/>
          </accessor>
        </technique_common>
      </source>
      <source id="mixamorig1_RightHandIndex1-Interpolations">
        <Name_array id="mixamorig1_RightHandIndex1-Interpolations-array" count="66">
 LINEAR LINEAR LINEAR LINEAR LINEAR LINEAR LINEAR LINEAR LINEAR LINEAR LINEAR
LINEAR LINEAR LINEAR LINEAR LINEAR LINEAR LINEAR LINEAR LINEAR LINEAR LINEAR LINEAR
LINEAR LINEAR LINEAR LINEAR LINEAR LINEAR LINEAR LINEAR LINEAR LINEAR LINEAR LINEAR
LINEAR LINEAR LINEAR LINEAR LINEAR LINEAR LINEAR LINEAR LINEAR LINEAR LINEAR LINEAR
LINEAR LINEAR LINEAR LINEAR LINEAR LINEAR LINEAR LINEAR LINEAR LINEAR LINEAR LINEAR
LINEAR LINEAR LINEAR LINEAR LINEAR LINEAR LINEAR</Name_array>
        <technique_common>
          <accessor source="#mixamorig1_RightHandIndex1-Interpolations-array" count="66">
            <param type="name"/>
          </accessor>
        </technique_common>
      </source>
      <sampler id="mixamorig1_RightHandIndex1-Matrix-animation-transform">
        <input semantic="INPUT" source="#mixamorig1_RightHandIndex1-Matrix-animation-input"/>
        <input semantic="OUTPUT" source="#mixamorig1_RightHandIndex1-Matrix-animation-output-transform"/>
        <input semantic="INTERPOLATION" source="#mixamorig1_RightHandIndex1-Interpolations"/>
      </sampler>
      <channel source="#mixamorig1_RightHandIndex1-Matrix-animation-transform" target="mixamorig1_RightHandIndex1/matrix"/>
    </animation>
    <animation id="mixamorig1_RightHandIndex2-anim" name="mixamorig1_RightHandIndex2">
      <source id="mixamorig1_RightHandIndex2-Matrix-animation-input">
        <float_array id="mixamorig1_RightHandIndex2-Matrix-animation-input-array" count="66">

0.000000 0.033333 0.066667 0.100000 0.133333 0.166667 0.200000 0.233333 0.266667 0.300000 0.333333 0.366667 0.400000 0.433333 0.466667 0.500000
0.533333 0.566667 0.600000 0.633333 0.666667 0.700000 0.733333 0.766667 0.800000 0.833333 0.866667 0.900000 0.933333 0.966667 1.000000 1.033333
1.066667 1.100000 1.133333 1.166667 1.200000 1.233333 1.266667 1.300000 1.333333 1.366667 1.400000 1.433333 1.466667 1.500000 1.533333 1.566667
1.600000 1.633333 1.666667 1.700000 1.733333 1.766667 1.800000 1.833333 1.866667 1.900000 1.933333 1.966667 2.000000 2.033333 2.066667 2.100000
2.133333 2.166667</float_array>
        <technique_common>
          <accessor source="#mixamorig1_RightHandIndex2-Matrix-animation-input-array" count="66">
            <param name="TIME" type="float"/>
          </accessor>
        </technique_common>
      </source>
      <source id="mixamorig1_RightHandIndex2-Matrix-animation-output-transform">
        <float_array id="mixamorig1_RightHandIndex2-Matrix-animation-output-transform-array" count="1056">

0.999339 -0.035899 0.005652 -0.011900 0.035949 0.953719 -0.298544 3.117400 0.005327 0.298550 0.954379 0.000000 0.000000 0.000000 0.000000 1.000000
0.999337 -0.035963 0.005675 -0.011900 0.036013 0.953514 -0.299189 3.117400 0.005348 0.299195 0.954177 0.000000 0.000000 0.000000 0.000000 1.000000
0.999335 -0.036027 0.005698 -0.011900 0.036077 0.953309 -0.299835 3.117400 0.005370 0.299841 0.953974 0.000000 0.000000 0.000000 0.000000 1.000000
0.999332 -0.036090 0.005721 -0.011900 0.036141 0.953105 -0.300475 3.117400 0.005392 0.300481 0.953773 0.000000 0.000000 0.000000 0.000000 1.000000
0.999329 -0.036164 0.005747 -0.011900 0.036215 0.952868 -0.301215 3.117400 0.005417 0.301222 0.953539 -0.000000 0.000000 0.000000 0.000000 1.000000
0.999327 -0.036214 0.005765 -0.011900 0.036265 0.952706 -0.301723 3.117400 0.005434 0.301729 0.953378 0.000000 0.000000 0.000000 0.000000 1.000000
0.999330 -0.036140 0.005739 -0.011900 0.036191 0.952943 -0.300982 3.117400 0.005409 0.300988 0.953613 0.000000 0.000000 0.000000 0.000000 1.000000
0.999330 -0.036152 0.005743 -0.011900 0.036203 0.952906 -0.301097 3.117400 0.005413 0.301103 0.953576 0.000000 0.000000 0.000000 0.000000 1.000000
0.999324 -0.036293 0.005794 -0.011900 0.036345 0.952448 -0.302525 3.117400 0.005461 0.302532 0.953124 0.000000 0.000000 0.000000 0.000000 1.000000
0.999297 -0.037000 0.006051 -0.011900 0.037054 0.950125 -0.309660 3.117400 0.005708 0.309666 0.950828 0.000000 0.000000 0.000000 0.000000 1.000000
0.999251 -0.038141 0.006479 -0.011900 0.038200 0.946249 -0.321176 3.117400 0.006119 0.321183 0.946997 0.000000 0.000000 0.000000 0.000000 1.000000
0.999191 -0.039590 0.007047 -0.011900 0.039656 0.941092 -0.335819 3.117400 0.006664 0.335826 0.941900 0.000000 0.000000 0.000000 0.000000 1.000000
0.999120 -0.041232 0.007721 -0.011900 0.041307 0.934927 -0.352428 3.117400 0.007313 0.352436 0.935807 0.000000 0.000000 0.000000 0.000000 1.000000
0.999029 -0.043215 0.008581 -0.011900 0.043300 0.927024 -0.372493 3.117400 0.008142 0.372502 0.927995 0.000000 0.000000 0.000000 0.000000 1.000000
0.998899 -0.045877 0.009818 -0.011900 0.045978 0.915594 -0.399466 3.117400 0.009337 0.399477 0.916696 -0.000000 0.000000 0.000000 0.000000 1.000000
0.998739 -0.048906 0.011343 -0.011900 0.049026 0.901401 -0.430201 3.117400 0.010815 0.430215 0.902662 0.000000 0.000000 0.000000 0.000000 1.000000
0.998604 -0.051295 0.012638 -0.011900 0.051431 0.889273 -0.454476 3.117400 0.012074 0.454491 0.890669 0.000000 0.000000 0.000000 0.000000 1.000000
0.998552 -0.052164 0.013131 -0.011900 0.052306 0.884648 -0.463316 3.117400 0.012552 0.463332 0.886096 -0.000000 0.000000 0.000000 0.000000 1.000000
0.998600 -0.051353 0.012671 -0.011900 0.051489 0.888968 -0.455066 3.117400 0.012105 0.455082 0.890367 0.000000 0.000000 0.000000 0.000000 1.000000
0.998706 -0.049503 0.011658 -0.011900 0.049626 0.898451 -0.436261 3.117400 0.011122 0.436275 0.899745 -0.000000 0.000000 0.000000 0.000000 1.000000
0.998810 -0.047591 0.010665 -0.011900 0.047702 0.907721 -0.416853 3.117400 0.010158 0.416866 0.908911 0.000000 0.000000 0.000000 0.000000 1.000000
0.998888 -0.046099 0.009925 -0.011900 0.046200 0.914602 -0.401708 3.117400 0.009441 0.401720 0.915714 0.000000 0.000000 0.000000 0.000000 1.000000
0.998958 -0.044682 0.009251 -0.011900 0.044775 0.920845 -0.387349 3.117400 0.008789 0.387360 0.921887 0.000000 0.000000 0.000000 0.000000 1.000000
0.999046 -0.042854 0.008421 -0.011900 0.042937 0.928501 -0.368839 3.117400 0.007987 0.368849 0.929455 0.000000 0.000000 0.000000 0.000000 1.000000
0.999150 -0.040557 0.007440 -0.011900 0.040628 0.937504 -0.345595 3.117400 0.007041 0.345603 0.938354 0.000000 0.000000 0.000000 0.000000 1.000000
0.999252 -0.038128 0.006475 -0.011900 0.038187 0.946291 -0.321053 3.117400 0.006114 0.321060 0.947039 0.000000 0.000000 0.000000 0.000000 1.000000
0.999330 -0.036137 0.005738 -0.011900 0.036188 0.952953 -0.300950 3.117400 0.005408 0.300956 0.953623 0.000000 0.000000 0.000000 0.000000 1.000000
0.999367 -0.035153 0.005391 -0.011900 0.035200 0.956068 -0.291023 3.117400 0.005076 0.291028 0.956701 0.000000 0.000000 0.000000 0.000000 1.000000
0.999367 -0.035171 0.005397 -0.011900 0.035218 0.956015 -0.291197 3.117400 0.005082 0.291203 0.956648 0.000000 0.000000 0.000000 0.000000 1.000000
0.999358 -0.035405 0.005478 -0.011900 0.035453 0.955283 -0.293561 3.117400 0.005160 0.293567 0.955925 0.000000 0.000000 0.000000 0.000000 1.000000
0.999375 -0.034949 0.005320 -0.011900 0.034995 0.956701 -0.288960 3.117400 0.005009 0.288966 0.957326 0.000000 0.000000 0.000000 0.000000 1.000000
0.999429 -0.033442 0.004815 -0.011900 0.033482 0.961213 -0.273768 3.117400 0.004527 0.273772 0.961784 0.000000 0.000000 0.000000 0.000000 1.000000
0.999505 -0.031191 0.004110 -0.011900 0.031223 0.967460 -0.251089 3.117400 0.003856 0.251093 0.967955 0.000000 0.000000 0.000000 0.000000 1.000000
0.999578 -0.028838 0.003434 -0.011900 0.028863 0.973372 -0.227409 3.117400 0.003216 0.227412 0.973793 -0.000000 0.000000 0.000000 0.000000 1.000000
0.999643 -0.026576 0.002842 -0.011900 0.026595 0.978470 -0.204669 3.117400 0.002659 0.204672 0.978827 -0.000000 0.000000 0.000000 0.000000 1.000000
0.999715 -0.023774 0.002186 -0.011900 0.023787 0.984009 -0.176525 3.117400 0.002046 0.176526 0.984294 0.000000 0.000000 0.000000 0.000000 1.000000
0.999797 -0.020072 0.001448 -0.011900 0.020078 0.990034 -0.139388 3.117400 0.001364 0.139389 0.990237 0.000000 0.000000 0.000000 0.000000 1.000000
0.999862 -0.016593 0.000885 -0.011900 0.016594 0.994382 -0.104538 3.117400 0.000854 0.104538 0.994521 0.000000 0.000000 0.000000 0.000000 1.000000
0.999889 -0.014909 0.000658 -0.011900 0.014909 0.996036 -0.087688 3.117400 0.000652 0.087688 0.996148 -0.000000 0.000000 0.000000 0.000000 1.000000
0.999889 -0.014908 0.000658 -0.011900 0.014908 0.996037 -0.087682 3.117400 0.000652 0.087682 0.996148 0.000000 0.000000 0.000000 0.000000 1.000000
0.999887 -0.015015 0.000671 -0.011900 0.015015 0.995941 -0.088751 3.117400 0.000664 0.088751 0.996054 0.000000 0.000000 0.000000 0.000000 1.000000
0.999895 -0.014456 0.000601 -0.011900 0.014456 0.996432 -0.083157 3.117400 0.000603 0.083157 0.996536 0.000000 0.000000 0.000000 0.000000 1.000000
0.999898 -0.014288 0.000581 -0.011900 0.014288 0.996573 -0.081480 3.117400 0.000585 0.081480 0.996675 -0.000000 0.000000 0.000000 0.000000 1.000000
0.999871 -0.016029 0.000806 -0.011900 0.016031 0.994968 -0.098898 3.117400 0.000783 0.098898 0.995097 0.000000 0.000000 0.000000 0.000000 1.000000
0.999800 -0.019972 0.001430 -0.011900 0.019978 0.990177 -0.138384 3.117400 0.001347 0.138385 0.990378 0.000000 0.000000 0.000000 0.000000 1.000000
0.999678 -0.025240 0.002519 -0.011900 0.025256 0.981217 -0.191245 3.117400 0.002356 0.191247 0.981539 0.000000 0.000000 0.000000 0.000000 1.000000
0.999521 -0.030687 0.003960 -0.011900 0.030718 0.968778 -0.246018 3.117400 0.003713 0.246022 0.969257 0.000000 0.000000 0.000000 0.000000 1.000000
0.999346 -0.035737 0.005595 -0.011900 0.035786 0.954234 -0.296912 3.117400 0.005271 0.296918 0.954888 -0.000000 0.000000 0.000000 0.000000 1.000000
0.999145 -0.040659 0.007482 -0.011900 0.040730 0.937118 -0.346629 3.117400 0.007082 0.346637 0.937973 0.000000 0.000000 0.000000 0.000000 1.000000
0.998890 -0.046052 0.009902 -0.011900 0.046153 0.914811 -0.401236 3.117400 0.009419 0.401247 0.915921 0.000000 0.000000 0.000000 0.000000 1.000000
0.998555 -0.052119 0.013105 -0.011900 0.052261 0.884893 -0.462853 3.117400 0.012527 0.462869 0.886338 0.000000 0.000000 0.000000 0.000000 1.000000
0.998142 -0.058491 0.017078 -0.011900 0.058685 0.847337 -0.527804 3.117400 0.016401 0.527825 0.849195 0.000000 0.000000 0.000000 0.000000 1.000000
0.997679 -0.064589 0.021553 -0.011900 0.064842 0.804639 -0.590213 3.117400 0.020778 0.590241 0.806960 0.000000 0.000000 0.000000 0.000000 1.000000
0.997211 -0.069925 0.026104 -0.011900 0.070240 0.760892 -0.645066 3.117400 0.025244 0.645100 0.763681 -0.000000 0.000000 0.000000 0.000000 1.000000
0.996783 -0.074208 0.030267 -0.011900 0.074580 0.720642 -0.689284 3.117400 0.029338 0.689325 0.723858 -0.000000 0.000000 0.000000 0.000000 1.000000
0.996404 -0.077626 0.033968 -0.011900 0.078040 0.684583 -0.724746 3.117400 0.033005 0.724790 0.688179 0.000000 0.000000 0.000000 0.000000 1.000000
0.996217 -0.079183 0.035803 -0.011900 0.079632 0.666851 -0.740924 3.117400 0.034793 0.740972 0.670634 -0.000000 0.000000 0.000000 0.000000 1.000000
0.996349 -0.078109 0.034459 -0.011900 0.078483 0.679184 -0.729760 3.117400 0.033597 0.729800 0.682835 -0.000000 0.000000 0.000000 0.000000 1.000000
0.996578 -0.076132 0.032197 -0.011900 0.076449 0.700771 -0.709278 3.117400 0.031436 0.709312 0.704193 0.000000 0.000000 0.000000 0.000000 1.000000
0.996856 -0.073533 0.029496 -0.011900 0.073837 0.727254 -0.682385 3.117400 0.028727 0.682418 0.730398 0.000000 0.000000 0.000000 0.000000 1.000000
0.997143 -0.070632 0.026758 -0.011900 0.070957 0.754579 -0.652361 3.117400 0.025887 0.652396 0.757436 0.000000 0.000000 0.000000 0.000000 1.000000
0.997660 -0.064821 0.021738 -0.011900 0.065076 0.802873 -0.592587 3.117400 0.020959 0.592615 0.805213 0.000000 0.000000 0.000000 0.000000 1.000000
0.998175 -0.058217 0.016020 -0.011900 0.057957 0.849347 -0.524643 3.117400 0.016937 0.524614 0.851172 -0.000000 0.000000 0.000000 0.000000 1.000000
0.998631 -0.051075 0.011304 -0.011900 0.050660 0.890372 -0.452406 3.117400 0.013042 0.452360 0.891740 0.000000 0.000000 0.000000 0.000000 1.000000
0.999020 -0.043562 0.007796 -0.011900 0.043288 0.925314 -0.376723 3.117400 0.009197 0.376691 0.926293 -0.000000 0.000000 0.000000 0.000000 1.000000
0.999339 -0.035899 0.005653 -0.011900 0.035949 0.953719 -0.298544 3.117400 0.005326 0.298550 0.954379 -0.000000 0.000000 0.000000 0.000000 1.000000</float_array>
        <technique_common>
          <accessor source="#mixamorig1_RightHandIndex2-Matrix-animation-output-transform-array" count="66" stride="16">
            <param type="float4x4"/>
          </accessor>
        </technique_common>
      </source>
      <source id="mixamorig1_RightHandIndex2-Interpolations">
        <Name_array id="mixamorig1_RightHandIndex2-Interpolations-array" count="66">
 LINEAR LINEAR LINEAR LINEAR LINEAR LINEAR LINEAR LINEAR LINEAR LINEAR LINEAR
LINEAR LINEAR LINEAR LINEAR LINEAR LINEAR LINEAR LINEAR LINEAR LINEAR LINEAR LINEAR
LINEAR LINEAR LINEAR LINEAR LINEAR LINEAR LINEAR LINEAR LINEAR LINEAR LINEAR LINEAR
LINEAR LINEAR LINEAR LINEAR LINEAR LINEAR LINEAR LINEAR LINEAR LINEAR LINEAR LINEAR
LINEAR LINEAR LINEAR LINEAR LINEAR LINEAR LINEAR LINEAR LINEAR LINEAR LINEAR LINEAR
LINEAR LINEAR LINEAR LINEAR LINEAR LINEAR LINEAR</Name_array>
        <technique_common>
          <accessor source="#mixamorig1_RightHandIndex2-Interpolations-array" count="66">
            <param type="name"/>
          </accessor>
        </technique_common>
      </source>
      <sampler id="mixamorig1_RightHandIndex2-Matrix-animation-transform">
        <input semantic="INPUT" source="#mixamorig1_RightHandIndex2-Matrix-animation-input"/>
        <input semantic="OUTPUT" source="#mixamorig1_RightHandIndex2-Matrix-animation-output-transform"/>
        <input semantic="INTERPOLATION" source="#mixamorig1_RightHandIndex2-Interpolations"/>
      </sampler>
      <channel source="#mixamorig1_RightHandIndex2-Matrix-animation-transform" target="mixamorig1_RightHandIndex2/matrix"/>
    </animation>
    <animation id="mixamorig1_RightHandIndex3-anim" name="mixamorig1_RightHandIndex3">
      <source id="mixamorig1_RightHandIndex3-Matrix-animation-input">
        <float_array id="mixamorig1_RightHandIndex3-Matrix-animation-input-array" count="66">

0.000000 0.033333 0.066667 0.100000 0.133333 0.166667 0.200000 0.233333 0.266667 0.300000 0.333333 0.366667 0.400000 0.433333 0.466667 0.500000
0.533333 0.566667 0.600000 0.633333 0.666667 0.700000 0.733333 0.766667 0.800000 0.833333 0.866667 0.900000 0.933333 0.966667 1.000000 1.033333
1.066667 1.100000 1.133333 1.166667 1.200000 1.233333 1.266667 1.300000 1.333333 1.366667 1.400000 1.433333 1.466667 1.500000 1.533333 1.566667
1.600000 1.633333 1.666667 1.700000 1.733333 1.766667 1.800000 1.833333 1.866667 1.900000 1.933333 1.966667 2.000000 2.033333 2.066667 2.100000
2.133333 2.166667</float_array>
        <technique_common>
          <accessor source="#mixamorig1_RightHandIndex3-Matrix-animation-input-array" count="66">
            <param name="TIME" type="float"/>
          </accessor>
        </technique_common>
      </source>
      <source id="mixamorig1_RightHandIndex3-Matrix-animation-output-transform">
        <float_array id="mixamorig1_RightHandIndex3-Matrix-animation-output-transform-array" count="1056">

0.999904 -0.013822 0.000655 0.006600 0.013778 0.990077 -0.139849 2.856100 0.001285 0.139845 0.990173 -0.000000 0.000000 0.000000 0.000000 1.000000
0.999903 -0.013891 0.000663 0.006600 0.013847 0.989978 -0.140539 2.856100 0.001296 0.140535 0.990075 -0.000000 0.000000 0.000000 0.000000 1.000000
0.999902 -0.013961 0.000671 0.006600 0.013916 0.989879 -0.141229 2.856100 0.001307 0.141225 0.989977 0.000000 0.000000 0.000000 0.000000 1.000000
0.999901 -0.014027 0.000679 0.006600 0.013982 0.989784 -0.141891 2.856100 0.001318 0.141886 0.989882 0.000000 0.000000 0.000000 0.000000 1.000000
0.999900 -0.014096 0.000688 0.006600 0.014050 0.989684 -0.142579 2.856100 0.001329 0.142574 0.989783 0.000000 0.000000 0.000000 0.000000 1.000000
0.999900 -0.014143 0.000693 0.006600 0.014097 0.989617 -0.143040 2.856100 0.001337 0.143035 0.989717 0.000000 0.000000 0.000000 0.000000 1.000000
0.999901 -0.014083 0.000686 0.006600 0.014037 0.989703 -0.142444 2.856100 0.001327 0.142440 0.989803 0.000000 0.000000 0.000000 0.000000 1.000000
0.999899 -0.014193 0.000699 0.006600 0.014146 0.989544 -0.143538 2.856100 0.001345 0.143533 0.989645 0.000000 0.000000 0.000000 0.000000 1.000000
0.999895 -0.014450 0.000731 0.006600 0.014402 0.989166 -0.146095 2.856100 0.001388 0.146091 0.989270 -0.000000 0.000000 0.000000 0.000000 1.000000
0.999883 -0.015273 0.000837 0.006600 0.015220 0.987910 -0.154279 2.856100 0.001530 0.154274 0.988027 -0.000000 0.000000 0.000000 0.000000 1.000000
0.999864 -0.016455 0.001001 0.006600 0.016392 0.985986 -0.166020 2.856100 0.001745 0.166013 0.986122 0.000000 0.000000 0.000000 0.000000 1.000000
0.999839 -0.017912 0.001223 0.006600 0.017839 0.983413 -0.180502 2.856100 0.002031 0.180495 0.983574 0.000000 0.000000 0.000000 0.000000 1.000000
0.999806 -0.019633 0.001513 0.006600 0.019545 0.980089 -0.197593 2.856100 0.002397 0.197585 0.980283 0.000000 0.000000 0.000000 0.000000 1.000000
0.999759 -0.021857 0.001934 0.006600 0.021748 0.975331 -0.219672 2.856100 0.002915 0.219661 0.975572 0.000000 0.000000 0.000000 0.000000 1.000000
0.999686 -0.024917 0.002599 0.006600 0.024775 0.967922 -0.250027 2.856100 0.003714 0.250012 0.968236 -0.000000 0.000000 0.000000 0.000000 1.000000
0.999593 -0.028312 0.003456 0.006600 0.028129 0.958505 -0.283685 2.856100 0.004719 0.283667 0.958911 0.000000 0.000000 0.000000 0.000000 1.000000
0.999516 -0.030822 0.004172 0.006600 0.030605 0.950717 -0.308545 2.856100 0.005544 0.308523 0.951201 0.000000 0.000000 0.000000 0.000000 1.000000
0.999493 -0.031542 0.004390 0.006600 0.031315 0.948350 -0.315676 2.856100 0.005793 0.315653 0.948857 0.000000 0.000000 0.000000 0.000000 1.000000
0.999527 -0.030473 0.004068 0.006600 0.030261 0.951844 -0.305084 2.856100 0.005425 0.305063 0.952317 0.000000 0.000000 0.000000 0.000000 1.000000
0.999589 -0.028437 0.003490 0.006600 0.028253 0.958133 -0.284927 2.856100 0.004758 0.284908 0.958543 0.000000 0.000000 0.000000 0.000000 1.000000
0.999645 -0.026475 0.002977 0.006600 0.026315 0.963758 -0.265477 2.856100 0.004159 0.265461 0.964113 -0.000000 0.000000 0.000000 0.000000 1.000000
0.999684 -0.024984 0.002615 0.006600 0.024842 0.967747 -0.250695 2.856100 0.003733 0.250681 0.968063 0.000000 0.000000 0.000000 0.000000 1.000000
0.999721 -0.023524 0.002284 0.006600 0.023397 0.971420 -0.236211 2.856100 0.003338 0.236199 0.971699 -0.000000 0.000000 0.000000 0.000000 1.000000
0.999765 -0.021612 0.001885 0.006600 0.021506 0.975881 -0.217242 2.856100 0.002855 0.217232 0.976116 -0.000000 0.000000 0.000000 0.000000 1.000000
0.999814 -0.019255 0.001446 0.006600 0.019170 0.980846 -0.193840 2.856100 0.002314 0.193832 0.981032 0.000000 0.000000 0.000000 0.000000 1.000000
0.999859 -0.016768 0.001046 0.006600 0.016704 0.985452 -0.169132 2.856100 0.001805 0.169126 0.985593 0.000000 0.000000 0.000000 0.000000 1.000000
0.999893 -0.014623 0.000753 0.006600 0.014574 0.988907 -0.147819 2.856100 0.001417 0.147814 0.989014 0.000000 0.000000 0.000000 0.000000 1.000000
0.999910 -0.013404 0.000606 0.006600 0.013362 0.990661 -0.135692 2.856100 0.001218 0.135688 0.990751 0.000000 0.000000 0.000000 0.000000 1.000000
0.999912 -0.013233 0.000587 0.006600 0.013193 0.990894 -0.133997 2.856100 0.001191 0.133993 0.990982 0.000000 0.000000 0.000000 0.000000 1.000000
0.999910 -0.013403 0.000607 0.006600 0.013362 0.990661 -0.135689 2.856100 0.001218 0.135685 0.990751 0.000000 0.000000 0.000000 0.000000 1.000000
0.999916 -0.012932 0.000554 0.006600 0.012893 0.991299 -0.130996 2.856100 0.001145 0.130992 0.991383 0.000000 0.000000 0.000000 0.000000 1.000000
0.999935 -0.011352 0.000395 0.006600 0.011322 0.993268 -0.115286 2.856100 0.000916 0.115283 0.993332 0.000000 0.000000 0.000000 0.000000 1.000000
0.999959 -0.009025 0.000206 0.006600 0.009005 0.995707 -0.092121 2.856100 0.000626 0.092119 0.995748 0.000000 0.000000 0.000000 0.000000 1.000000
0.999977 -0.006799 0.000077 0.006600 0.006788 0.997527 -0.069961 2.856100 0.000399 0.069960 0.997550 -0.000000 0.000000 0.000000 0.000000 1.000000
0.999988 -0.004945 0.000007 0.006600 0.004938 0.998661 -0.051487 2.856100 0.000248 0.051486 0.998674 -0.000000 0.000000 0.000000 0.000000 1.000000
0.999997 -0.002517 -0.000033 0.006600 0.002515 0.999624 -0.027293 2.856100 0.000102 0.027293 0.999627 -0.000000 0.000000 0.000000 0.000000 1.000000
0.999999 0.001200 0.000020 0.006600 -0.001200 0.999951 0.009779 2.856100 -0.000009 -0.009779 0.999952 0.000000 0.000000 0.000000 0.000000 1.000000
0.999988 0.004914 0.000211 0.006600 -0.004918 0.998890 0.046852 2.856100 0.000019 -0.046852 0.998902 0.000000 0.000000 0.000000 0.000000 1.000000
0.999978 0.006555 0.000340 0.006600 -0.006563 0.997977 0.063239 2.856100 0.000076 -0.063239 0.997998 0.000000 0.000000 0.000000 0.000000 1.000000
0.999981 0.006103 0.000302 0.006600 -0.006110 0.998255 0.058731 2.856100 0.000057 -0.058732 0.998274 -0.000000 0.000000 0.000000 0.000000 1.000000
0.999984 0.005642 0.000265 0.006600 -0.005648 0.998518 0.054121 2.856100 0.000041 -0.054121 0.998534 0.000000 0.000000 0.000000 0.000000 1.000000
0.999979 0.006405 0.000327 0.006600 -0.006413 0.998071 0.061747 2.856100 0.000069 -0.061747 0.998092 0.000000 0.000000 0.000000 0.000000 1.000000
0.999975 0.007068 0.000386 0.006600 -0.007078 0.997635 0.068371 2.856100 0.000099 -0.068372 0.997660 0.000000 0.000000 0.000000 0.000000 1.000000
0.999984 0.005664 0.000267 0.006600 -0.005670 0.998506 0.054346 2.856100 0.000041 -0.054346 0.998522 0.000000 0.000000 0.000000 0.000000 1.000000
0.999998 0.001873 0.000045 0.006600 -0.001874 0.999862 0.016498 2.856100 -0.000014 -0.016498 0.999864 0.000000 0.000000 0.000000 0.000000 1.000000
0.999995 -0.003280 -0.000027 0.006600 0.003277 0.999385 -0.034899 2.856100 0.000141 0.034899 0.999391 0.000000 0.000000 0.000000 0.000000 1.000000
0.999963 -0.008644 0.000180 0.006600 0.008626 0.996054 -0.088331 2.856100 0.000584 0.088329 0.996091 -0.000000 0.000000 0.000000 0.000000 1.000000
0.999906 -0.013722 0.000643 0.006600 0.013678 0.990218 -0.138855 2.856100 0.001268 0.138851 0.990312 0.000000 0.000000 0.000000 0.000000 1.000000
0.999822 -0.018822 0.001372 0.006600 0.018741 0.981694 -0.189542 2.856100 0.002221 0.189534 0.981872 -0.000000 0.000000 0.000000 0.000000 1.000000
0.999695 -0.024559 0.002516 0.006600 0.024421 0.968841 -0.246476 2.856100 0.003615 0.246462 0.969146 -0.000000 0.000000 0.000000 0.000000 1.000000
0.999505 -0.031157 0.004273 0.006600 0.030936 0.949621 -0.311869 2.856100 0.005660 0.311847 0.950115 -0.000000 0.000000 0.000000 0.000000 1.000000
0.999246 -0.038250 0.006716 0.006600 0.037914 0.923372 -0.382031 2.856100 0.008411 0.381997 0.924125 0.000000 0.000000 0.000000 0.000000 1.000000
0.998930 -0.045208 0.009716 0.006600 0.044733 0.891545 -0.450717 2.856100 0.011714 0.450670 0.892614 0.000000 0.000000 0.000000 0.000000 1.000000
0.998591 -0.051452 0.012969 0.006600 0.050827 0.857340 -0.512236 2.856100 0.015237 0.512173 0.858747 0.000000 0.000000 0.000000 0.000000 1.000000
0.998268 -0.056587 0.016086 0.006600 0.055819 0.824760 -0.562721 2.856100 0.018576 0.562644 0.826490 0.000000 0.000000 0.000000 0.000000 1.000000
0.997972 -0.060776 0.018945 0.006600 0.059869 0.794850 -0.603846 2.856100 0.021641 0.603755 0.796876 -0.000000 0.000000 0.000000 0.000000 1.000000
0.997823 -0.062719 0.020401 0.006600 0.061755 0.779882 -0.622873 2.856100 0.023155 0.622776 0.782057 -0.000000 0.000000 0.000000 0.000000 1.000000
0.997926 -0.061395 0.019333 0.006600 0.060429 0.790167 -0.609906 2.856100 0.022169 0.609809 0.792238 0.000000 0.000000 0.000000 0.000000 1.000000
0.998105 -0.058974 0.017569 0.006600 0.058064 0.808081 -0.586202 2.856100 0.020374 0.586111 0.809974 0.000000 0.000000 0.000000 0.000000 1.000000
0.998320 -0.055832 0.015516 0.006600 0.055038 0.829786 -0.555362 2.856100 0.018132 0.555282 0.831464 -0.000000 0.000000 0.000000 0.000000 1.000000
0.998536 -0.052374 0.013498 0.006600 0.051724 0.851803 -0.521302 2.856100 0.015805 0.521238 0.853265 0.000000 0.000000 0.000000 0.000000 1.000000
0.998911 -0.045589 0.009899 0.006600 0.045105 0.889616 -0.454476 2.856100 0.011913 0.454428 0.890704 0.000000 0.000000 0.000000 0.000000 1.000000
0.999258 -0.038071 0.005783 0.006600 0.037412 0.924282 -0.379872 2.856100 0.009117 0.379807 0.925021 0.000000 0.000000 0.000000 0.000000 1.000000
0.999542 -0.030141 0.002755 0.006600 0.029566 0.952872 -0.301927 2.856100 0.006475 0.301871 0.953327 0.000000 0.000000 0.000000 0.000000 1.000000
0.999758 -0.021982 0.001001 0.006600 0.021658 0.974901 -0.221581 2.856100 0.003895 0.221549 0.975141 0.000000 0.000000 0.000000 0.000000 1.000000
0.999904 -0.013822 0.000655 0.006600 0.013777 0.990077 -0.139849 2.856100 0.001285 0.139845 0.990173 0.000000 0.000000 0.000000 0.000000 1.000000</float_array>
        <technique_common>
          <accessor source="#mixamorig1_RightHandIndex3-Matrix-animation-output-transform-array" count="66" stride="16">
            <param type="float4x4"/>
          </accessor>
        </technique_common>
      </source>
      <source id="mixamorig1_RightHandIndex3-Interpolations">
        <Name_array id="mixamorig1_RightHandIndex3-Interpolations-array" count="66">
 LINEAR LINEAR LINEAR LINEAR LINEAR LINEAR LINEAR LINEAR LINEAR LINEAR LINEAR
LINEAR LINEAR LINEAR LINEAR LINEAR LINEAR LINEAR LINEAR LINEAR LINEAR LINEAR LINEAR
LINEAR LINEAR LINEAR LINEAR LINEAR LINEAR LINEAR LINEAR LINEAR LINEAR LINEAR LINEAR
LINEAR LINEAR LINEAR LINEAR LINEAR LINEAR LINEAR LINEAR LINEAR LINEAR LINEAR LINEAR
LINEAR LINEAR LINEAR LINEAR LINEAR LINEAR LINEAR LINEAR LINEAR LINEAR LINEAR LINEAR
LINEAR LINEAR LINEAR LINEAR LINEAR LINEAR LINEAR</Name_array>
        <technique_common>
          <accessor source="#mixamorig1_RightHandIndex3-Interpolations-array" count="66">
            <param type="name"/>
          </accessor>
        </technique_common>
      </source>
      <sampler id="mixamorig1_RightHandIndex3-Matrix-animation-transform">
        <input semantic="INPUT" source="#mixamorig1_RightHandIndex3-Matrix-animation-input"/>
        <input semantic="OUTPUT" source="#mixamorig1_RightHandIndex3-Matrix-animation-output-transform"/>
        <input semantic="INTERPOLATION" source="#mixamorig1_RightHandIndex3-Interpolations"/>
      </sampler>
      <channel source="#mixamorig1_RightHandIndex3-Matrix-animation-transform" target="mixamorig1_RightHandIndex3/matrix"/>
    </animation>
    <animation id="mixamorig1_RightHandMiddle1-anim" name="mixamorig1_RightHandMiddle1">
      <source id="mixamorig1_RightHandMiddle1-Matrix-animation-input">
        <float_array id="mixamorig1_RightHandMiddle1-Matrix-animation-input-array" count="66">

0.000000 0.033333 0.066667 0.100000 0.133333 0.166667 0.200000 0.233333 0.266667 0.300000 0.333333 0.366667 0.400000 0.433333 0.466667 0.500000
0.533333 0.566667 0.600000 0.633333 0.666667 0.700000 0.733333 0.766667 0.800000 0.833333 0.866667 0.900000 0.933333 0.966667 1.000000 1.033333
1.066667 1.100000 1.133333 1.166667 1.200000 1.233333 1.266667 1.300000 1.333333 1.366667 1.400000 1.433333 1.466667 1.500000 1.533333 1.566667
1.600000 1.633333 1.666667 1.700000 1.733333 1.766667 1.800000 1.833333 1.866667 1.900000 1.933333 1.966667 2.000000 2.033333 2.066667 2.100000
2.133333 2.166667</float_array>
        <technique_common>
          <accessor source="#mixamorig1_RightHandMiddle1-Matrix-animation-input-array" count="66">
            <param name="TIME" type="float"/>
          </accessor>
        </technique_common>
      </source>
      <source id="mixamorig1_RightHandMiddle1-Matrix-animation-output-transform">
        <float_array id="mixamorig1_RightHandMiddle1-Matrix-animation-output-transform-array" count="1056">

0.999317 0.036717 -0.004271 0.922400 -0.036666 0.969942 -0.240557 12.176400 -0.004690 0.240549 0.970626 -0.222200 0.000000 0.000000 0.000000 1.000000
0.999282 0.037648 -0.004342 0.922400 -0.037522 0.966771 -0.252875 12.176400 -0.005323 0.252856 0.967489 -0.222200 0.000000 0.000000 0.000000 1.000000
0.999246 0.038584 -0.004436 0.922400 -0.038378 0.963443 -0.265151 12.176400 -0.005956 0.265122 0.964197 -0.222200 0.000000 0.000000 0.000000 1.000000
0.999257 0.038287 -0.004533 0.922400 -0.038056 0.960646 -0.275157 12.176400 -0.006181 0.275125 0.961388 -0.222200 0.000000 0.000000 0.000000 1.000000
0.999386 0.034745 -0.004548 0.922400 -0.034636 0.959782 -0.278602 12.176400 -0.005315 0.278588 0.960396 -0.222200 0.000000 0.000000 0.000000 1.000000
0.999537 0.030076 -0.004545 0.922400 -0.030140 0.959117 -0.281401 12.176400 -0.004105 0.281408 0.959580 -0.222200 0.000000 0.000000 0.000000 1.000000
0.999610 0.027561 -0.004595 0.922400 -0.027688 0.954904 -0.295622 12.176400 -0.003760 0.295634 0.955294 -0.222200 0.000000 0.000000 0.000000 1.000000
0.999437 0.033267 -0.004411 0.922400 -0.032877 0.944303 -0.327432 12.176400 -0.006727 0.327392 0.944865 -0.222200 0.000000 0.000000 0.000000 1.000000
0.999198 0.039779 -0.004609 0.922400 -0.038801 0.933270 -0.357073 12.176400 -0.009902 0.356965 0.934065 -0.222200 0.000000 0.000000 0.000000 1.000000
0.999110 0.041929 -0.004605 0.922400 -0.040773 0.932028 -0.360084 12.176400 -0.010805 0.359951 0.932909 -0.222200 0.000000 0.000000 0.000000 1.000000
0.999341 0.035999 -0.004657 0.922400 -0.035498 0.942396 -0.332611 12.176400 -0.007585 0.332557 0.943053 -0.222200 0.000000 0.000000 0.000000 1.000000
0.999493 0.031504 -0.004637 0.922400 -0.031393 0.950448 -0.309295 12.176400 -0.005337 0.309284 0.950955 -0.222200 0.000000 0.000000 0.000000 1.000000
0.999282 0.037591 -0.004666 0.922400 -0.037096 0.946223 -0.321382 12.176400 -0.007666 0.321325 0.946938 -0.222200 0.000000 0.000000 0.000000 1.000000
0.998615 0.052407 -0.004684 0.922400 -0.050695 0.934509 -0.352311 12.176400 -0.014087 0.352060 0.935871 -0.222200 0.000000 0.000000 0.000000 1.000000
0.997724 0.067262 -0.004728 0.922400 -0.064371 0.929279 -0.363725 12.176400 -0.020071 0.363202 0.931494 -0.222200 0.000000 0.000000 0.000000 1.000000
0.997170 0.075020 -0.004835 0.922400 -0.071996 0.934503 -0.348598 12.176400 -0.021633 0.347960 0.937260 -0.222200 0.000000 0.000000 0.000000 1.000000
0.997297 0.073310 -0.004850 0.922400 -0.070799 0.941299 -0.330065 12.176400 -0.019632 0.329517 0.943946 -0.222200 0.000000 0.000000 0.000000 1.000000
0.997927 0.064180 -0.004785 0.922400 -0.062400 0.946686 -0.316058 12.176400 -0.015755 0.315701 0.948728 -0.222200 0.000000 0.000000 0.000000 1.000000
0.998622 0.052281 -0.004658 0.922400 -0.051376 0.955424 -0.290733 12.176400 -0.010750 0.290571 0.956793 -0.222200 0.000000 0.000000 0.000000 1.000000
0.999090 0.042413 -0.004413 0.922400 -0.042134 0.965941 -0.255308 12.176400 -0.006566 0.255262 0.966850 -0.222200 0.000000 0.000000 0.000000 1.000000
0.999296 0.037286 -0.004234 0.922400 -0.037229 0.970937 -0.236421 12.176400 -0.004705 0.236413 0.971641 -0.222200 0.000000 0.000000 0.000000 1.000000
0.999346 0.035908 -0.004261 0.922400 -0.035882 0.970188 -0.239682 12.176400 -0.004472 0.239678 0.970842 -0.222200 0.000000 0.000000 0.000000 1.000000
0.999370 0.035253 -0.004206 0.922400 -0.035258 0.971565 -0.234133 12.176400 -0.004167 0.234133 0.972196 -0.222200 0.000000 0.000000 0.000000 1.000000
0.999360 0.035552 -0.003876 0.922400 -0.035589 0.978013 -0.205485 12.176400 -0.003515 0.205492 0.978653 -0.222200 0.000000 0.000000 0.000000 1.000000
0.999137 0.041379 -0.003588 0.922400 -0.041331 0.981990 -0.184359 12.176400 -0.004105 0.184348 0.982853 -0.222200 0.000000 0.000000 0.000000 1.000000
0.998520 0.054253 -0.003852 0.922400 -0.053927 0.978343 -0.199840 12.176400 -0.007074 0.199752 0.979821 -0.222200 0.000000 0.000000 0.000000 1.000000
0.997739 0.067063 -0.004331 0.922400 -0.066204 0.969788 -0.234793 12.176400 -0.011546 0.234549 0.972036 -0.222200 0.000000 0.000000 0.000000 1.000000
0.997502 0.070492 -0.004508 0.922400 -0.069356 0.965347 -0.251585 12.176400 -0.013383 0.251269 0.967825 -0.222200 0.000000 0.000000 0.000000 1.000000
0.997971 0.063527 -0.004374 0.922400 -0.062707 0.968512 -0.240942 12.176400 -0.011070 0.240727 0.970530 -0.222200 0.000000 0.000000 0.000000 1.000000
0.998500 0.054586 -0.004172 0.922400 -0.054121 0.972771 -0.225361 12.176400 -0.008243 0.225249 0.974266 -0.222200 0.000000 0.000000 0.000000 1.000000
0.998690 0.051011 -0.004093 0.922400 -0.050663 0.974257 -0.219674 12.176400 -0.007218 0.219594 0.975565 -0.222200 0.000000 0.000000 0.000000 1.000000
0.998662 0.051563 -0.004023 0.922400 -0.051231 0.975561 -0.213672 12.176400 -0.007093 0.213592 0.976897 -0.222200 0.000000 0.000000 0.000000 1.000000
0.998655 0.051713 -0.003826 0.922400 -0.051442 0.978723 -0.198630 12.176400 -0.006527 0.198560 0.980067 -0.222200 0.000000 0.000000 0.000000 1.000000
0.998644 0.051924 -0.003628 0.922400 -0.051697 0.981355 -0.185122 12.176400 -0.006052 0.185058 0.982709 -0.222200 0.000000 0.000000 0.000000 1.000000
0.998352 0.057277 -0.003614 0.922400 -0.056971 0.981457 -0.183020 12.176400 -0.006936 0.182924 0.983103 -0.222200 0.000000 0.000000 0.000000 1.000000
0.997679 0.068000 -0.003566 0.922400 -0.067556 0.981864 -0.177142 12.176400 -0.008544 0.176972 0.984179 -0.222200 0.000000 0.000000 0.000000 1.000000
0.997108 0.075937 -0.002997 0.922400 -0.075580 0.986752 -0.143557 12.176400 -0.007944 0.143368 0.989638 -0.222200 0.000000 0.000000 0.000000 1.000000
0.997122 0.075795 -0.001869 0.922400 -0.075638 0.992756 -0.093347 12.176400 -0.005220 0.093220 0.995632 -0.222200 0.000000 0.000000 0.000000 1.000000
0.997297 0.073468 -0.001110 0.922400 -0.073385 0.995183 -0.065009 12.176400 -0.003671 0.064915 0.997884 -0.222200 0.000000 0.000000 0.000000 1.000000
0.997138 0.075594 -0.000865 0.922400 -0.075524 0.995570 -0.056001 12.176400 -0.003372 0.055906 0.998430 -0.222200 0.000000 0.000000 0.000000 1.000000
0.997058 0.076649 0.000209 0.922400 -0.076628 0.996846 -0.020635 12.176400 -0.001790 0.020559 0.999787 -0.222200 0.000000 0.000000 0.000000 1.000000
0.997510 0.070484 0.002383 0.922400 -0.070522 0.996689 0.040476 12.176400 0.000478 -0.040543 0.999178 -0.222200 0.000000 0.000000 0.000000 1.000000
0.997969 0.063596 0.003544 0.922400 -0.063688 0.995556 0.069364 12.176400 0.000883 -0.069449 0.997585 -0.222200 0.000000 0.000000 0.000000 1.000000
0.998112 0.061372 0.002458 0.922400 -0.061421 0.997233 0.041889 12.176400 0.000119 -0.041961 0.999119 -0.222200 0.000000 0.000000 0.000000 1.000000
0.998222 0.059603 0.000461 0.922400 -0.059590 0.998118 -0.014493 12.176400 -0.001324 0.014440 0.999895 -0.222200 0.000000 0.000000 0.000000 1.000000
0.998440 0.055820 -0.001354 0.922400 -0.055761 0.995536 -0.076145 12.176400 -0.002903 0.076101 0.997096 -0.222200 0.000000 0.000000 0.000000 1.000000
0.998545 0.053850 -0.002908 0.922400 -0.053709 0.988168 -0.143662 12.176400 -0.004863 0.143609 0.989623 -0.222200 0.000000 0.000000 0.000000 1.000000
0.998433 0.055808 -0.004118 0.922400 -0.055344 0.973880 -0.220214 12.176400 -0.008279 0.220097 0.975443 -0.222200 0.000000 0.000000 0.000000 1.000000
0.998313 0.057866 -0.004714 0.922400 -0.056625 0.952537 -0.299111 12.176400 -0.012818 0.298874 0.954207 -0.222200 0.000000 0.000000 0.000000 1.000000
0.998412 0.056151 -0.004592 0.922400 -0.053751 0.924971 -0.376216 12.176400 -0.016877 0.375865 0.926521 -0.222200 0.000000 0.000000 0.000000 1.000000
0.998693 0.050979 -0.003699 0.922400 -0.047108 0.889925 -0.453668 12.176400 -0.019836 0.453250 0.891163 -0.222200 0.000000 0.000000 0.000000 1.000000
0.999047 0.043589 -0.002071 0.922400 -0.038149 0.849339 -0.526468 12.176400 -0.021189 0.526046 0.850192 -0.222200 0.000000 0.000000 0.000000 1.000000
0.999439 0.033486 -0.000217 0.922400 -0.027349 0.812517 -0.582295 12.176400 -0.019323 0.581974 0.812977 -0.222200 0.000000 0.000000 0.000000 1.000000
0.999790 0.020461 0.001239 0.922400 -0.015346 0.787183 -0.616529 12.176400 -0.013591 0.616380 0.787331 -0.222200 0.000000 0.000000 0.000000 1.000000
0.999976 0.006516 0.002279 0.922400 -0.003566 0.770290 -0.637684 12.176400 -0.005911 0.637661 0.770294 -0.222200 0.000000 0.000000 0.000000 1.000000
0.999977 -0.005939 0.003375 0.922400 0.006687 0.750091 -0.661301 12.176400 0.001396 0.661308 0.750113 -0.222200 0.000000 0.000000 0.000000 1.000000
0.999894 -0.013944 0.004173 0.922400 0.013126 0.740011 -0.672467 12.176400 0.006288 0.672450 0.740116 -0.222200 0.000000 0.000000 0.000000 1.000000
0.999877 -0.015201 0.003730 0.922400 0.013853 0.748567 -0.662915 12.176400 0.007285 0.662885 0.748685 -0.222200 0.000000 0.000000 0.000000 1.000000
0.999894 -0.014266 0.002880 0.922400 0.012743 0.762563 -0.646789 12.176400 0.007030 0.646757 0.762664 -0.222200 0.000000 0.000000 0.000000 1.000000
0.999927 -0.011936 0.001815 0.922400 0.010447 0.780071 -0.625603 12.176400 0.006052 0.625577 0.780139 -0.222200 0.000000 0.000000 0.000000 1.000000
0.999959 -0.009020 0.000681 0.922400 0.007619 0.799237 -0.600967 12.176400 0.004876 0.600948 0.799273 -0.222200 0.000000 0.000000 0.000000 1.000000
0.999999 0.000622 -0.001353 0.922400 -0.001259 0.838522 -0.544867 12.176400 0.000796 0.544868 0.838521 -0.222200 0.000000 0.000000 0.000000 1.000000
0.999948 0.009321 -0.004027 0.922400 -0.010115 0.880117 -0.474649 12.176400 -0.000880 0.474665 0.880166 -0.222200 0.000000 0.000000 0.000000 1.000000
0.999818 0.018274 -0.005547 0.922400 -0.018968 0.916510 -0.399563 12.176400 -0.002218 0.399595 0.916689 -0.222200 0.000000 0.000000 0.000000 1.000000
0.999607 0.027443 -0.005693 0.922400 -0.027818 0.946670 -0.321000 12.176400 -0.003420 0.321033 0.947062 -0.222200 0.000000 0.000000 0.000000 1.000000
0.999317 0.036717 -0.004271 0.922400 -0.036666 0.969942 -0.240557 12.176400 -0.004690 0.240549 0.970626 -0.222200 0.000000 0.000000 0.000000 1.000000</float_array>
        <technique_common>
          <accessor source="#mixamorig1_RightHandMiddle1-Matrix-animation-output-transform-array" count="66" stride="16">
            <param type="float4x4"/>
          </accessor>
        </technique_common>
      </source>
      <source id="mixamorig1_RightHandMiddle1-Interpolations">
        <Name_array id="mixamorig1_RightHandMiddle1-Interpolations-array" count="66">
 LINEAR LINEAR LINEAR LINEAR LINEAR LINEAR LINEAR LINEAR LINEAR LINEAR LINEAR
LINEAR LINEAR LINEAR LINEAR LINEAR LINEAR LINEAR LINEAR LINEAR LINEAR LINEAR LINEAR
LINEAR LINEAR LINEAR LINEAR LINEAR LINEAR LINEAR LINEAR LINEAR LINEAR LINEAR LINEAR
LINEAR LINEAR LINEAR LINEAR LINEAR LINEAR LINEAR LINEAR LINEAR LINEAR LINEAR LINEAR
LINEAR LINEAR LINEAR LINEAR LINEAR LINEAR LINEAR LINEAR LINEAR LINEAR LINEAR LINEAR
LINEAR LINEAR LINEAR LINEAR LINEAR LINEAR LINEAR</Name_array>
        <technique_common>
          <accessor source="#mixamorig1_RightHandMiddle1-Interpolations-array" count="66">
            <param type="name"/>
          </accessor>
        </technique_common>
      </source>
      <sampler id="mixamorig1_RightHandMiddle1-Matrix-animation-transform">
        <input semantic="INPUT" source="#mixamorig1_RightHandMiddle1-Matrix-animation-input"/>
        <input semantic="OUTPUT" source="#mixamorig1_RightHandMiddle1-Matrix-animation-output-transform"/>
        <input semantic="INTERPOLATION" source="#mixamorig1_RightHandMiddle1-Interpolations"/>
      </sampler>
      <channel source="#mixamorig1_RightHandMiddle1-Matrix-animation-transform" target="mixamorig1_RightHandMiddle1/matrix"/>
    </animation>
    <animation id="mixamorig1_RightHandMiddle2-anim" name="mixamorig1_RightHandMiddle2">
      <source id="mixamorig1_RightHandMiddle2-Matrix-animation-input">
        <float_array id="mixamorig1_RightHandMiddle2-Matrix-animation-input-array" count="66">

0.000000 0.033333 0.066667 0.100000 0.133333 0.166667 0.200000 0.233333 0.266667 0.300000 0.333333 0.366667 0.400000 0.433333 0.466667 0.500000
0.533333 0.566667 0.600000 0.633333 0.666667 0.700000 0.733333 0.766667 0.800000 0.833333 0.866667 0.900000 0.933333 0.966667 1.000000 1.033333
1.066667 1.100000 1.133333 1.166667 1.200000 1.233333 1.266667 1.300000 1.333333 1.366667 1.400000 1.433333 1.466667 1.500000 1.533333 1.566667
1.600000 1.633333 1.666667 1.700000 1.733333 1.766667 1.800000 1.833333 1.866667 1.900000 1.933333 1.966667 2.000000 2.033333 2.066667 2.100000
2.133333 2.166667</float_array>
        <technique_common>
          <accessor source="#mixamorig1_RightHandMiddle2-Matrix-animation-input-array" count="66">
            <param name="TIME" type="float"/>
          </accessor>
        </technique_common>
      </source>
      <source id="mixamorig1_RightHandMiddle2-Matrix-animation-output-transform">
        <float_array id="mixamorig1_RightHandMiddle2-Matrix-animation-output-transform-array" count="1056">

0.999225 -0.038908 0.005989 -0.016200 0.038918 0.953456 -0.299011 3.479200 0.005924 0.299012 0.954231 -0.000000 0.000000 0.000000 0.000000 1.000000
0.999222 -0.038982 0.006016 -0.016200 0.038992 0.953220 -0.299753 3.479200 0.005950 0.299755 0.953998 -0.000000 0.000000 0.000000 0.000000 1.000000
0.999219 -0.039055 0.006044 -0.016200 0.039066 0.952983 -0.300496 3.479200 0.005977 0.300497 0.953764 -0.000000 0.000000 0.000000 0.000000 1.000000
0.999212 -0.039228 0.006107 -0.016200 0.039238 0.952428 -0.302227 3.479200 0.006040 0.302228 0.953216 -0.000000 0.000000 0.000000 0.000000 1.000000
0.999196 -0.039606 0.006246 -0.016200 0.039616 0.951200 -0.306022 3.479200 0.006179 0.306023 0.952004 0.000000 0.000000 0.000000 0.000000 1.000000
0.999172 -0.040178 0.006462 -0.016200 0.040190 0.949305 -0.311775 3.479200 0.006392 0.311777 0.950134 -0.000000 0.000000 0.000000 0.000000 1.000000
0.999129 -0.041161 0.006842 -0.016200 0.041173 0.945963 -0.321649 3.479200 0.006767 0.321651 0.946834 0.000000 0.000000 0.000000 0.000000 1.000000
0.999062 -0.042660 0.007438 -0.016200 0.042672 0.940634 -0.336728 3.479200 0.007368 0.336730 0.941573 0.000000 0.000000 0.000000 0.000000 1.000000
0.998978 -0.044447 0.008198 -0.016200 0.044463 0.933917 -0.354715 3.479200 0.008110 0.354717 0.934939 -0.000000 0.000000 0.000000 0.000000 1.000000
0.998842 -0.047178 0.009431 -0.016200 0.047197 0.922856 -0.382243 3.479200 0.009330 0.382245 0.924014 0.000000 0.000000 0.000000 0.000000 1.000000
0.998654 -0.050653 0.011144 -0.016200 0.050678 0.907333 -0.417346 3.479200 0.011029 0.417349 0.908679 0.000000 0.000000 0.000000 0.000000 1.000000
0.998452 -0.054078 0.012999 -0.016200 0.054109 0.890369 -0.452013 3.479200 0.012870 0.452017 0.891917 0.000000 0.000000 0.000000 0.000000 1.000000
0.998313 -0.056285 0.014288 -0.016200 0.056320 0.878511 -0.474390 3.479200 0.014149 0.474394 0.880199 0.000000 0.000000 0.000000 0.000000 1.000000
0.998268 -0.056972 0.014705 -0.016200 0.057008 0.874664 -0.481366 3.479200 0.014563 0.481370 0.876396 0.000000 0.000000 0.000000 0.000000 1.000000
0.998242 -0.057361 0.014945 -0.016200 0.057399 0.872448 -0.485325 3.479200 0.014800 0.485329 0.874206 0.000000 0.000000 0.000000 0.000000 1.000000
0.998140 -0.058860 0.015889 -0.016200 0.058900 0.863700 -0.500552 3.479200 0.015739 0.500557 0.865561 -0.000000 0.000000 0.000000 0.000000 1.000000
0.997990 -0.060970 0.017283 -0.016200 0.061015 0.850745 -0.522025 3.479200 0.017124 0.522031 0.852755 0.000000 0.000000 0.000000 0.000000 1.000000
0.997928 -0.061808 0.017859 -0.016200 0.061855 0.845387 -0.530561 3.479200 0.017695 0.530567 0.847458 0.000000 0.000000 0.000000 0.000000 1.000000
0.998005 -0.060766 0.017146 -0.016200 0.060811 0.852030 -0.519949 3.479200 0.016987 0.519954 0.854025 0.000000 0.000000 0.000000 0.000000 1.000000
0.998121 -0.059134 0.016066 -0.016200 0.059175 0.862061 -0.503338 3.479200 0.015914 0.503342 0.863940 0.000000 0.000000 0.000000 0.000000 1.000000
0.998169 -0.058438 0.015619 -0.016200 0.058477 0.866202 -0.496261 3.479200 0.015471 0.496266 0.868033 -0.000000 0.000000 0.000000 0.000000 1.000000
0.998147 -0.058756 0.015822 -0.016200 0.058796 0.864319 -0.499495 3.479200 0.015673 0.499500 0.866172 0.000000 0.000000 0.000000 0.000000 1.000000
0.998150 -0.058712 0.015794 -0.016200 0.058752 0.864579 -0.499050 3.479200 0.015645 0.499055 0.866429 0.000000 0.000000 0.000000 0.000000 1.000000
0.998270 -0.056937 0.014683 -0.016200 0.056973 0.874860 -0.481014 3.479200 0.014542 0.481018 0.876590 0.000000 0.000000 0.000000 0.000000 1.000000
0.998522 -0.052926 0.012356 -0.016200 0.052955 0.896265 -0.440345 3.479200 0.012232 0.440349 0.897743 -0.000000 0.000000 0.000000 0.000000 1.000000
0.998830 -0.047403 0.009537 -0.016200 0.047424 0.921897 -0.384522 3.479200 0.009436 0.384525 0.923066 0.000000 0.000000 0.000000 0.000000 1.000000
0.999073 -0.042424 0.007347 -0.016200 0.042438 0.941491 -0.334355 3.479200 0.007267 0.334357 0.942419 0.000000 0.000000 0.000000 0.000000 1.000000
0.999184 -0.039899 0.006357 -0.016200 0.039910 0.950236 -0.308965 3.479200 0.006287 0.308966 0.951052 0.000000 0.000000 0.000000 0.000000 1.000000
0.999199 -0.039525 0.006216 -0.016200 0.039535 0.951464 -0.305210 3.479200 0.006149 0.305212 0.952265 0.000000 0.000000 0.000000 0.000000 1.000000
0.999214 -0.039161 0.006082 -0.016200 0.039171 0.952644 -0.301553 3.479200 0.006015 0.301554 0.953430 0.000000 0.000000 0.000000 0.000000 1.000000
0.999290 -0.037279 0.005410 -0.016200 0.037288 0.958494 -0.282665 3.479200 0.005352 0.282666 0.959203 -0.000000 0.000000 0.000000 0.000000 1.000000
0.999406 -0.034194 0.004399 -0.016200 0.034200 0.967188 -0.251748 3.479200 0.004354 0.251749 0.967783 0.000000 0.000000 0.000000 0.000000 1.000000
0.999504 -0.031293 0.003547 -0.016200 0.031297 0.974382 -0.222710 3.479200 0.003513 0.222711 0.974878 0.000000 0.000000 0.000000 0.000000 1.000000
0.999552 -0.029761 0.003134 -0.016200 0.029764 0.977805 -0.207394 3.479200 0.003107 0.207395 0.978252 0.000000 0.000000 0.000000 0.000000 1.000000
0.999566 -0.029314 0.003019 -0.016200 0.029316 0.978756 -0.202922 3.479200 0.002994 0.202922 0.979190 0.000000 0.000000 0.000000 0.000000 1.000000
0.999596 -0.028295 0.002764 -0.016200 0.028297 0.980840 -0.192751 3.479200 0.002743 0.192751 0.981244 -0.000000 0.000000 0.000000 0.000000 1.000000
0.999653 -0.026247 0.002285 -0.016200 0.026248 0.984694 -0.172305 3.479200 0.002273 0.172306 0.985041 -0.000000 0.000000 0.000000 0.000000 1.000000
0.999669 -0.025623 0.002148 -0.016200 0.025624 0.985777 -0.166092 3.479200 0.002138 0.166092 0.986108 0.000000 0.000000 0.000000 0.000000 1.000000
0.999586 -0.028622 0.002844 -0.016200 0.028624 0.980183 -0.196015 3.479200 0.002822 0.196016 0.980597 0.000000 0.000000 0.000000 0.000000 1.000000
0.999449 -0.032952 0.004023 -0.016200 0.032957 0.970383 -0.239311 3.479200 0.003982 0.239312 0.970935 0.000000 0.000000 0.000000 0.000000 1.000000
0.999408 -0.034118 0.004376 -0.016200 0.034124 0.967390 -0.250983 3.479200 0.004330 0.250984 0.967982 0.000000 0.000000 0.000000 0.000000 1.000000
0.999509 -0.031139 0.003504 -0.016200 0.031143 0.974738 -0.221171 3.479200 0.003471 0.221171 0.975229 -0.000000 0.000000 0.000000 0.000000 1.000000
0.999612 -0.027747 0.002631 -0.016200 0.027749 0.981915 -0.187275 3.479200 0.002612 0.187275 0.982304 0.000000 0.000000 0.000000 0.000000 1.000000
0.999612 -0.027741 0.002630 -0.016200 0.027743 0.981927 -0.187215 3.479200 0.002611 0.187216 0.982315 0.000000 0.000000 0.000000 0.000000 1.000000
0.999512 -0.031038 0.003476 -0.016200 0.031042 0.974970 -0.220158 3.479200 0.003444 0.220159 0.975458 0.000000 0.000000 0.000000 0.000000 1.000000
0.999363 -0.035371 0.004772 -0.016200 0.035378 0.964001 -0.263534 3.479200 0.004721 0.263535 0.964638 0.000000 0.000000 0.000000 0.000000 1.000000
0.999210 -0.039266 0.006120 -0.016200 0.039276 0.952305 -0.302609 3.479200 0.006054 0.302610 0.953095 0.000000 0.000000 0.000000 0.000000 1.000000
0.999057 -0.042761 0.007485 -0.016200 0.042776 0.940265 -0.337747 3.479200 0.007404 0.337748 0.941207 0.000000 0.000000 0.000000 0.000000 1.000000
0.998870 -0.046623 0.009172 -0.016200 0.046642 0.925184 -0.376643 3.479200 0.009074 0.376645 0.926313 0.000000 0.000000 0.000000 0.000000 1.000000
0.998610 -0.051426 0.011548 -0.016200 0.051453 0.903652 -0.425165 3.479200 0.011429 0.425168 0.905042 0.000000 0.000000 0.000000 0.000000 1.000000
0.998255 -0.057162 0.014821 -0.016200 0.057199 0.873584 -0.483300 3.479200 0.014679 0.483305 0.875329 0.000000 0.000000 0.000000 0.000000 1.000000
0.997815 -0.063310 0.018921 -0.016200 0.063360 0.835464 -0.545880 3.479200 0.018752 0.545886 0.837649 -0.000000 0.000000 0.000000 0.000000 1.000000
0.997328 -0.069170 0.023487 -0.016200 0.069236 0.792570 -0.605837 3.479200 0.023291 0.605845 0.795242 -0.000000 0.000000 0.000000 0.000000 1.000000
0.996850 -0.074201 0.028011 -0.016200 0.074283 0.749711 -0.657583 3.479200 0.027793 0.657592 0.752862 0.000000 0.000000 0.000000 0.000000 1.000000
0.996426 -0.078158 0.032039 -0.016200 0.078254 0.711317 -0.698502 3.479200 0.031803 0.698512 0.714891 0.000000 0.000000 0.000000 0.000000 1.000000
0.996059 -0.081260 0.035539 -0.016200 0.081367 0.677774 -0.730754 3.479200 0.035294 0.730766 0.681715 -0.000000 0.000000 0.000000 0.000000 1.000000
0.995890 -0.082602 0.037163 -0.016200 0.082717 0.662221 -0.744729 3.479200 0.036906 0.744742 0.666331 -0.000000 0.000000 0.000000 0.000000 1.000000
0.996038 -0.081454 0.035686 -0.016200 0.081500 0.675561 -0.732785 3.479200 0.035580 0.732791 0.679523 0.000000 0.000000 0.000000 0.000000 1.000000
0.996282 -0.079445 0.033332 -0.016200 0.079457 0.697726 -0.711944 3.479200 0.033303 0.711946 0.701445 0.000000 0.000000 0.000000 0.000000 1.000000
0.996576 -0.076828 0.030549 -0.016200 0.076857 0.724649 -0.684818 3.479200 0.030475 0.684822 0.728073 -0.000000 0.000000 0.000000 0.000000 1.000000
0.996881 -0.073890 0.027713 -0.016200 0.073970 0.752544 -0.654374 3.479200 0.027496 0.654384 0.755663 0.000000 0.000000 0.000000 0.000000 1.000000
0.997434 -0.067964 0.022489 -0.016200 0.068026 0.801978 -0.593467 3.479200 0.022299 0.593474 0.804544 0.000000 0.000000 0.000000 0.000000 1.000000
0.997980 -0.061313 0.016645 -0.016200 0.060904 0.848725 -0.525316 3.479200 0.018082 0.525268 0.850745 -0.000000 0.000000 0.000000 0.000000 1.000000
0.998464 -0.054135 0.011822 -0.016200 0.053612 0.889900 -0.452995 3.479200 0.014002 0.452933 0.891435 -0.000000 0.000000 0.000000 0.000000 1.000000
0.998880 -0.046595 0.008219 -0.016200 0.046250 0.924946 -0.377274 3.479200 0.009977 0.377232 0.926065 0.000000 0.000000 0.000000 0.000000 1.000000
0.999225 -0.038908 0.005989 -0.016200 0.038918 0.953456 -0.299011 3.479200 0.005924 0.299012 0.954231 0.000000 0.000000 0.000000 0.000000 1.000000</float_array>
        <technique_common>
          <accessor source="#mixamorig1_RightHandMiddle2-Matrix-animation-output-transform-array" count="66" stride="16">
            <param type="float4x4"/>
          </accessor>
        </technique_common>
      </source>
      <source id="mixamorig1_RightHandMiddle2-Interpolations">
        <Name_array id="mixamorig1_RightHandMiddle2-Interpolations-array" count="66">
 LINEAR LINEAR LINEAR LINEAR LINEAR LINEAR LINEAR LINEAR LINEAR LINEAR LINEAR
LINEAR LINEAR LINEAR LINEAR LINEAR LINEAR LINEAR LINEAR LINEAR LINEAR LINEAR LINEAR
LINEAR LINEAR LINEAR LINEAR LINEAR LINEAR LINEAR LINEAR LINEAR LINEAR LINEAR LINEAR
LINEAR LINEAR LINEAR LINEAR LINEAR LINEAR LINEAR LINEAR LINEAR LINEAR LINEAR LINEAR
LINEAR LINEAR LINEAR LINEAR LINEAR LINEAR LINEAR LINEAR LINEAR LINEAR LINEAR LINEAR
LINEAR LINEAR LINEAR LINEAR LINEAR LINEAR LINEAR</Name_array>
        <technique_common>
          <accessor source="#mixamorig1_RightHandMiddle2-Interpolations-array" count="66">
            <param type="name"/>
          </accessor>
        </technique_common>
      </source>
      <sampler id="mixamorig1_RightHandMiddle2-Matrix-animation-transform">
        <input semantic="INPUT" source="#mixamorig1_RightHandMiddle2-Matrix-animation-input"/>
        <input semantic="OUTPUT" source="#mixamorig1_RightHandMiddle2-Matrix-animation-output-transform"/>
        <input semantic="INTERPOLATION" source="#mixamorig1_RightHandMiddle2-Interpolations"/>
      </sampler>
      <channel source="#mixamorig1_RightHandMiddle2-Matrix-animation-transform" target="mixamorig1_RightHandMiddle2/matrix"/>
    </animation>
    <animation id="mixamorig1_RightHandMiddle3-anim" name="mixamorig1_RightHandMiddle3">
      <source id="mixamorig1_RightHandMiddle3-Matrix-animation-input">
        <float_array id="mixamorig1_RightHandMiddle3-Matrix-animation-input-array" count="66">

0.000000 0.033333 0.066667 0.100000 0.133333 0.166667 0.200000 0.233333 0.266667 0.300000 0.333333 0.366667 0.400000 0.433333 0.466667 0.500000
0.533333 0.566667 0.600000 0.633333 0.666667 0.700000 0.733333 0.766667 0.800000 0.833333 0.866667 0.900000 0.933333 0.966667 1.000000 1.033333
1.066667 1.100000 1.133333 1.166667 1.200000 1.233333 1.266667 1.300000 1.333333 1.366667 1.400000 1.433333 1.466667 1.500000 1.533333 1.566667
1.600000 1.633333 1.666667 1.700000 1.733333 1.766667 1.800000 1.833333 1.866667 1.900000 1.933333 1.966667 2.000000 2.033333 2.066667 2.100000
2.133333 2.166667</float_array>
        <technique_common>
          <accessor source="#mixamorig1_RightHandMiddle3-Matrix-animation-input-array" count="66">
            <param name="TIME" type="float"/>
          </accessor>
        </technique_common>
      </source>
      <source id="mixamorig1_RightHandMiddle3-Matrix-animation-output-transform">
        <float_array id="mixamorig1_RightHandMiddle3-Matrix-animation-output-transform-array" count="1056">

0.999580 -0.028729 0.003691 0.013700 0.028424 0.948409 -0.315773 3.226000 0.005572 0.315746 0.948828 -0.000000 0.000000 0.000000 0.000000 1.000000
0.999578 -0.028806 0.003713 0.013700 0.028500 0.948156 -0.316525 3.226000 0.005598 0.316497 0.948577 0.000000 0.000000 0.000000 0.000000 1.000000
0.999576 -0.028883 0.003735 0.013700 0.028576 0.947902 -0.317277 3.226000 0.005624 0.317249 0.948326 0.000000 0.000000 0.000000 0.000000 1.000000
0.999570 -0.029060 0.003786 0.013700 0.028749 0.947317 -0.319003 3.226000 0.005684 0.318975 0.947746 0.000000 0.000000 0.000000 0.000000 1.000000
0.999559 -0.029445 0.003898 0.013700 0.029127 0.946033 -0.322757 3.226000 0.005816 0.322729 0.946474 0.000000 0.000000 0.000000 0.000000 1.000000
0.999541 -0.030029 0.004073 0.013700 0.029700 0.944054 -0.328452 3.226000 0.006018 0.328422 0.944512 -0.000000 0.000000 0.000000 0.000000 1.000000
0.999509 -0.031034 0.004382 0.013700 0.030687 0.940551 -0.338263 3.226000 0.006377 0.338231 0.941041 -0.000000 0.000000 0.000000 0.000000 1.000000
0.999457 -0.032580 0.004874 0.013700 0.032200 0.934944 -0.353330 3.226000 0.006955 0.353295 0.935486 0.000000 0.000000 0.000000 0.000000 1.000000
0.999392 -0.034424 0.005508 0.013700 0.034008 0.927896 -0.371286 3.226000 0.007670 0.371247 0.928502 -0.000000 0.000000 0.000000 0.000000 1.000000
0.999285 -0.037238 0.006546 0.013700 0.036759 0.916366 -0.398650 3.226000 0.008846 0.398606 0.917080 0.000000 0.000000 0.000000 0.000000 1.000000
0.999135 -0.040817 0.008006 0.013700 0.040252 0.900302 -0.433402 3.226000 0.010482 0.433349 0.901165 0.000000 0.000000 0.000000 0.000000 1.000000
0.998970 -0.044355 0.009612 0.013700 0.043698 0.882805 -0.467703 3.226000 0.012259 0.467641 0.883833 0.000000 0.000000 0.000000 0.000000 1.000000
0.998853 -0.046655 0.010746 0.013700 0.045933 0.870536 -0.489956 3.226000 0.013505 0.489887 0.871681 0.000000 0.000000 0.000000 0.000000 1.000000
0.998814 -0.047395 0.011126 0.013700 0.046651 0.866434 -0.497107 3.226000 0.013921 0.497037 0.867618 0.000000 0.000000 0.000000 0.000000 1.000000
0.998791 -0.047829 0.011352 0.013700 0.047072 0.863995 -0.501295 3.226000 0.014168 0.501223 0.865202 0.000000 0.000000 0.000000 0.000000 1.000000
0.998704 -0.049402 0.012196 0.013700 0.048597 0.854913 -0.516490 3.226000 0.015089 0.516413 0.856206 0.000000 0.000000 0.000000 0.000000 1.000000
0.998578 -0.051596 0.013436 0.013700 0.050721 0.841637 -0.537657 3.226000 0.016433 0.537573 0.843057 0.000000 0.000000 0.000000 0.000000 1.000000
0.998526 -0.052451 0.013938 0.013700 0.051548 0.836266 -0.545895 3.226000 0.016977 0.545809 0.837737 0.000000 0.000000 0.000000 0.000000 1.000000
0.998593 -0.051340 0.013287 0.013700 0.050473 0.843228 -0.535181 3.226000 0.016272 0.535099 0.844633 0.000000 0.000000 0.000000 0.000000 1.000000
0.998692 -0.049620 0.012316 0.013700 0.048808 0.853626 -0.518595 3.226000 0.015219 0.518518 0.854931 0.000000 0.000000 0.000000 0.000000 1.000000
0.998733 -0.048889 0.011917 0.013700 0.048100 0.857913 -0.511539 3.226000 0.014785 0.511464 0.859177 0.000000 0.000000 0.000000 0.000000 1.000000
0.998715 -0.049221 0.012098 0.013700 0.048421 0.855975 -0.514745 3.226000 0.014981 0.514669 0.857258 0.000000 0.000000 0.000000 0.000000 1.000000
0.998717 -0.049175 0.012073 0.013700 0.048377 0.856244 -0.514301 3.226000 0.014954 0.514226 0.857525 0.000000 0.000000 0.000000 0.000000 1.000000
0.998818 -0.047324 0.011089 0.013700 0.046582 0.866833 -0.496417 3.226000 0.013880 0.496347 0.868013 0.000000 0.000000 0.000000 0.000000 1.000000
0.999027 -0.043161 0.009052 0.013700 0.042536 0.888895 -0.456132 3.226000 0.011641 0.456073 0.889866 0.000000 0.000000 0.000000 0.000000 1.000000
0.999276 -0.037465 0.006635 0.013700 0.036982 0.915390 -0.400866 3.226000 0.008945 0.400821 0.916113 0.000000 0.000000 0.000000 0.000000 1.000000
0.999465 -0.032362 0.004807 0.013700 0.031988 0.935756 -0.351194 3.226000 0.006867 0.351160 0.936290 0.000000 0.000000 0.000000 0.000000 1.000000
0.999549 -0.029777 0.003997 0.013700 0.029453 0.944910 -0.326001 3.226000 0.005930 0.325972 0.945361 0.000000 0.000000 0.000000 0.000000 1.000000
0.999561 -0.029384 0.003881 0.013700 0.029067 0.946239 -0.322161 3.226000 0.005794 0.322132 0.946677 0.000000 0.000000 0.000000 0.000000 1.000000
0.999572 -0.028998 0.003768 0.013700 0.028689 0.947523 -0.318398 3.226000 0.005663 0.318370 0.947950 0.000000 0.000000 0.000000 0.000000 1.000000
0.999628 -0.027071 0.003230 0.013700 0.026795 0.953696 -0.299577 3.226000 0.005029 0.299552 0.954067 0.000000 0.000000 0.000000 0.000000 1.000000
0.999711 -0.023925 0.002439 0.013700 0.023700 0.962896 -0.268830 3.226000 0.004083 0.268810 0.963185 0.000000 0.000000 0.000000 0.000000 1.000000
0.999778 -0.020971 0.001793 0.013700 0.020789 0.970572 -0.239912 3.226000 0.003291 0.239896 0.970793 0.000000 0.000000 0.000000 0.000000 1.000000
0.999810 -0.019416 0.001490 0.013700 0.019254 0.974244 -0.224671 3.226000 0.002911 0.224657 0.974433 0.000000 0.000000 0.000000 0.000000 1.000000
0.999819 -0.018979 0.001409 0.013700 0.018823 0.975231 -0.220386 3.226000 0.002808 0.220373 0.975412 0.000000 0.000000 0.000000 0.000000 1.000000
0.999838 -0.017977 0.001232 0.013700 0.017833 0.977419 -0.210559 3.226000 0.002581 0.210547 0.977580 0.000000 0.000000 0.000000 0.000000 1.000000
0.999873 -0.015919 0.000900 0.013700 0.015799 0.981586 -0.190364 3.226000 0.002147 0.190354 0.981713 0.000000 0.000000 0.000000 0.000000 1.000000
0.999883 -0.015280 0.000806 0.013700 0.015167 0.982792 -0.184093 3.226000 0.002021 0.184084 0.982908 0.000000 0.000000 0.000000 0.000000 1.000000
0.999831 -0.018312 0.001290 0.013700 0.018164 0.976698 -0.213847 3.226000 0.002656 0.213834 0.976866 0.000000 0.000000 0.000000 0.000000 1.000000
0.999739 -0.022727 0.002166 0.013700 0.022519 0.966123 -0.257098 3.226000 0.003751 0.257080 0.966383 -0.000000 0.000000 0.000000 0.000000 1.000000
0.999711 -0.023915 0.002437 0.013700 0.023690 0.962924 -0.268729 3.226000 0.004080 0.268709 0.963213 -0.000000 0.000000 0.000000 0.000000 1.000000
0.999781 -0.020850 0.001769 0.013700 0.020669 0.970867 -0.238725 3.226000 0.003260 0.238710 0.971086 0.000000 0.000000 0.000000 0.000000 1.000000
0.999848 -0.017373 0.001130 0.013700 0.017237 0.978687 -0.204635 3.226000 0.002449 0.204623 0.978838 0.000000 0.000000 0.000000 0.000000 1.000000
0.999849 -0.017360 0.001128 0.013700 0.017224 0.978712 -0.204514 3.226000 0.002446 0.204502 0.978863 0.000000 0.000000 0.000000 0.000000 1.000000
0.999784 -0.020714 0.001741 0.013700 0.020535 0.971197 -0.237391 3.226000 0.003226 0.237376 0.971413 0.000000 0.000000 0.000000 0.000000 1.000000
0.999681 -0.025128 0.002729 0.013700 0.024884 0.959505 -0.280591 3.226000 0.004433 0.280569 0.959824 0.000000 0.000000 0.000000 0.000000 1.000000
0.999569 -0.029108 0.003800 0.013700 0.028796 0.947159 -0.319468 3.226000 0.005700 0.319440 0.947589 0.000000 0.000000 0.000000 0.000000 1.000000
0.999453 -0.032695 0.004917 0.013700 0.032315 0.934518 -0.354446 3.226000 0.006993 0.354411 0.935064 0.000000 0.000000 0.000000 0.000000 1.000000
0.999307 -0.036669 0.006329 0.013700 0.036203 0.918776 -0.393117 3.226000 0.008600 0.393074 0.919467 -0.000000 0.000000 0.000000 0.000000 1.000000
0.999099 -0.041621 0.008357 0.013700 0.041036 0.896468 -0.441205 3.226000 0.010871 0.441150 0.897367 0.000000 0.000000 0.000000 0.000000 1.000000
0.998806 -0.047556 0.011210 0.013700 0.046807 0.865532 -0.498662 3.226000 0.014012 0.498591 0.866724 0.000000 0.000000 0.000000 0.000000 1.000000
0.998433 -0.053958 0.014851 0.013700 0.053003 0.826523 -0.560401 3.226000 0.017963 0.560310 0.828088 0.000000 0.000000 0.000000 0.000000 1.000000
0.998011 -0.060113 0.018978 0.013700 0.058929 0.782777 -0.619505 3.226000 0.022385 0.619392 0.784763 -0.000000 0.000000 0.000000 0.000000 1.000000
0.997588 -0.065450 0.023128 0.013700 0.064038 0.739130 -0.670511 3.226000 0.026790 0.670375 0.741539 0.000000 0.000000 0.000000 0.000000 1.000000
0.997207 -0.069689 0.026868 0.013700 0.068074 0.700047 -0.710845 3.226000 0.030729 0.710688 0.702836 0.000000 0.000000 0.000000 0.000000 1.000000
0.996873 -0.073039 0.030142 0.013700 0.071245 0.665935 -0.742599 3.226000 0.034166 0.742425 0.669057 -0.000000 0.000000 0.000000 0.000000 1.000000
0.996718 -0.074498 0.031671 0.013700 0.072624 0.650111 -0.756361 3.226000 0.035758 0.756178 0.653388 0.000000 0.000000 0.000000 0.000000 1.000000
0.996853 -0.073259 0.030282 0.013700 0.071391 0.663616 -0.744659 3.226000 0.034457 0.744477 0.666758 -0.000000 0.000000 0.000000 0.000000 1.000000
0.997074 -0.071093 0.028079 0.013700 0.069315 0.686097 -0.724200 3.226000 0.032221 0.724028 0.689018 -0.000000 0.000000 0.000000 0.000000 1.000000
0.997340 -0.068282 0.025491 0.013700 0.066673 0.713441 -0.697536 3.226000 0.029443 0.697380 0.716097 -0.000000 0.000000 0.000000 0.000000 1.000000
0.997614 -0.065142 0.022873 0.013700 0.063744 0.741810 -0.667573 3.226000 0.026520 0.667438 0.744193 -0.000000 0.000000 0.000000 0.000000 1.000000
0.998102 -0.058862 0.018085 0.013700 0.057728 0.792207 -0.607516 3.226000 0.021433 0.607407 0.794102 0.000000 0.000000 0.000000 0.000000 1.000000
0.998571 -0.051906 0.012734 0.013700 0.050554 0.840039 -0.540165 3.226000 0.017341 0.540037 0.841463 0.000000 0.000000 0.000000 0.000000 1.000000
0.998976 -0.044449 0.008428 0.013700 0.043214 0.882370 -0.468568 3.226000 0.013390 0.468453 0.883387 0.000000 0.000000 0.000000 0.000000 1.000000
0.999314 -0.036652 0.005363 0.013700 0.035804 0.918633 -0.393487 3.226000 0.009495 0.393409 0.919315 0.000000 0.000000 0.000000 0.000000 1.000000
0.999580 -0.028729 0.003690 0.013700 0.028424 0.948409 -0.315774 3.226000 0.005572 0.315746 0.948827 0.000000 0.000000 0.000000 0.000000 1.000000</float_array>
        <technique_common>
          <accessor source="#mixamorig1_RightHandMiddle3-Matrix-animation-output-transform-array" count="66" stride="16">
            <param type="float4x4"/>
          </accessor>
        </technique_common>
      </source>
      <source id="mixamorig1_RightHandMiddle3-Interpolations">
        <Name_array id="mixamorig1_RightHandMiddle3-Interpolations-array" count="66">
 LINEAR LINEAR LINEAR LINEAR LINEAR LINEAR LINEAR LINEAR LINEAR LINEAR LINEAR
LINEAR LINEAR LINEAR LINEAR LINEAR LINEAR LINEAR LINEAR LINEAR LINEAR LINEAR LINEAR
LINEAR LINEAR LINEAR LINEAR LINEAR LINEAR LINEAR LINEAR LINEAR LINEAR LINEAR LINEAR
LINEAR LINEAR LINEAR LINEAR LINEAR LINEAR LINEAR LINEAR LINEAR LINEAR LINEAR LINEAR
LINEAR LINEAR LINEAR LINEAR LINEAR LINEAR LINEAR LINEAR LINEAR LINEAR LINEAR LINEAR
LINEAR LINEAR LINEAR LINEAR LINEAR LINEAR LINEAR</Name_array>
        <technique_common>
          <accessor source="#mixamorig1_RightHandMiddle3-Interpolations-array" count="66">
            <param type="name"/>
          </accessor>
        </technique_common>
      </source>
      <sampler id="mixamorig1_RightHandMiddle3-Matrix-animation-transform">
        <input semantic="INPUT" source="#mixamorig1_RightHandMiddle3-Matrix-animation-input"/>
        <input semantic="OUTPUT" source="#mixamorig1_RightHandMiddle3-Matrix-animation-output-transform"/>
        <input semantic="INTERPOLATION" source="#mixamorig1_RightHandMiddle3-Interpolations"/>
      </sampler>
      <channel source="#mixamorig1_RightHandMiddle3-Matrix-animation-transform" target="mixamorig1_RightHandMiddle3/matrix"/>
    </animation>
    <animation id="mixamorig1_RightHandRing1-anim" name="mixamorig1_RightHandRing1">
      <source id="mixamorig1_RightHandRing1-Matrix-animation-input">
        <float_array id="mixamorig1_RightHandRing1-Matrix-animation-input-array" count="66">

0.000000 0.033333 0.066667 0.100000 0.133333 0.166667 0.200000 0.233333 0.266667 0.300000 0.333333 0.366667 0.400000 0.433333 0.466667 0.500000
0.533333 0.566667 0.600000 0.633333 0.666667 0.700000 0.733333 0.766667 0.800000 0.833333 0.866667 0.900000 0.933333 0.966667 1.000000 1.033333
1.066667 1.100000 1.133333 1.166667 1.200000 1.233333 1.266667 1.300000 1.333333 1.366667 1.400000 1.433333 1.466667 1.500000 1.533333 1.566667
1.600000 1.633333 1.666667 1.700000 1.733333 1.766667 1.800000 1.833333 1.866667 1.900000 1.933333 1.966667 2.000000 2.033333 2.066667 2.100000
2.133333 2.166667</float_array>
        <technique_common>
          <accessor source="#mixamorig1_RightHandRing1-Matrix-animation-input-array" count="66">
            <param name="TIME" type="float"/>
          </accessor>
        </technique_common>
      </source>
      <source id="mixamorig1_RightHandRing1-Matrix-animation-output-transform">
        <float_array id="mixamorig1_RightHandRing1-Matrix-animation-output-transform-array" count="1056">

0.999866 0.015735 0.004492 -1.216600 -0.013357 0.943394 -0.331405 12.282100 -0.009452 0.331300 0.943478 -0.151000 0.000000 0.000000 0.000000 1.000000
0.999813 0.018811 0.004569 -1.216600 -0.016115 0.939555 -0.342018 12.282100 -0.010727 0.341881 0.939682 -0.151000 0.000000 0.000000 0.000000 1.000000
0.999750 0.021891 0.004577 -1.216600 -0.018872 0.935587 -0.352591 12.282100 -0.012001 0.352416 0.935766 -0.151000 0.000000 0.000000 0.000000 1.000000
0.999684 0.024708 0.004563 -1.216600 -0.021366 0.931524 -0.363052 12.282100 -0.013221 0.362840 0.931758 -0.151000 0.000000 0.000000 0.000000 1.000000
0.999640 0.026432 0.004582 -1.216600 -0.022824 0.927755 -0.372492 12.282100 -0.014097 0.372253 0.928024 -0.151000 0.000000 0.000000 0.000000 1.000000
0.999577 0.028721 0.004672 -1.216600 -0.024735 0.923241 -0.383424 12.282100 -0.015326 0.383146 0.923561 -0.151000 0.000000 0.000000 0.000000 1.000000
0.999344 0.035888 0.004808 -1.216600 -0.030906 0.914625 -0.403119 12.282100 -0.018865 0.402706 0.915135 -0.151000 0.000000 0.000000 0.000000 1.000000
0.998664 0.051396 0.005414 -1.216600 -0.044059 0.901456 -0.430624 12.282100 -0.027013 0.429810 0.902515 -0.151000 0.000000 0.000000 0.000000 1.000000
0.997774 0.066473 0.005286 -1.216600 -0.056758 0.888199 -0.455940 12.282100 -0.035002 0.454625 0.889995 -0.151000 0.000000 0.000000 0.000000 1.000000
0.997473 0.070840 0.005381 -1.216600 -0.060267 0.883836 -0.463899 12.282100 -0.037618 0.462402 0.885872 -0.151000 0.000000 0.000000 0.000000 1.000000
0.998209 0.059593 0.005264 -1.216600 -0.050819 0.891078 -0.450996 12.282100 -0.031567 0.449920 0.892511 -0.151000 0.000000 0.000000 0.000000 1.000000
0.999075 0.042704 0.005093 -1.216600 -0.036339 0.901563 -0.431120 12.282100 -0.023002 0.430536 0.902280 -0.151000 0.000000 0.000000 0.000000 1.000000
0.999331 0.036227 0.004990 -1.216600 -0.030779 0.906926 -0.420163 12.282100 -0.019747 0.419729 0.907435 -0.151000 0.000000 0.000000 0.000000 1.000000
0.998820 0.048317 0.004907 -1.216600 -0.041819 0.907046 -0.418950 12.282100 -0.024693 0.418251 0.907996 -0.151000 0.000000 0.000000 0.000000 1.000000
0.997547 0.069841 0.004702 -1.216600 -0.061595 0.907714 -0.415045 12.282100 -0.033255 0.413737 0.909789 -0.151000 0.000000 0.000000 0.000000 1.000000
0.996664 0.081499 0.004448 -1.216600 -0.072922 0.913610 -0.399998 12.282100 -0.036663 0.398339 0.916505 -0.151000 0.000000 0.000000 0.000000 1.000000
0.997277 0.073620 0.004370 -1.216600 -0.066446 0.922649 -0.379875 12.282100 -0.031998 0.378550 0.925028 -0.151000 0.000000 0.000000 0.000000 1.000000
0.998561 0.053439 0.004412 -1.216600 -0.048303 0.932212 -0.358675 12.282100 -0.023280 0.357946 0.933452 -0.151000 0.000000 0.000000 0.000000 1.000000
0.999413 0.033970 0.004442 -1.216600 -0.030588 0.943183 -0.330864 12.282100 -0.015429 0.330534 0.943668 -0.151000 0.000000 0.000000 0.000000 1.000000
0.999696 0.024233 0.004494 -1.216600 -0.021739 0.952925 -0.302426 12.282100 -0.011611 0.302237 0.953162 -0.151000 0.000000 0.000000 0.000000 1.000000
0.999633 0.026717 0.004517 -1.216600 -0.024226 0.955929 -0.292597 12.282100 -0.012135 0.292380 0.956225 -0.151000 0.000000 0.000000 0.000000 1.000000
0.999372 0.035161 0.004461 -1.216600 -0.032155 0.952386 -0.303196 12.282100 -0.014909 0.302862 0.952918 -0.151000 0.000000 0.000000 0.000000 1.000000
0.999249 0.038506 0.004434 -1.216600 -0.035230 0.949973 -0.310338 12.282100 -0.016162 0.309949 0.950616 -0.151000 0.000000 0.000000 0.000000 1.000000
0.999437 0.033249 0.004472 -1.216600 -0.030362 0.953141 -0.301000 12.282100 -0.014271 0.300695 0.953614 -0.151000 0.000000 0.000000 0.000000 1.000000
0.999678 0.024970 0.004534 -1.216600 -0.022593 0.957017 -0.289151 12.282100 -0.011559 0.288955 0.957273 -0.151000 0.000000 0.000000 0.000000 1.000000
0.999874 0.015222 0.004564 -1.216600 -0.013284 0.958230 -0.285690 12.282100 -0.008722 0.285593 0.958311 -0.151000 0.000000 0.000000 0.000000 1.000000
0.999988 -0.001817 0.004582 -1.216600 0.003036 0.959383 -0.282089 12.282100 -0.003883 0.282099 0.959377 -0.151000 0.000000 0.000000 0.000000 1.000000
0.999585 -0.028456 0.004564 -1.216600 0.028622 0.961670 -0.272712 12.282100 0.003371 0.272729 0.962085 -0.151000 0.000000 0.000000 0.000000 1.000000
0.998267 -0.058674 0.004432 -1.216600 0.057735 0.962193 -0.266180 12.282100 0.011353 0.265975 0.963913 -0.151000 0.000000 0.000000 0.000000 1.000000
0.996473 -0.083813 0.004201 -1.216600 0.081846 0.959589 -0.269241 12.282100 0.018534 0.268635 0.963064 -0.151000 0.000000 0.000000 0.000000 1.000000
0.995006 -0.099735 0.004013 -1.216600 0.097038 0.957119 -0.272959 12.282100 0.023383 0.271985 0.962017 -0.151000 0.000000 0.000000 0.000000 1.000000
0.994281 -0.106724 0.003965 -1.216600 0.103952 0.958613 -0.265058 12.282100 0.024487 0.263954 0.964224 -0.151000 0.000000 0.000000 0.000000 1.000000
0.994609 -0.103620 0.004083 -1.216600 0.101316 0.962592 -0.251299 12.282100 0.022110 0.250358 0.967901 -0.151000 0.000000 0.000000 0.000000 1.000000
0.996204 -0.086950 0.004273 -1.216600 0.085228 0.964128 -0.251381 12.282100 0.017738 0.250791 0.967879 -0.151000 0.000000 0.000000 0.000000 1.000000
0.998153 -0.060584 0.004435 -1.216600 0.059613 0.962898 -0.263200 12.282100 0.011675 0.262978 0.964731 -0.151000 0.000000 0.000000 0.000000 1.000000
0.999184 -0.040120 0.004684 -1.216600 0.040039 0.968455 -0.245953 12.282100 0.005331 0.245939 0.969271 -0.151000 0.000000 0.000000 0.000000 1.000000
0.999372 -0.034989 0.005530 -1.216600 0.035416 0.983761 -0.175952 12.282100 0.000716 0.176038 0.984383 -0.151000 0.000000 0.000000 0.000000 1.000000
0.999436 -0.032868 0.006928 -1.216600 0.033409 0.994062 -0.103560 12.282100 -0.003483 0.103733 0.994599 -0.151000 0.000000 0.000000 0.000000 1.000000
0.999863 -0.014934 0.007196 -1.216600 0.015557 0.995244 -0.096167 12.282100 -0.005726 0.096265 0.995339 -0.151000 0.000000 0.000000 0.000000 1.000000
0.999824 0.017624 0.006376 -1.216600 -0.016583 0.990407 -0.137184 12.282100 -0.008733 0.137054 0.990525 -0.151000 0.000000 0.000000 0.000000 1.000000
0.999177 0.040092 0.006202 -1.216600 -0.038771 0.988674 -0.144986 12.282100 -0.011945 0.144626 0.989414 -0.151000 0.000000 0.000000 0.000000 1.000000
0.999264 0.037655 0.007305 -1.216600 -0.036792 0.994797 -0.095006 12.282100 -0.010845 0.094667 0.995450 -0.151000 0.000000 0.000000 0.000000 1.000000
0.999563 0.028365 0.008365 -1.216600 -0.027861 0.998090 -0.055129 12.282100 -0.009913 0.054872 0.998444 -0.151000 0.000000 0.000000 0.000000 1.000000
0.999495 0.030794 0.007794 -1.216600 -0.030113 0.996652 -0.076012 12.282100 -0.010108 0.075739 0.997076 -0.151000 0.000000 0.000000 0.000000 1.000000
0.999198 0.039530 0.006456 -1.216600 -0.038328 0.990451 -0.132431 12.282100 -0.011629 0.132077 0.991171 -0.151000 0.000000 0.000000 0.000000 1.000000
0.999043 0.043399 0.005490 -1.216600 -0.041630 0.981773 -0.185439 12.282100 -0.013438 0.185033 0.982640 -0.151000 0.000000 0.000000 0.000000 1.000000
0.999191 0.039912 0.004921 -1.216600 -0.037709 0.972416 -0.230185 12.282100 -0.013973 0.229813 0.973134 -0.151000 0.000000 0.000000 0.000000 1.000000
0.999463 0.032464 0.004554 -1.216600 -0.029886 0.959434 -0.280345 12.282100 -0.013470 0.280058 0.959889 -0.151000 0.000000 0.000000 0.000000 1.000000
0.999677 0.025015 0.004494 -1.216600 -0.021941 0.938655 -0.344160 12.282100 -0.012827 0.343951 0.938900 -0.151000 0.000000 0.000000 0.000000 1.000000
0.999795 0.019598 0.005064 -1.216600 -0.015651 0.907116 -0.420589 12.282100 -0.012836 0.420424 0.907237 -0.151000 0.000000 0.000000 0.000000 1.000000
0.999855 0.015692 0.006543 -1.216600 -0.010279 0.864494 -0.502538 12.282100 -0.013542 0.502398 0.864531 -0.151000 0.000000 0.000000 0.000000 1.000000
0.999902 0.010819 0.008864 -1.216600 -0.003690 0.815347 -0.578960 12.282100 -0.013491 0.578871 0.815308 -0.151000 0.000000 0.000000 0.000000 1.000000
0.999932 0.002341 0.011466 -1.216600 0.005529 0.769062 -0.639150 12.282100 -0.010314 0.639170 0.768997 -0.151000 0.000000 0.000000 0.000000 1.000000
0.999856 -0.010010 0.013684 -1.216600 0.016643 0.733345 -0.679653 12.282100 -0.003232 0.679783 0.733407 -0.151000 0.000000 0.000000 0.000000 1.000000
0.999609 -0.023328 0.015393 -1.216600 0.027383 0.707177 -0.706506 12.282100 0.005596 0.706652 0.707540 -0.151000 0.000000 0.000000 0.000000 1.000000
0.999285 -0.033704 0.017130 -1.216600 0.035491 0.680049 -0.732307 12.282100 0.013032 0.732391 0.680759 -0.151000 0.000000 0.000000 0.000000 1.000000
0.999064 -0.039255 0.018177 -1.216600 0.039721 0.666011 -0.744884 12.282100 0.017134 0.744908 0.666947 -0.151000 0.000000 0.000000 0.000000 1.000000
0.999130 -0.037859 0.017505 -1.216600 0.038478 0.674607 -0.737173 12.282100 0.016099 0.737205 0.675477 -0.151000 0.000000 0.000000 0.000000 1.000000
0.999284 -0.034108 0.016385 -1.216600 0.035405 0.689991 -0.722951 12.282100 0.013353 0.723013 0.690705 -0.151000 0.000000 0.000000 0.000000 1.000000
0.999461 -0.029141 0.015089 -1.216600 0.031321 0.709879 -0.703627 12.282100 0.009793 0.703720 0.710410 -0.151000 0.000000 0.000000 0.000000 1.000000
0.999614 -0.024108 0.013784 -1.216600 0.027042 0.732062 -0.680701 12.282100 0.006319 0.680811 0.732432 -0.151000 0.000000 0.000000 0.000000 1.000000
0.999814 -0.015914 0.010858 -1.216600 0.019209 0.780274 -0.625143 12.282100 0.001477 0.625236 0.780435 -0.151000 0.000000 0.000000 0.000000 1.000000
0.999937 -0.008378 0.007437 -1.216600 0.011103 0.829647 -0.558178 12.282100 -0.001494 0.558226 0.829688 -0.151000 0.000000 0.000000 0.000000 1.000000
0.999987 -0.000542 0.005108 -1.216600 0.002957 0.873877 -0.486138 12.282100 -0.004200 0.486147 0.873867 -0.151000 0.000000 0.000000 0.000000 1.000000
0.999963 0.007535 0.004068 -1.216600 -0.005204 0.912017 -0.410120 12.282100 -0.006800 0.410084 0.912023 -0.151000 0.000000 0.000000 0.000000 1.000000
0.999866 0.015735 0.004492 -1.216600 -0.013357 0.943394 -0.331405 12.282100 -0.009452 0.331300 0.943478 -0.151000 0.000000 0.000000 0.000000 1.000000</float_array>
        <technique_common>
          <accessor source="#mixamorig1_RightHandRing1-Matrix-animation-output-transform-array" count="66" stride="16">
            <param type="float4x4"/>
          </accessor>
        </technique_common>
      </source>
      <source id="mixamorig1_RightHandRing1-Interpolations">
        <Name_array id="mixamorig1_RightHandRing1-Interpolations-array" count="66">
 LINEAR LINEAR LINEAR LINEAR LINEAR LINEAR LINEAR LINEAR LINEAR LINEAR LINEAR
LINEAR LINEAR LINEAR LINEAR LINEAR LINEAR LINEAR LINEAR LINEAR LINEAR LINEAR LINEAR
LINEAR LINEAR LINEAR LINEAR LINEAR LINEAR LINEAR LINEAR LINEAR LINEAR LINEAR LINEAR
LINEAR LINEAR LINEAR LINEAR LINEAR LINEAR LINEAR LINEAR LINEAR LINEAR LINEAR LINEAR
LINEAR LINEAR LINEAR LINEAR LINEAR LINEAR LINEAR LINEAR LINEAR LINEAR LINEAR LINEAR
LINEAR LINEAR LINEAR LINEAR LINEAR LINEAR LINEAR</Name_array>
        <technique_common>
          <accessor source="#mixamorig1_RightHandRing1-Interpolations-array" count="66">
            <param type="name"/>
          </accessor>
        </technique_common>
      </source>
      <sampler id="mixamorig1_RightHandRing1-Matrix-animation-transform">
        <input semantic="INPUT" source="#mixamorig1_RightHandRing1-Matrix-animation-input"/>
        <input semantic="OUTPUT" source="#mixamorig1_RightHandRing1-Matrix-animation-output-transform"/>
        <input semantic="INTERPOLATION" source="#mixamorig1_RightHandRing1-Interpolations"/>
      </sampler>
      <channel source="#mixamorig1_RightHandRing1-Matrix-animation-transform" target="mixamorig1_RightHandRing1/matrix"/>
    </animation>
    <animation id="mixamorig1_RightHandRing2-anim" name="mixamorig1_RightHandRing2">
      <source id="mixamorig1_RightHandRing2-Matrix-animation-input">
        <float_array id="mixamorig1_RightHandRing2-Matrix-animation-input-array" count="66">

0.000000 0.033333 0.066667 0.100000 0.133333 0.166667 0.200000 0.233333 0.266667 0.300000 0.333333 0.366667 0.400000 0.433333 0.466667 0.500000
0.533333 0.566667 0.600000 0.633333 0.666667 0.700000 0.733333 0.766667 0.800000 0.833333 0.866667 0.900000 0.933333 0.966667 1.000000 1.033333
1.066667 1.100000 1.133333 1.166667 1.200000 1.233333 1.266667 1.300000 1.333333 1.366667 1.400000 1.433333 1.466667 1.500000 1.533333 1.566667
1.600000 1.633333 1.666667 1.700000 1.733333 1.766667 1.800000 1.833333 1.866667 1.900000 1.933333 1.966667 2.000000 2.033333 2.066667 2.100000
2.133333 2.166667</float_array>
        <technique_common>
          <accessor source="#mixamorig1_RightHandRing2-Matrix-animation-input-array" count="66">
            <param name="TIME" type="float"/>
          </accessor>
        </technique_common>
      </source>
      <source id="mixamorig1_RightHandRing2-Matrix-animation-output-transform">
        <float_array id="mixamorig1_RightHandRing2-Matrix-animation-output-transform-array" count="1056">

0.999026 -0.043428 0.007783 -0.003700 0.043348 0.933332 -0.356388 2.821600 0.008214 0.356378 0.934306 0.000000 0.000000 0.000000 0.000000 1.000000
0.999017 -0.043619 0.007858 -0.003700 0.043538 0.932657 -0.358128 2.821600 0.008292 0.358118 0.933640 -0.000000 0.000000 0.000000 0.000000 1.000000
0.999008 -0.043810 0.007935 -0.003700 0.043728 0.931979 -0.359866 2.821600 0.008370 0.359856 0.932970 0.000000 0.000000 0.000000 0.000000 1.000000
0.998994 -0.044104 0.008053 -0.003700 0.044021 0.930924 -0.362549 2.821600 0.008493 0.362539 0.931930 0.000000 0.000000 0.000000 0.000000 1.000000
0.998968 -0.044667 0.008280 -0.003700 0.044581 0.928882 -0.367682 2.821600 0.008732 0.367672 0.929915 0.000000 0.000000 0.000000 0.000000 1.000000
0.998935 -0.045330 0.008555 -0.003700 0.045241 0.926439 -0.373716 2.821600 0.009014 0.373705 0.927504 -0.000000 0.000000 0.000000 0.000000 1.000000
0.998910 -0.045844 0.008771 -0.003700 0.045752 0.924510 -0.378401 2.821600 0.009238 0.378390 0.925600 0.000000 0.000000 0.000000 0.000000 1.000000
0.998880 -0.046451 0.009030 -0.003700 0.046356 0.922194 -0.383939 2.821600 0.009507 0.383928 0.923314 0.000000 0.000000 0.000000 0.000000 1.000000
0.998845 -0.047134 0.009327 -0.003700 0.047035 0.919546 -0.390157 2.821600 0.009813 0.390145 0.920701 0.000000 0.000000 0.000000 0.000000 1.000000
0.998795 -0.048098 0.009756 -0.003700 0.047994 0.915716 -0.398949 2.821600 0.010255 0.398937 0.916921 0.000000 0.000000 0.000000 0.000000 1.000000
0.998727 -0.049378 0.010341 -0.003700 0.049266 0.910477 -0.410615 2.821600 0.010860 0.410602 0.911750 0.000000 0.000000 0.000000 0.000000 1.000000
0.998632 -0.051077 0.011150 -0.003700 0.050955 0.903235 -0.426111 2.821600 0.011693 0.426096 0.904602 0.000000 0.000000 0.000000 0.000000 1.000000
0.998543 -0.052621 0.011916 -0.003700 0.052490 0.896366 -0.440196 2.821600 0.012483 0.440180 0.897823 0.000000 0.000000 0.000000 0.000000 1.000000
0.998514 -0.053123 0.012171 -0.003700 0.052988 0.894075 -0.444772 2.821600 0.012746 0.444755 0.895561 0.000000 0.000000 0.000000 0.000000 1.000000
0.998543 -0.052636 0.011923 -0.003700 0.052504 0.896299 -0.440331 2.821600 0.012490 0.440315 0.897756 0.000000 0.000000 0.000000 0.000000 1.000000
0.998567 -0.052222 0.011715 -0.003700 0.052093 0.898167 -0.436557 2.821600 0.012276 0.436541 0.899600 0.000000 0.000000 0.000000 0.000000 1.000000
0.998545 -0.052600 0.011905 -0.003700 0.052468 0.896464 -0.439999 2.821600 0.012472 0.439983 0.897919 0.000000 0.000000 0.000000 0.000000 1.000000
0.998509 -0.053198 0.012210 -0.003700 0.053062 0.893730 -0.445457 2.821600 0.012785 0.445440 0.895220 0.000000 0.000000 0.000000 0.000000 1.000000
0.998525 -0.052938 0.012077 -0.003700 0.052804 0.894922 -0.443087 2.821600 0.012648 0.443071 0.896397 0.000000 0.000000 0.000000 0.000000 1.000000
0.998607 -0.051524 0.011368 -0.003700 0.051399 0.901276 -0.430186 2.821600 0.011919 0.430171 0.902669 0.000000 0.000000 0.000000 0.000000 1.000000
0.998715 -0.049597 0.010443 -0.003700 0.049484 0.909560 -0.412617 2.821600 0.010966 0.412603 0.910845 0.000000 0.000000 0.000000 0.000000 1.000000
0.998800 -0.047997 0.009710 -0.003700 0.047893 0.916123 -0.398026 2.821600 0.010208 0.398013 0.917323 0.000000 0.000000 0.000000 0.000000 1.000000
0.998845 -0.047129 0.009325 -0.003700 0.047030 0.919564 -0.390115 2.821600 0.009811 0.390104 0.920719 0.000000 0.000000 0.000000 0.000000 1.000000
0.998855 -0.046946 0.009245 -0.003700 0.046848 0.920281 -0.388444 2.821600 0.009728 0.388432 0.921426 0.000000 0.000000 0.000000 0.000000 1.000000
0.998842 -0.047192 0.009353 -0.003700 0.047093 0.919318 -0.390687 2.821600 0.009839 0.390675 0.920476 0.000000 0.000000 0.000000 0.000000 1.000000
0.998823 -0.047553 0.009512 -0.003700 0.047452 0.917893 -0.393981 2.821600 0.010004 0.393969 0.919069 0.000000 0.000000 0.000000 0.000000 1.000000
0.998815 -0.047720 0.009586 -0.003700 0.047618 0.917230 -0.395501 2.821600 0.010081 0.395489 0.918415 -0.000000 0.000000 0.000000 0.000000 1.000000
0.998821 -0.047598 0.009532 -0.003700 0.047496 0.917716 -0.394387 2.821600 0.010024 0.394375 0.918895 -0.000000 0.000000 0.000000 0.000000 1.000000
0.998834 -0.047352 0.009423 -0.003700 0.047252 0.918689 -0.392145 2.821600 0.009912 0.392133 0.919855 0.000000 0.000000 0.000000 0.000000 1.000000
0.998849 -0.047048 0.009290 -0.003700 0.046950 0.919882 -0.389376 2.821600 0.009774 0.389364 0.921032 0.000000 0.000000 0.000000 0.000000 1.000000
0.998883 -0.046390 0.009005 -0.003700 0.046296 0.922427 -0.383385 2.821600 0.009479 0.383374 0.923545 0.000000 0.000000 0.000000 0.000000 1.000000
0.998955 -0.044929 0.008389 -0.003700 0.044842 0.927922 -0.370067 2.821600 0.008842 0.370057 0.928967 0.000000 0.000000 0.000000 0.000000 1.000000
0.999068 -0.042521 0.007428 -0.003700 0.042446 0.936485 -0.348129 2.821600 0.007846 0.348119 0.937417 0.000000 0.000000 0.000000 0.000000 1.000000
0.999204 -0.039400 0.006280 -0.003700 0.039339 0.946700 -0.319707 2.821600 0.006651 0.319699 0.947496 0.000000 0.000000 0.000000 0.000000 1.000000
0.999347 -0.035773 0.005077 -0.003700 0.035726 0.957359 -0.286683 2.821600 0.005395 0.286677 0.958012 -0.000000 0.000000 0.000000 0.000000 1.000000
0.999490 -0.031703 0.003891 -0.003700 0.031670 0.967817 -0.249655 2.821600 0.004149 0.249651 0.968327 0.000000 0.000000 0.000000 0.000000 1.000000
0.999612 -0.027689 0.002885 -0.003700 0.027667 0.976628 -0.213149 2.821600 0.003085 0.213147 0.977015 0.000000 0.000000 0.000000 0.000000 1.000000
0.999688 -0.024888 0.002277 -0.003700 0.024872 0.981914 -0.187685 2.821600 0.002436 0.187683 0.982227 0.000000 0.000000 0.000000 0.000000 1.000000
0.999713 -0.023887 0.002078 -0.003700 0.023874 0.983634 -0.178591 2.821600 0.002222 0.178589 0.983921 0.000000 0.000000 0.000000 0.000000 1.000000
0.999727 -0.023296 0.001965 -0.003700 0.023284 0.984607 -0.173222 2.821600 0.002101 0.173221 0.984881 0.000000 0.000000 0.000000 0.000000 1.000000
0.999780 -0.020927 0.001546 -0.003700 0.020919 0.988206 -0.151695 2.821600 0.001647 0.151694 0.988426 0.000000 0.000000 0.000000 0.000000 1.000000
0.999853 -0.017145 0.000986 -0.003700 0.017142 0.992943 -0.117343 2.821600 0.001033 0.117343 0.993091 0.000000 0.000000 0.000000 0.000000 1.000000
0.999881 -0.015384 0.000771 -0.003700 0.015383 0.994731 -0.101355 2.821600 0.000792 0.101355 0.994850 -0.000000 0.000000 0.000000 0.000000 1.000000
0.999840 -0.017878 0.001084 -0.003700 0.017874 0.992121 -0.124000 2.821600 0.001142 0.124000 0.992282 0.000000 0.000000 0.000000 0.000000 1.000000
0.999727 -0.023281 0.001962 -0.003700 0.023270 0.984632 -0.173087 2.821600 0.002098 0.173085 0.984905 -0.000000 0.000000 0.000000 0.000000 1.000000
0.999562 -0.029421 0.003299 -0.003700 0.029395 0.973005 -0.228905 2.821600 0.003525 0.228901 0.973443 0.000000 0.000000 0.000000 0.000000 1.000000
0.999355 -0.035555 0.005009 -0.003700 0.035509 0.957958 -0.284704 2.821600 0.005324 0.284698 0.958602 -0.000000 0.000000 0.000000 0.000000 1.000000
0.999101 -0.041778 0.007145 -0.003700 0.041706 0.939008 -0.341357 2.821600 0.007552 0.341348 0.939907 0.000000 0.000000 0.000000 0.000000 1.000000
0.998789 -0.048215 0.009808 -0.003700 0.048111 0.915243 -0.400019 2.821600 0.010310 0.400006 0.916454 -0.000000 0.000000 0.000000 0.000000 1.000000
0.998400 -0.054996 0.013155 -0.003700 0.054849 0.885252 -0.461867 2.821600 0.013756 0.461850 0.886852 0.000000 0.000000 0.000000 0.000000 1.000000
0.997920 -0.062095 0.017316 -0.003700 0.061893 0.847805 -0.526684 2.821600 0.018024 0.526660 0.849885 0.000000 0.000000 0.000000 0.000000 1.000000
0.997361 -0.069125 0.022197 -0.003700 0.068858 0.803755 -0.590962 2.821600 0.023009 0.590931 0.806394 -0.000000 0.000000 0.000000 0.000000 1.000000
0.996767 -0.075526 0.027412 -0.003700 0.075190 0.756568 -0.649578 2.821600 0.028321 0.649539 0.759801 0.000000 0.000000 0.000000 0.000000 1.000000
0.996193 -0.080902 0.032472 -0.003700 0.080497 0.710695 -0.698880 2.821600 0.033463 0.698833 0.714502 0.000000 0.000000 0.000000 0.000000 1.000000
0.995685 -0.085117 0.036963 -0.003700 0.084651 0.669922 -0.737590 2.821600 0.038019 0.737536 0.674236 0.000000 0.000000 0.000000 0.000000 1.000000
0.995241 -0.088444 0.040895 -0.003700 0.087920 0.634133 -0.768209 2.821600 0.042011 0.768149 0.638891 -0.000000 0.000000 0.000000 0.000000 1.000000
0.995033 -0.089898 0.042745 -0.003700 0.089353 0.617365 -0.781586 2.821600 0.043874 0.781524 0.622331 0.000000 0.000000 0.000000 0.000000 1.000000
0.995208 -0.088707 0.041135 -0.003700 0.088111 0.631163 -0.770630 2.821600 0.042397 0.770561 0.635954 -0.000000 0.000000 0.000000 0.000000 1.000000
0.995498 -0.086598 0.038539 -0.003700 0.086007 0.654362 -0.751274 2.821600 0.039841 0.751206 0.658864 0.000000 0.000000 0.000000 0.000000 1.000000
0.995848 -0.083841 0.035456 -0.003700 0.083323 0.682692 -0.725940 2.821600 0.036657 0.725880 0.686844 0.000000 0.000000 0.000000 0.000000 1.000000
0.996211 -0.080743 0.032312 -0.003700 0.080340 0.712144 -0.697421 2.821600 0.033301 0.697375 0.715932 0.000000 0.000000 0.000000 0.000000 1.000000
0.996868 -0.074502 0.026522 -0.003700 0.074177 0.764625 -0.640192 2.821600 0.027416 0.640155 0.767757 0.000000 0.000000 0.000000 0.000000 1.000000
0.997523 -0.067443 0.019996 -0.003700 0.066651 0.815259 -0.575248 2.821600 0.022495 0.575156 0.817735 0.000000 0.000000 0.000000 0.000000 1.000000
0.998105 -0.059783 0.014558 -0.003700 0.058927 0.860651 -0.505774 2.821600 0.017708 0.505673 0.862543 0.000000 0.000000 0.000000 0.000000 1.000000
0.998608 -0.051701 0.010429 -0.003700 0.051121 0.900168 -0.432532 2.821600 0.012974 0.432463 0.901558 -0.000000 0.000000 0.000000 0.000000 1.000000
0.999026 -0.043428 0.007783 -0.003700 0.043348 0.933332 -0.356388 2.821600 0.008213 0.356379 0.934306 -0.000000 0.000000 0.000000 0.000000 1.000000</float_array>
        <technique_common>
          <accessor source="#mixamorig1_RightHandRing2-Matrix-animation-output-transform-array" count="66" stride="16">
            <param type="float4x4"/>
          </accessor>
        </technique_common>
      </source>
      <source id="mixamorig1_RightHandRing2-Interpolations">
        <Name_array id="mixamorig1_RightHandRing2-Interpolations-array" count="66">
 LINEAR LINEAR LINEAR LINEAR LINEAR LINEAR LINEAR LINEAR LINEAR LINEAR LINEAR
LINEAR LINEAR LINEAR LINEAR LINEAR LINEAR LINEAR LINEAR LINEAR LINEAR LINEAR LINEAR
LINEAR LINEAR LINEAR LINEAR LINEAR LINEAR LINEAR LINEAR LINEAR LINEAR LINEAR LINEAR
LINEAR LINEAR LINEAR LINEAR LINEAR LINEAR LINEAR LINEAR LINEAR LINEAR LINEAR LINEAR
LINEAR LINEAR LINEAR LINEAR LINEAR LINEAR LINEAR LINEAR LINEAR LINEAR LINEAR LINEAR
LINEAR LINEAR LINEAR LINEAR LINEAR LINEAR LINEAR</Name_array>
        <technique_common>
          <accessor source="#mixamorig1_RightHandRing2-Interpolations-array" count="66">
            <param type="name"/>
          </accessor>
        </technique_common>
      </source>
      <sampler id="mixamorig1_RightHandRing2-Matrix-animation-transform">
        <input semantic="INPUT" source="#mixamorig1_RightHandRing2-Matrix-animation-input"/>
        <input semantic="OUTPUT" source="#mixamorig1_RightHandRing2-Matrix-animation-output-transform"/>
        <input semantic="INTERPOLATION" source="#mixamorig1_RightHandRing2-Interpolations"/>
      </sampler>
      <channel source="#mixamorig1_RightHandRing2-Matrix-animation-transform" target="mixamorig1_RightHandRing2/matrix"/>
    </animation>
    <animation id="mixamorig1_RightHandRing3-anim" name="mixamorig1_RightHandRing3">
      <source id="mixamorig1_RightHandRing3-Matrix-animation-input">
        <float_array id="mixamorig1_RightHandRing3-Matrix-animation-input-array" count="66">

0.000000 0.033333 0.066667 0.100000 0.133333 0.166667 0.200000 0.233333 0.266667 0.300000 0.333333 0.366667 0.400000 0.433333 0.466667 0.500000
0.533333 0.566667 0.600000 0.633333 0.666667 0.700000 0.733333 0.766667 0.800000 0.833333 0.866667 0.900000 0.933333 0.966667 1.000000 1.033333
1.066667 1.100000 1.133333 1.166667 1.200000 1.233333 1.266667 1.300000 1.333333 1.366667 1.400000 1.433333 1.466667 1.500000 1.533333 1.566667
1.600000 1.633333 1.666667 1.700000 1.733333 1.766667 1.800000 1.833333 1.866667 1.900000 1.933333 1.966667 2.000000 2.033333 2.066667 2.100000
2.133333 2.166667</float_array>
        <technique_common>
          <accessor source="#mixamorig1_RightHandRing3-Matrix-animation-input-array" count="66">
            <param name="TIME" type="float"/>
          </accessor>
        </technique_common>
      </source>
      <source id="mixamorig1_RightHandRing3-Matrix-animation-output-transform">
        <float_array id="mixamorig1_RightHandRing3-Matrix-animation-output-transform-array" count="1056">

0.999561 -0.029317 0.004362 0.007800 0.029243 0.951458 -0.306386 2.687700 0.004832 0.306379 0.951897 0.000000 0.000000 0.000000 0.000000 1.000000
0.999555 -0.029516 0.004420 0.007800 0.029441 0.950877 -0.308167 2.687700 0.004892 0.308160 0.951322 0.000000 0.000000 0.000000 0.000000 1.000000
0.999548 -0.029714 0.004479 0.007800 0.029638 0.950292 -0.309947 2.687700 0.004953 0.309940 0.950743 0.000000 0.000000 0.000000 0.000000 1.000000
0.999539 -0.030019 0.004570 0.007800 0.029942 0.949384 -0.312689 2.687700 0.005048 0.312682 0.949845 0.000000 0.000000 0.000000 0.000000 1.000000
0.999520 -0.030601 0.004746 0.007800 0.030522 0.947626 -0.317921 2.687700 0.005232 0.317914 0.948105 0.000000 0.000000 0.000000 0.000000 1.000000
0.999498 -0.031287 0.004960 0.007800 0.031205 0.945514 -0.324082 2.687700 0.005450 0.324074 0.946016 0.000000 0.000000 0.000000 0.000000 1.000000
0.999480 -0.031826 0.005130 0.007800 0.031742 0.943824 -0.328920 2.687700 0.005626 0.328911 0.944344 -0.000000 0.000000 0.000000 0.000000 1.000000
0.999458 -0.032474 0.005338 0.007800 0.032387 0.941753 -0.334741 2.687700 0.005843 0.334733 0.942295 0.000000 0.000000 0.000000 0.000000 1.000000
0.999433 -0.033200 0.005579 0.007800 0.033111 0.939386 -0.341258 2.687700 0.006089 0.341249 0.939953 0.000000 0.000000 0.000000 0.000000 1.000000
0.999397 -0.034208 0.005921 0.007800 0.034113 0.936017 -0.350297 2.687700 0.006441 0.350288 0.936620 0.000000 0.000000 0.000000 0.000000 1.000000
0.999348 -0.035523 0.006383 0.007800 0.035423 0.931468 -0.362095 2.687700 0.006917 0.362085 0.932119 -0.000000 0.000000 0.000000 0.000000 1.000000
0.999281 -0.037270 0.007026 0.007800 0.037162 0.925156 -0.377762 2.687700 0.007579 0.377752 0.925876 0.000000 0.000000 0.000000 0.000000 1.000000
0.999215 -0.038872 0.007646 0.007800 0.038756 0.919097 -0.392121 2.687700 0.008215 0.392110 0.919882 0.000000 0.000000 0.000000 0.000000 1.000000
0.999192 -0.039409 0.007861 0.007800 0.039290 0.917005 -0.396935 2.687700 0.008435 0.396924 0.917813 0.000000 0.000000 0.000000 0.000000 1.000000
0.999213 -0.038925 0.007667 0.007800 0.038808 0.918893 -0.392593 2.687700 0.008236 0.392581 0.919680 0.000000 0.000000 0.000000 0.000000 1.000000
0.999230 -0.038503 0.007501 0.007800 0.038389 0.920516 -0.388815 2.687700 0.008066 0.388804 0.921285 0.000000 0.000000 0.000000 0.000000 1.000000
0.999214 -0.038883 0.007651 0.007800 0.038767 0.919053 -0.392224 2.687700 0.008219 0.392212 0.919838 0.000000 0.000000 0.000000 0.000000 1.000000
0.999189 -0.039485 0.007891 0.007800 0.039366 0.916707 -0.397616 2.687700 0.008466 0.397604 0.917518 0.000000 0.000000 0.000000 0.000000 1.000000
0.999201 -0.039198 0.007776 0.007800 0.039080 0.917830 -0.395046 2.687700 0.008348 0.395034 0.918629 -0.000000 0.000000 0.000000 0.000000 1.000000
0.999262 -0.037718 0.007197 0.007800 0.037608 0.923486 -0.381783 2.687700 0.007754 0.381772 0.924224 0.000000 0.000000 0.000000 0.000000 1.000000
0.999341 -0.035714 0.006452 0.007800 0.035613 0.930791 -0.363814 2.687700 0.006988 0.363804 0.931449 0.000000 0.000000 0.000000 0.000000 1.000000
0.999403 -0.034054 0.005868 0.007800 0.033961 0.936536 -0.348922 2.687700 0.006387 0.348912 0.937134 0.000000 0.000000 0.000000 0.000000 1.000000
0.999435 -0.033155 0.005564 0.007800 0.033065 0.939537 -0.340849 2.687700 0.006073 0.340840 0.940102 0.000000 0.000000 0.000000 0.000000 1.000000
0.999441 -0.032963 0.005500 0.007800 0.032874 0.940167 -0.339125 2.687700 0.006008 0.339116 0.940725 0.000000 0.000000 0.000000 0.000000 1.000000
0.999433 -0.033214 0.005584 0.007800 0.033125 0.939341 -0.341382 2.687700 0.006094 0.341373 0.939908 0.000000 0.000000 0.000000 0.000000 1.000000
0.999420 -0.033584 0.005708 0.007800 0.033493 0.938115 -0.344700 2.687700 0.006222 0.344692 0.938695 0.000000 0.000000 0.000000 0.000000 1.000000
0.999414 -0.033752 0.005765 0.007800 0.033660 0.937552 -0.346212 2.687700 0.006281 0.346203 0.938139 0.000000 0.000000 0.000000 0.000000 1.000000
0.999418 -0.033625 0.005721 0.007800 0.033533 0.937979 -0.345067 2.687700 0.006236 0.345058 0.938561 0.000000 0.000000 0.000000 0.000000 1.000000
0.999427 -0.033374 0.005637 0.007800 0.033283 0.938814 -0.342814 2.687700 0.006149 0.342805 0.939386 0.000000 0.000000 0.000000 0.000000 1.000000
0.999438 -0.033064 0.005533 0.007800 0.032975 0.939835 -0.340034 2.687700 0.006042 0.340025 0.940397 0.000000 0.000000 0.000000 0.000000 1.000000
0.999461 -0.032387 0.005311 0.007800 0.032300 0.942036 -0.333952 2.687700 0.005813 0.333944 0.942575 0.000000 0.000000 0.000000 0.000000 1.000000
0.999512 -0.030874 0.004831 0.007800 0.030794 0.946791 -0.320373 2.687700 0.005317 0.320366 0.947279 0.000000 0.000000 0.000000 0.000000 1.000000
0.999589 -0.028378 0.004091 0.007800 0.028307 0.954165 -0.297939 2.687700 0.004551 0.297933 0.954576 0.000000 0.000000 0.000000 0.000000 1.000000
0.999679 -0.025134 0.003224 0.007800 0.025076 0.962875 -0.268779 2.687700 0.003651 0.268773 0.963197 0.000000 0.000000 0.000000 0.000000 1.000000
0.999769 -0.021371 0.002350 0.007800 0.021325 0.971782 -0.234914 2.687700 0.002737 0.234910 0.972013 0.000000 0.000000 0.000000 0.000000 1.000000
0.999851 -0.017189 0.001538 0.007800 0.017155 0.980206 -0.197234 2.687700 0.001882 0.197231 0.980355 0.000000 0.000000 0.000000 0.000000 1.000000
0.999914 -0.013109 0.000907 0.007800 0.013085 0.986960 -0.160435 2.687700 0.001208 0.160433 0.987046 0.000000 0.000000 0.000000 0.000000 1.000000
0.999947 -0.010285 0.000561 0.007800 0.010266 0.990800 -0.134945 2.687700 0.000832 0.134943 0.990853 -0.000000 0.000000 0.000000 0.000000 1.000000
0.999957 -0.009293 0.000456 0.007800 0.009276 0.991988 -0.125987 2.687700 0.000718 0.125986 0.992032 -0.000000 0.000000 0.000000 0.000000 1.000000
0.999962 -0.008726 0.000401 0.007800 0.008710 0.992631 -0.120862 2.687700 0.000657 0.120861 0.992669 0.000000 0.000000 0.000000 0.000000 1.000000
0.999980 -0.006350 0.000201 0.007800 0.006338 0.995028 -0.099397 2.687700 0.000431 0.099397 0.995048 -0.000000 0.000000 0.000000 0.000000 1.000000
0.999997 -0.002521 -0.000013 0.007800 0.002515 0.997897 -0.064776 2.687700 0.000177 0.064776 0.997900 0.000000 0.000000 0.000000 0.000000 1.000000
1.000000 -0.000725 -0.000068 0.007800 0.000720 0.998822 -0.048523 2.687700 0.000103 0.048523 0.998822 -0.000000 0.000000 0.000000 0.000000 1.000000
0.999995 -0.003232 0.000016 0.007800 0.003225 0.997456 -0.071212 2.687700 0.000214 0.071211 0.997461 0.000000 0.000000 0.000000 0.000000 1.000000
0.999962 -0.008705 0.000399 0.007800 0.008690 0.992654 -0.120679 2.687700 0.000654 0.120678 0.992692 0.000000 0.000000 0.000000 0.000000 1.000000
0.999888 -0.014953 0.001173 0.007800 0.014924 0.984085 -0.177070 2.687700 0.001493 0.177067 0.984198 -0.000000 0.000000 0.000000 0.000000 1.000000
0.999772 -0.021222 0.002317 0.007800 0.021176 0.972110 -0.233566 2.687700 0.002704 0.233562 0.972338 0.000000 0.000000 0.000000 0.000000 1.000000
0.999611 -0.027617 0.003878 0.007800 0.027550 0.956294 -0.291106 2.687700 0.004331 0.291100 0.956683 0.000000 0.000000 0.000000 0.000000 1.000000
0.999395 -0.034278 0.005945 0.007800 0.034183 0.935778 -0.350929 2.687700 0.006466 0.350920 0.936383 0.000000 0.000000 0.000000 0.000000 1.000000
0.999107 -0.041344 0.008660 0.007800 0.041215 0.909221 -0.414268 2.687700 0.009254 0.414255 0.910114 -0.000000 0.000000 0.000000 0.000000 1.000000
0.998735 -0.048799 0.012157 0.007800 0.048627 0.875406 -0.480937 2.687700 0.012827 0.480920 0.876671 -0.000000 0.000000 0.000000 0.000000 1.000000
0.998282 -0.056250 0.016374 0.007800 0.056028 0.834994 -0.547400 2.687700 0.017119 0.547377 0.836711 0.000000 0.000000 0.000000 0.000000 1.000000
0.997786 -0.063109 0.020982 0.007800 0.062832 0.791133 -0.608408 2.687700 0.021797 0.608379 0.793347 0.000000 0.000000 0.000000 0.000000 1.000000
0.997294 -0.068939 0.025535 0.007800 0.068610 0.748026 -0.660113 2.687700 0.026407 0.660079 0.750732 -0.000000 0.000000 0.000000 0.000000 1.000000
0.996850 -0.073564 0.029630 0.007800 0.073187 0.709390 -0.701006 2.687700 0.030549 0.700966 0.712540 0.000000 0.000000 0.000000 0.000000 1.000000
0.996457 -0.077250 0.033248 0.007800 0.076828 0.675301 -0.733530 2.687700 0.034213 0.733486 0.678843 0.000000 0.000000 0.000000 0.000000 1.000000
0.996271 -0.078873 0.034962 0.007800 0.078435 0.659272 -0.747802 2.687700 0.035932 0.747756 0.663001 -0.000000 0.000000 0.000000 0.000000 1.000000
0.996427 -0.077548 0.033466 0.007800 0.077057 0.672448 -0.736122 2.687700 0.034581 0.736070 0.676021 -0.000000 0.000000 0.000000 0.000000 1.000000
0.996684 -0.075210 0.031069 0.007800 0.074717 0.694559 -0.715545 2.687700 0.032237 0.715493 0.697875 0.000000 0.000000 0.000000 0.000000 1.000000
0.996992 -0.072170 0.028248 0.007800 0.071739 0.721467 -0.688723 2.687700 0.029325 0.688678 0.724474 0.000000 0.000000 0.000000 0.000000 1.000000
0.997309 -0.068776 0.025398 0.007800 0.068448 0.749317 -0.658664 2.687700 0.026269 0.658630 0.752008 0.000000 0.000000 0.000000 0.000000 1.000000
0.997871 -0.062019 0.020198 0.007800 0.061751 0.798574 -0.598720 2.687700 0.021002 0.598693 0.800703 -0.000000 0.000000 0.000000 0.000000 1.000000
0.998410 -0.054504 0.014344 0.007800 0.053791 0.845561 -0.531162 2.687700 0.016822 0.531089 0.847149 0.000000 0.000000 0.000000 0.000000 1.000000
0.998876 -0.046422 0.009617 0.007800 0.045649 0.887070 -0.459372 2.687700 0.012794 0.459295 0.888192 0.000000 0.000000 0.000000 0.000000 1.000000
0.999260 -0.037949 0.006233 0.007800 0.037431 0.922512 -0.384149 2.687700 0.008829 0.384098 0.923250 0.000000 0.000000 0.000000 0.000000 1.000000
0.999561 -0.029317 0.004362 0.007800 0.029244 0.951458 -0.306386 2.687700 0.004832 0.306379 0.951897 0.000000 0.000000 0.000000 0.000000 1.000000</float_array>
        <technique_common>
          <accessor source="#mixamorig1_RightHandRing3-Matrix-animation-output-transform-array" count="66" stride="16">
            <param type="float4x4"/>
          </accessor>
        </technique_common>
      </source>
      <source id="mixamorig1_RightHandRing3-Interpolations">
        <Name_array id="mixamorig1_RightHandRing3-Interpolations-array" count="66">
 LINEAR LINEAR LINEAR LINEAR LINEAR LINEAR LINEAR LINEAR LINEAR LINEAR LINEAR
LINEAR LINEAR LINEAR LINEAR LINEAR LINEAR LINEAR LINEAR LINEAR LINEAR LINEAR LINEAR
LINEAR LINEAR LINEAR LINEAR LINEAR LINEAR LINEAR LINEAR LINEAR LINEAR LINEAR LINEAR
LINEAR LINEAR LINEAR LINEAR LINEAR LINEAR LINEAR LINEAR LINEAR LINEAR LINEAR LINEAR
LINEAR LINEAR LINEAR LINEAR LINEAR LINEAR LINEAR LINEAR LINEAR LINEAR LINEAR LINEAR
LINEAR LINEAR LINEAR LINEAR LINEAR LINEAR LINEAR</Name_array>
        <technique_common>
          <accessor source="#mixamorig1_RightHandRing3-Interpolations-array" count="66">
            <param type="name"/>
          </accessor>
        </technique_common>
      </source>
      <sampler id="mixamorig1_RightHandRing3-Matrix-animation-transform">
        <input semantic="INPUT" source="#mixamorig1_RightHandRing3-Matrix-animation-input"/>
        <input semantic="OUTPUT" source="#mixamorig1_RightHandRing3-Matrix-animation-output-transform"/>
        <input semantic="INTERPOLATION" source="#mixamorig1_RightHandRing3-Interpolations"/>
      </sampler>
      <channel source="#mixamorig1_RightHandRing3-Matrix-animation-transform" target="mixamorig1_RightHandRing3/matrix"/>
    </animation>
    <animation id="mixamorig1_RightHandPinky1-anim" name="mixamorig1_RightHandPinky1">
      <source id="mixamorig1_RightHandPinky1-Matrix-animation-input">
        <float_array id="mixamorig1_RightHandPinky1-Matrix-animation-input-array" count="66">

0.000000 0.033333 0.066667 0.100000 0.133333 0.166667 0.200000 0.233333 0.266667 0.300000 0.333333 0.366667 0.400000 0.433333 0.466667 0.500000
0.533333 0.566667 0.600000 0.633333 0.666667 0.700000 0.733333 0.766667 0.800000 0.833333 0.866667 0.900000 0.933333 0.966667 1.000000 1.033333
1.066667 1.100000 1.133333 1.166667 1.200000 1.233333 1.266667 1.300000 1.333333 1.366667 1.400000 1.433333 1.466667 1.500000 1.533333 1.566667
1.600000 1.633333 1.666667 1.700000 1.733333 1.766667 1.800000 1.833333 1.866667 1.900000 1.933333 1.966667 2.000000 2.033333 2.066667 2.100000
2.133333 2.166667</float_array>
        <technique_common>
          <accessor source="#mixamorig1_RightHandPinky1-Matrix-animation-input-array" count="66">
            <param name="TIME" type="float"/>
          </accessor>
        </technique_common>
      </source>
      <source id="mixamorig1_RightHandPinky1-Matrix-animation-output-transform">
        <float_array id="mixamorig1_RightHandPinky1-Matrix-animation-output-transform-array" count="1056">

0.999768 -0.018925 0.010291 -3.320300 0.021507 0.904116 -0.426745 11.194600 -0.001228 0.426867 0.904313 -0.138000 0.000000 0.000000 0.000000 1.000000
0.999843 -0.012829 0.012255 -3.320300 0.016910 0.898129 -0.439407 11.194600 -0.005369 0.439545 0.898205 -0.138000 0.000000 0.000000 0.000000 1.000000
0.999879 -0.006683 0.014049 -3.320300 0.012312 0.891930 -0.452007 11.194600 -0.009510 0.452125 0.891904 -0.138000 0.000000 0.000000 0.000000 1.000000
0.999878 -0.000969 0.015593 -3.320300 0.008080 0.886323 -0.462997 11.194600 -0.013372 0.463067 0.886222 -0.138000 0.000000 0.000000 0.000000 1.000000
0.999852 0.003622 0.016831 -3.320300 0.004712 0.882708 -0.469898 11.194600 -0.016559 0.469908 0.882560 -0.138000 0.000000 0.000000 0.000000 1.000000
0.999810 0.007566 0.017940 -3.320300 0.001873 0.879780 -0.475378 11.194600 -0.019380 0.475321 0.879599 -0.138000 0.000000 0.000000 0.000000 1.000000
0.999757 0.011135 0.019051 -3.320300 -0.000536 0.875359 -0.483473 11.194600 -0.022060 0.483345 0.875152 -0.138000 0.000000 0.000000 0.000000 1.000000
0.999509 0.021594 0.022707 -3.320300 -0.007077 0.861484 -0.507736 11.194600 -0.030526 0.507326 0.861214 -0.138000 0.000000 0.000000 0.000000 1.000000
0.999122 0.032778 0.026075 -3.320300 -0.013848 0.846049 -0.532925 11.194600 -0.039529 0.532096 0.845761 -0.138000 0.000000 0.000000 0.000000 1.000000
0.998811 0.039663 0.028353 -3.320300 -0.017641 0.836149 -0.548219 11.194600 -0.045452 0.547067 0.835854 -0.138000 0.000000 0.000000 0.000000 1.000000
0.999232 0.029794 0.025456 -3.320300 -0.011589 0.845198 -0.534328 11.194600 -0.037435 0.533622 0.844894 -0.138000 0.000000 0.000000 0.000000 1.000000
0.999812 0.005511 0.018591 -3.320300 0.004552 0.865280 -0.501268 11.194600 -0.018849 0.501258 0.865092 -0.138000 0.000000 0.000000 0.000000 1.000000
0.999740 -0.019119 0.012452 -3.320300 0.022743 0.878840 -0.476574 11.194600 -0.001831 0.476733 0.879046 -0.138000 0.000000 0.000000 0.000000 1.000000
0.999394 -0.033293 0.010151 -3.320300 0.034090 0.877465 -0.478427 11.194600 0.007021 0.478483 0.878069 -0.138000 0.000000 0.000000 0.000000 1.000000
0.999269 -0.036576 0.011077 -3.320300 0.037170 0.862852 -0.504088 11.194600 0.008880 0.504132 0.863581 -0.138000 0.000000 0.000000 0.000000 1.000000
0.999326 -0.034317 0.013051 -3.320300 0.035942 0.841797 -0.538597 11.194600 0.007496 0.538703 0.842463 -0.138000 0.000000 0.000000 0.000000 1.000000
0.999372 -0.032399 0.014375 -3.320300 0.034865 0.825505 -0.563317 11.194600 0.006384 0.563464 0.826116 -0.138000 0.000000 0.000000 0.000000 1.000000
0.999479 -0.028568 0.014998 -3.320300 0.032039 0.823679 -0.566150 11.194600 0.003820 0.566336 0.824166 -0.138000 0.000000 0.000000 0.000000 1.000000
0.999728 -0.017416 0.015492 -3.320300 0.023033 0.840208 -0.541775 11.194600 -0.003581 0.541985 0.840381 -0.138000 0.000000 0.000000 0.000000 1.000000
0.999859 -0.007929 0.014818 -3.320300 0.014136 0.873653 -0.486344 11.194600 -0.009089 0.486484 0.873642 -0.138000 0.000000 0.000000 0.000000 1.000000
0.999779 -0.017000 0.012329 -3.320300 0.020584 0.909604 -0.414965 11.194600 -0.004160 0.415128 0.909754 -0.138000 0.000000 0.000000 0.000000 1.000000
0.999048 -0.042559 0.009612 -3.320300 0.043096 0.928175 -0.369641 11.194600 0.006810 0.369703 0.929125 -0.138000 0.000000 0.000000 0.000000 1.000000
0.997823 -0.065419 0.008385 -3.320300 0.063843 0.926123 -0.371780 11.194600 0.016556 0.371505 0.928283 -0.138000 0.000000 0.000000 0.000000 1.000000
0.996496 -0.083201 0.008501 -3.320300 0.079944 0.917731 -0.389075 11.194600 0.024570 0.388392 0.921167 -0.138000 0.000000 0.000000 0.000000 1.000000
0.993661 -0.112099 0.008424 -3.320300 0.106858 0.918608 -0.380447 11.194600 0.034909 0.378936 0.924764 -0.138000 0.000000 0.000000 0.000000 1.000000
0.987933 -0.154697 0.007552 -3.320300 0.147962 0.928263 -0.341225 11.194600 0.045776 0.338225 0.939951 -0.138000 0.000000 0.000000 0.000000 1.000000
0.980402 -0.196898 0.006496 -3.320300 0.190119 0.936974 -0.293145 11.194600 0.051634 0.288635 0.956046 -0.138000 0.000000 0.000000 0.000000 1.000000
0.972757 -0.231760 0.005629 -3.320300 0.225208 0.938939 -0.260143 11.194600 0.055005 0.254323 0.965554 -0.138000 0.000000 0.000000 0.000000 1.000000
0.964780 -0.263015 0.004718 -3.320300 0.255341 0.932017 -0.257186 11.194600 0.063246 0.249332 0.966350 -0.138000 0.000000 0.000000 0.000000 1.000000
0.956814 -0.290676 0.003788 -3.320300 0.279916 0.917722 -0.281841 11.194600 0.078448 0.270730 0.959454 -0.138000 0.000000 0.000000 0.000000 1.000000
0.951136 -0.308756 0.003216 -3.320300 0.294275 0.903272 -0.312252 11.194600 0.093505 0.297940 0.949994 -0.138000 0.000000 0.000000 0.000000 1.000000
0.949615 -0.313405 0.003007 -3.320300 0.297203 0.897395 -0.326117 11.194600 0.099508 0.310579 0.945325 -0.138000 0.000000 0.000000 0.000000 1.000000
0.952457 -0.304658 0.003121 -3.320300 0.289007 0.900192 -0.325775 11.194600 0.096441 0.311188 0.945442 -0.138000 0.000000 0.000000 0.000000 1.000000
0.958637 -0.284602 0.003995 -3.320300 0.269564 0.903301 -0.333740 11.194600 0.091375 0.321013 0.942657 -0.138000 0.000000 0.000000 0.000000 1.000000
0.964639 -0.263515 0.005557 -3.320300 0.248992 0.904154 -0.347144 11.194600 0.086454 0.336253 0.937795 -0.138000 0.000000 0.000000 0.000000 1.000000
0.966091 -0.258132 0.005947 -3.320300 0.246660 0.915855 -0.316811 11.194600 0.076332 0.307535 0.948470 -0.138000 0.000000 0.000000 0.000000 1.000000
0.964315 -0.264725 0.004059 -3.320300 0.258905 0.939688 -0.223504 11.194600 0.055353 0.216580 0.974694 -0.138000 0.000000 0.000000 0.000000 1.000000
0.968142 -0.250385 0.003018 -3.320300 0.248141 0.957708 -0.145675 11.194600 0.033584 0.141783 0.989328 -0.138000 0.000000 0.000000 0.000000 1.000000
0.981803 -0.189691 0.008910 -3.320300 0.188342 0.966680 -0.173372 11.194600 0.024274 0.171895 0.984816 -0.138000 0.000000 0.000000 0.000000 1.000000
0.994718 -0.099659 0.024595 -3.320300 0.102552 0.954438 -0.280233 11.194600 0.004453 0.281275 0.959617 -0.138000 0.000000 0.000000 0.000000 1.000000
0.998759 -0.033335 0.037010 -3.320300 0.044177 0.936055 -0.349070 11.194600 -0.023008 0.350271 0.936366 -0.138000 0.000000 0.000000 0.000000 1.000000
0.999297 -0.020259 0.031539 -3.320300 0.029513 0.943945 -0.328781 11.194600 -0.023111 0.329481 0.943879 -0.138000 0.000000 0.000000 0.000000 1.000000
0.999394 -0.029400 0.018628 -3.320300 0.033544 0.956383 -0.290183 11.194600 -0.009284 0.290632 0.956790 -0.138000 0.000000 0.000000 0.000000 1.000000
0.999590 -0.025426 0.013189 -3.320300 0.028223 0.952917 -0.301915 11.194600 -0.004891 0.302163 0.953244 -0.138000 0.000000 0.000000 0.000000 1.000000
0.999836 -0.011893 0.013664 -3.320300 0.015865 0.938969 -0.343636 11.194600 -0.008744 0.343796 0.939004 -0.138000 0.000000 0.000000 0.000000 1.000000
0.999896 -0.005574 0.013311 -3.320300 0.010211 0.925063 -0.379675 11.194600 -0.010197 0.379772 0.925024 -0.138000 0.000000 0.000000 0.000000 1.000000
0.999871 -0.011604 0.011141 -3.320300 0.015163 0.911094 -0.411921 11.194600 -0.005370 0.412036 0.911152 -0.138000 0.000000 0.000000 0.000000 1.000000
0.999673 -0.023573 0.009920 -3.320300 0.025510 0.891465 -0.452370 11.194600 0.001821 0.452475 0.891775 -0.138000 0.000000 0.000000 0.000000 1.000000
0.999372 -0.033606 0.011257 -3.320300 0.034728 0.865117 -0.500366 11.194600 0.007076 0.500443 0.865741 -0.138000 0.000000 0.000000 0.000000 1.000000
0.999106 -0.039701 0.014549 -3.320300 0.041129 0.832706 -0.552186 11.194600 0.009807 0.552291 0.833594 -0.138000 0.000000 0.000000 0.000000 1.000000
0.998826 -0.044670 0.018757 -3.320300 0.046866 0.792706 -0.607800 11.194600 0.012282 0.607965 0.793869 -0.138000 0.000000 0.000000 0.000000 1.000000
0.998382 -0.051733 0.023587 -3.320300 0.054342 0.746258 -0.663435 11.194600 0.016719 0.663644 0.747862 -0.138000 0.000000 0.000000 0.000000 1.000000
0.997653 -0.061991 0.029090 -3.320300 0.064262 0.700815 -0.710442 11.194600 0.023654 0.710644 0.703154 -0.138000 0.000000 0.000000 0.000000 1.000000
0.996671 -0.073684 0.034887 -3.320300 0.075094 0.663140 -0.744719 11.194600 0.031738 0.744860 0.666466 -0.138000 0.000000 0.000000 0.000000 1.000000
0.995740 -0.083080 0.039989 -3.320300 0.083667 0.631902 -0.770519 11.194600 0.038746 0.770583 0.636161 -0.138000 0.000000 0.000000 0.000000 1.000000
0.995248 -0.087107 0.043512 -3.320300 0.087173 0.598029 -0.796720 11.194600 0.043378 0.796727 0.602780 -0.138000 0.000000 0.000000 0.000000 1.000000
0.995240 -0.086794 0.044322 -3.320300 0.086648 0.579901 -0.810066 11.194600 0.044607 0.810050 0.584662 -0.138000 0.000000 0.000000 0.000000 1.000000
0.995851 -0.081174 0.041119 -3.320300 0.081248 0.589733 -0.803501 11.194600 0.040974 0.803509 0.593881 -0.138000 0.000000 0.000000 0.000000 1.000000
0.996612 -0.073514 0.036875 -3.320300 0.074096 0.607992 -0.790478 11.194600 0.035691 0.790533 0.611379 -0.138000 0.000000 0.000000 0.000000 1.000000
0.997371 -0.064824 0.032401 -3.320300 0.066141 0.631479 -0.772567 11.194600 0.029621 0.772679 0.634106 -0.138000 0.000000 0.000000 0.000000 1.000000
0.998017 -0.056206 0.028324 -3.320300 0.058336 0.657131 -0.751515 11.194600 0.023627 0.751678 0.659107 -0.138000 0.000000 0.000000 0.000000 1.000000
0.998634 -0.046767 0.023303 -3.320300 0.049652 0.710454 -0.701990 11.194600 0.016274 0.702188 0.711806 -0.138000 0.000000 0.000000 0.000000 1.000000
0.999032 -0.039982 0.018326 -3.320300 0.042434 0.766683 -0.640622 11.194600 0.011563 0.640780 0.767637 -0.138000 0.000000 0.000000 0.000000 1.000000
0.999346 -0.033154 0.014408 -3.320300 0.035420 0.818397 -0.573561 11.194600 0.007224 0.573696 0.819036 -0.138000 0.000000 0.000000 0.000000 1.000000
0.999590 -0.026160 0.011675 -3.320300 0.028486 0.864488 -0.501846 11.194600 0.003035 0.501973 0.864878 -0.138000 0.000000 0.000000 0.000000 1.000000
0.999768 -0.018925 0.010290 -3.320300 0.021507 0.904116 -0.426745 11.194600 -0.001228 0.426868 0.904313 -0.138000 0.000000 0.000000 0.000000 1.000000</float_array>
        <technique_common>
          <accessor source="#mixamorig1_RightHandPinky1-Matrix-animation-output-transform-array" count="66" stride="16">
            <param type="float4x4"/>
          </accessor>
        </technique_common>
      </source>
      <source id="mixamorig1_RightHandPinky1-Interpolations">
        <Name_array id="mixamorig1_RightHandPinky1-Interpolations-array" count="66">
 LINEAR LINEAR LINEAR LINEAR LINEAR LINEAR LINEAR LINEAR LINEAR LINEAR LINEAR
LINEAR LINEAR LINEAR LINEAR LINEAR LINEAR LINEAR LINEAR LINEAR LINEAR LINEAR LINEAR
LINEAR LINEAR LINEAR LINEAR LINEAR LINEAR LINEAR LINEAR LINEAR LINEAR LINEAR LINEAR
LINEAR LINEAR LINEAR LINEAR LINEAR LINEAR LINEAR LINEAR LINEAR LINEAR LINEAR LINEAR
LINEAR LINEAR LINEAR LINEAR LINEAR LINEAR LINEAR LINEAR LINEAR LINEAR LINEAR LINEAR
LINEAR LINEAR LINEAR LINEAR LINEAR LINEAR LINEAR</Name_array>
        <technique_common>
          <accessor source="#mixamorig1_RightHandPinky1-Interpolations-array" count="66">
            <param type="name"/>
          </accessor>
        </technique_common>
      </source>
      <sampler id="mixamorig1_RightHandPinky1-Matrix-animation-transform">
        <input semantic="INPUT" source="#mixamorig1_RightHandPinky1-Matrix-animation-input"/>
        <input semantic="OUTPUT" source="#mixamorig1_RightHandPinky1-Matrix-animation-output-transform"/>
        <input semantic="INTERPOLATION" source="#mixamorig1_RightHandPinky1-Interpolations"/>
      </sampler>
      <channel source="#mixamorig1_RightHandPinky1-Matrix-animation-transform" target="mixamorig1_RightHandPinky1/matrix"/>
    </animation>
    <animation id="mixamorig1_RightHandPinky2-anim" name="mixamorig1_RightHandPinky2">
      <source id="mixamorig1_RightHandPinky2-Matrix-animation-input">
        <float_array id="mixamorig1_RightHandPinky2-Matrix-animation-input-array" count="66">

0.000000 0.033333 0.066667 0.100000 0.133333 0.166667 0.200000 0.233333 0.266667 0.300000 0.333333 0.366667 0.400000 0.433333 0.466667 0.500000
0.533333 0.566667 0.600000 0.633333 0.666667 0.700000 0.733333 0.766667 0.800000 0.833333 0.866667 0.900000 0.933333 0.966667 1.000000 1.033333
1.066667 1.100000 1.133333 1.166667 1.200000 1.233333 1.266667 1.300000 1.333333 1.366667 1.400000 1.433333 1.466667 1.500000 1.533333 1.566667
1.600000 1.633333 1.666667 1.700000 1.733333 1.766667 1.800000 1.833333 1.866667 1.900000 1.933333 1.966667 2.000000 2.033333 2.066667 2.100000
2.133333 2.166667</float_array>
        <technique_common>
          <accessor source="#mixamorig1_RightHandPinky2-Matrix-animation-input-array" count="66">
            <param name="TIME" type="float"/>
          </accessor>
        </technique_common>
      </source>
      <source id="mixamorig1_RightHandPinky2-Matrix-animation-output-transform">
        <float_array id="mixamorig1_RightHandPinky2-Matrix-animation-output-transform-array" count="1056">

0.999190 -0.039762 0.006120 -0.008100 0.039775 0.953552 -0.298592 2.640500 0.006037 0.298594 0.954361 0.000000 0.000000 0.000000 0.000000 1.000000
0.999196 -0.039632 0.006076 -0.008100 0.039645 0.953915 -0.297447 2.640500 0.005993 0.297449 0.954719 0.000000 0.000000 0.000000 0.000000 1.000000
0.999201 -0.039502 0.006032 -0.008100 0.039514 0.954277 -0.296301 2.640500 0.005949 0.296303 0.955075 0.000000 0.000000 0.000000 0.000000 1.000000
0.999201 -0.039521 0.006038 -0.008100 0.039533 0.954224 -0.296469 2.640500 0.005955 0.296471 0.955023 0.000000 0.000000 0.000000 0.000000 1.000000
0.999183 -0.039940 0.006180 -0.008100 0.039952 0.953053 -0.300155 2.640500 0.006098 0.300157 0.953870 0.000000 0.000000 0.000000 0.000000 1.000000
0.999160 -0.040478 0.006368 -0.008100 0.040492 0.951527 -0.304890 2.640500 0.006282 0.304891 0.952366 0.000000 0.000000 0.000000 0.000000 1.000000
0.999152 -0.040669 0.006435 -0.008100 0.040683 0.950978 -0.306571 2.640500 0.006348 0.306573 0.951826 -0.000000 0.000000 0.000000 0.000000 1.000000
0.999167 -0.040312 0.006309 -0.008100 0.040325 0.952000 -0.303431 2.640500 0.006225 0.303433 0.952833 0.000000 0.000000 0.000000 0.000000 1.000000
0.999181 -0.039980 0.006195 -0.008100 0.039993 0.952940 -0.300508 2.640500 0.006111 0.300510 0.953759 0.000000 0.000000 0.000000 0.000000 1.000000
0.999167 -0.040322 0.006314 -0.008100 0.040335 0.951973 -0.303515 2.640500 0.006228 0.303517 0.952806 0.000000 0.000000 0.000000 0.000000 1.000000
0.999101 -0.041833 0.006852 -0.008100 0.041848 0.947562 -0.316819 2.640500 0.006760 0.316821 0.948461 -0.000000 0.000000 0.000000 0.000000 1.000000
0.998995 -0.044155 0.007727 -0.008100 0.044173 0.940373 -0.337264 2.640500 0.007626 0.337266 0.941378 -0.000000 0.000000 0.000000 0.000000 1.000000
0.998892 -0.046280 0.008579 -0.008100 0.046301 0.933343 -0.355987 2.640500 0.008468 0.355989 0.934452 0.000000 0.000000 0.000000 0.000000 1.000000
0.998844 -0.047216 0.008970 -0.008100 0.047238 0.930107 -0.364239 2.640500 0.008855 0.364242 0.931262 0.000000 0.000000 0.000000 0.000000 1.000000
0.998858 -0.046957 0.008860 -0.008100 0.046978 0.931013 -0.361949 2.640500 0.008747 0.361952 0.932156 0.000000 0.000000 0.000000 0.000000 1.000000
0.998882 -0.046476 0.008659 -0.008100 0.046496 0.932674 -0.357711 2.640500 0.008549 0.357714 0.933792 0.000000 0.000000 0.000000 0.000000 1.000000
0.998879 -0.046525 0.008680 -0.008100 0.046546 0.932505 -0.358146 2.640500 0.008569 0.358148 0.933625 -0.000000 0.000000 0.000000 0.000000 1.000000
0.998851 -0.047096 0.008919 -0.008100 0.047117 0.930528 -0.363178 2.640500 0.008805 0.363181 0.931677 -0.000000 0.000000 0.000000 0.000000 1.000000
0.998837 -0.047365 0.009033 -0.008100 0.047387 0.929584 -0.365552 2.640500 0.008918 0.365554 0.930747 0.000000 0.000000 0.000000 0.000000 1.000000
0.998898 -0.046155 0.008527 -0.008100 0.046175 0.933771 -0.354880 2.640500 0.008417 0.354883 0.934873 0.000000 0.000000 0.000000 0.000000 1.000000
0.999006 -0.043913 0.007633 -0.008100 0.043931 0.941147 -0.335129 2.640500 0.007533 0.335132 0.942141 0.000000 0.000000 0.000000 0.000000 1.000000
0.999048 -0.043009 0.007288 -0.008100 0.043025 0.943986 -0.327168 2.640500 0.007192 0.327170 0.944938 0.000000 0.000000 0.000000 0.000000 1.000000
0.998983 -0.044401 0.007823 -0.008100 0.044419 0.939583 -0.339427 2.640500 0.007720 0.339429 0.940600 -0.000000 0.000000 0.000000 0.000000 1.000000
0.998904 -0.046028 0.008475 -0.008100 0.046048 0.934200 -0.353766 2.640500 0.008366 0.353769 0.935295 0.000000 0.000000 0.000000 0.000000 1.000000
0.998916 -0.045788 0.008377 -0.008100 0.045807 0.935012 -0.351645 2.640500 0.008269 0.351648 0.936096 -0.000000 0.000000 0.000000 0.000000 1.000000
0.998995 -0.044141 0.007722 -0.008100 0.044159 0.940419 -0.337137 2.640500 0.007620 0.337140 0.941424 0.000000 0.000000 0.000000 0.000000 1.000000
0.999048 -0.043015 0.007290 -0.008100 0.043031 0.943967 -0.327222 2.640500 0.007194 0.327224 0.944919 0.000000 0.000000 0.000000 0.000000 1.000000
0.999033 -0.043345 0.007415 -0.008100 0.043362 0.942940 -0.330126 2.640500 0.007317 0.330129 0.943908 -0.000000 0.000000 0.000000 0.000000 1.000000
0.998980 -0.044473 0.007851 -0.008100 0.044491 0.939349 -0.340065 2.640500 0.007749 0.340068 0.940369 0.000000 0.000000 0.000000 0.000000 1.000000
0.998949 -0.045114 0.008105 -0.008100 0.045133 0.937256 -0.345709 2.640500 0.008000 0.345711 0.938307 -0.000000 0.000000 0.000000 0.000000 1.000000
0.998983 -0.044412 0.007827 -0.008100 0.044430 0.939546 -0.339527 2.640500 0.007725 0.339529 0.940564 -0.000000 0.000000 0.000000 0.000000 1.000000
0.999075 -0.042415 0.007066 -0.008100 0.042431 0.945809 -0.321941 2.640500 0.006972 0.321943 0.946733 0.000000 0.000000 0.000000 0.000000 1.000000
0.999187 -0.039835 0.006145 -0.008100 0.039848 0.953349 -0.299229 2.640500 0.006061 0.299231 0.954161 0.000000 0.000000 0.000000 0.000000 1.000000
0.999300 -0.037051 0.005228 -0.008100 0.037061 0.960801 -0.274749 2.640500 0.005156 0.274751 0.961502 -0.000000 0.000000 0.000000 0.000000 1.000000
0.999437 -0.033305 0.004117 -0.008100 0.033311 0.969747 -0.241829 2.640500 0.004061 0.241830 0.970310 0.000000 0.000000 0.000000 0.000000 1.000000
0.999600 -0.028126 0.002807 -0.008100 0.028129 0.980124 -0.196379 2.640500 0.002772 0.196380 0.980524 0.000000 0.000000 0.000000 0.000000 1.000000
0.999730 -0.023164 0.001789 -0.008100 0.023165 0.987972 -0.152890 2.640500 0.001774 0.152890 0.988242 0.000000 0.000000 0.000000 0.000000 1.000000
0.999789 -0.020506 0.001337 -0.008100 0.020506 0.991352 -0.129615 2.640500 0.001333 0.129615 0.991563 0.000000 0.000000 0.000000 0.000000 1.000000
0.999803 -0.019805 0.001228 -0.008100 0.019805 0.992150 -0.123479 2.640500 0.001227 0.123479 0.992346 0.000000 0.000000 0.000000 0.000000 1.000000
0.999820 -0.018942 0.001101 -0.008100 0.018941 0.993078 -0.115922 2.640500 0.001103 0.115922 0.993258 0.000000 0.000000 0.000000 0.000000 1.000000
0.999860 -0.016694 0.000800 -0.008100 0.016694 0.995216 -0.096260 2.640500 0.000811 0.096260 0.995356 0.000000 0.000000 0.000000 0.000000 1.000000
0.999905 -0.013748 0.000473 -0.008100 0.013747 0.997417 -0.070503 2.640500 0.000497 0.070503 0.997511 0.000000 0.000000 0.000000 0.000000 1.000000
0.999927 -0.012089 0.000324 -0.008100 0.012088 0.998357 -0.056007 2.640500 0.000354 0.056007 0.998430 0.000000 0.000000 0.000000 0.000000 1.000000
0.999913 -0.013167 0.000418 -0.008100 0.013166 0.997771 -0.065423 2.640500 0.000444 0.065423 0.997858 0.000000 0.000000 0.000000 0.000000 1.000000
0.999860 -0.016704 0.000801 -0.008100 0.016704 0.995208 -0.096347 2.640500 0.000813 0.096347 0.995348 0.000000 0.000000 0.000000 0.000000 1.000000
0.999758 -0.021933 0.001572 -0.008100 0.021934 0.989608 -0.142109 2.640500 0.001561 0.142109 0.989850 -0.000000 0.000000 0.000000 0.000000 1.000000
0.999595 -0.028300 0.002847 -0.008100 0.028303 0.979812 -0.197906 2.640500 0.002811 0.197906 0.980217 0.000000 0.000000 0.000000 0.000000 1.000000
0.999368 -0.035246 0.004676 -0.008100 0.035255 0.965264 -0.258886 2.640500 0.004612 0.258887 0.965897 -0.000000 0.000000 0.000000 0.000000 1.000000
0.999076 -0.042395 0.007059 -0.008100 0.042410 0.945870 -0.321762 2.640500 0.006964 0.321764 0.946794 0.000000 0.000000 0.000000 0.000000 1.000000
0.998711 -0.049753 0.010079 -0.008100 0.049778 0.920898 -0.386611 2.640500 0.009954 0.386614 0.922188 0.000000 0.000000 0.000000 0.000000 1.000000
0.998255 -0.057394 0.013880 -0.008100 0.057431 0.889092 -0.454110 2.640500 0.013723 0.454115 0.890837 0.000000 0.000000 0.000000 0.000000 1.000000
0.997705 -0.065134 0.018504 -0.008100 0.065188 0.850041 -0.522668 2.640500 0.018314 0.522674 0.852336 0.000000 0.000000 0.000000 0.000000 1.000000
0.997090 -0.072456 0.023705 -0.008100 0.072528 0.805804 -0.587724 2.640500 0.023483 0.587733 0.808714 0.000000 0.000000 0.000000 0.000000 1.000000
0.996481 -0.078690 0.028877 -0.008100 0.078781 0.761563 -0.643284 2.640500 0.028629 0.643295 0.765083 0.000000 0.000000 0.000000 0.000000 1.000000
0.995950 -0.083476 0.033400 -0.008100 0.083583 0.722723 -0.686065 2.640500 0.033131 0.686078 0.726773 0.000000 0.000000 0.000000 0.000000 1.000000
0.995482 -0.087284 0.037390 -0.008100 0.087394 0.688225 -0.720215 2.640500 0.037130 0.720228 0.692743 0.000000 0.000000 0.000000 0.000000 1.000000
0.995249 -0.089040 0.039390 -0.008100 0.089169 0.671110 -0.735976 2.640500 0.039096 0.735991 0.675861 0.000000 0.000000 0.000000 0.000000 1.000000
0.995402 -0.087913 0.038035 -0.008100 0.087986 0.682191 -0.725861 2.640500 0.037865 0.725870 0.686789 0.000000 0.000000 0.000000 0.000000 1.000000
0.995671 -0.085810 0.035707 -0.008100 0.085852 0.701956 -0.707027 2.640500 0.035605 0.707032 0.706285 0.000000 0.000000 0.000000 0.000000 1.000000
0.996006 -0.083015 0.032868 -0.008100 0.083068 0.726625 -0.681994 2.640500 0.032733 0.682000 0.730619 0.000000 0.000000 0.000000 0.000000 1.000000
0.996358 -0.079842 0.029918 -0.008100 0.079936 0.752638 -0.653565 2.640500 0.029665 0.653576 0.756279 0.000000 0.000000 0.000000 0.000000 1.000000
0.997033 -0.073077 0.024186 -0.008100 0.073150 0.801693 -0.593243 2.640500 0.023963 0.593252 0.804660 -0.000000 0.000000 0.000000 0.000000 1.000000
0.997698 -0.065453 0.017710 -0.008100 0.064989 0.848530 -0.525141 2.640500 0.019345 0.525084 0.850831 -0.000000 0.000000 0.000000 0.000000 1.000000
0.998284 -0.057223 0.012396 -0.008100 0.056628 0.889827 -0.452770 2.640500 0.014879 0.452696 0.891541 0.000000 0.000000 0.000000 0.000000 1.000000
0.998784 -0.048576 0.008473 -0.008100 0.048185 0.924980 -0.376948 2.640500 0.010474 0.376897 0.926196 -0.000000 0.000000 0.000000 0.000000 1.000000
0.999190 -0.039762 0.006120 -0.008100 0.039775 0.953552 -0.298592 2.640500 0.006037 0.298594 0.954361 0.000000 0.000000 0.000000 0.000000 1.000000</float_array>
        <technique_common>
          <accessor source="#mixamorig1_RightHandPinky2-Matrix-animation-output-transform-array" count="66" stride="16">
            <param type="float4x4"/>
          </accessor>
        </technique_common>
      </source>
      <source id="mixamorig1_RightHandPinky2-Interpolations">
        <Name_array id="mixamorig1_RightHandPinky2-Interpolations-array" count="66">
 LINEAR LINEAR LINEAR LINEAR LINEAR LINEAR LINEAR LINEAR LINEAR LINEAR LINEAR
LINEAR LINEAR LINEAR LINEAR LINEAR LINEAR LINEAR LINEAR LINEAR LINEAR LINEAR LINEAR
LINEAR LINEAR LINEAR LINEAR LINEAR LINEAR LINEAR LINEAR LINEAR LINEAR LINEAR LINEAR
LINEAR LINEAR LINEAR LINEAR LINEAR LINEAR LINEAR LINEAR LINEAR LINEAR LINEAR LINEAR
LINEAR LINEAR LINEAR LINEAR LINEAR LINEAR LINEAR LINEAR LINEAR LINEAR LINEAR LINEAR
LINEAR LINEAR LINEAR LINEAR LINEAR LINEAR LINEAR</Name_array>
        <technique_common>
          <accessor source="#mixamorig1_RightHandPinky2-Interpolations-array" count="66">
            <param type="name"/>
          </accessor>
        </technique_common>
      </source>
      <sampler id="mixamorig1_RightHandPinky2-Matrix-animation-transform">
        <input semantic="INPUT" source="#mixamorig1_RightHandPinky2-Matrix-animation-input"/>
        <input semantic="OUTPUT" source="#mixamorig1_RightHandPinky2-Matrix-animation-output-transform"/>
        <input semantic="INTERPOLATION" source="#mixamorig1_RightHandPinky2-Interpolations"/>
      </sampler>
      <channel source="#mixamorig1_RightHandPinky2-Matrix-animation-transform" target="mixamorig1_RightHandPinky2/matrix"/>
    </animation>
    <animation id="mixamorig1_RightHandPinky3-anim" name="mixamorig1_RightHandPinky3">
      <source id="mixamorig1_RightHandPinky3-Matrix-animation-input">
        <float_array id="mixamorig1_RightHandPinky3-Matrix-animation-input-array" count="66">

0.000000 0.033333 0.066667 0.100000 0.133333 0.166667 0.200000 0.233333 0.266667 0.300000 0.333333 0.366667 0.400000 0.433333 0.466667 0.500000
0.533333 0.566667 0.600000 0.633333 0.666667 0.700000 0.733333 0.766667 0.800000 0.833333 0.866667 0.900000 0.933333 0.966667 1.000000 1.033333
1.066667 1.100000 1.133333 1.166667 1.200000 1.233333 1.266667 1.300000 1.333333 1.366667 1.400000 1.433333 1.466667 1.500000 1.533333 1.566667
1.600000 1.633333 1.666667 1.700000 1.733333 1.766667 1.800000 1.833333 1.866667 1.900000 1.933333 1.966667 2.000000 2.033333 2.066667 2.100000
2.133333 2.166667</float_array>
        <technique_common>
          <accessor source="#mixamorig1_RightHandPinky3-Matrix-animation-input-array" count="66">
            <param name="TIME" type="float"/>
          </accessor>
        </technique_common>
      </source>
      <source id="mixamorig1_RightHandPinky3-Matrix-animation-output-transform">
        <float_array id="mixamorig1_RightHandPinky3-Matrix-animation-output-transform-array" count="1056">

0.999501 -0.031333 0.003890 0.005600 0.031149 0.958426 -0.283638 2.149000 0.005158 0.283617 0.958924 0.000000 0.000000 0.000000 0.000000 1.000000
0.999506 -0.031193 0.003853 0.005600 0.031011 0.958787 -0.282428 2.149000 0.005116 0.282408 0.959281 -0.000000 0.000000 0.000000 0.000000 1.000000
0.999510 -0.031054 0.003815 0.005600 0.030873 0.959147 -0.281219 2.149000 0.005074 0.281199 0.959636 -0.000000 0.000000 0.000000 0.000000 1.000000
0.999510 -0.031067 0.003818 0.005600 0.030886 0.959113 -0.281331 2.149000 0.005078 0.281312 0.959603 -0.000000 0.000000 0.000000 0.000000 1.000000
0.999496 -0.031489 0.003932 0.005600 0.031303 0.958019 -0.284989 2.149000 0.005207 0.284969 0.958523 -0.000000 0.000000 0.000000 0.000000 1.000000
0.999478 -0.032033 0.004083 0.005600 0.031841 0.956587 -0.289703 2.149000 0.005374 0.289682 0.957108 0.000000 0.000000 0.000000 0.000000 1.000000
0.999472 -0.032221 0.004135 0.005600 0.032028 0.956083 -0.291340 2.149000 0.005434 0.291318 0.956611 -0.000000 0.000000 0.000000 0.000000 1.000000
0.999485 -0.031834 0.004027 0.005600 0.031645 0.957112 -0.287986 2.149000 0.005314 0.287965 0.957626 0.000000 0.000000 0.000000 0.000000 1.000000
0.999497 -0.031471 0.003928 0.005600 0.031286 0.958065 -0.284838 2.149000 0.005201 0.284818 0.958568 -0.000000 0.000000 0.000000 0.000000 1.000000
0.999486 -0.031806 0.004019 0.005600 0.031617 0.957188 -0.287736 2.149000 0.005304 0.287715 0.957701 0.000000 0.000000 0.000000 0.000000 1.000000
0.999433 -0.033369 0.004463 0.005600 0.033162 0.952959 -0.301280 2.149000 0.005800 0.301257 0.953525 0.000000 0.000000 0.000000 0.000000 1.000000
0.999346 -0.035784 0.005196 0.005600 0.035549 0.946005 -0.322197 2.149000 0.006614 0.322171 0.946658 0.000000 0.000000 0.000000 0.000000 1.000000
0.999260 -0.037993 0.005917 0.005600 0.037731 0.939188 -0.341323 2.149000 0.007411 0.341294 0.939927 0.000000 0.000000 0.000000 0.000000 1.000000
0.999221 -0.038966 0.006251 0.005600 0.038690 0.936048 -0.349738 2.149000 0.007777 0.349707 0.936827 -0.000000 0.000000 0.000000 0.000000 1.000000
0.999232 -0.038698 0.006158 0.005600 0.038426 0.936923 -0.347418 2.149000 0.007675 0.347387 0.937690 -0.000000 0.000000 0.000000 0.000000 1.000000
0.999252 -0.038199 0.005987 0.005600 0.037934 0.938531 -0.343103 2.149000 0.007487 0.343074 0.939279 -0.000000 0.000000 0.000000 0.000000 1.000000
0.999250 -0.038247 0.006003 0.005600 0.037980 0.938380 -0.343513 2.149000 0.007505 0.343483 0.939129 -0.000000 0.000000 0.000000 0.000000 1.000000
0.999227 -0.038828 0.006203 0.005600 0.038554 0.936498 -0.348547 2.149000 0.007724 0.348517 0.937271 0.000000 0.000000 0.000000 0.000000 1.000000
0.999216 -0.039096 0.006296 0.005600 0.038819 0.935621 -0.350865 2.149000 0.007827 0.350834 0.936405 0.000000 0.000000 0.000000 0.000000 1.000000
0.999266 -0.037852 0.005870 0.005600 0.037592 0.939637 -0.340103 2.149000 0.007358 0.340074 0.940370 0.000000 0.000000 0.000000 0.000000 1.000000
0.999354 -0.035577 0.005131 0.005600 0.035345 0.946621 -0.320406 2.149000 0.006542 0.320380 0.947267 -0.000000 0.000000 0.000000 0.000000 1.000000
0.999386 -0.034688 0.004856 0.005600 0.034466 0.949224 -0.312706 2.149000 0.006237 0.312682 0.949837 0.000000 0.000000 0.000000 0.000000 1.000000
0.999333 -0.036139 0.005308 0.005600 0.035899 0.944940 -0.325270 2.149000 0.006739 0.325243 0.945606 0.000000 0.000000 0.000000 0.000000 1.000000
0.999267 -0.037830 0.005862 0.005600 0.037569 0.939708 -0.339907 2.149000 0.007350 0.339878 0.940441 0.000000 0.000000 0.000000 0.000000 1.000000
0.999275 -0.037633 0.005796 0.005600 0.037374 0.940332 -0.338201 2.149000 0.007277 0.338172 0.941056 0.000000 0.000000 0.000000 0.000000 1.000000
0.999338 -0.036010 0.005267 0.005600 0.035772 0.945328 -0.324153 2.149000 0.006693 0.324127 0.945990 -0.000000 0.000000 0.000000 0.000000 1.000000
0.999379 -0.034888 0.004917 0.005600 0.034664 0.948644 -0.314439 2.149000 0.006306 0.314415 0.949265 0.000000 0.000000 0.000000 0.000000 1.000000
0.999368 -0.035202 0.005014 0.005600 0.034974 0.947727 -0.317159 2.149000 0.006413 0.317133 0.948359 0.000000 0.000000 0.000000 0.000000 1.000000
0.999327 -0.036302 0.005360 0.005600 0.036060 0.944447 -0.326678 2.149000 0.006796 0.326652 0.945120 0.000000 0.000000 0.000000 0.000000 1.000000
0.999304 -0.036900 0.005554 0.005600 0.036651 0.942617 -0.331858 2.149000 0.007010 0.331831 0.943313 0.000000 0.000000 0.000000 0.000000 1.000000
0.999332 -0.036149 0.005311 0.005600 0.035909 0.944909 -0.325359 2.149000 0.006743 0.325332 0.945576 0.000000 0.000000 0.000000 0.000000 1.000000
0.999407 -0.034113 0.004683 0.005600 0.033898 0.950870 -0.307728 2.149000 0.006045 0.307704 0.951463 0.000000 0.000000 0.000000 0.000000 1.000000
0.999496 -0.031489 0.003933 0.005600 0.031304 0.958017 -0.284997 2.149000 0.005207 0.284976 0.958520 0.000000 0.000000 0.000000 0.000000 1.000000
0.999585 -0.028624 0.003191 0.005600 0.028468 0.965148 -0.260151 2.149000 0.004367 0.260134 0.965563 0.000000 0.000000 0.000000 0.000000 1.000000
0.999689 -0.024831 0.002328 0.005600 0.024711 0.973523 -0.227251 2.149000 0.003376 0.227238 0.973833 0.000000 0.000000 0.000000 0.000000 1.000000
0.999802 -0.019845 0.001398 0.005600 0.019764 0.982737 -0.183947 2.149000 0.002276 0.183938 0.982935 0.000000 0.000000 0.000000 0.000000 1.000000
0.999883 -0.015286 0.000745 0.005600 0.015233 0.989414 -0.144318 2.149000 0.001469 0.144312 0.989531 0.000000 0.000000 0.000000 0.000000 1.000000
0.999918 -0.012822 0.000470 0.005600 0.012783 0.992338 -0.122890 2.149000 0.001109 0.122886 0.992420 0.000000 0.000000 0.000000 0.000000 1.000000
0.999930 -0.011827 0.000374 0.005600 0.011793 0.993384 -0.114231 2.149000 0.000979 0.114227 0.993454 0.000000 0.000000 0.000000 0.000000 1.000000
0.999946 -0.010430 0.000254 0.005600 0.010402 0.994723 -0.102070 2.149000 0.000812 0.102067 0.994777 0.000000 0.000000 0.000000 0.000000 1.000000
0.999969 -0.007857 0.000078 0.005600 0.007838 0.996791 -0.079665 2.149000 0.000548 0.079663 0.996822 -0.000000 0.000000 0.000000 0.000000 1.000000
0.999988 -0.004917 -0.000052 0.005600 0.004907 0.998526 -0.054057 2.149000 0.000317 0.054056 0.998538 0.000000 0.000000 0.000000 0.000000 1.000000
0.999994 -0.003370 -0.000090 0.005600 0.003363 0.999171 -0.040565 2.149000 0.000227 0.040565 0.999177 0.000000 0.000000 0.000000 0.000000 1.000000
0.999990 -0.004479 -0.000065 0.005600 0.004470 0.998728 -0.050232 2.149000 0.000290 0.050231 0.998738 -0.000000 0.000000 0.000000 0.000000 1.000000
0.999968 -0.007997 0.000086 0.005600 0.007978 0.996691 -0.080890 2.149000 0.000561 0.080888 0.996723 0.000000 0.000000 0.000000 0.000000 1.000000
0.999912 -0.013242 0.000513 0.005600 0.013200 0.991874 -0.126541 2.149000 0.001167 0.126536 0.991961 0.000000 0.000000 0.000000 0.000000 1.000000
0.999805 -0.019680 0.001371 0.005600 0.019600 0.983008 -0.182512 2.149000 0.002244 0.182503 0.983203 0.000000 0.000000 0.000000 0.000000 1.000000
0.999639 -0.026736 0.002745 0.005600 0.026599 0.969466 -0.243778 2.149000 0.003857 0.243763 0.969827 0.000000 0.000000 0.000000 0.000000 1.000000
0.999410 -0.034024 0.004656 0.005600 0.033810 0.951123 -0.306956 2.149000 0.006016 0.306933 0.951712 -0.000000 0.000000 0.000000 0.000000 1.000000
0.999110 -0.041560 0.007188 0.005600 0.041248 0.927248 -0.372170 2.149000 0.008802 0.372135 0.928137 0.000000 0.000000 0.000000 0.000000 1.000000
0.998723 -0.049431 0.010482 0.005600 0.048995 0.896580 -0.440163 2.149000 0.012360 0.440114 0.897857 -0.000000 0.000000 0.000000 0.000000 1.000000
0.998241 -0.057458 0.014590 0.005600 0.056869 0.858674 -0.509357 2.149000 0.016738 0.509291 0.860432 0.000000 0.000000 0.000000 0.000000 1.000000
0.997691 -0.065109 0.019303 0.005600 0.064348 0.815513 -0.575150 2.149000 0.021706 0.575064 0.817820 0.000000 0.000000 0.000000 0.000000 1.000000
0.997138 -0.071672 0.024059 0.005600 0.070739 0.772183 -0.631450 2.149000 0.026679 0.631344 0.775044 0.000000 0.000000 0.000000 0.000000 1.000000
0.996650 -0.076748 0.028262 0.005600 0.075662 0.734037 -0.674881 2.149000 0.031050 0.674759 0.737385 0.000000 0.000000 0.000000 0.000000 1.000000
0.996216 -0.080812 0.031996 0.005600 0.079582 0.700090 -0.709606 2.149000 0.034945 0.709467 0.703872 0.000000 0.000000 0.000000 0.000000 1.000000
0.995999 -0.082696 0.033878 0.005600 0.081410 0.683230 -0.725651 2.149000 0.036862 0.725505 0.687229 0.000000 0.000000 0.000000 0.000000 1.000000
0.996141 -0.081487 0.032599 0.005600 0.080193 0.694152 -0.715348 2.149000 0.035663 0.715202 0.698008 0.000000 0.000000 0.000000 0.000000 1.000000
0.996392 -0.079236 0.030411 0.005600 0.077997 0.713618 -0.696179 2.149000 0.033461 0.696039 0.717224 0.000000 0.000000 0.000000 0.000000 1.000000
0.996702 -0.076256 0.027759 0.005600 0.075135 0.737886 -0.670730 2.149000 0.030664 0.670603 0.741182 -0.000000 0.000000 0.000000 0.000000 1.000000
0.997026 -0.072888 0.025021 0.005600 0.071920 0.763439 -0.641864 2.149000 0.027682 0.641754 0.766411 0.000000 0.000000 0.000000 0.000000 1.000000
0.997640 -0.065759 0.019743 0.005600 0.064982 0.811496 -0.580733 2.149000 0.022167 0.580646 0.813855 0.000000 0.000000 0.000000 0.000000 1.000000
0.998233 -0.057802 0.013781 0.005600 0.056702 0.857198 -0.511856 2.149000 0.017773 0.511733 0.858961 0.000000 0.000000 0.000000 0.000000 1.000000
0.998745 -0.049274 0.009011 0.005600 0.048227 0.897284 -0.438812 2.149000 0.013537 0.438695 0.898534 0.000000 0.000000 0.000000 0.000000 1.000000
0.999169 -0.040367 0.005656 0.005600 0.039671 0.931166 -0.362430 2.149000 0.009363 0.362353 0.931994 0.000000 0.000000 0.000000 0.000000 1.000000
0.999501 -0.031333 0.003890 0.005600 0.031149 0.958425 -0.283638 2.149000 0.005159 0.283618 0.958924 0.000000 0.000000 0.000000 0.000000 1.000000</float_array>
        <technique_common>
          <accessor source="#mixamorig1_RightHandPinky3-Matrix-animation-output-transform-array" count="66" stride="16">
            <param type="float4x4"/>
          </accessor>
        </technique_common>
      </source>
      <source id="mixamorig1_RightHandPinky3-Interpolations">
        <Name_array id="mixamorig1_RightHandPinky3-Interpolations-array" count="66">
 LINEAR LINEAR LINEAR LINEAR LINEAR LINEAR LINEAR LINEAR LINEAR LINEAR LINEAR
LINEAR LINEAR LINEAR LINEAR LINEAR LINEAR LINEAR LINEAR LINEAR LINEAR LINEAR LINEAR
LINEAR LINEAR LINEAR LINEAR LINEAR LINEAR LINEAR LINEAR LINEAR LINEAR LINEAR LINEAR
LINEAR LINEAR LINEAR LINEAR LINEAR LINEAR LINEAR LINEAR LINEAR LINEAR LINEAR LINEAR
LINEAR LINEAR LINEAR LINEAR LINEAR LINEAR LINEAR LINEAR LINEAR LINEAR LINEAR LINEAR
LINEAR LINEAR LINEAR LINEAR LINEAR LINEAR LINEAR</Name_array>
        <technique_common>
          <accessor source="#mixamorig1_RightHandPinky3-Interpolations-array" count="66">
            <param type="name"/>
          </accessor>
        </technique_common>
      </source>
      <sampler id="mixamorig1_RightHandPinky3-Matrix-animation-transform">
        <input semantic="INPUT" source="#mixamorig1_RightHandPinky3-Matrix-animation-input"/>
        <input semantic="OUTPUT" source="#mixamorig1_RightHandPinky3-Matrix-animation-output-transform"/>
        <input semantic="INTERPOLATION" source="#mixamorig1_RightHandPinky3-Interpolations"/>
      </sampler>
      <channel source="#mixamorig1_RightHandPinky3-Matrix-animation-transform" target="mixamorig1_RightHandPinky3/matrix"/>
    </animation>
    <animation id="mixamorig1_LeftUpLeg-anim" name="mixamorig1_LeftUpLeg">
      <source id="mixamorig1_LeftUpLeg-Matrix-animation-input">
        <float_array id="mixamorig1_LeftUpLeg-Matrix-animation-input-array" count="66">

0.000000 0.033333 0.066667 0.100000 0.133333 0.166667 0.200000 0.233333 0.266667 0.300000 0.333333 0.366667 0.400000 0.433333 0.466667 0.500000
0.533333 0.566667 0.600000 0.633333 0.666667 0.700000 0.733333 0.766667 0.800000 0.833333 0.866667 0.900000 0.933333 0.966667 1.000000 1.033333
1.066667 1.100000 1.133333 1.166667 1.200000 1.233333 1.266667 1.300000 1.333333 1.366667 1.400000 1.433333 1.466667 1.500000 1.533333 1.566667
1.600000 1.633333 1.666667 1.700000 1.733333 1.766667 1.800000 1.833333 1.866667 1.900000 1.933333 1.966667 2.000000 2.033333 2.066667 2.100000
2.133333 2.166667</float_array>
        <technique_common>
          <accessor source="#mixamorig1_LeftUpLeg-Matrix-animation-input-array" count="66">
            <param name="TIME" type="float"/>
          </accessor>
        </technique_common>
      </source>
      <source id="mixamorig1_LeftUpLeg-Matrix-animation-output-transform">
        <float_array id="mixamorig1_LeftUpLeg-Matrix-animation-output-transform-array" count="1056">

-0.952703 0.169145 0.252480 8.078200 -0.132454 -0.978842 0.155959 -5.402400 0.273518 0.115141 0.954950 -0.535900 0.000000 0.000000 0.000000 1.000000
-0.950656 0.170309 0.259322 8.078200 -0.129939 -0.977582 0.165677 -5.402400 0.281725 0.123806 0.951474 -0.535900 0.000000 0.000000 0.000000 1.000000
-0.948532 0.171615 0.266148 8.078200 -0.127427 -0.976227 0.175340 -5.402400 0.289912 0.132401 0.947851 -0.535900 0.000000 0.000000 0.000000 1.000000
-0.946642 0.173062 0.271879 8.078200 -0.123604 -0.974042 0.189644 -5.402400 0.297641 0.145919 0.943460 -0.535900 0.000000 0.000000 0.000000 1.000000
-0.945468 0.174170 0.275236 8.078200 -0.116737 -0.970083 0.212866 -5.402400 0.304076 0.169128 0.937514 -0.535900 0.000000 0.000000 0.000000 1.000000
-0.944473 0.176753 0.276999 8.078200 -0.107898 -0.963080 0.246648 -5.402400 0.310368 0.203064 0.928674 -0.535900 0.000000 0.000000 0.000000 1.000000
-0.942824 0.186346 0.276329 8.078200 -0.097018 -0.946637 0.307355 -5.402400 0.318858 0.262973 0.910591 -0.535900 0.000000 0.000000 0.000000 1.000000
-0.939520 0.206021 0.273601 8.078200 -0.082821 -0.911804 0.402187 -5.402400 0.332330 0.355203 0.873721 -0.535900 0.000000 0.000000 0.000000 1.000000
-0.934545 0.232114 0.269721 8.078200 -0.067990 -0.860480 0.504928 -5.402400 0.349290 0.453539 0.819938 -0.535900 0.000000 0.000000 0.000000 1.000000
-0.923958 0.276017 0.264795 8.078200 -0.052994 -0.777986 0.626042 -5.402400 0.378805 0.564404 0.733454 -0.535900 0.000000 0.000000 0.000000 1.000000
-0.909487 0.331779 0.250509 8.078200 -0.037067 -0.664891 0.746020 -5.402400 0.414075 0.669210 0.617008 -0.535900 0.000000 0.000000 0.000000 1.000000
-0.896570 0.385537 0.217998 8.078200 -0.018657 -0.524643 0.851118 -5.402400 0.442509 0.759020 0.477572 -0.535900 0.000000 0.000000 0.000000 1.000000
-0.890722 0.421453 0.170272 8.078200 0.002584 -0.369894 0.929070 -5.402400 0.454542 0.827983 0.328384 -0.535900 0.000000 0.000000 0.000000 1.000000
-0.891546 0.435651 0.123910 8.078200 0.027888 -0.220255 0.975044 -5.402400 0.452071 0.872752 0.184218 -0.535900 0.000000 0.000000 0.000000 1.000000
-0.894324 0.437353 0.094376 8.078200 0.058483 -0.094856 0.993772 -5.402400 0.443581 0.894273 0.059254 -0.535900 0.000000 0.000000 0.000000 1.000000
-0.896095 0.435909 0.083652 8.078200 0.087871 -0.010514 0.996076 -5.402400 0.435078 0.899929 -0.028882 -0.535900 0.000000 0.000000 0.000000 1.000000
-0.898582 0.430136 0.086794 8.078200 0.103121 0.014741 0.994560 -5.402400 0.426517 0.902644 -0.057602 -0.535900 0.000000 0.000000 0.000000 1.000000
-0.904120 0.414672 0.103025 8.078200 0.098847 -0.031589 0.994601 -5.402400 0.415688 0.909423 -0.012429 -0.535900 0.000000 0.000000 0.000000 1.000000
-0.911250 0.388475 0.136787 8.078200 0.085980 -0.145370 0.985634 -5.402400 0.402779 0.909920 0.099068 -0.535900 0.000000 0.000000 0.000000 1.000000
-0.916837 0.356025 0.180711 8.078200 0.077606 -0.285070 0.955360 -5.402400 0.391647 0.889933 0.233733 -0.535900 0.000000 0.000000 0.000000 1.000000
-0.923004 0.317827 0.216909 8.078200 0.070980 -0.413402 0.907778 -5.402400 0.378187 0.853279 0.359012 -0.535900 0.000000 0.000000 0.000000 1.000000
-0.936053 0.273799 0.220994 8.078200 0.054574 -0.507501 0.859921 -5.402400 0.347600 0.816993 0.460106 -0.535900 0.000000 0.000000 0.000000 1.000000
-0.956330 0.229289 0.181270 8.078200 0.029052 -0.542538 0.839529 -5.402400 0.290841 0.808133 0.512184 -0.535900 0.000000 0.000000 0.000000 1.000000
-0.978123 0.175449 0.111773 8.078200 0.006195 -0.512497 0.858667 -5.402400 0.207935 0.840574 0.500198 -0.535900 0.000000 0.000000 0.000000 1.000000
-0.994642 0.096355 0.037469 8.078200 -0.003756 -0.395861 0.918303 -5.402400 0.103315 0.913241 0.394102 -0.535900 0.000000 0.000000 0.000000 1.000000
-0.999997 -0.001765 0.001589 8.078200 0.001883 -0.181834 0.983328 -5.402400 -0.001447 0.983328 0.181836 -0.535900 0.000000 0.000000 0.000000 1.000000
-0.998644 -0.052044 0.001241 8.078200 -0.002662 0.074857 0.997191 -5.402400 -0.051991 0.995835 -0.074894 -0.535900 0.000000 0.000000 0.000000 1.000000
-0.997280 -0.052995 0.051227 8.078200 0.030844 0.331172 0.943066 -5.402400 -0.066943 0.942081 -0.328637 -0.535900 0.000000 0.000000 0.000000 1.000000
-0.991621 -0.019189 0.127749 8.078200 0.098554 0.526958 0.844158 -5.402400 -0.083517 0.849675 -0.520651 -0.535900 0.000000 0.000000 0.000000 1.000000
-0.982503 0.037117 0.182509 8.078200 0.168318 0.596440 0.784811 -5.402400 -0.079726 0.801799 -0.592252 -0.535900 0.000000 0.000000 0.000000 1.000000
-0.977694 0.114306 0.176208 8.078200 0.210014 0.544045 0.812348 -5.402400 -0.003008 0.831234 -0.555915 -0.535900 0.000000 0.000000 0.000000 1.000000
-0.970858 0.198211 0.134714 8.078200 0.206701 0.408062 0.889247 -5.402400 0.121287 0.891178 -0.437141 -0.535900 0.000000 0.000000 0.000000 1.000000
-0.955586 0.277541 0.099125 8.078200 0.163891 0.220908 0.961426 -5.402400 0.244937 0.934971 -0.256583 -0.535900 0.000000 0.000000 0.000000 1.000000
-0.933670 0.344830 0.096704 8.078200 0.104271 0.003416 0.994543 -5.402400 0.342618 0.938659 -0.039146 -0.535900 0.000000 0.000000 0.000000 1.000000
-0.914436 0.383415 0.129613 8.078200 0.044134 -0.223873 0.973619 -5.402400 0.402317 0.896032 0.187796 -0.535900 0.000000 0.000000 0.000000 1.000000
-0.911683 0.372963 0.172430 8.078200 -0.014124 -0.447844 0.894000 -5.402400 0.410651 0.812610 0.413560 -0.535900 0.000000 0.000000 0.000000 1.000000
-0.931976 0.309199 0.189255 8.078200 -0.067708 -0.661328 0.747035 -5.402400 0.356142 0.683404 0.637277 -0.535900 0.000000 0.000000 0.000000 1.000000
-0.959840 0.223576 0.169473 8.078200 -0.097179 -0.831639 0.546747 -5.402400 0.263180 0.508321 0.819967 -0.535900 0.000000 0.000000 0.000000 1.000000
-0.974218 0.170974 0.147198 8.078200 -0.100457 -0.912940 0.395535 -5.402400 0.202009 0.370551 0.906578 -0.535900 0.000000 0.000000 0.000000 1.000000
-0.975489 0.177101 0.130600 8.078200 -0.100294 -0.886112 0.452489 -5.402400 0.195863 0.428299 0.882155 -0.535900 0.000000 0.000000 0.000000 1.000000
-0.971040 0.224258 0.082396 8.078200 -0.131495 -0.789593 0.599376 -5.402400 0.199475 0.571184 0.796216 -0.535900 0.000000 0.000000 0.000000 1.000000
-0.968070 0.250102 0.017006 8.078200 -0.158234 -0.662275 0.732362 -5.402400 0.194428 0.706287 0.680703 -0.535900 0.000000 0.000000 0.000000 1.000000
-0.963166 0.268846 -0.005847 8.078200 -0.161401 -0.560570 0.812226 -5.402400 0.215086 0.783252 0.583313 -0.535900 0.000000 0.000000 0.000000 1.000000
-0.957603 0.287626 0.016345 8.078200 -0.141613 -0.519368 0.842735 -5.402400 0.250882 0.804692 0.538080 -0.535900 0.000000 0.000000 0.000000 1.000000
-0.956929 0.287697 0.038946 8.078200 -0.123982 -0.526263 0.841235 -5.402400 0.262516 0.800174 0.539266 -0.535900 0.000000 0.000000 0.000000 1.000000
-0.964285 0.262069 0.038389 8.078200 -0.118936 -0.557938 0.821315 -5.402400 0.236660 0.787417 0.569181 -0.535900 0.000000 0.000000 0.000000 1.000000
-0.972268 0.231732 0.031549 8.078200 -0.117654 -0.601239 0.790360 -5.402400 0.202120 0.764730 0.611830 -0.535900 0.000000 0.000000 0.000000 1.000000
-0.974788 0.218564 0.044915 8.078200 -0.112298 -0.654495 0.747680 -5.402400 0.192812 0.723786 0.662539 -0.535900 0.000000 0.000000 0.000000 1.000000
-0.972136 0.220199 0.080404 8.078200 -0.105328 -0.716719 0.689362 -5.402400 0.209424 0.661684 0.719941 -0.535900 0.000000 0.000000 0.000000 1.000000
-0.968401 0.220628 0.116290 8.078200 -0.102894 -0.778187 0.619547 -5.402400 0.227185 0.588004 0.776298 -0.535900 0.000000 0.000000 0.000000 1.000000
-0.967691 0.212986 0.134947 8.078200 -0.104882 -0.826734 0.552730 -5.402400 0.229289 0.520718 0.822362 -0.535900 0.000000 0.000000 0.000000 1.000000
-0.969408 0.202372 0.138901 8.078200 -0.107741 -0.859292 0.500010 -5.402400 0.220545 0.469748 0.854808 -0.535900 0.000000 0.000000 0.000000 1.000000
-0.970186 0.195953 0.142624 8.078200 -0.110352 -0.881093 0.459888 -5.402400 0.215781 0.430438 0.876448 -0.535900 0.000000 0.000000 0.000000 1.000000
-0.968075 0.195873 0.156412 8.078200 -0.113200 -0.898373 0.424396 -5.402400 0.223644 0.393141 0.891865 -0.535900 0.000000 0.000000 0.000000 1.000000
-0.963897 0.198594 0.177380 8.078200 -0.116538 -0.913592 0.389576 -5.402400 0.239420 0.354839 0.903752 -0.535900 0.000000 0.000000 0.000000 1.000000
-0.960699 0.198719 0.193826 8.078200 -0.119762 -0.926622 0.356411 -5.402400 0.250429 0.319190 0.914004 -0.535900 0.000000 0.000000 0.000000 1.000000
-0.958292 0.196559 0.207465 8.078200 -0.122267 -0.938110 0.324037 -5.402400 0.258317 0.285156 0.923016 -0.535900 0.000000 0.000000 0.000000 1.000000
-0.956859 0.191918 0.218147 8.078200 -0.123663 -0.948405 0.291952 -5.402400 0.262923 0.252380 0.931223 -0.535900 0.000000 0.000000 0.000000 1.000000
-0.955770 0.186203 0.227666 8.078200 -0.124715 -0.957618 0.259643 -5.402400 0.266363 0.219766 0.938485 -0.535900 0.000000 0.000000 0.000000 1.000000
-0.954911 0.179891 0.236185 8.078200 -0.125516 -0.965550 0.227946 -5.402400 0.269054 0.188023 0.944594 -0.535900 0.000000 0.000000 0.000000 1.000000
-0.954161 0.173437 0.243917 8.078200 -0.126154 -0.972106 0.197723 -5.402400 0.271406 0.157889 0.949426 -0.535900 0.000000 0.000000 0.000000 1.000000
-0.954699 0.167865 0.245706 8.078200 -0.125222 -0.975661 0.180014 -5.402400 0.269944 0.141092 0.952483 -0.535900 0.000000 0.000000 0.000000 1.000000
-0.954323 0.167542 0.247383 8.078200 -0.126724 -0.976792 0.172680 -5.402400 0.270573 0.133443 0.953406 -0.535900 0.000000 0.000000 0.000000 1.000000
-0.953814 0.167943 0.249067 8.078200 -0.128567 -0.977571 0.166811 -5.402400 0.271496 0.127085 0.954012 -0.535900 0.000000 0.000000 0.000000 1.000000
-0.953248 0.168626 0.250766 8.078200 -0.130546 -0.978195 0.161532 -5.402400 0.272536 0.121244 0.954476 -0.535900 0.000000 0.000000 0.000000 1.000000
-0.952703 0.169145 0.252480 8.078200 -0.132454 -0.978842 0.155961 -5.402400 0.273518 0.115142 0.954950 -0.535900 0.000000 0.000000 0.000000 1.000000</float_array>
        <technique_common>
          <accessor source="#mixamorig1_LeftUpLeg-Matrix-animation-output-transform-array" count="66" stride="16">
            <param type="float4x4"/>
          </accessor>
        </technique_common>
      </source>
      <source id="mixamorig1_LeftUpLeg-Interpolations">
        <Name_array id="mixamorig1_LeftUpLeg-Interpolations-array" count="66">
 LINEAR LINEAR LINEAR LINEAR LINEAR LINEAR LINEAR LINEAR LINEAR LINEAR LINEAR
LINEAR LINEAR LINEAR LINEAR LINEAR LINEAR LINEAR LINEAR LINEAR LINEAR LINEAR LINEAR
LINEAR LINEAR LINEAR LINEAR LINEAR LINEAR LINEAR LINEAR LINEAR LINEAR LINEAR LINEAR
LINEAR LINEAR LINEAR LINEAR LINEAR LINEAR LINEAR LINEAR LINEAR LINEAR LINEAR LINEAR
LINEAR LINEAR LINEAR LINEAR LINEAR LINEAR LINEAR LINEAR LINEAR LINEAR LINEAR LINEAR
LINEAR LINEAR LINEAR LINEAR LINEAR LINEAR LINEAR</Name_array>
        <technique_common>
          <accessor source="#mixamorig1_LeftUpLeg-Interpolations-array" count="66">
            <param type="name"/>
          </accessor>
        </technique_common>
      </source>
      <sampler id="mixamorig1_LeftUpLeg-Matrix-animation-transform">
        <input semantic="INPUT" source="#mixamorig1_LeftUpLeg-Matrix-animation-input"/>
        <input semantic="OUTPUT" source="#mixamorig1_LeftUpLeg-Matrix-animation-output-transform"/>
        <input semantic="INTERPOLATION" source="#mixamorig1_LeftUpLeg-Interpolations"/>
      </sampler>
      <channel source="#mixamorig1_LeftUpLeg-Matrix-animation-transform" target="mixamorig1_LeftUpLeg/matrix"/>
    </animation>
    <animation id="mixamorig1_LeftLeg-anim" name="mixamorig1_LeftLeg">
      <source id="mixamorig1_LeftLeg-Matrix-animation-input">
        <float_array id="mixamorig1_LeftLeg-Matrix-animation-input-array" count="66">

0.000000 0.033333 0.066667 0.100000 0.133333 0.166667 0.200000 0.233333 0.266667 0.300000 0.333333 0.366667 0.400000 0.433333 0.466667 0.500000
0.533333 0.566667 0.600000 0.633333 0.666667 0.700000 0.733333 0.766667 0.800000 0.833333 0.866667 0.900000 0.933333 0.966667 1.000000 1.033333
1.066667 1.100000 1.133333 1.166667 1.200000 1.233333 1.266667 1.300000 1.333333 1.366667 1.400000 1.433333 1.466667 1.500000 1.533333 1.566667
1.600000 1.633333 1.666667 1.700000 1.733333 1.766667 1.800000 1.833333 1.866667 1.900000 1.933333 1.966667 2.000000 2.033333 2.066667 2.100000
2.133333 2.166667</float_array>
        <technique_common>
          <accessor source="#mixamorig1_LeftLeg-Matrix-animation-input-array" count="66">
            <param name="TIME" type="float"/>
          </accessor>
        </technique_common>
      </source>
      <source id="mixamorig1_LeftLeg-Matrix-animation-output-transform">
        <float_array id="mixamorig1_LeftLeg-Matrix-animation-output-transform-array" count="1056">

0.997266 -0.061798 -0.040523 0.000000 0.069452 0.971125 0.228237 42.789799 0.025248 -0.230428 0.972762 0.000000 0.000000 0.000000 0.000000 1.000000
0.997504 -0.052792 -0.046887 0.000000 0.062130 0.971764 0.227630 42.789799 0.033546 -0.229975 0.972618 0.000000 0.000000 0.000000 0.000000 1.000000
0.997620 -0.043788 -0.053262 0.000000 0.054804 0.972322 0.227129 42.789799 0.041842 -0.229507 0.972407 0.000000 0.000000 0.000000 0.000000 1.000000
0.997380 -0.034302 -0.063689 0.000000 0.048089 0.972120 0.229501 42.789799 0.054041 -0.231963 0.971222 0.000000 0.000000 0.000000 0.000000 1.000000
0.996241 -0.023530 -0.083374 0.000000 0.042684 0.970802 0.236053 42.789799 0.075385 -0.238724 0.968157 0.000000 0.000000 0.000000 0.000000 1.000000
0.993998 -0.011141 -0.108825 0.000000 0.038411 0.967005 0.251845 42.789799 0.102429 -0.254513 0.961630 0.000000 0.000000 0.000000 0.000000 1.000000
0.990230 0.005924 -0.139320 0.000000 0.036279 0.953748 0.298409 42.789799 0.134644 -0.300548 0.944215 0.000000 0.000000 0.000000 0.000000 1.000000
0.987003 0.025722 -0.158631 0.000000 0.038115 0.921472 0.386570 42.789799 0.156117 -0.387592 0.908515 -0.000000 0.000000 0.000000 0.000000 1.000000
0.984069 0.048763 -0.170971 0.000000 0.041062 0.873314 0.485424 42.789799 0.172982 -0.484711 0.857399 0.000000 0.000000 0.000000 0.000000 1.000000
0.983020 0.072358 -0.168631 0.000000 0.045708 0.793451 0.606915 42.789799 0.177715 -0.604318 0.776671 0.000000 0.000000 0.000000 0.000000 1.000000
0.981914 0.090282 -0.166417 0.000000 0.059938 0.685541 0.725562 42.789799 0.179591 -0.722414 0.667731 -0.000000 0.000000 0.000000 0.000000 1.000000
0.981601 0.096686 -0.164656 -0.000000 0.083549 0.557911 0.825684 42.789799 0.171695 -0.824249 0.539568 -0.000000 0.000000 0.000000 0.000000 1.000000
0.982148 0.093499 -0.163226 0.000000 0.108938 0.424690 0.898761 42.789799 0.153354 -0.900498 0.406923 0.000000 0.000000 0.000000 0.000000 1.000000
0.982881 0.088255 -0.161730 -0.000000 0.128412 0.301334 0.944832 42.789799 0.132121 -0.949426 0.284842 0.000000 0.000000 0.000000 0.000000 1.000000
0.985500 0.085233 -0.146715 0.000000 0.127869 0.195305 0.972371 42.789799 0.111533 -0.977032 0.181574 0.000000 0.000000 0.000000 0.000000 1.000000
0.988125 0.083769 -0.128806 0.000000 0.119187 0.111159 0.986630 42.789799 0.096966 -0.990266 0.099855 0.000000 0.000000 0.000000 0.000000 1.000000
0.988791 0.081042 -0.125398 0.000000 0.120692 0.060585 0.990839 42.789799 0.087897 -0.994868 0.050125 0.000000 0.000000 0.000000 0.000000 1.000000
0.985780 0.077114 -0.149302 -0.000000 0.145275 0.055460 0.987836 42.789799 0.084456 -0.995479 0.043469 0.000000 0.000000 0.000000 0.000000 1.000000
0.984604 0.073723 -0.158493 0.000000 0.151496 0.092424 0.984127 42.789799 0.087201 -0.992987 0.079832 -0.000000 0.000000 0.000000 0.000000 1.000000
0.983499 0.074915 -0.164677 -0.000000 0.153497 0.136247 0.978711 42.789799 0.095757 -0.987838 0.122499 -0.000000 0.000000 0.000000 0.000000 1.000000
0.982248 0.077594 -0.170789 0.000000 0.152953 0.195829 0.968636 42.789799 0.108606 -0.977563 0.180484 0.000000 0.000000 0.000000 0.000000 1.000000
0.991444 0.063736 -0.113916 0.000000 0.092472 0.273013 0.957556 42.789799 0.092131 -0.959897 0.264783 0.000000 0.000000 0.000000 0.000000 1.000000
0.999547 0.028652 0.009194 0.000000 -0.016900 0.281753 0.959338 42.789799 0.024897 -0.959059 0.282109 0.000000 0.000000 0.000000 0.000000 1.000000
0.996540 -0.005695 0.082925 0.000000 -0.079979 0.205974 0.975284 42.789799 -0.022635 -0.978541 0.204806 0.000000 0.000000 0.000000 0.000000 1.000000
0.996825 -0.022309 0.076434 0.000000 -0.076043 0.017880 0.996944 42.789799 -0.023607 -0.999591 0.016127 0.000000 0.000000 0.000000 0.000000 1.000000
0.999414 -0.020496 0.027401 0.000000 -0.031553 -0.242153 0.969725 42.789799 -0.013240 -0.970022 -0.242658 0.000000 0.000000 0.000000 0.000000 1.000000
0.999532 -0.014587 -0.026874 0.000000 0.016933 -0.467756 0.883695 42.789799 -0.025461 -0.883737 -0.467291 0.000000 0.000000 0.000000 0.000000 1.000000
0.995465 -0.019942 -0.093017 0.000000 0.059124 -0.636311 0.769164 42.789799 -0.074527 -0.771175 -0.632246 0.000000 0.000000 0.000000 0.000000 1.000000
0.989146 -0.038873 -0.141699 -0.000000 0.067436 -0.736701 0.672848 42.789799 -0.130545 -0.675100 -0.726084 -0.000000 0.000000 0.000000 0.000000 1.000000
0.988292 -0.059460 -0.140511 -0.000000 0.046052 -0.761734 0.646251 42.789799 -0.145458 -0.645155 -0.750077 -0.000000 0.000000 0.000000 0.000000 1.000000
0.990273 -0.062762 -0.124181 0.000000 0.040596 -0.723334 0.689304 42.789799 -0.133086 -0.687640 -0.713750 -0.000000 0.000000 0.000000 0.000000 1.000000
0.997659 -0.050334 -0.046301 0.000000 0.004897 -0.622696 0.782449 42.789799 -0.068215 -0.780844 -0.620991 -0.000000 0.000000 0.000000 0.000000 1.000000
0.999374 -0.024370 -0.025665 -0.000000 0.011143 -0.471624 0.881729 42.789799 -0.033592 -0.881463 -0.471057 0.000000 0.000000 0.000000 0.000000 1.000000
0.998796 0.005267 -0.048782 0.000000 0.048400 -0.268955 0.961936 42.789799 -0.008054 -0.963138 -0.268886 -0.000000 0.000000 0.000000 0.000000 1.000000
0.998342 0.036730 -0.044322 0.000000 0.044340 0.000318 0.999016 42.789799 0.036708 -0.999325 -0.001311 0.000000 0.000000 0.000000 0.000000 1.000000
0.997905 0.063253 0.013620 0.000000 -0.033832 0.330656 0.943145 42.789799 0.055153 -0.941629 0.332103 0.000000 0.000000 0.000000 0.000000 1.000000
0.996602 0.054264 0.061962 0.000000 -0.082364 0.656876 0.749486 42.789799 -0.000031 -0.752043 0.659114 0.000000 0.000000 0.000000 0.000000 1.000000
0.998812 -0.007810 0.048106 0.000000 -0.016823 0.871157 0.490716 42.789799 -0.045740 -0.490942 0.869990 0.000000 0.000000 0.000000 0.000000 1.000000
0.997295 -0.066824 0.030612 0.000000 0.051403 0.931775 0.359379 42.789799 -0.052538 -0.356833 0.932690 0.000000 0.000000 0.000000 0.000000 1.000000
0.993760 -0.087997 0.068538 0.000000 0.032495 0.816227 0.576816 42.789799 -0.106700 -0.570990 0.813994 0.000000 0.000000 0.000000 0.000000 1.000000
0.985984 -0.086157 0.142875 -0.000000 -0.060174 0.615077 0.786167 42.789799 -0.155613 -0.783746 0.601272 0.000000 0.000000 0.000000 0.000000 1.000000
0.986219 -0.074920 0.147512 0.000000 -0.100513 0.436879 0.893887 42.789799 -0.131415 -0.896395 0.423328 -0.000000 0.000000 0.000000 0.000000 1.000000
0.986067 -0.051864 0.158057 0.000000 -0.131085 0.342704 0.930253 42.789799 -0.102414 -0.938011 0.331130 0.000000 0.000000 0.000000 0.000000 1.000000
0.984612 -0.031522 0.171888 0.000000 -0.151863 0.332343 0.930852 42.789799 -0.086468 -0.942632 0.322442 -0.000000 0.000000 0.000000 0.000000 1.000000
0.984047 -0.023980 0.176283 0.000000 -0.154597 0.375072 0.914014 42.789799 -0.088037 -0.926685 0.365381 -0.000000 0.000000 0.000000 0.000000 1.000000
0.984040 -0.029861 0.175425 -0.000000 -0.143116 0.453045 0.879925 42.789799 -0.105751 -0.890987 0.441541 0.000000 0.000000 0.000000 0.000000 1.000000
0.984598 -0.038804 0.170475 0.000000 -0.121441 0.549663 0.826512 42.789799 -0.125776 -0.834485 0.536485 -0.000000 0.000000 0.000000 0.000000 1.000000
0.985299 -0.040901 0.165870 0.000000 -0.099783 0.650308 0.753089 42.789799 -0.138669 -0.758569 0.636666 0.000000 0.000000 0.000000 0.000000 1.000000
0.985675 -0.036490 0.164663 0.000000 -0.083709 0.741729 0.665455 42.789799 -0.146418 -0.669706 0.728049 0.000000 0.000000 0.000000 0.000000 1.000000
0.988360 -0.033821 0.148326 0.000000 -0.059321 0.812127 0.580458 42.789799 -0.140091 -0.582500 0.800667 0.000000 0.000000 0.000000 0.000000 1.000000
0.991846 -0.038186 0.121585 0.000000 -0.029955 0.857468 0.513665 42.789799 -0.123870 -0.513119 0.849332 0.000000 0.000000 0.000000 0.000000 1.000000
0.993786 -0.046508 0.101123 -0.000000 -0.006650 0.882087 0.471039 42.789799 -0.111106 -0.468785 0.876297 0.000000 0.000000 0.000000 0.000000 1.000000
0.995107 -0.052854 0.083476 0.000000 0.009996 0.894407 0.447142 42.789799 -0.098295 -0.444120 0.890559 0.000000 0.000000 0.000000 0.000000 1.000000
0.996307 -0.054327 0.066491 0.000000 0.020420 0.902082 0.431082 42.789799 -0.083400 -0.428132 0.899859 0.000000 0.000000 0.000000 0.000000 1.000000
0.997355 -0.052772 0.049982 0.000000 0.027177 0.908526 0.416944 42.789799 -0.067413 -0.414483 0.907557 -0.000000 0.000000 0.000000 0.000000 1.000000
0.998039 -0.053366 0.032727 0.000000 0.035630 0.914077 0.403973 42.789799 -0.051473 -0.402015 0.914185 0.000000 0.000000 0.000000 0.000000 1.000000
0.998401 -0.053968 0.016848 -0.000000 0.043312 0.921648 0.385602 42.789799 -0.036338 -0.384256 0.922511 0.000000 0.000000 0.000000 0.000000 1.000000
0.998546 -0.053797 0.003532 0.000000 0.048997 0.932869 0.356869 42.789799 -0.022494 -0.356177 0.934148 0.000000 0.000000 0.000000 0.000000 1.000000
0.998496 -0.054086 -0.008988 0.000000 0.054077 0.944452 0.324169 42.789799 -0.009044 -0.324167 0.945957 -0.000000 0.000000 0.000000 0.000000 1.000000
0.998258 -0.055115 -0.021052 0.000000 0.058857 0.955070 0.290477 42.789799 0.004096 -0.291210 0.956650 0.000000 0.000000 0.000000 0.000000 1.000000
0.997828 -0.057029 -0.032971 0.000000 0.063639 0.963808 0.258891 42.789799 0.017014 -0.260427 0.965344 -0.000000 0.000000 0.000000 0.000000 1.000000
0.997309 -0.059013 -0.043496 0.000000 0.067822 0.967953 0.241802 42.789799 0.027833 -0.244101 0.969350 0.000000 0.000000 0.000000 0.000000 1.000000
0.997234 -0.059886 -0.044021 0.000000 0.068653 0.969115 0.236862 42.789799 0.028477 -0.239229 0.970546 0.000000 0.000000 0.000000 0.000000 1.000000
0.997231 -0.060569 -0.043138 0.000000 0.069014 0.969870 0.233644 42.789799 0.027687 -0.235974 0.971365 -0.000000 0.000000 0.000000 0.000000 1.000000
0.997256 -0.061167 -0.041692 0.000000 0.069186 0.970463 0.231115 42.789799 0.026324 -0.233366 0.972033 0.000000 0.000000 0.000000 0.000000 1.000000
0.997266 -0.061798 -0.040523 0.000000 0.069452 0.971125 0.228240 42.789799 0.025248 -0.230430 0.972761 0.000000 0.000000 0.000000 0.000000 1.000000</float_array>
        <technique_common>
          <accessor source="#mixamorig1_LeftLeg-Matrix-animation-output-transform-array" count="66" stride="16">
            <param type="float4x4"/>
          </accessor>
        </technique_common>
      </source>
      <source id="mixamorig1_LeftLeg-Interpolations">
        <Name_array id="mixamorig1_LeftLeg-Interpolations-array" count="66">
 LINEAR LINEAR LINEAR LINEAR LINEAR LINEAR LINEAR LINEAR LINEAR LINEAR LINEAR
LINEAR LINEAR LINEAR LINEAR LINEAR LINEAR LINEAR LINEAR LINEAR LINEAR LINEAR LINEAR
LINEAR LINEAR LINEAR LINEAR LINEAR LINEAR LINEAR LINEAR LINEAR LINEAR LINEAR LINEAR
LINEAR LINEAR LINEAR LINEAR LINEAR LINEAR LINEAR LINEAR LINEAR LINEAR LINEAR LINEAR
LINEAR LINEAR LINEAR LINEAR LINEAR LINEAR LINEAR LINEAR LINEAR LINEAR LINEAR LINEAR
LINEAR LINEAR LINEAR LINEAR LINEAR LINEAR LINEAR</Name_array>
        <technique_common>
          <accessor source="#mixamorig1_LeftLeg-Interpolations-array" count="66">
            <param type="name"/>
          </accessor>
        </technique_common>
      </source>
      <sampler id="mixamorig1_LeftLeg-Matrix-animation-transform">
        <input semantic="INPUT" source="#mixamorig1_LeftLeg-Matrix-animation-input"/>
        <input semantic="OUTPUT" source="#mixamorig1_LeftLeg-Matrix-animation-output-transform"/>
        <input semantic="INTERPOLATION" source="#mixamorig1_LeftLeg-Interpolations"/>
      </sampler>
      <channel source="#mixamorig1_LeftLeg-Matrix-animation-transform" target="mixamorig1_LeftLeg/matrix"/>
    </animation>
    <animation id="mixamorig1_LeftFoot-anim" name="mixamorig1_LeftFoot">
      <source id="mixamorig1_LeftFoot-Matrix-animation-input">
        <float_array id="mixamorig1_LeftFoot-Matrix-animation-input-array" count="66">

0.000000 0.033333 0.066667 0.100000 0.133333 0.166667 0.200000 0.233333 0.266667 0.300000 0.333333 0.366667 0.400000 0.433333 0.466667 0.500000
0.533333 0.566667 0.600000 0.633333 0.666667 0.700000 0.733333 0.766667 0.800000 0.833333 0.866667 0.900000 0.933333 0.966667 1.000000 1.033333
1.066667 1.100000 1.133333 1.166667 1.200000 1.233333 1.266667 1.300000 1.333333 1.366667 1.400000 1.433333 1.466667 1.500000 1.533333 1.566667
1.600000 1.633333 1.666667 1.700000 1.733333 1.766667 1.800000 1.833333 1.866667 1.900000 1.933333 1.966667 2.000000 2.033333 2.066667 2.100000
2.133333 2.166667</float_array>
        <technique_common>
          <accessor source="#mixamorig1_LeftFoot-Matrix-animation-input-array" count="66">
            <param name="TIME" type="float"/>
          </accessor>
        </technique_common>
      </source>
      <source id="mixamorig1_LeftFoot-Matrix-animation-output-transform">
        <float_array id="mixamorig1_LeftFoot-Matrix-animation-output-transform-array" count="1056">

0.998369 -0.011495 -0.055926 0.000000 -0.040318 0.551623 -0.833119 42.173698 0.040427 0.834015 0.550259 0.000000 0.000000 0.000000 0.000000 1.000000
0.998615 -0.015614 -0.050245 0.000000 -0.033316 0.551478 -0.833524 42.173698 0.040724 0.834043 0.550194 0.000000 0.000000 0.000000 0.000000 1.000000
0.998812 -0.019730 -0.044562 0.000000 -0.026313 0.551323 -0.833877 42.173698 0.041020 0.834059 0.550149 0.000000 0.000000 0.000000 0.000000 1.000000
0.998972 -0.024075 -0.038411 -0.000000 -0.018839 0.550220 -0.834807 42.173698 0.041233 0.834673 0.549201 0.000000 0.000000 0.000000 0.000000 1.000000
0.999101 -0.028822 -0.031073 0.000000 -0.010213 0.547831 -0.836527 42.173698 0.041133 0.836093 0.547044 0.000000 0.000000 0.000000 0.000000 1.000000
0.999153 -0.034025 -0.023139 0.000000 -0.000996 0.542159 -0.840275 42.173698 0.041136 0.839587 0.541666 0.000000 0.000000 0.000000 0.000000 1.000000
0.999072 -0.040341 -0.015121 0.000000 0.008305 0.524747 -0.851218 42.173698 0.042274 0.850302 0.524595 0.000000 0.000000 0.000000 0.000000 1.000000
0.998290 -0.056298 -0.015738 -0.000000 0.013953 0.490930 -0.871088 42.173698 0.056767 0.869378 0.490876 0.000000 0.000000 0.000000 0.000000 1.000000
0.997129 -0.073811 -0.016913 -0.000000 0.018222 0.450674 -0.892503 42.173698 0.073499 0.889632 0.450725 0.000000 0.000000 0.000000 0.000000 1.000000
0.995922 -0.088510 -0.017484 0.000000 0.019268 0.397985 -0.917190 42.173698 0.088139 0.913112 0.398067 0.000000 0.000000 0.000000 0.000000 1.000000
0.996034 -0.088166 -0.012000 -0.000000 0.018922 0.341658 -0.939634 42.173698 0.086944 0.935680 0.341971 0.000000 0.000000 0.000000 0.000000 1.000000
0.996677 -0.081095 -0.007652 0.000000 0.016111 0.288353 -0.957389 42.173698 0.079845 0.954084 0.288701 -0.000000 0.000000 0.000000 0.000000 1.000000
0.997132 -0.075422 -0.006328 -0.000000 0.012128 0.241750 -0.970263 42.173698 0.074709 0.967403 0.241972 0.000000 0.000000 0.000000 0.000000 1.000000
0.997500 -0.070659 -0.000663 -0.000000 0.013742 0.203178 -0.979045 42.173698 0.069313 0.976589 0.203641 0.000000 0.000000 0.000000 0.000000 1.000000
0.997050 -0.075758 0.012355 -0.000000 0.025090 0.169538 -0.985204 42.173698 0.072542 0.982608 0.170938 0.000000 0.000000 0.000000 0.000000 1.000000
0.996157 -0.082901 0.028256 -0.000000 0.039597 0.138514 -0.989569 42.173698 0.078122 0.986885 0.141265 -0.000000 0.000000 0.000000 0.000000 1.000000
0.995788 -0.085551 0.032966 0.000000 0.042568 0.112964 -0.992687 42.173698 0.081202 0.989909 0.116130 0.000000 0.000000 0.000000 0.000000 1.000000
0.996612 -0.080367 0.017464 -0.000000 0.025318 0.097779 -0.994886 42.173698 0.078248 0.991958 0.099482 -0.000000 0.000000 0.000000 0.000000 1.000000
0.993908 -0.108472 -0.019511 0.000000 -0.009562 0.091501 -0.995759 42.173698 0.109798 0.989879 0.089906 0.000000 0.000000 0.000000 0.000000 1.000000
0.993538 -0.112843 -0.012204 0.000000 0.006104 0.160493 -0.987018 42.173698 0.113337 0.980565 0.160144 -0.000000 0.000000 0.000000 0.000000 1.000000
0.995947 -0.089149 -0.011887 0.000000 0.021959 0.369208 -0.929087 42.173698 0.087216 0.925061 0.369669 -0.000000 0.000000 0.000000 0.000000 1.000000
0.998843 -0.047049 0.009994 0.000000 0.038619 0.660616 -0.749730 42.173698 0.028672 0.749248 0.661668 -0.000000 0.000000 0.000000 0.000000 1.000000
0.999748 -0.017750 -0.013724 0.000000 0.004955 0.771229 -0.636539 42.173698 0.021883 0.636311 0.771122 0.000000 0.000000 0.000000 0.000000 1.000000
0.999411 -0.001370 -0.034284 -0.000000 -0.020855 0.769179 -0.638693 42.173698 0.027246 0.639032 0.768698 -0.000000 0.000000 0.000000 0.000000 1.000000
0.999508 -0.019690 -0.024405 -0.000000 -0.003982 0.692260 -0.721637 42.173698 0.031104 0.721380 0.691841 0.000000 0.000000 0.000000 0.000000 1.000000
0.998282 -0.056353 0.016065 0.000000 0.046026 0.584366 -0.810184 42.173698 0.036269 0.809531 0.585956 0.000000 0.000000 0.000000 0.000000 1.000000
0.991783 -0.098700 0.081397 0.000000 0.119261 0.483004 -0.867458 42.173698 0.046303 0.870037 0.490806 0.000000 0.000000 0.000000 0.000000 1.000000
0.982026 -0.127953 0.138759 -0.000000 0.178280 0.387369 -0.904523 42.173698 0.061985 0.913002 0.403218 0.000000 0.000000 0.000000 0.000000 1.000000
0.974112 -0.159057 0.160645 -0.000000 0.203178 0.304412 -0.930619 42.173698 0.099119 0.939167 0.328848 -0.000000 0.000000 0.000000 0.000000 1.000000
0.971048 -0.180870 0.156050 0.000000 0.197728 0.241990 -0.949918 42.173698 0.134050 0.953272 0.270747 0.000000 0.000000 0.000000 0.000000 1.000000
0.979430 -0.130490 0.153916 0.000000 0.180148 0.221816 -0.958303 42.173698 0.090908 0.966318 0.240760 -0.000000 0.000000 0.000000 0.000000 1.000000
0.983499 -0.122065 0.133525 0.000000 0.162378 0.270186 -0.949017 42.173698 0.079765 0.955039 0.285548 -0.000000 0.000000 0.000000 0.000000 1.000000
0.987581 -0.109992 0.112182 0.000000 0.143692 0.343652 -0.928039 42.173698 0.063525 0.932633 0.355189 0.000000 0.000000 0.000000 0.000000 1.000000
0.992022 -0.092822 0.085305 0.000000 0.116175 0.410358 -0.904494 42.173698 0.048952 0.907188 0.417868 -0.000000 0.000000 0.000000 0.000000 1.000000
0.995685 -0.072791 0.057554 0.000000 0.086027 0.491543 -0.866594 42.173698 0.034790 0.867806 0.495684 -0.000000 0.000000 0.000000 0.000000 1.000000
0.999129 -0.037810 0.017669 0.000000 0.037199 0.614834 -0.787779 42.173698 0.018923 0.787750 0.615705 0.000000 0.000000 0.000000 0.000000 1.000000
0.998425 0.030399 -0.047144 -0.000000 -0.054170 0.740746 -0.669598 42.173698 0.014567 0.671097 0.741226 0.000000 0.000000 0.000000 0.000000 1.000000
0.991696 0.088675 -0.093145 0.000000 -0.126525 0.802458 -0.583140 42.173698 0.023035 0.590083 0.807014 0.000000 0.000000 0.000000 0.000000 1.000000
0.994538 0.063774 -0.082628 0.000000 -0.101736 0.769225 -0.630827 42.173698 0.023329 0.635788 0.771511 0.000000 0.000000 0.000000 0.000000 1.000000
0.998824 -0.047303 0.010612 -0.000000 0.032583 0.492959 -0.869442 42.173698 0.035896 0.868766 0.493921 0.000000 0.000000 0.000000 0.000000 1.000000
0.997570 -0.061346 0.033025 0.000000 0.047996 0.261516 -0.964005 42.173698 0.050501 0.963248 0.263825 0.000000 0.000000 0.000000 0.000000 1.000000
0.996790 -0.010819 0.079329 -0.000000 0.080037 0.159897 -0.983884 42.173698 -0.002040 0.987074 0.160250 0.000000 0.000000 0.000000 0.000000 1.000000
0.992668 0.019119 0.119353 0.000000 0.115239 0.148289 -0.982207 42.173698 -0.036478 0.988759 0.144999 0.000000 0.000000 0.000000 0.000000 1.000000
0.989447 0.023711 0.142943 -0.000000 0.136873 0.170755 -0.975760 42.173698 -0.047544 0.985028 0.165708 0.000000 0.000000 0.000000 0.000000 1.000000
0.989901 0.016897 0.140750 -0.000000 0.134189 0.208457 -0.968782 42.173698 -0.045710 0.977886 0.204084 0.000000 0.000000 0.000000 0.000000 1.000000
0.993334 0.001835 0.115258 0.000000 0.110908 0.257312 -0.959943 42.173698 -0.031419 0.966327 0.255393 0.000000 0.000000 0.000000 0.000000 1.000000
0.996447 -0.013294 0.083171 -0.000000 0.083143 0.313178 -0.946048 42.173698 -0.013471 0.949601 0.313171 0.000000 0.000000 0.000000 0.000000 1.000000
0.998011 -0.030471 0.055179 0.000000 0.062536 0.368973 -0.927334 42.173698 0.007897 0.928940 0.370145 0.000000 0.000000 0.000000 0.000000 1.000000
0.998128 -0.053783 0.029120 0.000000 0.049005 0.418405 -0.906937 42.173698 0.036593 0.906667 0.420258 0.000000 0.000000 0.000000 0.000000 1.000000
0.997995 -0.062551 0.009709 -0.000000 0.037315 0.457446 -0.888454 42.173698 0.051132 0.887035 0.458863 0.000000 0.000000 0.000000 0.000000 1.000000
0.998431 -0.055950 -0.002448 0.000000 0.025038 0.485042 -0.874132 42.173698 0.050095 0.872699 0.485682 0.000000 0.000000 0.000000 0.000000 1.000000
0.998712 -0.049184 -0.012488 0.000000 0.013884 0.501559 -0.865012 42.173698 0.048809 0.863724 0.501596 0.000000 0.000000 0.000000 0.000000 1.000000
0.998849 -0.044029 -0.019003 0.000000 0.006062 0.509030 -0.860728 42.173698 0.047570 0.859622 0.508711 0.000000 0.000000 0.000000 0.000000 1.000000
0.998896 -0.041114 -0.022705 -0.000000 0.001504 0.511174 -0.859476 42.173698 0.046943 0.858493 0.510672 0.000000 0.000000 0.000000 0.000000 1.000000
0.998896 -0.039282 -0.025755 0.000000 -0.002062 0.511100 -0.859519 42.173698 0.046927 0.858623 0.510455 0.000000 0.000000 0.000000 0.000000 1.000000
0.998884 -0.036285 -0.030220 0.000000 -0.007451 0.510839 -0.859644 42.173698 0.046630 0.858910 0.509999 0.000000 0.000000 0.000000 0.000000 1.000000
0.998861 -0.033099 -0.034364 0.000000 -0.012505 0.513440 -0.858034 42.173698 0.046044 0.857487 0.512441 0.000000 0.000000 0.000000 0.000000 1.000000
0.998853 -0.029995 -0.037330 0.000000 -0.016235 0.521251 -0.853249 42.173698 0.045052 0.852876 0.520166 0.000000 0.000000 0.000000 0.000000 1.000000
0.998844 -0.026834 -0.039893 0.000000 -0.019580 0.530782 -0.847282 42.173698 0.043910 0.847083 0.529643 -0.000000 0.000000 0.000000 0.000000 1.000000
0.998826 -0.023654 -0.042263 0.000000 -0.022780 0.540638 -0.840947 42.173698 0.042741 0.840923 0.539465 0.000000 0.000000 0.000000 0.000000 1.000000
0.998791 -0.020501 -0.044670 0.000000 -0.026072 0.549457 -0.835115 42.173698 0.041666 0.835270 0.548259 0.000000 0.000000 0.000000 0.000000 1.000000
0.998716 -0.017884 -0.047392 0.000000 -0.029597 0.553253 -0.832487 42.173698 0.041107 0.832821 0.552014 -0.000000 0.000000 0.000000 0.000000 1.000000
0.998639 -0.016166 -0.049587 0.000000 -0.032372 0.553319 -0.832340 42.173698 0.040894 0.832812 0.552043 0.000000 0.000000 0.000000 0.000000 1.000000
0.998556 -0.014580 -0.051712 -0.000000 -0.035042 0.552860 -0.832537 42.173698 0.040728 0.833147 0.551550 0.000000 0.000000 0.000000 0.000000 1.000000
0.998466 -0.013049 -0.053811 -0.000000 -0.037670 0.552189 -0.832867 42.173698 0.040582 0.833617 0.550850 -0.000000 0.000000 0.000000 0.000000 1.000000
0.998369 -0.011495 -0.055926 0.000000 -0.040318 0.551622 -0.833120 42.173698 0.040426 0.834015 0.550258 -0.000000 0.000000 0.000000 0.000000 1.000000</float_array>
        <technique_common>
          <accessor source="#mixamorig1_LeftFoot-Matrix-animation-output-transform-array" count="66" stride="16">
            <param type="float4x4"/>
          </accessor>
        </technique_common>
      </source>
      <source id="mixamorig1_LeftFoot-Interpolations">
        <Name_array id="mixamorig1_LeftFoot-Interpolations-array" count="66">
 LINEAR LINEAR LINEAR LINEAR LINEAR LINEAR LINEAR LINEAR LINEAR LINEAR LINEAR
LINEAR LINEAR LINEAR LINEAR LINEAR LINEAR LINEAR LINEAR LINEAR LINEAR LINEAR LINEAR
LINEAR LINEAR LINEAR LINEAR LINEAR LINEAR LINEAR LINEAR LINEAR LINEAR LINEAR LINEAR
LINEAR LINEAR LINEAR LINEAR LINEAR LINEAR LINEAR LINEAR LINEAR LINEAR LINEAR LINEAR
LINEAR LINEAR LINEAR LINEAR LINEAR LINEAR LINEAR LINEAR LINEAR LINEAR LINEAR LINEAR
LINEAR LINEAR LINEAR LINEAR LINEAR LINEAR LINEAR</Name_array>
        <technique_common>
          <accessor source="#mixamorig1_LeftFoot-Interpolations-array" count="66">
            <param type="name"/>
          </accessor>
        </technique_common>
      </source>
      <sampler id="mixamorig1_LeftFoot-Matrix-animation-transform">
        <input semantic="INPUT" source="#mixamorig1_LeftFoot-Matrix-animation-input"/>
        <input semantic="OUTPUT" source="#mixamorig1_LeftFoot-Matrix-animation-output-transform"/>
        <input semantic="INTERPOLATION" source="#mixamorig1_LeftFoot-Interpolations"/>
      </sampler>
      <channel source="#mixamorig1_LeftFoot-Matrix-animation-transform" target="mixamorig1_LeftFoot/matrix"/>
    </animation>
    <animation id="mixamorig1_LeftToeBase-anim" name="mixamorig1_LeftToeBase">
      <source id="mixamorig1_LeftToeBase-Matrix-animation-input">
        <float_array id="mixamorig1_LeftToeBase-Matrix-animation-input-array" count="66">

0.000000 0.033333 0.066667 0.100000 0.133333 0.166667 0.200000 0.233333 0.266667 0.300000 0.333333 0.366667 0.400000 0.433333 0.466667 0.500000
0.533333 0.566667 0.600000 0.633333 0.666667 0.700000 0.733333 0.766667 0.800000 0.833333 0.866667 0.900000 0.933333 0.966667 1.000000 1.033333
1.066667 1.100000 1.133333 1.166667 1.200000 1.233333 1.266667 1.300000 1.333333 1.366667 1.400000 1.433333 1.466667 1.500000 1.533333 1.566667
1.600000 1.633333 1.666667 1.700000 1.733333 1.766667 1.800000 1.833333 1.866667 1.900000 1.933333 1.966667 2.000000 2.033333 2.066667 2.100000
2.133333 2.166667</float_array>
        <technique_common>
          <accessor source="#mixamorig1_LeftToeBase-Matrix-animation-input-array" count="66">
            <param name="TIME" type="float"/>
          </accessor>
        </technique_common>
      </source>
      <source id="mixamorig1_LeftToeBase-Matrix-animation-output-transform">
        <float_array id="mixamorig1_LeftToeBase-Matrix-animation-output-transform-array" count="1056">

0.992309 -0.072659 -0.100220 0.000000 -0.005992 0.780472 -0.625163 16.182301 0.123643 0.620955 0.774033 0.000000 0.000000 0.000000 0.000000 1.000000
0.992309 -0.072659 -0.100220 -0.000000 -0.005991 0.780471 -0.625163 16.182301 0.123643 0.620955 0.774033 -0.000000 0.000000 0.000000 0.000000 1.000000
0.992309 -0.072659 -0.100220 0.000000 -0.005991 0.780471 -0.625163 16.182301 0.123643 0.620955 0.774033 0.000000 0.000000 0.000000 0.000000 1.000000
0.992309 -0.072659 -0.100220 0.000000 -0.005991 0.780471 -0.625163 16.182301 0.123643 0.620955 0.774033 0.000000 0.000000 0.000000 0.000000 1.000000
0.992309 -0.072659 -0.100220 -0.000000 -0.005991 0.780472 -0.625163 16.182301 0.123643 0.620955 0.774033 -0.000000 0.000000 0.000000 0.000000 1.000000
0.992309 -0.072659 -0.100220 -0.000000 -0.005991 0.780472 -0.625162 16.182301 0.123642 0.620955 0.774033 0.000000 0.000000 0.000000 0.000000 1.000000
0.992309 -0.072659 -0.100220 0.000000 -0.005992 0.780472 -0.625163 16.182301 0.123642 0.620955 0.774033 0.000000 0.000000 0.000000 0.000000 1.000000
0.992309 -0.072659 -0.100220 0.000000 -0.005992 0.780472 -0.625163 16.182301 0.123642 0.620955 0.774033 0.000000 0.000000 0.000000 0.000000 1.000000
0.992309 -0.072659 -0.100220 -0.000000 -0.005992 0.780472 -0.625163 16.182301 0.123642 0.620955 0.774033 0.000000 0.000000 0.000000 0.000000 1.000000
0.992309 -0.072659 -0.100220 0.000000 -0.005991 0.780472 -0.625163 16.182301 0.123643 0.620955 0.774033 -0.000000 0.000000 0.000000 0.000000 1.000000
0.992309 -0.072659 -0.100220 -0.000000 -0.005991 0.780472 -0.625163 16.182301 0.123642 0.620955 0.774033 -0.000000 0.000000 0.000000 0.000000 1.000000
0.992309 -0.072659 -0.100220 0.000000 -0.005992 0.780472 -0.625163 16.182301 0.123642 0.620955 0.774033 0.000000 0.000000 0.000000 0.000000 1.000000
0.992309 -0.072659 -0.100220 0.000000 -0.005992 0.780472 -0.625163 16.182301 0.123642 0.620955 0.774033 0.000000 0.000000 0.000000 0.000000 1.000000
0.992309 -0.072659 -0.100220 0.000000 -0.005991 0.780471 -0.625163 16.182301 0.123643 0.620955 0.774033 0.000000 0.000000 0.000000 0.000000 1.000000
0.992309 -0.072659 -0.100220 -0.000000 -0.005992 0.780471 -0.625163 16.182301 0.123642 0.620955 0.774033 -0.000000 0.000000 0.000000 0.000000 1.000000
0.992309 -0.072659 -0.100220 0.000000 -0.005991 0.780472 -0.625162 16.182301 0.123642 0.620955 0.774034 0.000000 0.000000 0.000000 0.000000 1.000000
0.992309 -0.072659 -0.100220 0.000000 -0.005992 0.780472 -0.625162 16.182301 0.123642 0.620955 0.774034 -0.000000 0.000000 0.000000 0.000000 1.000000
0.992309 -0.072659 -0.100220 -0.000000 -0.005992 0.780471 -0.625163 16.182301 0.123643 0.620955 0.774033 -0.000000 0.000000 0.000000 0.000000 1.000000
0.992309 -0.072659 -0.100220 -0.000000 -0.005992 0.780472 -0.625163 16.182301 0.123642 0.620955 0.774033 -0.000000 0.000000 0.000000 0.000000 1.000000
0.992062 -0.075127 -0.100841 0.000000 -0.008157 0.761780 -0.647785 16.182301 0.125485 0.643465 0.755120 0.000000 0.000000 0.000000 0.000000 1.000000
0.984318 -0.085259 -0.154431 0.000000 -0.051273 0.699371 -0.712917 16.182301 0.168787 0.709655 0.684032 0.000000 0.000000 0.000000 0.000000 1.000000
0.984087 -0.093861 -0.150876 -0.000000 -0.052854 0.656044 -0.752870 16.182301 0.169646 0.748864 0.640643 0.000000 0.000000 0.000000 0.000000 1.000000
0.992454 -0.071207 -0.099818 -0.000000 -0.004736 0.791220 -0.611514 16.182301 0.122522 0.607372 0.784912 0.000000 0.000000 0.000000 0.000000 1.000000
0.992695 -0.068824 -0.099099 -0.000000 -0.002705 0.808448 -0.588562 16.182301 0.120624 0.584530 0.802355 -0.000000 0.000000 0.000000 0.000000 1.000000
0.992569 -0.070068 -0.099484 0.000000 -0.003760 0.799518 -0.600631 16.182301 0.121624 0.596542 0.793313 -0.000000 0.000000 0.000000 0.000000 1.000000
0.992418 -0.071572 -0.099922 0.000000 -0.005050 0.788536 -0.614968 16.182301 0.122806 0.610810 0.782195 0.000000 0.000000 0.000000 0.000000 1.000000
0.992283 -0.072916 -0.100288 -0.000000 -0.006216 0.778547 -0.627556 16.182301 0.123838 0.623336 0.772085 0.000000 0.000000 0.000000 0.000000 1.000000
0.992118 -0.074564 -0.100706 -0.000000 -0.007660 0.766090 -0.642688 16.182301 0.125071 0.638394 0.759480 0.000000 0.000000 0.000000 0.000000 1.000000
0.992038 -0.075368 -0.100897 0.000000 -0.008370 0.759932 -0.649949 16.182301 0.125660 0.645619 0.753250 0.000000 0.000000 0.000000 0.000000 1.000000
0.992083 -0.074918 -0.100791 0.000000 -0.007972 0.763383 -0.645897 16.182301 0.125332 0.641586 0.756742 0.000000 0.000000 0.000000 0.000000 1.000000
0.992119 -0.074552 -0.100703 0.000000 -0.007649 0.766181 -0.642579 16.182301 0.125062 0.638285 0.759573 0.000000 0.000000 0.000000 0.000000 1.000000
0.992091 -0.074840 -0.100772 -0.000000 -0.007903 0.763986 -0.645184 16.182301 0.125274 0.640878 0.757352 0.000000 0.000000 0.000000 0.000000 1.000000
0.992077 -0.074976 -0.100805 -0.000000 -0.008023 0.762942 -0.646418 16.182301 0.125374 0.642105 0.756295 0.000000 0.000000 0.000000 0.000000 1.000000
0.992159 -0.074157 -0.100606 0.000000 -0.007301 0.769193 -0.638974 16.182301 0.124769 0.634699 0.762621 0.000000 0.000000 0.000000 0.000000 1.000000
0.992220 -0.073546 -0.100452 -0.000000 -0.006766 0.773814 -0.633377 16.182301 0.124314 0.629129 0.767296 0.000000 0.000000 0.000000 0.000000 1.000000
0.992202 -0.073727 -0.100498 0.000000 -0.006924 0.772447 -0.635041 16.182301 0.124449 0.630785 0.765913 0.000000 0.000000 0.000000 0.000000 1.000000
0.992287 -0.072872 -0.100277 -0.000000 -0.006177 0.778877 -0.627146 16.182301 0.123805 0.622929 0.772420 0.000000 0.000000 0.000000 0.000000 1.000000
0.992302 -0.072723 -0.100237 0.000000 -0.006048 0.779990 -0.625763 16.182301 0.123691 0.621552 0.773546 0.000000 0.000000 0.000000 0.000000 1.000000
0.993105 -0.077498 -0.087959 -0.000000 -0.001427 0.742272 -0.670098 16.182301 0.117221 0.665603 0.737043 0.000000 0.000000 0.000000 0.000000 1.000000
0.991880 -0.077511 -0.100828 0.000000 -0.009917 0.743255 -0.668935 16.182301 0.126791 0.664503 0.736451 0.000000 0.000000 0.000000 0.000000 1.000000
0.992193 -0.073814 -0.100520 -0.000000 -0.007000 0.771794 -0.635835 16.182301 0.124514 0.631574 0.765252 0.000000 0.000000 0.000000 0.000000 1.000000
0.992309 -0.072659 -0.100220 -0.000000 -0.005991 0.780471 -0.625163 16.182301 0.123643 0.620955 0.774033 0.000000 0.000000 0.000000 0.000000 1.000000
0.992309 -0.072659 -0.100220 -0.000000 -0.005992 0.780472 -0.625163 16.182301 0.123643 0.620955 0.774033 0.000000 0.000000 0.000000 0.000000 1.000000
0.992309 -0.072659 -0.100220 -0.000000 -0.005992 0.780471 -0.625163 16.182301 0.123642 0.620955 0.774033 -0.000000 0.000000 0.000000 0.000000 1.000000
0.992309 -0.072659 -0.100220 -0.000000 -0.005992 0.780472 -0.625162 16.182301 0.123642 0.620955 0.774033 0.000000 0.000000 0.000000 0.000000 1.000000
0.992309 -0.072659 -0.100220 0.000000 -0.005992 0.780472 -0.625163 16.182301 0.123642 0.620955 0.774033 0.000000 0.000000 0.000000 0.000000 1.000000
0.992309 -0.072659 -0.100220 0.000000 -0.005991 0.780471 -0.625163 16.182301 0.123643 0.620955 0.774033 0.000000 0.000000 0.000000 0.000000 1.000000
0.992309 -0.072659 -0.100220 -0.000000 -0.005992 0.780471 -0.625163 16.182301 0.123643 0.620955 0.774033 -0.000000 0.000000 0.000000 0.000000 1.000000
0.992309 -0.072659 -0.100220 0.000000 -0.005991 0.780471 -0.625163 16.182301 0.123642 0.620955 0.774033 0.000000 0.000000 0.000000 0.000000 1.000000
0.992309 -0.072659 -0.100220 0.000000 -0.005991 0.780472 -0.625163 16.182301 0.123643 0.620955 0.774033 -0.000000 0.000000 0.000000 0.000000 1.000000
0.992309 -0.072659 -0.100220 0.000000 -0.005992 0.780471 -0.625163 16.182301 0.123643 0.620955 0.774033 0.000000 0.000000 0.000000 0.000000 1.000000
0.992309 -0.072659 -0.100220 -0.000000 -0.005992 0.780471 -0.625163 16.182301 0.123642 0.620955 0.774033 -0.000000 0.000000 0.000000 0.000000 1.000000
0.992309 -0.072659 -0.100220 -0.000000 -0.005992 0.780472 -0.625163 16.182301 0.123642 0.620955 0.774033 0.000000 0.000000 0.000000 0.000000 1.000000
0.992309 -0.072659 -0.100220 -0.000000 -0.005992 0.780472 -0.625163 16.182301 0.123642 0.620955 0.774033 0.000000 0.000000 0.000000 0.000000 1.000000
0.992309 -0.072659 -0.100220 0.000000 -0.005992 0.780471 -0.625163 16.182301 0.123642 0.620955 0.774033 0.000000 0.000000 0.000000 0.000000 1.000000
0.992309 -0.072659 -0.100220 0.000000 -0.005992 0.780472 -0.625163 16.182301 0.123642 0.620955 0.774033 0.000000 0.000000 0.000000 0.000000 1.000000
0.992309 -0.072659 -0.100220 -0.000000 -0.005992 0.780472 -0.625163 16.182301 0.123642 0.620955 0.774033 -0.000000 0.000000 0.000000 0.000000 1.000000
0.992309 -0.072659 -0.100220 0.000000 -0.005992 0.780472 -0.625163 16.182301 0.123642 0.620955 0.774033 0.000000 0.000000 0.000000 0.000000 1.000000
0.992309 -0.072659 -0.100220 0.000000 -0.005992 0.780472 -0.625163 16.182301 0.123643 0.620955 0.774033 0.000000 0.000000 0.000000 0.000000 1.000000
0.992309 -0.072659 -0.100220 -0.000000 -0.005992 0.780472 -0.625163 16.182301 0.123643 0.620955 0.774033 0.000000 0.000000 0.000000 0.000000 1.000000
0.992309 -0.072659 -0.100220 -0.000000 -0.005991 0.780471 -0.625163 16.182301 0.123643 0.620955 0.774033 0.000000 0.000000 0.000000 0.000000 1.000000
0.992309 -0.072659 -0.100220 0.000000 -0.005992 0.780472 -0.625163 16.182301 0.123642 0.620955 0.774033 0.000000 0.000000 0.000000 0.000000 1.000000
0.992309 -0.072659 -0.100220 0.000000 -0.005992 0.780472 -0.625163 16.182301 0.123642 0.620955 0.774033 0.000000 0.000000 0.000000 0.000000 1.000000
0.992309 -0.072659 -0.100220 -0.000000 -0.005992 0.780472 -0.625163 16.182301 0.123642 0.620955 0.774033 0.000000 0.000000 0.000000 0.000000 1.000000
0.992309 -0.072659 -0.100220 0.000000 -0.005991 0.780471 -0.625163 16.182301 0.123643 0.620955 0.774033 -0.000000 0.000000 0.000000 0.000000 1.000000
0.992309 -0.072659 -0.100220 0.000000 -0.005991 0.780471 -0.625163 16.182301 0.123643 0.620955 0.774033 0.000000 0.000000 0.000000 0.000000 1.000000</float_array>
        <technique_common>
          <accessor source="#mixamorig1_LeftToeBase-Matrix-animation-output-transform-array" count="66" stride="16">
            <param type="float4x4"/>
          </accessor>
        </technique_common>
      </source>
      <source id="mixamorig1_LeftToeBase-Interpolations">
        <Name_array id="mixamorig1_LeftToeBase-Interpolations-array" count="66">
 LINEAR LINEAR LINEAR LINEAR LINEAR LINEAR LINEAR LINEAR LINEAR LINEAR LINEAR
LINEAR LINEAR LINEAR LINEAR LINEAR LINEAR LINEAR LINEAR LINEAR LINEAR LINEAR LINEAR
LINEAR LINEAR LINEAR LINEAR LINEAR LINEAR LINEAR LINEAR LINEAR LINEAR LINEAR LINEAR
LINEAR LINEAR LINEAR LINEAR LINEAR LINEAR LINEAR LINEAR LINEAR LINEAR LINEAR LINEAR
LINEAR LINEAR LINEAR LINEAR LINEAR LINEAR LINEAR LINEAR LINEAR LINEAR LINEAR LINEAR
LINEAR LINEAR LINEAR LINEAR LINEAR LINEAR LINEAR</Name_array>
        <technique_common>
          <accessor source="#mixamorig1_LeftToeBase-Interpolations-array" count="66">
            <param type="name"/>
          </accessor>
        </technique_common>
      </source>
      <sampler id="mixamorig1_LeftToeBase-Matrix-animation-transform">
        <input semantic="INPUT" source="#mixamorig1_LeftToeBase-Matrix-animation-input"/>
        <input semantic="OUTPUT" source="#mixamorig1_LeftToeBase-Matrix-animation-output-transform"/>
        <input semantic="INTERPOLATION" source="#mixamorig1_LeftToeBase-Interpolations"/>
      </sampler>
      <channel source="#mixamorig1_LeftToeBase-Matrix-animation-transform" target="mixamorig1_LeftToeBase/matrix"/>
    </animation>
    <animation id="mixamorig1_RightUpLeg-anim" name="mixamorig1_RightUpLeg">
      <source id="mixamorig1_RightUpLeg-Matrix-animation-input">
        <float_array id="mixamorig1_RightUpLeg-Matrix-animation-input-array" count="66">

0.000000 0.033333 0.066667 0.100000 0.133333 0.166667 0.200000 0.233333 0.266667 0.300000 0.333333 0.366667 0.400000 0.433333 0.466667 0.500000
0.533333 0.566667 0.600000 0.633333 0.666667 0.700000 0.733333 0.766667 0.800000 0.833333 0.866667 0.900000 0.933333 0.966667 1.000000 1.033333
1.066667 1.100000 1.133333 1.166667 1.200000 1.233333 1.266667 1.300000 1.333333 1.366667 1.400000 1.433333 1.466667 1.500000 1.533333 1.566667
1.600000 1.633333 1.666667 1.700000 1.733333 1.766667 1.800000 1.833333 1.866667 1.900000 1.933333 1.966667 2.000000 2.033333 2.066667 2.100000
2.133333 2.166667</float_array>
        <technique_common>
          <accessor source="#mixamorig1_RightUpLeg-Matrix-animation-input-array" count="66">
            <param name="TIME" type="float"/>
          </accessor>
        </technique_common>
      </source>
      <source id="mixamorig1_RightUpLeg-Matrix-animation-output-transform">
        <float_array id="mixamorig1_RightUpLeg-Matrix-animation-output-transform-array" count="1056">

-0.983145 0.058988 -0.173053 -8.078200 -0.053073 -0.997844 -0.038613 -5.402400 -0.174957 -0.028777 0.984155 -0.751800 0.000000 0.000000 0.000000 1.000000
-0.983643 0.053652 -0.171951 -8.078200 -0.050140 -0.998437 -0.024707 -5.402400 -0.173008 -0.015681 0.984796 -0.751800 0.000000 0.000000 0.000000 1.000000
-0.984129 0.048356 -0.170736 -8.078200 -0.047204 -0.998827 -0.010803 -5.402400 -0.171058 -0.002572 0.985258 -0.751800 0.000000 0.000000 0.000000 1.000000
-0.985204 0.042442 -0.166046 -8.078200 -0.044748 -0.998947 0.010170 -5.402400 -0.165440 0.017450 0.986066 -0.751800 0.000000 0.000000 0.000000 1.000000
-0.987514 0.036215 -0.153311 -8.078200 -0.043618 -0.998025 0.045201 -5.402400 -0.151371 0.051323 0.987144 -0.751800 0.000000 0.000000 0.000000 1.000000
-0.990397 0.029620 -0.135044 -8.078200 -0.042763 -0.994512 0.095489 -5.402400 -0.131475 0.100347 0.986228 -0.751800 0.000000 0.000000 0.000000 1.000000
-0.993709 0.020326 -0.110135 -8.078200 -0.040261 -0.982484 0.181944 -5.402400 -0.104507 0.185233 0.977122 -0.751800 0.000000 0.000000 0.000000 1.000000
-0.996510 0.007587 -0.083124 -8.078200 -0.032631 -0.952020 0.304291 -5.402400 -0.076827 0.305942 0.948945 -0.751800 0.000000 0.000000 0.000000 1.000000
-0.998491 0.000644 -0.054916 -8.078200 -0.024374 -0.901260 0.432592 -5.402400 -0.049215 0.433278 0.899916 -0.751800 0.000000 0.000000 0.000000 1.000000
-0.999570 0.002007 -0.029240 -8.078200 -0.018357 -0.820577 0.571241 -5.402400 -0.022847 0.571532 0.820262 -0.751800 0.000000 0.000000 0.000000 1.000000
-0.999827 0.014324 -0.011868 -8.078200 -0.018532 -0.712230 0.701702 -5.402400 0.001598 0.701800 0.712372 -0.751800 0.000000 0.000000 0.000000 1.000000
-0.999560 0.027973 -0.009909 -8.078200 -0.024329 -0.581235 0.813372 -5.402400 0.016993 0.813255 0.581659 -0.751800 0.000000 0.000000 0.000000 1.000000
-0.999337 0.027012 -0.024425 -8.078200 -0.033809 -0.438843 0.897928 -5.402400 0.013536 0.898158 0.439465 -0.751800 0.000000 0.000000 0.000000 1.000000
-0.998882 0.002516 -0.047213 -8.078200 -0.045781 -0.300942 0.952543 -5.402400 -0.011812 0.953639 0.300720 -0.751800 0.000000 0.000000 0.000000 1.000000
-0.996998 -0.039401 -0.066651 -8.078200 -0.058368 -0.183130 0.981354 -5.402400 -0.050872 0.982299 0.180280 -0.751800 0.000000 0.000000 0.000000 1.000000
-0.993785 -0.082184 -0.075082 -8.078200 -0.066681 -0.100589 0.992691 -5.402400 -0.089136 0.991528 0.094484 -0.751800 0.000000 0.000000 0.000000 1.000000
-0.991377 -0.110364 -0.070648 -8.078200 -0.063982 -0.062822 0.995972 -5.402400 -0.114358 0.991904 0.055219 -0.751800 0.000000 0.000000 0.000000 1.000000
-0.991433 -0.119225 -0.053343 -8.078200 -0.043415 -0.084370 0.995488 -5.402400 -0.123188 0.989276 0.078471 -0.751800 0.000000 0.000000 0.000000 1.000000
-0.992669 -0.118354 -0.024492 -8.078200 -0.005592 -0.157455 0.987510 -5.402400 -0.120732 0.980408 0.155639 -0.751800 0.000000 0.000000 0.000000 1.000000
-0.991598 -0.128614 0.013839 -8.078200 0.048016 -0.266620 0.962605 -5.402400 -0.120115 0.955182 0.270555 -0.751800 0.000000 0.000000 0.000000 1.000000
-0.985439 -0.163782 0.045675 -8.078200 0.109243 -0.404015 0.908206 -5.402400 -0.130294 0.899971 0.416024 -0.751800 0.000000 0.000000 0.000000 1.000000
-0.975503 -0.216782 0.037416 -8.078200 0.156679 -0.565259 0.809898 -5.402400 -0.154421 0.795920 0.585377 -0.751800 0.000000 0.000000 0.000000 1.000000
-0.966504 -0.253740 -0.038560 -8.078200 0.166991 -0.735805 0.656281 -5.402400 -0.194897 0.627859 0.753531 -0.751800 0.000000 0.000000 0.000000 1.000000
-0.958900 -0.244007 -0.144817 -8.078200 0.154754 -0.877525 0.453872 -5.402400 -0.237829 0.412807 0.879220 -0.751800 0.000000 0.000000 0.000000 1.000000
-0.963543 -0.193842 -0.184417 -8.078200 0.135192 -0.947546 0.289619 -5.402400 -0.230884 0.254129 0.939208 -0.751800 0.000000 0.000000 0.000000 1.000000
-0.974626 -0.182008 -0.130295 -8.078200 0.125088 -0.925587 0.357269 -5.402400 -0.185625 0.331905 0.924869 -0.751800 0.000000 0.000000 0.000000 1.000000
-0.974636 -0.190259 -0.117839 -8.078200 0.111212 -0.868683 0.482723 -5.402400 -0.194207 0.457374 0.867809 -0.751800 0.000000 0.000000 0.000000 1.000000
-0.961829 -0.247795 -0.116117 -8.078200 0.113577 -0.747528 0.654448 -5.402400 -0.248970 0.616279 0.747138 -0.751800 0.000000 0.000000 0.000000 1.000000
-0.957835 -0.274958 -0.083369 -8.078200 0.092100 -0.568673 0.817391 -5.402400 -0.272158 0.775248 0.570018 -0.751800 0.000000 0.000000 0.000000 1.000000
-0.961946 -0.270714 -0.037069 -8.078200 0.064080 -0.355390 0.932519 -5.402400 -0.265620 0.894657 0.359214 -0.751800 0.000000 0.000000 0.000000 1.000000
-0.965405 -0.260100 0.018485 -8.078200 0.049932 -0.114823 0.992130 -5.402400 -0.255931 0.958730 0.123838 -0.751800 0.000000 0.000000 0.000000 1.000000
-0.967254 -0.242263 0.075680 -8.078200 0.045817 0.126616 0.990893 -5.402400 -0.249639 0.961913 -0.111370 -0.751800 0.000000 0.000000 0.000000 1.000000
-0.971934 -0.210360 0.105326 -8.078200 0.032056 0.325112 0.945132 -5.402400 -0.233061 0.921982 -0.309244 -0.751800 0.000000 0.000000 0.000000 1.000000
-0.981458 -0.172421 0.083730 -8.078200 -0.001108 0.441928 0.897050 -5.402400 -0.191673 0.880324 -0.433925 -0.751800 0.000000 0.000000 0.000000 1.000000
-0.988584 -0.147056 0.032812 -8.078200 -0.037057 0.448383 0.893073 -5.402400 -0.146044 0.881662 -0.448713 -0.751800 0.000000 0.000000 0.000000 1.000000
-0.989654 -0.143469 0.000799 -8.078200 -0.046084 0.323151 0.945225 -5.402400 -0.135869 0.935409 -0.326419 -0.751800 0.000000 0.000000 0.000000 1.000000
-0.987440 -0.157384 -0.013881 -8.078200 -0.025759 0.073687 0.996949 -5.402400 -0.155881 0.984784 -0.076815 -0.751800 0.000000 0.000000 0.000000 1.000000
-0.982805 -0.177627 -0.050422 -8.078200 -0.005945 -0.242496 0.970134 -5.402400 -0.184549 0.953753 0.237270 -0.751800 0.000000 0.000000 0.000000 1.000000
-0.975484 -0.184700 -0.119655 -8.078200 -0.000590 -0.541515 0.840691 -5.402400 -0.220071 0.820151 0.528130 -0.751800 0.000000 0.000000 0.000000 1.000000
-0.969582 -0.147893 -0.195034 -8.078200 -0.017431 -0.753072 0.657707 -5.402400 -0.244145 0.641100 0.727588 -0.751800 0.000000 0.000000 0.000000 1.000000
-0.969883 -0.068212 -0.233826 -8.078200 -0.064639 -0.853485 0.517092 -5.402400 -0.234839 0.516633 0.823372 -0.751800 0.000000 0.000000 0.000000 1.000000
-0.969737 0.005218 -0.244095 -8.078200 -0.129458 -0.858645 0.495953 -5.402400 -0.207003 0.512544 0.833336 -0.751800 0.000000 0.000000 0.000000 1.000000
-0.967107 0.027000 -0.252935 -8.078200 -0.164082 -0.826041 0.539197 -5.402400 -0.194376 0.562963 0.803300 -0.751800 0.000000 0.000000 0.000000 1.000000
-0.966794 0.009038 -0.255396 -8.078200 -0.162153 -0.794124 0.585725 -5.402400 -0.197522 0.607688 0.769220 -0.751800 0.000000 0.000000 0.000000 1.000000
-0.965926 -0.011891 -0.258545 -8.078200 -0.150695 -0.786318 0.599162 -5.402400 -0.210423 0.617708 0.757733 -0.751800 0.000000 0.000000 0.000000 1.000000
-0.961627 -0.027391 -0.272990 -8.078200 -0.142424 -0.800597 0.582030 -5.402400 -0.234498 0.598576 0.765975 -0.751800 0.000000 0.000000 0.000000 1.000000
-0.956875 -0.035302 -0.288347 -8.078200 -0.135481 -0.823804 0.550447 -5.402400 -0.256973 0.565775 0.783494 -0.751800 0.000000 0.000000 0.000000 1.000000
-0.956840 -0.032954 -0.288740 -8.078200 -0.124872 -0.850535 0.510878 -5.402400 -0.262419 0.524884 0.809711 -0.751800 0.000000 0.000000 0.000000 1.000000
-0.961896 -0.020924 -0.272614 -8.078200 -0.110993 -0.881333 0.459274 -5.402400 -0.249873 0.472032 0.845428 -0.751800 0.000000 0.000000 0.000000 1.000000
-0.968023 -0.003333 -0.250839 -8.078200 -0.099284 -0.913177 0.395285 -5.402400 -0.230378 0.407549 0.883646 -0.751800 0.000000 0.000000 0.000000 1.000000
-0.972897 0.016113 -0.230676 -8.078200 -0.094203 -0.938654 0.331744 -5.402400 -0.211180 0.344483 0.914732 -0.751800 0.000000 0.000000 0.000000 1.000000
-0.976507 0.034036 -0.212782 -8.078200 -0.094633 -0.954868 0.281552 -5.402400 -0.193595 0.295074 0.935656 -0.751800 0.000000 0.000000 0.000000 1.000000
-0.978994 0.046523 -0.198511 -8.078200 -0.095289 -0.965148 0.243742 -5.402400 -0.180253 0.257538 0.949307 -0.751800 0.000000 0.000000 0.000000 1.000000
-0.980827 0.052787 -0.187595 -8.078200 -0.092821 -0.972954 0.211529 -5.402400 -0.171356 0.224886 0.959199 -0.751800 0.000000 0.000000 0.000000 1.000000
-0.982434 0.055505 -0.178166 -8.078200 -0.088331 -0.979328 0.181976 -5.402400 -0.164382 0.194517 0.967027 -0.751800 0.000000 0.000000 0.000000 1.000000
-0.983478 0.056868 -0.171861 -8.078200 -0.084019 -0.984321 0.155093 -5.402400 -0.160347 0.166970 0.972836 -0.751800 0.000000 0.000000 0.000000 1.000000
-0.984128 0.057613 -0.167848 -8.078200 -0.079598 -0.988659 0.127348 -5.402400 -0.158608 0.138687 0.977553 -0.751800 0.000000 0.000000 0.000000 1.000000
-0.984328 0.058171 -0.166475 -8.078200 -0.074969 -0.992509 0.096462 -5.402400 -0.159617 0.107431 0.981316 -0.751800 0.000000 0.000000 0.000000 1.000000
-0.984348 0.058768 -0.166145 -8.078200 -0.070294 -0.995448 0.064360 -5.402400 -0.161607 0.075032 0.983999 -0.751800 0.000000 0.000000 0.000000 1.000000
-0.984272 0.059206 -0.166441 -8.078200 -0.065526 -0.997314 0.032734 -5.402400 -0.164056 0.043126 0.985508 -0.751800 0.000000 0.000000 0.000000 1.000000
-0.984186 0.059217 -0.166944 -8.078200 -0.060613 -0.998156 0.003278 -5.402400 -0.166442 0.013345 0.985961 -0.751800 0.000000 0.000000 0.000000 1.000000
-0.984014 0.055711 -0.169150 -8.078200 -0.054581 -0.998445 -0.011325 -5.402400 -0.169518 -0.001912 0.985525 -0.751800 0.000000 0.000000 0.000000 1.000000
-0.983801 0.056030 -0.170281 -8.078200 -0.053568 -0.998383 -0.019021 -5.402400 -0.171071 -0.009592 0.985212 -0.751800 0.000000 0.000000 0.000000 1.000000
-0.983584 0.056896 -0.171245 -8.078200 -0.053262 -0.998249 -0.025746 -5.402400 -0.172410 -0.016202 0.984892 -0.751800 0.000000 0.000000 0.000000 1.000000
-0.983365 0.057987 -0.172135 -8.078200 -0.053238 -0.998066 -0.032081 -5.402400 -0.173662 -0.022383 0.984551 -0.751800 0.000000 0.000000 0.000000 1.000000
-0.983145 0.058987 -0.173053 -8.078200 -0.053073 -0.997844 -0.038609 -5.402400 -0.174957 -0.028774 0.984156 -0.751800 0.000000 0.000000 0.000000 1.000000</float_array>
        <technique_common>
          <accessor source="#mixamorig1_RightUpLeg-Matrix-animation-output-transform-array" count="66" stride="16">
            <param type="float4x4"/>
          </accessor>
        </technique_common>
      </source>
      <source id="mixamorig1_RightUpLeg-Interpolations">
        <Name_array id="mixamorig1_RightUpLeg-Interpolations-array" count="66">
 LINEAR LINEAR LINEAR LINEAR LINEAR LINEAR LINEAR LINEAR LINEAR LINEAR LINEAR
LINEAR LINEAR LINEAR LINEAR LINEAR LINEAR LINEAR LINEAR LINEAR LINEAR LINEAR LINEAR
LINEAR LINEAR LINEAR LINEAR LINEAR LINEAR LINEAR LINEAR LINEAR LINEAR LINEAR LINEAR
LINEAR LINEAR LINEAR LINEAR LINEAR LINEAR LINEAR LINEAR LINEAR LINEAR LINEAR LINEAR
LINEAR LINEAR LINEAR LINEAR LINEAR LINEAR LINEAR LINEAR LINEAR LINEAR LINEAR LINEAR
LINEAR LINEAR LINEAR LINEAR LINEAR LINEAR LINEAR</Name_array>
        <technique_common>
          <accessor source="#mixamorig1_RightUpLeg-Interpolations-array" count="66">
            <param type="name"/>
          </accessor>
        </technique_common>
      </source>
      <sampler id="mixamorig1_RightUpLeg-Matrix-animation-transform">
        <input semantic="INPUT" source="#mixamorig1_RightUpLeg-Matrix-animation-input"/>
        <input semantic="OUTPUT" source="#mixamorig1_RightUpLeg-Matrix-animation-output-transform"/>
        <input semantic="INTERPOLATION" source="#mixamorig1_RightUpLeg-Interpolations"/>
      </sampler>
      <channel source="#mixamorig1_RightUpLeg-Matrix-animation-transform" target="mixamorig1_RightUpLeg/matrix"/>
    </animation>
    <animation id="mixamorig1_RightLeg-anim" name="mixamorig1_RightLeg">
      <source id="mixamorig1_RightLeg-Matrix-animation-input">
        <float_array id="mixamorig1_RightLeg-Matrix-animation-input-array" count="66">

0.000000 0.033333 0.066667 0.100000 0.133333 0.166667 0.200000 0.233333 0.266667 0.300000 0.333333 0.366667 0.400000 0.433333 0.466667 0.500000
0.533333 0.566667 0.600000 0.633333 0.666667 0.700000 0.733333 0.766667 0.800000 0.833333 0.866667 0.900000 0.933333 0.966667 1.000000 1.033333
1.066667 1.100000 1.133333 1.166667 1.200000 1.233333 1.266667 1.300000 1.333333 1.366667 1.400000 1.433333 1.466667 1.500000 1.533333 1.566667
1.600000 1.633333 1.666667 1.700000 1.733333 1.766667 1.800000 1.833333 1.866667 1.900000 1.933333 1.966667 2.000000 2.033333 2.066667 2.100000
2.133333 2.166667</float_array>
        <technique_common>
          <accessor source="#mixamorig1_RightLeg-Matrix-animation-input-array" count="66">
            <param name="TIME" type="float"/>
          </accessor>
        </technique_common>
      </source>
      <source id="mixamorig1_RightLeg-Matrix-animation-output-transform">
        <float_array id="mixamorig1_RightLeg-Matrix-animation-output-transform-array" count="1056">

0.984319 0.035893 0.172708 0.000000 -0.059281 0.989445 0.132228 42.775902 -0.166139 -0.140393 0.976057 0.000000 0.000000 0.000000 0.000000 1.000000
0.985039 0.034537 0.168833 0.000000 -0.056937 0.989918 0.129692 42.775902 -0.162652 -0.137365 0.977075 -0.000000 0.000000 0.000000 0.000000 1.000000
0.985742 0.033157 0.164966 0.000000 -0.054590 0.990382 0.127137 42.775902 -0.159164 -0.134330 0.978071 0.000000 0.000000 0.000000 0.000000 1.000000
0.986636 0.032635 0.159636 0.000000 -0.053606 0.990210 0.128881 42.775902 -0.153868 -0.135716 0.978727 -0.000000 0.000000 0.000000 0.000000 1.000000
0.987967 0.034773 0.150705 0.000000 -0.055775 0.988936 0.137456 42.775902 -0.144258 -0.144207 0.978976 0.000000 0.000000 0.000000 0.000000 1.000000
0.989415 0.037695 0.140134 -0.000000 -0.060071 0.985441 0.159052 42.775902 -0.132098 -0.165786 0.977274 0.000000 0.000000 0.000000 0.000000 1.000000
0.990740 0.038269 0.130269 0.000000 -0.066823 0.972644 0.222481 42.775902 -0.118192 -0.229126 0.966195 0.000000 0.000000 0.000000 0.000000 1.000000
0.993035 0.029735 0.114002 0.000000 -0.065642 0.943163 0.325782 42.775902 -0.097835 -0.330997 0.938547 0.000000 0.000000 0.000000 0.000000 1.000000
0.995142 0.021157 0.096145 -0.000000 -0.061305 0.897339 0.437064 42.775902 -0.077028 -0.440835 0.894277 0.000000 0.000000 0.000000 0.000000 1.000000
0.996946 0.006639 0.077812 -0.000000 -0.049274 0.826486 0.560797 42.775902 -0.060587 -0.562918 0.824289 0.000000 0.000000 0.000000 0.000000 1.000000
0.997964 -0.009755 0.063023 0.000000 -0.035751 0.732772 0.679535 42.775902 -0.052811 -0.680404 0.730932 0.000000 0.000000 0.000000 0.000000 1.000000
0.998410 -0.029252 0.048195 0.000000 -0.019645 0.620776 0.783742 42.775902 -0.052844 -0.783442 0.619214 0.000000 0.000000 0.000000 0.000000 1.000000
0.998281 -0.052083 0.026887 0.000000 0.002775 0.500206 0.865902 42.775902 -0.058548 -0.864338 0.499491 -0.000000 0.000000 0.000000 0.000000 1.000000
0.997175 -0.075064 -0.002826 0.000000 0.031392 0.382251 0.923525 42.775902 -0.068243 -0.921005 0.383527 0.000000 0.000000 0.000000 0.000000 1.000000
0.994934 -0.093634 -0.036584 -0.000000 0.061157 0.274944 0.959513 42.775902 -0.079785 -0.956890 0.279277 0.000000 0.000000 0.000000 0.000000 1.000000
0.992195 -0.104715 -0.067706 0.000000 0.086464 0.186496 0.978644 42.775902 -0.089852 -0.976859 0.194095 0.000000 0.000000 0.000000 0.000000 1.000000
0.990659 -0.107505 -0.083891 -0.000000 0.097118 0.124372 0.987471 42.775902 -0.095724 -0.986395 0.133651 0.000000 0.000000 0.000000 0.000000 1.000000
0.990934 -0.101888 -0.087575 0.000000 0.098467 0.107304 0.989338 42.775902 -0.091404 -0.988992 0.116363 0.000000 0.000000 0.000000 0.000000 1.000000
0.991490 -0.090359 -0.093713 0.000000 0.105114 0.131014 0.985792 42.775902 -0.076798 -0.987254 0.139397 0.000000 0.000000 0.000000 0.000000 1.000000
0.989967 -0.077266 -0.118303 0.000000 0.130939 0.186953 0.973603 42.775902 -0.053109 -0.979326 0.195195 0.000000 0.000000 0.000000 0.000000 1.000000
0.986061 -0.064848 -0.153224 -0.000000 0.165410 0.282685 0.944843 42.775902 -0.017957 -0.957018 0.289471 0.000000 0.000000 0.000000 0.000000 1.000000
0.985481 -0.049371 -0.162449 0.000000 0.167534 0.438055 0.883199 42.775902 0.027557 -0.897591 0.439966 -0.000000 0.000000 0.000000 0.000000 1.000000
0.992657 -0.027242 -0.117854 0.000000 0.107163 0.649969 0.752367 42.775902 0.056105 -0.759472 0.648116 -0.000000 0.000000 0.000000 0.000000 1.000000
0.998520 -0.001852 -0.054357 0.000000 0.029130 0.862200 0.505729 42.775902 0.045930 -0.506564 0.860978 -0.000000 0.000000 0.000000 0.000000 1.000000
0.996481 0.046212 0.069923 0.000000 -0.063044 0.963005 0.262005 42.775902 -0.055228 -0.265491 0.962530 -0.000000 0.000000 0.000000 0.000000 1.000000
0.984574 0.076429 0.157396 0.000000 -0.131641 0.916152 0.378597 42.775902 -0.115263 -0.393476 0.912081 0.000000 0.000000 0.000000 0.000000 1.000000
0.984174 0.030678 0.174529 -0.000000 -0.117752 0.849226 0.514732 42.775902 -0.132423 -0.527137 0.839399 -0.000000 0.000000 0.000000 0.000000 1.000000
0.988700 -0.071900 0.131541 0.000000 -0.043160 0.703793 0.709093 42.775902 -0.143562 -0.706757 0.692737 0.000000 0.000000 0.000000 0.000000 1.000000
0.992104 -0.106280 0.066583 -0.000000 -0.008371 0.473610 0.880695 42.775902 -0.125135 -0.874299 0.468981 0.000000 0.000000 0.000000 0.000000 1.000000
0.995315 -0.094133 0.022048 0.000000 -0.000557 0.222467 0.974940 42.775902 -0.096679 -0.970385 0.221372 0.000000 0.000000 0.000000 0.000000 1.000000
0.997250 -0.073912 -0.005342 0.000000 0.003835 -0.020510 0.999782 42.775902 -0.074005 -0.997054 -0.020170 0.000000 0.000000 0.000000 0.000000 1.000000
0.998289 -0.056678 -0.014389 0.000000 0.000157 -0.243461 0.969911 42.775902 -0.058476 -0.968253 -0.243036 0.000000 0.000000 0.000000 0.000000 1.000000
0.999355 -0.035919 0.000380 0.000000 -0.015937 -0.433879 0.900830 42.775902 -0.032191 -0.900255 -0.434171 -0.000000 0.000000 0.000000 0.000000 1.000000
0.999239 -0.010853 0.037456 0.000000 -0.036979 -0.568700 0.821713 42.775902 0.012383 -0.822473 -0.568669 0.000000 0.000000 0.000000 0.000000 1.000000
0.997191 0.002844 0.074851 -0.000000 -0.056342 -0.630006 0.774544 42.775902 0.049360 -0.776585 -0.628076 0.000000 0.000000 0.000000 0.000000 1.000000
0.996073 -0.009552 0.088021 0.000000 -0.075396 -0.612685 0.786723 42.775902 0.046414 -0.790270 -0.610999 -0.000000 0.000000 0.000000 0.000000 1.000000
0.994575 -0.036924 0.097243 -0.000000 -0.102310 -0.515961 0.850481 42.775902 0.018771 -0.855816 -0.516939 0.000000 0.000000 0.000000 0.000000 1.000000
0.989787 -0.054800 0.131603 -0.000000 -0.142420 -0.339661 0.929703 42.775902 -0.006247 -0.938950 -0.343997 0.000000 0.000000 0.000000 0.000000 1.000000
0.983480 -0.057197 0.171744 0.000000 -0.176201 -0.085083 0.980670 42.775902 -0.041479 -0.994731 -0.093756 0.000000 0.000000 0.000000 0.000000 1.000000
0.983401 -0.053750 0.173303 -0.000000 -0.158769 0.207465 0.965272 42.775902 -0.087838 -0.976765 0.195487 0.000000 0.000000 0.000000 0.000000 1.000000
0.983308 -0.061489 0.171246 0.000000 -0.128887 0.428929 0.894096 42.775902 -0.128429 -0.901243 0.413844 0.000000 0.000000 0.000000 0.000000 1.000000
0.979604 -0.065892 0.189825 0.000000 -0.139767 0.455275 0.879312 42.775902 -0.144362 -0.887909 0.436780 0.000000 0.000000 0.000000 0.000000 1.000000
0.981590 -0.065014 0.179594 0.000000 -0.135721 0.424179 0.895350 42.775902 -0.134390 -0.903242 0.407546 0.000000 0.000000 0.000000 0.000000 1.000000
0.984949 -0.065134 0.160104 0.000000 -0.121593 0.397225 0.909631 42.775902 -0.122845 -0.915407 0.383326 0.000000 0.000000 0.000000 0.000000 1.000000
0.984213 -0.070900 0.162168 0.000000 -0.118777 0.414697 0.902174 42.775902 -0.131215 -0.907193 0.399729 0.000000 0.000000 0.000000 0.000000 1.000000
0.983142 -0.084658 0.162067 -0.000000 -0.102722 0.477538 0.872586 42.775902 -0.151264 -0.874523 0.460791 0.000000 0.000000 0.000000 0.000000 1.000000
0.981735 -0.099526 0.162147 0.000000 -0.078627 0.563834 0.822136 42.775902 -0.173248 -0.819869 0.545710 0.000000 0.000000 0.000000 0.000000 1.000000
0.980935 -0.106025 0.162865 0.000000 -0.053014 0.660279 0.749147 42.775902 -0.186965 -0.743498 0.642070 -0.000000 0.000000 0.000000 0.000000 1.000000
0.981335 -0.099991 0.164264 0.000000 -0.033011 0.753918 0.656139 42.775902 -0.189449 -0.649315 0.736546 0.000000 0.000000 0.000000 0.000000 1.000000
0.982572 -0.083506 0.166072 -0.000000 -0.023974 0.829026 0.558696 42.775902 -0.184333 -0.552940 0.812575 0.000000 0.000000 0.000000 0.000000 1.000000
0.983930 -0.060366 0.168042 0.000000 -0.028087 0.877077 0.479528 42.775902 -0.176333 -0.476542 0.861287 0.000000 0.000000 0.000000 0.000000 1.000000
0.984814 -0.035362 0.169974 0.000000 -0.041701 0.902196 0.429305 42.775902 -0.168530 -0.429874 0.887021 0.000000 0.000000 0.000000 0.000000 1.000000
0.985064 -0.015153 0.171520 0.000000 -0.055380 0.915312 0.398920 42.775902 -0.163039 -0.402460 0.900802 0.000000 0.000000 0.000000 0.000000 1.000000
0.984984 -0.001076 0.172640 0.000000 -0.064902 0.924321 0.376056 42.775902 -0.159979 -0.381614 0.910372 0.000000 0.000000 0.000000 0.000000 1.000000
0.984767 0.010311 0.173573 0.000000 -0.072598 0.931450 0.356553 42.775902 -0.157998 -0.363723 0.918010 -0.000000 0.000000 0.000000 0.000000 1.000000
0.984461 0.020254 0.174429 0.000000 -0.079752 0.936542 0.341363 42.775902 -0.156446 -0.349970 0.923605 0.000000 0.000000 0.000000 0.000000 1.000000
0.984160 0.027864 0.175077 -0.000000 -0.083599 0.943815 0.319726 42.775902 -0.156332 -0.329298 0.931194 -0.000000 0.000000 0.000000 0.000000 1.000000
0.983933 0.032266 0.175601 0.000000 -0.082023 0.955292 0.284060 42.775902 -0.158584 -0.293900 0.942589 0.000000 0.000000 0.000000 0.000000 1.000000
0.983708 0.035726 0.176188 0.000000 -0.078669 0.966782 0.243194 42.775902 -0.161647 -0.253093 0.953842 0.000000 0.000000 0.000000 0.000000 1.000000
0.983486 0.038535 0.176833 0.000000 -0.074468 0.976689 0.201330 42.775902 -0.164953 -0.211174 0.963429 0.000000 0.000000 0.000000 0.000000 1.000000
0.983284 0.040929 0.177416 0.000000 -0.070350 0.984138 0.162858 42.775902 -0.167936 -0.172617 0.970567 0.000000 0.000000 0.000000 0.000000 1.000000
0.983399 0.038234 0.177385 0.000000 -0.064745 0.987138 0.146170 42.775902 -0.169515 -0.155229 0.973226 0.000000 0.000000 0.000000 0.000000 1.000000
0.983616 0.037422 0.176348 0.000000 -0.062904 0.987980 0.141204 42.775902 -0.168944 -0.149983 0.974147 0.000000 0.000000 0.000000 0.000000 1.000000
0.983849 0.036867 0.175162 -0.000000 -0.061591 0.988531 0.137887 42.775902 -0.168069 -0.146448 0.974836 0.000000 0.000000 0.000000 0.000000 1.000000
0.984087 0.036410 0.173916 -0.000000 -0.060490 0.988966 0.135229 42.775902 -0.167073 -0.143597 0.975431 0.000000 0.000000 0.000000 0.000000 1.000000
0.984319 0.035893 0.172708 -0.000000 -0.059282 0.989444 0.132235 42.775902 -0.166138 -0.140400 0.976056 -0.000000 0.000000 0.000000 0.000000 1.000000</float_array>
        <technique_common>
          <accessor source="#mixamorig1_RightLeg-Matrix-animation-output-transform-array" count="66" stride="16">
            <param type="float4x4"/>
          </accessor>
        </technique_common>
      </source>
      <source id="mixamorig1_RightLeg-Interpolations">
        <Name_array id="mixamorig1_RightLeg-Interpolations-array" count="66">
 LINEAR LINEAR LINEAR LINEAR LINEAR LINEAR LINEAR LINEAR LINEAR LINEAR LINEAR
LINEAR LINEAR LINEAR LINEAR LINEAR LINEAR LINEAR LINEAR LINEAR LINEAR LINEAR LINEAR
LINEAR LINEAR LINEAR LINEAR LINEAR LINEAR LINEAR LINEAR LINEAR LINEAR LINEAR LINEAR
LINEAR LINEAR LINEAR LINEAR LINEAR LINEAR LINEAR LINEAR LINEAR LINEAR LINEAR LINEAR
LINEAR LINEAR LINEAR LINEAR LINEAR LINEAR LINEAR LINEAR LINEAR LINEAR LINEAR LINEAR
LINEAR LINEAR LINEAR LINEAR LINEAR LINEAR LINEAR</Name_array>
        <technique_common>
          <accessor source="#mixamorig1_RightLeg-Interpolations-array" count="66">
            <param type="name"/>
          </accessor>
        </technique_common>
      </source>
      <sampler id="mixamorig1_RightLeg-Matrix-animation-transform">
        <input semantic="INPUT" source="#mixamorig1_RightLeg-Matrix-animation-input"/>
        <input semantic="OUTPUT" source="#mixamorig1_RightLeg-Matrix-animation-output-transform"/>
        <input semantic="INTERPOLATION" source="#mixamorig1_RightLeg-Interpolations"/>
      </sampler>
      <channel source="#mixamorig1_RightLeg-Matrix-animation-transform" target="mixamorig1_RightLeg/matrix"/>
    </animation>
    <animation id="mixamorig1_RightFoot-anim" name="mixamorig1_RightFoot">
      <source id="mixamorig1_RightFoot-Matrix-animation-input">
        <float_array id="mixamorig1_RightFoot-Matrix-animation-input-array" count="66">

0.000000 0.033333 0.066667 0.100000 0.133333 0.166667 0.200000 0.233333 0.266667 0.300000 0.333333 0.366667 0.400000 0.433333 0.466667 0.500000
0.533333 0.566667 0.600000 0.633333 0.666667 0.700000 0.733333 0.766667 0.800000 0.833333 0.866667 0.900000 0.933333 0.966667 1.000000 1.033333
1.066667 1.100000 1.133333 1.166667 1.200000 1.233333 1.266667 1.300000 1.333333 1.366667 1.400000 1.433333 1.466667 1.500000 1.533333 1.566667
1.600000 1.633333 1.666667 1.700000 1.733333 1.766667 1.800000 1.833333 1.866667 1.900000 1.933333 1.966667 2.000000 2.033333 2.066667 2.100000
2.133333 2.166667</float_array>
        <technique_common>
          <accessor source="#mixamorig1_RightFoot-Matrix-animation-input-array" count="66">
            <param name="TIME" type="float"/>
          </accessor>
        </technique_common>
      </source>
      <source id="mixamorig1_RightFoot-Matrix-animation-output-transform">
        <float_array id="mixamorig1_RightFoot-Matrix-animation-output-transform-array" count="1056">

0.997488 0.070768 0.003015 0.000000 -0.031398 0.479907 -0.876757 42.179699 -0.063493 0.874461 0.480923 -0.000000 0.000000 0.000000 0.000000 1.000000
0.998033 0.062672 -0.001314 0.000000 -0.031582 0.484610 -0.874160 42.179699 -0.054148 0.872482 0.485637 0.000000 0.000000 0.000000 0.000000 1.000000
0.998491 0.054618 -0.005730 0.000000 -0.031765 0.489267 -0.871555 42.179699 -0.044799 0.870422 0.490264 0.000000 0.000000 0.000000 0.000000 1.000000
0.998819 0.047881 -0.008235 -0.000000 -0.030815 0.493294 -0.869317 42.179699 -0.037562 0.868544 0.494187 0.000000 0.000000 0.000000 0.000000 1.000000
0.998994 0.044457 -0.005892 0.000000 -0.027241 0.497201 -0.867208 42.179699 -0.035624 0.866496 0.497911 -0.000000 0.000000 0.000000 0.000000 1.000000
0.999107 0.042243 -0.001021 0.000000 -0.021929 0.497701 -0.867072 42.179699 -0.036120 0.866320 0.498183 -0.000000 0.000000 0.000000 0.000000 1.000000
0.999253 0.038395 0.004409 -0.000000 -0.014710 0.483356 -0.875300 42.179699 -0.035738 0.874581 0.483560 -0.000000 0.000000 0.000000 0.000000 1.000000
0.999294 0.036875 0.007189 0.000000 -0.010370 0.454655 -0.890607 42.179699 -0.036110 0.889904 0.454717 -0.000000 0.000000 0.000000 0.000000 1.000000
0.999292 0.036570 0.008806 -0.000000 -0.007425 0.421264 -0.906908 42.179699 -0.036875 0.906200 0.421238 -0.000000 0.000000 0.000000 0.000000 1.000000
0.999208 0.039197 0.006873 0.000000 -0.008572 0.380651 -0.924679 42.179699 -0.038860 0.923888 0.380686 0.000000 0.000000 0.000000 0.000000 1.000000
0.999061 0.043189 0.003547 -0.000000 -0.011234 0.337182 -0.941372 42.179699 -0.041853 0.940448 0.337351 -0.000000 0.000000 0.000000 0.000000 1.000000
0.998828 0.048375 -0.001451 0.000000 -0.015572 0.292849 -0.956032 42.179699 -0.045823 0.954934 0.293260 0.000000 0.000000 0.000000 0.000000 1.000000
0.998446 0.054913 -0.009522 0.000000 -0.022981 0.249995 -0.967974 42.179699 -0.050773 0.966689 0.250868 -0.000000 0.000000 0.000000 0.000000 1.000000
0.997848 0.062188 -0.020772 0.000000 -0.033464 0.210620 -0.976995 42.179699 -0.056382 0.975588 0.212248 0.000000 0.000000 0.000000 0.000000 1.000000
0.997085 0.068808 -0.032967 0.000000 -0.044624 0.175433 -0.983479 42.179699 -0.061887 0.982084 0.177992 0.000000 0.000000 0.000000 0.000000 1.000000
0.996401 0.073376 -0.042448 0.000000 -0.052745 0.144641 -0.988077 42.179699 -0.066362 0.986760 0.147991 0.000000 0.000000 0.000000 0.000000 1.000000
0.995407 0.078867 -0.054263 0.000000 -0.064667 0.136003 -0.988596 42.179699 -0.070588 0.987564 0.140478 -0.000000 0.000000 0.000000 0.000000 1.000000
0.994702 0.082566 -0.061240 0.000000 -0.072857 0.145967 -0.986603 42.179699 -0.072521 0.985838 0.151209 0.000000 0.000000 0.000000 0.000000 1.000000
0.993784 0.087159 -0.069260 0.000000 -0.083490 0.171965 -0.981559 42.179699 -0.073641 0.981240 0.178173 -0.000000 0.000000 0.000000 0.000000 1.000000
0.992305 0.093505 -0.081168 0.000000 -0.099078 0.206456 -0.973427 42.179699 -0.074263 0.973978 0.214132 0.000000 0.000000 0.000000 0.000000 1.000000
0.991772 0.095662 -0.085071 0.000000 -0.106497 0.247766 -0.962949 42.179699 -0.071040 0.964086 0.255915 0.000000 0.000000 0.000000 0.000000 1.000000
0.995109 0.079747 -0.058295 -0.000000 -0.080788 0.317427 -0.944835 42.179699 -0.056844 0.944923 0.322317 0.000000 0.000000 0.000000 0.000000 1.000000
0.998692 0.046354 -0.021559 0.000000 -0.040023 0.446545 -0.893865 42.179699 -0.031807 0.893560 0.447817 0.000000 0.000000 0.000000 0.000000 1.000000
0.999450 0.001637 0.033116 -0.000000 0.023500 0.669611 -0.742340 42.179699 -0.023391 0.742710 0.669204 -0.000000 0.000000 0.000000 0.000000 1.000000
0.990818 -0.088912 0.101851 0.000000 0.130019 0.833161 -0.537530 42.179699 -0.037065 0.545837 0.837071 0.000000 0.000000 0.000000 0.000000 1.000000
0.985152 -0.099722 0.139754 0.000000 0.158618 0.840157 -0.518630 42.179699 -0.065697 0.533097 0.843500 -0.000000 0.000000 0.000000 0.000000 1.000000
0.992078 -0.068866 0.105062 0.000000 0.114390 0.840892 -0.528975 42.179699 -0.051918 0.536803 0.842109 -0.000000 0.000000 0.000000 0.000000 1.000000
0.998703 -0.029941 0.041172 0.000000 0.048486 0.805922 -0.590033 42.179699 -0.015515 0.591264 0.806329 0.000000 0.000000 0.000000 0.000000 1.000000
0.996994 -0.042384 0.064864 -0.000000 0.075091 0.734940 -0.673962 42.179699 -0.019105 0.676806 0.735913 0.000000 0.000000 0.000000 0.000000 1.000000
0.989583 -0.075779 0.122407 0.000000 0.142135 0.649431 -0.747019 42.179699 -0.022887 0.756635 0.653437 0.000000 0.000000 0.000000 0.000000 1.000000
0.986740 -0.073020 0.144956 0.000000 0.160581 0.569163 -0.806392 42.179699 -0.023621 0.818976 0.573341 0.000000 0.000000 0.000000 0.000000 1.000000
0.992504 -0.034246 0.117312 -0.000000 0.118627 0.500695 -0.857457 42.179699 -0.029373 0.864946 0.501004 -0.000000 0.000000 0.000000 0.000000 1.000000
0.997178 0.007912 0.074653 -0.000000 0.063114 0.450089 -0.890751 42.179699 -0.040648 0.892949 0.448319 0.000000 0.000000 0.000000 0.000000 1.000000
0.998274 0.032238 0.049082 0.000000 0.029984 0.438833 -0.898068 42.179699 -0.050491 0.897990 0.437109 -0.000000 0.000000 0.000000 0.000000 1.000000
0.998355 0.038982 0.042036 0.000000 0.018684 0.471968 -0.881418 42.179699 -0.054200 0.880753 0.470463 0.000000 0.000000 0.000000 0.000000 1.000000
0.998407 0.032513 0.046116 0.000000 0.022060 0.527333 -0.849372 42.179699 -0.051934 0.849037 0.525776 -0.000000 0.000000 0.000000 0.000000 1.000000
0.998173 0.015083 0.058505 -0.000000 0.038709 0.583845 -0.810942 42.179699 -0.046389 0.811725 0.582195 0.000000 0.000000 0.000000 0.000000 1.000000
0.996890 -0.010552 0.078093 -0.000000 0.067620 0.623423 -0.778955 42.179699 -0.040465 0.781814 0.622198 0.000000 0.000000 0.000000 0.000000 1.000000
0.993532 -0.032584 0.108780 0.000000 0.104916 0.629892 -0.769564 42.179699 -0.043445 0.775999 0.629237 0.000000 0.000000 0.000000 0.000000 1.000000
0.985094 -0.008633 0.171802 0.000000 0.143270 0.593943 -0.791648 42.179699 -0.095207 0.804461 0.586326 -0.000000 0.000000 0.000000 0.000000 1.000000
0.968969 0.075224 0.235457 -0.000000 0.168446 0.496180 -0.851723 42.179699 -0.180899 0.864955 0.468112 -0.000000 0.000000 0.000000 0.000000 1.000000
0.938184 0.226089 0.262094 0.000000 0.221301 0.190432 -0.956432 42.179699 -0.266150 0.955311 0.128626 0.000000 0.000000 0.000000 0.000000 1.000000
0.917696 0.317037 0.239421 0.000000 0.244594 0.024018 -0.969328 42.179699 -0.313063 0.948109 -0.055504 0.000000 0.000000 0.000000 0.000000 1.000000
0.912538 0.331830 0.239088 0.000000 0.247755 0.016617 -0.968680 42.179699 -0.325410 0.943193 -0.067049 0.000000 0.000000 0.000000 0.000000 1.000000
0.926696 0.310058 0.212363 0.000000 0.212754 0.032975 -0.976549 42.179699 -0.309790 0.950146 -0.035408 0.000000 0.000000 0.000000 0.000000 1.000000
0.937483 0.296660 0.181987 -0.000000 0.169397 0.067839 -0.983210 42.179699 -0.304025 0.952571 0.013344 -0.000000 0.000000 0.000000 0.000000 1.000000
0.945886 0.286839 0.151734 0.000000 0.123057 0.115597 -0.985644 42.179699 -0.300261 0.950979 0.074044 -0.000000 0.000000 0.000000 0.000000 1.000000
0.954862 0.271033 0.121573 0.000000 0.075077 0.175784 -0.981562 42.179699 -0.287407 0.946383 0.147501 0.000000 0.000000 0.000000 0.000000 1.000000
0.964237 0.247751 0.094167 0.000000 0.032204 0.243140 -0.969457 42.179699 -0.263079 0.937818 0.226466 0.000000 0.000000 0.000000 0.000000 1.000000
0.970822 0.227056 0.077141 0.000000 0.004463 0.304523 -0.952495 42.179699 -0.239761 0.925047 0.294624 0.000000 0.000000 0.000000 0.000000 1.000000
0.972510 0.219791 0.076915 0.000000 -0.004662 0.348615 -0.937254 42.179699 -0.232813 0.911131 0.340056 -0.000000 0.000000 0.000000 0.000000 1.000000
0.970852 0.222680 0.088658 0.000000 -0.001365 0.375033 -0.927011 42.179699 -0.239676 0.899869 0.364405 0.000000 0.000000 0.000000 0.000000 1.000000
0.970529 0.220593 0.097017 0.000000 0.003181 0.390826 -0.920459 42.179699 -0.240963 0.893641 0.378606 0.000000 0.000000 0.000000 0.000000 1.000000
0.974227 0.205138 0.093811 0.000000 0.003526 0.401983 -0.915640 42.179699 -0.225543 0.892372 0.390900 0.000000 0.000000 0.000000 0.000000 1.000000
0.979804 0.181655 0.083579 0.000000 0.001703 0.410383 -0.911912 42.179699 -0.199952 0.893637 0.401785 -0.000000 0.000000 0.000000 0.000000 1.000000
0.984481 0.159503 0.073189 0.000000 0.000275 0.415646 -0.909526 42.179699 -0.175493 0.895431 0.409152 0.000000 0.000000 0.000000 0.000000 1.000000
0.988237 0.139472 0.062733 0.000000 -0.002231 0.423308 -0.905983 42.179699 -0.152915 0.895186 0.418640 0.000000 0.000000 0.000000 0.000000 1.000000
0.991096 0.122578 0.051986 -0.000000 -0.006849 0.436866 -0.899501 42.179699 -0.132970 0.891136 0.433815 -0.000000 0.000000 0.000000 0.000000 1.000000
0.993427 0.106987 0.040704 0.000000 -0.012165 0.452254 -0.891806 42.179699 -0.113820 0.885449 0.450583 -0.000000 0.000000 0.000000 0.000000 1.000000
0.995288 0.092509 0.029058 0.000000 -0.017664 0.467632 -0.883747 42.179699 -0.095343 0.879069 0.467062 0.000000 0.000000 0.000000 0.000000 1.000000
0.996737 0.078831 0.017322 0.000000 -0.022829 0.481206 -0.876310 42.179699 -0.077416 0.873056 0.481435 0.000000 0.000000 0.000000 0.000000 1.000000
0.997547 0.069491 0.008387 0.000000 -0.026473 0.485484 -0.873844 42.179699 -0.064796 0.871479 0.486133 -0.000000 0.000000 0.000000 0.000000 1.000000
0.997616 0.068733 0.006187 0.000000 -0.027975 0.484726 -0.874218 42.179699 -0.063087 0.871961 0.485493 0.000000 0.000000 0.000000 0.000000 1.000000
0.997592 0.069174 0.004941 0.000000 -0.029176 0.483262 -0.874990 42.179699 -0.062915 0.872739 0.484116 -0.000000 0.000000 0.000000 0.000000 1.000000
0.997532 0.070093 0.004075 0.000000 -0.030256 0.481513 -0.875917 42.179699 -0.063358 0.873632 0.482445 -0.000000 0.000000 0.000000 0.000000 1.000000
0.997488 0.070768 0.003015 0.000000 -0.031397 0.479904 -0.876759 42.179699 -0.063493 0.874462 0.480920 -0.000000 0.000000 0.000000 0.000000 1.000000</float_array>
        <technique_common>
          <accessor source="#mixamorig1_RightFoot-Matrix-animation-output-transform-array" count="66" stride="16">
            <param type="float4x4"/>
          </accessor>
        </technique_common>
      </source>
      <source id="mixamorig1_RightFoot-Interpolations">
        <Name_array id="mixamorig1_RightFoot-Interpolations-array" count="66">
 LINEAR LINEAR LINEAR LINEAR LINEAR LINEAR LINEAR LINEAR LINEAR LINEAR LINEAR
LINEAR LINEAR LINEAR LINEAR LINEAR LINEAR LINEAR LINEAR LINEAR LINEAR LINEAR LINEAR
LINEAR LINEAR LINEAR LINEAR LINEAR LINEAR LINEAR LINEAR LINEAR LINEAR LINEAR LINEAR
LINEAR LINEAR LINEAR LINEAR LINEAR LINEAR LINEAR LINEAR LINEAR LINEAR LINEAR LINEAR
LINEAR LINEAR LINEAR LINEAR LINEAR LINEAR LINEAR LINEAR LINEAR LINEAR LINEAR LINEAR
LINEAR LINEAR LINEAR LINEAR LINEAR LINEAR LINEAR</Name_array>
        <technique_common>
          <accessor source="#mixamorig1_RightFoot-Interpolations-array" count="66">
            <param type="name"/>
          </accessor>
        </technique_common>
      </source>
      <sampler id="mixamorig1_RightFoot-Matrix-animation-transform">
        <input semantic="INPUT" source="#mixamorig1_RightFoot-Matrix-animation-input"/>
        <input semantic="OUTPUT" source="#mixamorig1_RightFoot-Matrix-animation-output-transform"/>
        <input semantic="INTERPOLATION" source="#mixamorig1_RightFoot-Interpolations"/>
      </sampler>
      <channel source="#mixamorig1_RightFoot-Matrix-animation-transform" target="mixamorig1_RightFoot/matrix"/>
    </animation>
    <animation id="mixamorig1_RightToeBase-anim" name="mixamorig1_RightToeBase">
      <source id="mixamorig1_RightToeBase-Matrix-animation-input">
        <float_array id="mixamorig1_RightToeBase-Matrix-animation-input-array" count="66">

0.000000 0.033333 0.066667 0.100000 0.133333 0.166667 0.200000 0.233333 0.266667 0.300000 0.333333 0.366667 0.400000 0.433333 0.466667 0.500000
0.533333 0.566667 0.600000 0.633333 0.666667 0.700000 0.733333 0.766667 0.800000 0.833333 0.866667 0.900000 0.933333 0.966667 1.000000 1.033333
1.066667 1.100000 1.133333 1.166667 1.200000 1.233333 1.266667 1.300000 1.333333 1.366667 1.400000 1.433333 1.466667 1.500000 1.533333 1.566667
1.600000 1.633333 1.666667 1.700000 1.733333 1.766667 1.800000 1.833333 1.866667 1.900000 1.933333 1.966667 2.000000 2.033333 2.066667 2.100000
2.133333 2.166667</float_array>
        <technique_common>
          <accessor source="#mixamorig1_RightToeBase-Matrix-animation-input-array" count="66">
            <param name="TIME" type="float"/>
          </accessor>
        </technique_common>
      </source>
      <source id="mixamorig1_RightToeBase-Matrix-animation-output-transform">
        <float_array id="mixamorig1_RightToeBase-Matrix-animation-output-transform-array" count="1056">

0.991751 0.076733 0.102679 0.000000 0.009188 0.756416 -0.654026 16.260500 -0.127853 0.649574 0.749471 -0.000000 0.000000 0.000000 0.000000 1.000000
0.991749 0.076746 0.102682 0.000000 0.009200 0.756313 -0.654145 16.260500 -0.127863 0.649692 0.749367 0.000000 0.000000 0.000000 0.000000 1.000000
0.991748 0.076760 0.102685 0.000000 0.009212 0.756211 -0.654263 16.260500 -0.127872 0.649810 0.749263 0.000000 0.000000 0.000000 0.000000 1.000000
0.991746 0.076777 0.102688 0.000000 0.009228 0.756080 -0.654414 16.260500 -0.127884 0.649960 0.749131 0.000000 0.000000 0.000000 0.000000 1.000000
0.991744 0.076803 0.102694 -0.000000 0.009251 0.755879 -0.654646 16.260500 -0.127903 0.650191 0.748927 0.000000 0.000000 0.000000 0.000000 1.000000
0.991741 0.076833 0.102701 0.000000 0.009279 0.755645 -0.654916 16.260500 -0.127924 0.650459 0.748691 0.000000 0.000000 0.000000 0.000000 1.000000
0.991738 0.076862 0.102707 0.000000 0.009305 0.755422 -0.655172 16.260500 -0.127945 0.650715 0.748465 0.000000 0.000000 0.000000 0.000000 1.000000
0.991735 0.076886 0.102713 0.000000 0.009327 0.755233 -0.655390 16.260500 -0.127962 0.650931 0.748274 0.000000 0.000000 0.000000 0.000000 1.000000
0.991733 0.076908 0.102717 0.000000 0.009347 0.755065 -0.655583 16.260500 -0.127978 0.651124 0.748104 0.000000 0.000000 0.000000 0.000000 1.000000
0.991732 0.076920 0.102720 -0.000000 0.009358 0.754969 -0.655694 16.260500 -0.127986 0.651234 0.748007 0.000000 0.000000 0.000000 0.000000 1.000000
0.991732 0.076922 0.102720 -0.000000 0.009360 0.754954 -0.655711 16.260500 -0.127988 0.651250 0.747992 0.000000 0.000000 0.000000 0.000000 1.000000
0.991733 0.076911 0.102718 -0.000000 0.009349 0.755040 -0.655612 16.260500 -0.127980 0.651152 0.748079 0.000000 0.000000 0.000000 0.000000 1.000000
0.991735 0.076884 0.102712 -0.000000 0.009325 0.755247 -0.655374 16.260500 -0.127961 0.650916 0.748288 -0.000000 0.000000 0.000000 0.000000 1.000000
0.991740 0.076839 0.102702 -0.000000 0.009285 0.755593 -0.654976 16.260500 -0.127929 0.650519 0.748638 0.000000 0.000000 0.000000 0.000000 1.000000
0.991746 0.076774 0.102688 -0.000000 0.009226 0.756098 -0.654393 16.260500 -0.127883 0.649940 0.749149 0.000000 0.000000 0.000000 0.000000 1.000000
0.991759 0.076645 0.102659 -0.000000 0.009108 0.757098 -0.653238 16.260500 -0.127791 0.648789 0.750161 0.000000 0.000000 0.000000 0.000000 1.000000
0.991539 0.078853 0.103118 0.000000 0.011123 0.739836 -0.672695 16.260500 -0.129335 0.668150 0.732699 0.000000 0.000000 0.000000 0.000000 1.000000
0.991228 0.081981 0.103666 0.000000 0.014027 0.714683 -0.699308 16.260500 -0.131419 0.694628 0.707263 0.000000 0.000000 0.000000 0.000000 1.000000
0.990886 0.085445 0.104134 0.000000 0.017308 0.685897 -0.727493 16.260500 -0.133586 0.722665 0.678167 -0.000000 0.000000 0.000000 0.000000 1.000000
0.990685 0.087496 0.104344 -0.000000 0.019286 0.668384 -0.743566 16.260500 -0.134801 0.738652 0.660471 0.000000 0.000000 0.000000 0.000000 1.000000
0.990779 0.086538 0.104252 -0.000000 0.018359 0.676607 -0.736116 16.260500 -0.134239 0.731242 0.668779 0.000000 0.000000 0.000000 0.000000 1.000000
0.991051 0.083771 0.103926 0.000000 0.015714 0.699929 -0.714040 16.260500 -0.132556 0.709283 0.692349 -0.000000 0.000000 0.000000 0.000000 1.000000
0.991177 0.082498 0.103745 0.000000 0.014512 0.710453 -0.703595 16.260500 -0.131751 0.698893 0.702987 0.000000 0.000000 0.000000 0.000000 1.000000
0.993959 0.087221 0.066614 0.000000 -0.005830 0.648072 -0.761557 16.260500 -0.109594 0.756568 0.644666 0.000000 0.000000 0.000000 0.000000 1.000000
0.991339 0.080855 0.103483 -0.000000 0.012975 0.723832 -0.689855 16.260500 -0.130682 0.685223 0.716514 0.000000 0.000000 0.000000 0.000000 1.000000
0.991952 0.074724 0.102211 0.000000 0.007381 0.771771 -0.635858 16.260500 -0.126397 0.631495 0.765009 0.000000 0.000000 0.000000 0.000000 1.000000
0.992432 0.069982 0.100900 -0.000000 0.003213 0.806624 -0.591057 16.260500 -0.122751 0.586908 0.800294 0.000000 0.000000 0.000000 0.000000 1.000000
0.992473 0.069581 0.100775 0.000000 0.002867 0.809477 -0.587144 16.260500 -0.122429 0.583014 0.803185 0.000000 0.000000 0.000000 0.000000 1.000000
0.992301 0.071272 0.101286 0.000000 0.004333 0.797340 -0.603515 16.260500 -0.123773 0.599308 0.790892 0.000000 0.000000 0.000000 0.000000 1.000000
0.992082 0.073441 0.101885 0.000000 0.006239 0.781401 -0.623999 16.260500 -0.125440 0.619693 0.774755 0.000000 0.000000 0.000000 0.000000 1.000000
0.991895 0.075298 0.102350 0.000000 0.007894 0.767423 -0.641092 16.260500 -0.126818 0.636704 0.760608 0.000000 0.000000 0.000000 0.000000 1.000000
0.991774 0.076496 0.102626 -0.000000 0.008973 0.758250 -0.651903 16.260500 -0.127684 0.647461 0.751326 0.000000 0.000000 0.000000 0.000000 1.000000
0.991677 0.077469 0.102838 0.000000 0.009857 0.750707 -0.660562 16.260500 -0.128374 0.656078 0.743695 0.000000 0.000000 0.000000 0.000000 1.000000
0.991536 0.078878 0.103123 0.000000 0.011146 0.739637 -0.672914 16.260500 -0.129352 0.668368 0.732498 0.000000 0.000000 0.000000 0.000000 1.000000
0.991353 0.080721 0.103460 0.000000 0.012850 0.724912 -0.688722 16.260500 -0.130594 0.684096 0.717606 0.000000 0.000000 0.000000 0.000000 1.000000
0.991275 0.081509 0.103591 0.000000 0.013585 0.718532 -0.695362 16.260500 -0.131112 0.690701 0.711155 0.000000 0.000000 0.000000 0.000000 1.000000
0.991432 0.079923 0.103319 0.000000 0.012109 0.731327 -0.681920 16.260500 -0.130061 0.677328 0.724093 -0.000000 0.000000 0.000000 0.000000 1.000000
0.991650 0.077737 0.102894 0.000000 0.010101 0.748616 -0.662927 16.260500 -0.128562 0.658431 0.741579 -0.000000 0.000000 0.000000 0.000000 1.000000
0.991547 0.078767 0.103102 0.000000 0.011044 0.740518 -0.671946 16.260500 -0.129276 0.667405 0.733388 0.000000 0.000000 0.000000 0.000000 1.000000
0.991040 0.083877 0.103940 0.000000 0.015814 0.699049 -0.714898 16.260500 -0.132623 0.710137 0.691460 0.000000 0.000000 0.000000 0.000000 1.000000
0.990598 0.088387 0.104420 0.000000 0.020152 0.660671 -0.750405 16.260500 -0.135313 0.745454 0.652678 0.000000 0.000000 0.000000 0.000000 1.000000
0.990778 0.086545 0.104253 0.000000 0.018366 0.676545 -0.736172 16.260500 -0.134244 0.731298 0.668716 0.000000 0.000000 0.000000 0.000000 1.000000
0.991377 0.080475 0.103417 -0.000000 0.012621 0.726895 -0.686632 16.260500 -0.130430 0.682017 0.719612 -0.000000 0.000000 0.000000 0.000000 1.000000
0.991810 0.076139 0.102546 -0.000000 0.008651 0.760995 -0.648700 16.260500 -0.127428 0.644274 0.754104 -0.000000 0.000000 0.000000 0.000000 1.000000
0.991751 0.076733 0.102679 0.000000 0.009188 0.756416 -0.654026 16.260500 -0.127853 0.649574 0.749471 0.000000 0.000000 0.000000 0.000000 1.000000
0.991751 0.076733 0.102679 0.000000 0.009188 0.756416 -0.654026 16.260500 -0.127854 0.649574 0.749471 0.000000 0.000000 0.000000 0.000000 1.000000
0.991751 0.076733 0.102679 0.000000 0.009188 0.756416 -0.654026 16.260500 -0.127853 0.649574 0.749471 0.000000 0.000000 0.000000 0.000000 1.000000
0.991750 0.076733 0.102679 0.000000 0.009188 0.756416 -0.654026 16.260500 -0.127854 0.649574 0.749471 0.000000 0.000000 0.000000 0.000000 1.000000
0.991750 0.076733 0.102679 -0.000000 0.009188 0.756416 -0.654026 16.260500 -0.127854 0.649574 0.749471 -0.000000 0.000000 0.000000 0.000000 1.000000
0.991751 0.076733 0.102679 0.000000 0.009188 0.756416 -0.654026 16.260500 -0.127853 0.649574 0.749471 0.000000 0.000000 0.000000 0.000000 1.000000
0.991750 0.076733 0.102679 0.000000 0.009188 0.756416 -0.654026 16.260500 -0.127854 0.649574 0.749471 -0.000000 0.000000 0.000000 0.000000 1.000000
0.991751 0.076733 0.102679 0.000000 0.009189 0.756416 -0.654026 16.260500 -0.127853 0.649574 0.749471 0.000000 0.000000 0.000000 0.000000 1.000000
0.991751 0.076733 0.102679 0.000000 0.009188 0.756416 -0.654026 16.260500 -0.127853 0.649574 0.749471 0.000000 0.000000 0.000000 0.000000 1.000000
0.991750 0.076733 0.102679 -0.000000 0.009188 0.756416 -0.654026 16.260500 -0.127854 0.649574 0.749471 0.000000 0.000000 0.000000 0.000000 1.000000
0.991751 0.076733 0.102679 -0.000000 0.009188 0.756416 -0.654026 16.260500 -0.127854 0.649574 0.749471 -0.000000 0.000000 0.000000 0.000000 1.000000
0.991751 0.076733 0.102679 0.000000 0.009188 0.756416 -0.654026 16.260500 -0.127854 0.649574 0.749471 0.000000 0.000000 0.000000 0.000000 1.000000
0.991751 0.076733 0.102679 0.000000 0.009188 0.756416 -0.654026 16.260500 -0.127854 0.649574 0.749471 0.000000 0.000000 0.000000 0.000000 1.000000
0.991751 0.076733 0.102679 0.000000 0.009188 0.756416 -0.654026 16.260500 -0.127854 0.649574 0.749471 -0.000000 0.000000 0.000000 0.000000 1.000000
0.991750 0.076733 0.102679 0.000000 0.009188 0.756416 -0.654026 16.260500 -0.127854 0.649574 0.749471 0.000000 0.000000 0.000000 0.000000 1.000000
0.991750 0.076733 0.102679 0.000000 0.009188 0.756416 -0.654026 16.260500 -0.127854 0.649574 0.749471 0.000000 0.000000 0.000000 0.000000 1.000000
0.991750 0.076733 0.102679 0.000000 0.009188 0.756416 -0.654026 16.260500 -0.127854 0.649574 0.749471 0.000000 0.000000 0.000000 0.000000 1.000000
0.991750 0.076733 0.102679 0.000000 0.009188 0.756416 -0.654026 16.260500 -0.127854 0.649574 0.749471 -0.000000 0.000000 0.000000 0.000000 1.000000
0.991750 0.076733 0.102679 0.000000 0.009188 0.756416 -0.654026 16.260500 -0.127854 0.649574 0.749471 0.000000 0.000000 0.000000 0.000000 1.000000
0.991751 0.076733 0.102679 0.000000 0.009188 0.756416 -0.654026 16.260500 -0.127853 0.649574 0.749471 0.000000 0.000000 0.000000 0.000000 1.000000
0.991751 0.076733 0.102679 0.000000 0.009188 0.756416 -0.654026 16.260500 -0.127853 0.649574 0.749471 0.000000 0.000000 0.000000 0.000000 1.000000
0.991751 0.076733 0.102679 -0.000000 0.009188 0.756416 -0.654026 16.260500 -0.127853 0.649574 0.749471 0.000000 0.000000 0.000000 0.000000 1.000000</float_array>
        <technique_common>
          <accessor source="#mixamorig1_RightToeBase-Matrix-animation-output-transform-array" count="66" stride="16">
            <param type="float4x4"/>
          </accessor>
        </technique_common>
      </source>
      <source id="mixamorig1_RightToeBase-Interpolations">
        <Name_array id="mixamorig1_RightToeBase-Interpolations-array" count="66">
 LINEAR LINEAR LINEAR LINEAR LINEAR LINEAR LINEAR LINEAR LINEAR LINEAR LINEAR
LINEAR LINEAR LINEAR LINEAR LINEAR LINEAR LINEAR LINEAR LINEAR LINEAR LINEAR LINEAR
LINEAR LINEAR LINEAR LINEAR LINEAR LINEAR LINEAR LINEAR LINEAR LINEAR LINEAR LINEAR
LINEAR LINEAR LINEAR LINEAR LINEAR LINEAR LINEAR LINEAR LINEAR LINEAR LINEAR LINEAR
LINEAR LINEAR LINEAR LINEAR LINEAR LINEAR LINEAR LINEAR LINEAR LINEAR LINEAR LINEAR
LINEAR LINEAR LINEAR LINEAR LINEAR LINEAR LINEAR</Name_array>
        <technique_common>
          <accessor source="#mixamorig1_RightToeBase-Interpolations-array" count="66">
            <param type="name"/>
          </accessor>
        </technique_common>
      </source>
      <sampler id="mixamorig1_RightToeBase-Matrix-animation-transform">
        <input semantic="INPUT" source="#mixamorig1_RightToeBase-Matrix-animation-input"/>
        <input semantic="OUTPUT" source="#mixamorig1_RightToeBase-Matrix-animation-output-transform"/>
        <input semantic="INTERPOLATION" source="#mixamorig1_RightToeBase-Interpolations"/>
      </sampler>
      <channel source="#mixamorig1_RightToeBase-Matrix-animation-transform" target="mixamorig1_RightToeBase/matrix"/>
    </animation>
  </library_animations>
  <library_visual_scenes>
    <visual_scene id="RootNode" name="RootNode">
      <node id="mixamorig1_Hips" name="mixamorig1_Hips" sid="mixamorig1_Hips" type="JOINT">
        <matrix sid="matrix">0.993919 0.061939 -0.091038 0.046811 -0.056121 0.996297 0.065140 99.525574 0.094735 -0.059635 0.993715 0.514367 0.000000 0.000000 0.000000 1.000000</matrix>
        <node id="mixamorig1_Spine" name="mixamorig1_Spine" sid="mixamorig1_Spine" type="JOINT">
          <matrix sid="matrix">0.998659 -0.047192 0.021277 0.000000 0.045766 0.996955 0.063135 9.717300 -0.024192 -0.062077 0.997778 -1.180200 0.000000 0.000000 0.000000 1.000000</matrix>
          <node id="mixamorig1_Spine1" name="mixamorig1_Spine1" sid="mixamorig1_Spine1" type="JOINT">
            <matrix sid="matrix">0.999615 -0.027614 0.002614 -0.000000 0.027661 0.999414 -0.020147 11.420100 -0.002056 0.020212 0.999794 -0.000000 0.000000 0.000000 0.000000 1.000000</matrix>
            <node id="mixamorig1_Spine2" name="mixamorig1_Spine2" sid="mixamorig1_Spine2" type="JOINT">
              <matrix sid="matrix">0.999611 -0.027714 0.002990 -0.000000 0.027768 0.999420 -0.019696 13.051600 -0.002443 0.019771 0.999802 0.000000 0.000000 0.000000 0.000000 1.000000</matrix>
              <node id="mixamorig1_Neck" name="mixamorig1_Neck" sid="mixamorig1_Neck" type="JOINT">
                <matrix sid="matrix">0.999968 -0.007936 -0.001378 0.000000 0.007446 0.976073 -0.217315 14.683000 0.003070 0.217298 0.976100 -0.000000 0.000000 0.000000 0.000000 1.000000</matrix>
                <node id="mixamorig1_Head" name="mixamorig1_Head" sid="mixamorig1_Head" type="JOINT">
                  <matrix sid="matrix">0.999962 -0.008586 -0.001744 0.000000 0.008374 0.995155 -0.097957 6.720200 0.002577 0.097939 0.995189 1.972200 0.000000 0.000000 0.000000 1.000000</matrix>
                  <node id="mixamorig1_HeadTop_End" name="mixamorig1_HeadTop_End" sid="mixamorig1_HeadTop_End" type="JOINT">
                    <matrix sid="matrix">1.000000 0.000000 0.000000 0.000000 0.000000 1.000000 -0.000000 20.999800 0.000000 -0.000000 1.000000 6.162800 0.000000 0.000000 0.000000 1.000000</matrix>
                  </node>
                </node>
              </node>
              <node id="mixamorig1_LeftShoulder" name="mixamorig1_LeftShoulder" sid="mixamorig1_LeftShoulder" type="JOINT">
                <matrix sid="matrix">0.238153 0.848457 -0.472656 6.140200 0.024805 -0.491813 -0.870348 13.000700 -0.970911 0.195552 -0.138172 -0.233600 0.000000 0.000000 0.000000 1.000000</matrix>
                <node id="mixamorig1_LeftArm" name="mixamorig1_LeftArm" sid="mixamorig1_LeftArm" type="JOINT">
                  <matrix sid="matrix">0.951219 0.048583 0.304666 -0.000000 0.226890 0.558993 -0.797526 13.005900 -0.209053 0.827748 0.520702 -0.000000 0.000000 0.000000 0.000000 1.000000</matrix>
                  <node id="mixamorig1_LeftForeArm" name="mixamorig1_LeftForeArm" sid="mixamorig1_LeftForeArm" type="JOINT">
                    <matrix sid="matrix">0.999665 -0.025297 -0.005537 0.000000 0.025280 0.999676 -0.003086 25.560801 0.005613 0.002945 0.999980 0.000000 0.000000 0.000000 0.000000 1.000000</matrix>
                    <node id="mixamorig1_LeftHand" name="mixamorig1_LeftHand" sid="mixamorig1_LeftHand" type="JOINT">
                      <matrix sid="matrix">0.884730 -0.007359 -0.466046 -0.000000 -0.062241 0.989055 -0.133774 23.404100 0.461929 0.147361 0.874589 0.000000 0.000000 0.000000 0.000000 1.000000</matrix>
                      <node id="mixamorig1_LeftHandThumb1" name="mixamorig1_LeftHandThumb1" sid="mixamorig1_LeftHandThumb1" type="JOINT">
                        <matrix sid="matrix">0.898331 -0.386902 0.208109 -2.867700 0.435427 0.847057 -0.304790 3.935800 -0.058356 0.364419 0.929405 1.188300 0.000000 0.000000 0.000000 1.000000</matrix>
                        <node id="mixamorig1_LeftHandThumb2" name="mixamorig1_LeftHandThumb2" sid="mixamorig1_LeftHandThumb2" type="JOINT">
                          <matrix sid="matrix">0.891838 0.409695 0.191766 -0.405400 -0.440000 0.884074 0.157524 3.989600 -0.104999 -0.224863 0.968717 -0.000000 0.000000 0.000000 0.000000 1.000000</matrix>
                          <node id="mixamorig1_LeftHandThumb3" name="mixamorig1_LeftHandThumb3" sid="mixamorig1_LeftHandThumb3" type="JOINT">
                            <matrix sid="matrix">0.978489 -0.139090 -0.152358 -0.037300 0.173434 0.954542 0.242427 3.599900 0.111713 -0.263636 0.958132 0.000000 0.000000 0.000000 0.000000 1.000000</matrix>
                            <node id="mixamorig1_LeftHandThumb4" name="mixamorig1_LeftHandThumb4" sid="mixamorig1_LeftHandThumb4" type="JOINT">
                              <matrix sid="matrix">1.000000 0.000000 0.000000 0.442700 -0.000000 1.000000 0.000000 2.979100 0.000000 -0.000000 1.000000 0.000000 0.000000 0.000000 0.000000 1.000000</matrix>
                            </node>
                          </node>
                        </node>
                      </node>
                      <node id="mixamorig1_LeftHandIndex1" name="mixamorig1_LeftHandIndex1" sid="mixamorig1_LeftHandIndex1" type="JOINT">
                        <matrix sid="matrix">0.994743 -0.101739 0.011623 -3.484200 0.102399 0.989002 -0.106725 11.757900 -0.000637 0.107354 0.994221 0.113100 0.000000 0.000000 0.000000 1.000000</matrix>
                        <node id="mixamorig1_LeftHandIndex2" name="mixamorig1_LeftHandIndex2" sid="mixamorig1_LeftHandIndex2" type="JOINT">
                          <matrix sid="matrix">0.998743 0.049479 -0.007966 0.023100 -0.049609 0.953506 -0.297264 3.298400 -0.007112 0.297286 0.954762 -0.000000 0.000000 0.000000 0.000000 1.000000</matrix>
                          <node id="mixamorig1_LeftHandIndex3" name="mixamorig1_LeftHandIndex3" sid="mixamorig1_LeftHandIndex3" type="JOINT">
                            <matrix sid="matrix">0.999739 0.022798 -0.001227 -0.006800 -0.022746 0.989995 -0.139260 3.081000 -0.001961 0.139252 0.990255 0.000000 0.000000 0.000000 0.000000 1.000000</matrix>
                            <node id="mixamorig1_LeftHandIndex4" name="mixamorig1_LeftHandIndex4" sid="mixamorig1_LeftHandIndex4" type="JOINT">
                              <matrix sid="matrix">1.000000 -0.000000 -0.000000 -0.016300 0.000000 1.000000 -0.000000 2.712100 -0.000000 0.000000 1.000000 0.000000 0.000000 0.000000 0.000000 1.000000</matrix>
                            </node>
                          </node>
                        </node>
                      </node>
                      <node id="mixamorig1_LeftHandMiddle1" name="mixamorig1_LeftHandMiddle1" sid="mixamorig1_LeftHandMiddle1" type="JOINT">
                        <matrix sid="matrix">0.999549 -0.029909 0.002544 -1.029300 0.029624 0.969229 -0.244370 12.347100 0.004843 0.244336 0.969679 -0.315800 0.000000 0.000000 0.000000 1.000000</matrix>
                        <node id="mixamorig1_LeftHandMiddle2" name="mixamorig1_LeftHandMiddle2" sid="mixamorig1_LeftHandMiddle2" type="JOINT">
                          <matrix sid="matrix">0.998845 0.047503 -0.007210 0.009900 -0.047494 0.953494 -0.297646 3.432200 -0.007264 0.297645 0.954649 0.000000 0.000000 0.000000 0.000000 1.000000</matrix>
                          <node id="mixamorig1_LeftHandMiddle3" name="mixamorig1_LeftHandMiddle3" sid="mixamorig1_LeftHandMiddle3" type="JOINT">
                            <matrix sid="matrix">0.999144 0.040921 -0.006004 -0.010000 -0.040733 0.948440 -0.314329 3.160900 -0.007168 0.314304 0.949295 0.000000 0.000000 0.000000 0.000000 1.000000</matrix>
                            <node id="mixamorig1_LeftHandMiddle4" name="mixamorig1_LeftHandMiddle4" sid="mixamorig1_LeftHandMiddle4" type="JOINT">
                              <matrix sid="matrix">1.000000 0.000000 0.000000 -0.000000 -0.000000 1.000000 -0.000000 2.876400 0.000000 -0.000000 1.000000 -0.000000 0.000000 0.000000 0.000000 1.000000</matrix>
                            </node>
                          </node>
                        </node>
                      </node>
                      <node id="mixamorig1_LeftHandRing1" name="mixamorig1_LeftHandRing1" sid="mixamorig1_LeftHandRing1" type="JOINT">
                        <matrix sid="matrix">0.999944 -0.003563 -0.009937 1.266700 0.000036 0.942446 -0.334358 12.505900 0.010557 0.334339 0.942394 -0.277100 0.000000 0.000000 0.000000 1.000000</matrix>
                        <node id="mixamorig1_LeftHandRing2" name="mixamorig1_LeftHandRing2" sid="mixamorig1_LeftHandRing2" type="JOINT">
                          <matrix sid="matrix">0.998690 0.050383 -0.008989 -0.006600 -0.050295 0.933700 -0.354506 2.726100 -0.009468 0.354494 0.935010 0.000000 0.000000 0.000000 0.000000 1.000000</matrix>
                          <node id="mixamorig1_LeftHandRing3" name="mixamorig1_LeftHandRing3" sid="mixamorig1_LeftHandRing3" type="JOINT">
                            <matrix sid="matrix">0.998905 0.046153 -0.007640 0.003400 -0.046285 0.951319 -0.304714 2.620300 -0.006795 0.304734 0.952413 0.000000 0.000000 0.000000 0.000000 1.000000</matrix>
                            <node id="mixamorig1_LeftHandRing4" name="mixamorig1_LeftHandRing4" sid="mixamorig1_LeftHandRing4" type="JOINT">
                              <matrix sid="matrix">1.000000 -0.000000 0.000000 0.003200 0.000000 1.000000 -0.000000 2.226900 -0.000000 0.000000 1.000000 0.000000 0.000000 0.000000 0.000000 1.000000</matrix>
                            </node>
                          </node>
                        </node>
                      </node>
                      <node id="mixamorig1_LeftHandPinky1" name="mixamorig1_LeftHandPinky1" sid="mixamorig1_LeftHandPinky1" type="JOINT">
                        <matrix sid="matrix">0.999435 0.030977 -0.013029 3.246800 -0.033572 0.903072 -0.428175 11.102000 -0.001497 0.428371 0.903602 -0.112800 0.000000 0.000000 0.000000 1.000000</matrix>
                        <node id="mixamorig1_LeftHandPinky2" name="mixamorig1_LeftHandPinky2" sid="mixamorig1_LeftHandPinky2" type="JOINT">
                          <matrix sid="matrix">0.998738 0.049631 -0.007744 0.008400 -0.049689 0.953553 -0.297099 2.734600 -0.007361 0.297109 0.954815 0.000000 0.000000 0.000000 0.000000 1.000000</matrix>
                          <node id="mixamorig1_LeftHandPinky3" name="mixamorig1_LeftHandPinky3" sid="mixamorig1_LeftHandPinky3" type="JOINT">
                            <matrix sid="matrix">0.998988 0.044599 -0.005891 -0.002900 -0.044447 0.958321 -0.282217 2.194000 -0.006941 0.282193 0.959333 -0.000000 0.000000 0.000000 0.000000 1.000000</matrix>
                            <node id="mixamorig1_LeftHandPinky4" name="mixamorig1_LeftHandPinky4" sid="mixamorig1_LeftHandPinky4" type="JOINT">
                              <matrix sid="matrix">1.000000 -0.000000 0.000000 -0.005500 0.000000 1.000000 -0.000000 1.975500 -0.000000 0.000000 1.000000 0.000000 0.000000 0.000000 0.000000 1.000000</matrix>
                            </node>
                          </node>
                        </node>
                      </node>
                    </node>
                  </node>
                </node>
              </node>
              <node id="mixamorig1_RightShoulder" name="mixamorig1_RightShoulder" sid="mixamorig1_RightShoulder" type="JOINT">
                <matrix sid="matrix">0.206976 -0.835902 0.508360 -6.140200 -0.028849 -0.524600 -0.850860 12.993700 0.977921 0.161442 -0.132694 -0.175900 0.000000 0.000000 0.000000 1.000000</matrix>
                <node id="mixamorig1_RightArm" name="mixamorig1_RightArm" sid="mixamorig1_RightArm" type="JOINT">
                  <matrix sid="matrix">0.877920 -0.055870 -0.475536 -0.000000 -0.318001 0.674451 -0.666326 13.005900 0.357954 0.736202 0.574348 0.000000 0.000000 0.000000 0.000000 1.000000</matrix>
                  <node id="mixamorig1_RightForeArm" name="mixamorig1_RightForeArm" sid="mixamorig1_RightForeArm" type="JOINT">
                    <matrix sid="matrix">0.993256 0.115834 0.004955 0.000000 -0.115757 0.993183 -0.013677 25.571100 -0.006505 0.013012 0.999894 0.000000 0.000000 0.000000 0.000000 1.000000</matrix>
                    <node id="mixamorig1_RightHand" name="mixamorig1_RightHand" sid="mixamorig1_RightHand" type="JOINT">
                      <matrix sid="matrix">0.967139 -0.049871 0.249308 0.000000 0.085942 0.986979 -0.135962 23.401699 -0.239282 0.152920 0.958833 0.000000 0.000000 0.000000 0.000000 1.000000</matrix>
                      <node id="mixamorig1_RightHandThumb1" name="mixamorig1_RightHandThumb1" sid="mixamorig1_RightHandThumb1" type="JOINT">
                        <matrix sid="matrix">0.885879 0.418728 -0.199713 2.885100 -0.462546 0.830296 -0.310901 4.054300 0.035638 0.367797 0.929223 1.212000 0.000000 0.000000 0.000000 1.000000</matrix>
                        <node id="mixamorig1_RightHandThumb2" name="mixamorig1_RightHandThumb2" sid="mixamorig1_RightHandThumb2" type="JOINT">
                          <matrix sid="matrix">0.860404 -0.479392 -0.172881 0.428400 0.502930 0.853526 0.136217 4.074800 0.082257 -0.204149 0.975478 -0.000000 0.000000 0.000000 0.000000 1.000000</matrix>
                          <node id="mixamorig1_RightHandThumb3" name="mixamorig1_RightHandThumb3" sid="mixamorig1_RightHandThumb3" type="JOINT">
                            <matrix sid="matrix">0.978621 0.133893 0.156122 0.036500 -0.177123 0.934476 0.308840 3.530400 -0.104541 -0.329890 0.938213 0.000000 0.000000 0.000000 0.000000 1.000000</matrix>
                            <node id="mixamorig1_RightHandThumb4" name="mixamorig1_RightHandThumb4" sid="mixamorig1_RightHandThumb4" type="JOINT">
                              <matrix sid="matrix">1.000000 0.000000 -0.000000 -0.464900 0.000000 1.000000 0.000000 2.873500 0.000000 0.000000 1.000000 0.000000 0.000000 0.000000 0.000000 1.000000</matrix>
                            </node>
                          </node>
                        </node>
                      </node>
                      <node id="mixamorig1_RightHandIndex1" name="mixamorig1_RightHandIndex1" sid="mixamorig1_RightHandIndex1" type="JOINT">
                        <matrix sid="matrix">0.995084 0.098482 -0.010492 3.614500 -0.099038 0.989987 -0.100589 12.346600 0.000481 0.101133 0.994873 -0.007800 0.000000 0.000000 0.000000 1.000000</matrix>
                        <node id="mixamorig1_RightHandIndex2" name="mixamorig1_RightHandIndex2" sid="mixamorig1_RightHandIndex2" type="JOINT">
                          <matrix sid="matrix">0.999339 -0.035899 0.005652 -0.011900 0.035949 0.953719 -0.298544 3.117400 0.005327 0.298550 0.954379 0.000000 0.000000 0.000000 0.000000 1.000000</matrix>
                          <node id="mixamorig1_RightHandIndex3" name="mixamorig1_RightHandIndex3" sid="mixamorig1_RightHandIndex3" type="JOINT">
                            <matrix sid="matrix">0.999904 -0.013822 0.000655 0.006600 0.013778 0.990077 -0.139849 2.856100 0.001285 0.139845 0.990173 -0.000000 0.000000 0.000000 0.000000 1.000000</matrix>
                            <node id="mixamorig1_RightHandIndex4" name="mixamorig1_RightHandIndex4" sid="mixamorig1_RightHandIndex4" type="JOINT">
                              <matrix sid="matrix">1.000000 0.000000 0.000000 0.005300 -0.000000 1.000000 -0.000000 2.534600 0.000000 0.000000 1.000000 -0.000000 0.000000 0.000000 0.000000 1.000000</matrix>
                            </node>
                          </node>
                        </node>
                      </node>
                      <node id="mixamorig1_RightHandMiddle1" name="mixamorig1_RightHandMiddle1" sid="mixamorig1_RightHandMiddle1" type="JOINT">
                        <matrix sid="matrix">0.999317 0.036717 -0.004271 0.922400 -0.036666 0.969942 -0.240557 12.176400 -0.004690 0.240549 0.970626 -0.222200 0.000000 0.000000 0.000000 1.000000</matrix>
                        <node id="mixamorig1_RightHandMiddle2" name="mixamorig1_RightHandMiddle2" sid="mixamorig1_RightHandMiddle2" type="JOINT">
                          <matrix sid="matrix">0.999225 -0.038908 0.005989 -0.016200 0.038918 0.953456 -0.299011 3.479200 0.005924 0.299012 0.954231 -0.000000 0.000000 0.000000 0.000000 1.000000</matrix>
                          <node id="mixamorig1_RightHandMiddle3" name="mixamorig1_RightHandMiddle3" sid="mixamorig1_RightHandMiddle3" type="JOINT">
                            <matrix sid="matrix">0.999580 -0.028729 0.003691 0.013700 0.028424 0.948409 -0.315773 3.226000 0.005572 0.315746 0.948828 -0.000000 0.000000 0.000000 0.000000 1.000000</matrix>
                            <node id="mixamorig1_RightHandMiddle4" name="mixamorig1_RightHandMiddle4" sid="mixamorig1_RightHandMiddle4" type="JOINT">
                              <matrix sid="matrix">1.000000 0.000000 0.000000 0.002500 -0.000000 1.000000 0.000000 2.928000 -0.000000 -0.000000 1.000000 -0.000000 0.000000 0.000000 0.000000 1.000000</matrix>
                            </node>
                          </node>
                        </node>
                      </node>
                      <node id="mixamorig1_RightHandRing1" name="mixamorig1_RightHandRing1" sid="mixamorig1_RightHandRing1" type="JOINT">
                        <matrix sid="matrix">0.999866 0.015735 0.004492 -1.216600 -0.013357 0.943394 -0.331405 12.282100 -0.009452 0.331300 0.943478 -0.151000 0.000000 0.000000 0.000000 1.000000</matrix>
                        <node id="mixamorig1_RightHandRing2" name="mixamorig1_RightHandRing2" sid="mixamorig1_RightHandRing2" type="JOINT">
                          <matrix sid="matrix">0.999026 -0.043428 0.007783 -0.003700 0.043348 0.933332 -0.356388 2.821600 0.008214 0.356378 0.934306 0.000000 0.000000 0.000000 0.000000 1.000000</matrix>
                          <node id="mixamorig1_RightHandRing3" name="mixamorig1_RightHandRing3" sid="mixamorig1_RightHandRing3" type="JOINT">
                            <matrix sid="matrix">0.999561 -0.029317 0.004362 0.007800 0.029243 0.951458 -0.306386 2.687700 0.004832 0.306379 0.951897 0.000000 0.000000 0.000000 0.000000 1.000000</matrix>
                            <node id="mixamorig1_RightHandRing4" name="mixamorig1_RightHandRing4" sid="mixamorig1_RightHandRing4" type="JOINT">
                              <matrix sid="matrix">1.000000 0.000000 0.000000 -0.004100 -0.000000 1.000000 -0.000000 2.368400 -0.000000 -0.000000 1.000000 0.000000 0.000000 0.000000 0.000000 1.000000</matrix>
                            </node>
                          </node>
                        </node>
                      </node>
                      <node id="mixamorig1_RightHandPinky1" name="mixamorig1_RightHandPinky1" sid="mixamorig1_RightHandPinky1" type="JOINT">
                        <matrix sid="matrix">0.999768 -0.018925 0.010291 -3.320300 0.021507 0.904116 -0.426745 11.194600 -0.001228 0.426867 0.904313 -0.138000 0.000000 0.000000 0.000000 1.000000</matrix>
                        <node id="mixamorig1_RightHandPinky2" name="mixamorig1_RightHandPinky2" sid="mixamorig1_RightHandPinky2" type="JOINT">
                          <matrix sid="matrix">0.999190 -0.039762 0.006120 -0.008100 0.039775 0.953552 -0.298592 2.640500 0.006037 0.298594 0.954361 0.000000 0.000000 0.000000 0.000000 1.000000</matrix>
                          <node id="mixamorig1_RightHandPinky3" name="mixamorig1_RightHandPinky3" sid="mixamorig1_RightHandPinky3" type="JOINT">
                            <matrix sid="matrix">0.999501 -0.031333 0.003890 0.005600 0.031149 0.958426 -0.283638 2.149000 0.005158 0.283617 0.958924 0.000000 0.000000 0.000000 0.000000 1.000000</matrix>
                            <node id="mixamorig1_RightHandPinky4" name="mixamorig1_RightHandPinky4" sid="mixamorig1_RightHandPinky4" type="JOINT">
                              <matrix sid="matrix">1.000000 0.000000 0.000000 0.002500 0.000000 1.000000 0.000000 1.888400 0.000000 0.000000 1.000000 0.000000 0.000000 0.000000 0.000000 1.000000</matrix>
                            </node>
                          </node>
                        </node>
                      </node>
                    </node>
                  </node>
                </node>
              </node>
            </node>
          </node>
        </node>
        <node id="mixamorig1_LeftUpLeg" name="mixamorig1_LeftUpLeg" sid="mixamorig1_LeftUpLeg" type="JOINT">
          <matrix sid="matrix">-0.952703 0.169145 0.252480 8.078200 -0.132454 -0.978842 0.155959 -5.402400 0.273518 0.115141 0.954950 -0.535900 0.000000 0.000000 0.000000 1.000000</matrix>
          <node id="mixamorig1_LeftLeg" name="mixamorig1_LeftLeg" sid="mixamorig1_LeftLeg" type="JOINT">
            <matrix sid="matrix">0.997266 -0.061798 -0.040523 0.000000 0.069452 0.971125 0.228237 42.789799 0.025248 -0.230428 0.972762 0.000000 0.000000 0.000000 0.000000 1.000000</matrix>
            <node id="mixamorig1_LeftFoot" name="mixamorig1_LeftFoot" sid="mixamorig1_LeftFoot" type="JOINT">
              <matrix sid="matrix">0.998369 -0.011495 -0.055926 0.000000 -0.040318 0.551623 -0.833119 42.173698 0.040427 0.834015 0.550259 0.000000 0.000000 0.000000 0.000000 1.000000</matrix>
              <node id="mixamorig1_LeftToeBase" name="mixamorig1_LeftToeBase" sid="mixamorig1_LeftToeBase" type="JOINT">
                <matrix sid="matrix">0.992309 -0.072659 -0.100220 0.000000 -0.005992 0.780472 -0.625163 16.182301 0.123643 0.620955 0.774033 0.000000 0.000000 0.000000 0.000000 1.000000</matrix>
                <node id="mixamorig1_LeftToe_End" name="mixamorig1_LeftToe_End" sid="mixamorig1_LeftToe_End" type="JOINT">
                  <matrix sid="matrix">1.000000 -0.000000 0.000000 0.000000 -0.000000 1.000000 0.000000 6.205900 -0.000000 0.000000 1.000000 0.000000 0.000000 0.000000 0.000000 1.000000</matrix>
                </node>
              </node>
            </node>
          </node>
        </node>
        <node id="mixamorig1_RightUpLeg" name="mixamorig1_RightUpLeg" sid="mixamorig1_RightUpLeg" type="JOINT">
          <matrix sid="matrix">-0.983145 0.058988 -0.173053 -8.078200 -0.053073 -0.997844 -0.038613 -5.402400 -0.174957 -0.028777 0.984155 -0.751800 0.000000 0.000000 0.000000 1.000000</matrix>
          <node id="mixamorig1_RightLeg" name="mixamorig1_RightLeg" sid="mixamorig1_RightLeg" type="JOINT">
            <matrix sid="matrix">0.984319 0.035893 0.172708 0.000000 -0.059281 0.989445 0.132228 42.775902 -0.166139 -0.140393 0.976057 0.000000 0.000000 0.000000 0.000000 1.000000</matrix>
            <node id="mixamorig1_RightFoot" name="mixamorig1_RightFoot" sid="mixamorig1_RightFoot" type="JOINT">
              <matrix sid="matrix">0.997488 0.070768 0.003015 0.000000 -0.031398 0.479907 -0.876757 42.179699 -0.063493 0.874461 0.480923 -0.000000 0.000000 0.000000 0.000000 1.000000</matrix>
              <node id="mixamorig1_RightToeBase" name="mixamorig1_RightToeBase" sid="mixamorig1_RightToeBase" type="JOINT">
                <matrix sid="matrix">0.991751 0.076733 0.102679 0.000000 0.009188 0.756416 -0.654026 16.260500 -0.127853 0.649574 0.749471 -0.000000 0.000000 0.000000 0.000000 1.000000</matrix>
                <node id="mixamorig1_RightToe_End" name="mixamorig1_RightToe_End" sid="mixamorig1_RightToe_End" type="JOINT">
                  <matrix sid="matrix">1.000000 -0.000000 0.000000 0.000000 -0.000000 1.000000 0.000000 6.180000 0.000000 0.000000 1.000000 -0.000000 0.000000 0.000000 0.000000 1.000000</matrix>
                </node>
              </node>
            </node>
          </node>
        </node>
      </node>
    </visual_scene>
  </library_visual_scenes>
  <scene>
    <instance_visual_scene url="#RootNode"/>
  </scene>
</COLLADA>
