<?xml version="1.0" encoding="utf-8"?>
<COLLADA xmlns="http://www.collada.org/2005/11/COLLADASchema" version="1.4.1">
  <asset>
    <contributor>
      <author>Mixamo</author>
      <authoring_tool>COLLADA Mixamo exporter</authoring_tool>
      <comments/>
    </contributor>
    <created>2026-04-10T23:56:00Z</created>
    <modified>2026-04-10T23:56:00Z</modified>
    <revision/>
    <title/>
    <unit meter="0.010000"/>
    <up_axis>Y_UP</up_axis>
  </asset>
  <library_animations>
    <animation id="mixamorig1_Hips-anim" name="mixamorig1_Hips">
      <source id="mixamorig1_Hips-Matrix-animation-input">
        <float_array id="mixamorig1_Hips-Matrix-animation-input-array" count="32">

0.000000 0.033333 0.066667 0.100000 0.133333 0.166667 0.200000 0.233333 0.266667 0.300000 0.333333 0.366667 0.400000 0.433333 0.466667 0.500000
0.533333 0.566667 0.600000 0.633333 0.666667 0.700000 0.733333 0.766667 0.800000 0.833333 0.866667 0.900000 0.933333 0.966667 1.000000 1.033333</float_array>
        <technique_common>
          <accessor source="#mixamorig1_Hips-Matrix-animation-input-array" count="32">
            <param name="TIME" type="float"/>
          </accessor>
        </technique_common>
      </source>
      <source id="mixamorig1_Hips-Matrix-animation-output-transform">
        <float_array id="mixamorig1_Hips-Matrix-animation-output-transform-array" count="512">

0.999413 -0.006911 0.033558 0.008957 0.008049 0.999393 -0.033893 99.233521 -0.033304 0.034143 0.998862 0.715627 0.000000 0.000000 0.000000 1.000000
0.999651 -0.009593 0.024625 0.155961 0.010678 0.998961 -0.044297 99.767563 -0.024174 0.044544 0.998715 5.514419 0.000000 0.000000 0.000000 1.000000
0.999900 -0.003223 0.013790 0.370606 0.003985 0.998449 -0.055536 99.533379 -0.013590 0.055586 0.998361 10.346743 0.000000 0.000000 0.000000 1.000000
0.999703 0.023382 -0.006931 0.648557 -0.023775 0.997709 -0.063331 98.510506 0.005434 0.063477 0.997969 15.371783 0.000000 0.000000 0.000000 1.000000
0.998187 0.049579 -0.034135 0.893812 -0.051752 0.996474 -0.066036 96.961128 0.030741 0.067683 0.997233 20.703033 0.000000 0.000000 0.000000 1.000000
0.996790 0.059341 -0.053739 1.156998 -0.062985 0.995636 -0.068867 95.313385 0.049417 0.072031 0.996177 26.125423 0.000000 0.000000 0.000000 1.000000
0.996292 0.057292 -0.064188 1.495055 -0.061711 0.995699 -0.069108 94.007202 0.059953 0.072813 0.995542 31.535439 0.000000 0.000000 0.000000 1.000000
0.997302 0.043049 -0.059455 1.935941 -0.046204 0.997538 -0.052748 93.046814 0.057038 0.055353 0.996836 37.551540 0.000000 0.000000 0.000000 1.000000
0.998277 0.033066 -0.048467 2.584795 -0.035016 0.998588 -0.039945 92.592636 0.047078 0.041573 0.998026 44.179962 0.000000 0.000000 0.000000 1.000000
0.998986 0.025269 -0.037265 3.314098 -0.026333 0.999251 -0.028353 92.504219 0.036521 0.029305 0.998903 50.644554 0.000000 0.000000 0.000000 1.000000
0.999435 0.021851 -0.025520 4.005886 -0.022315 0.999588 -0.018064 92.531296 0.025115 0.018623 0.999511 56.765823 0.000000 0.000000 0.000000 1.000000
0.999731 0.019429 -0.012693 4.648190 -0.019545 0.999768 -0.009079 92.825333 0.012514 0.009325 0.999878 62.442558 0.000000 0.000000 0.000000 1.000000
0.999889 0.014873 0.000011 5.101743 -0.014873 0.999888 -0.001362 93.473656 -0.000031 0.001362 0.999999 67.654816 0.000000 0.000000 0.000000 1.000000
0.999871 0.009129 0.013179 5.244757 -0.009196 0.999945 0.005043 94.643974 -0.013133 -0.005163 0.999900 72.556473 0.000000 0.000000 0.000000 1.000000
0.999640 0.002977 0.026678 5.031606 -0.003165 0.999971 0.006993 95.637146 -0.026656 -0.007075 0.999620 77.554802 0.000000 0.000000 0.000000 1.000000
0.999185 -0.003272 0.040235 4.768999 0.002925 0.999958 0.008682 96.627769 -0.040262 -0.008557 0.999153 82.564377 0.000000 0.000000 0.000000 1.000000
0.998511 -0.009501 0.053724 4.484456 0.008993 0.999913 0.009688 97.549240 -0.053812 -0.009190 0.998509 87.585663 0.000000 0.000000 0.000000 1.000000
0.997630 -0.015564 0.067030 4.205499 0.014955 0.999842 0.009581 98.334976 -0.067168 -0.008556 0.997705 92.619179 0.000000 0.000000 0.000000 1.000000
0.996647 -0.020207 0.079293 3.909808 0.020289 0.999794 -0.000236 98.122353 -0.079272 0.001844 0.996851 97.755379 0.000000 0.000000 0.000000 1.000000
0.994552 -0.037664 0.097202 3.516921 0.039095 0.999153 -0.012856 97.485474 -0.096636 0.016586 0.995182 103.101479 0.000000 0.000000 0.000000 1.000000
0.991705 -0.053523 0.116859 3.112854 0.056991 0.998022 -0.026537 96.330315 -0.115208 0.032977 0.992794 108.664932 0.000000 0.000000 0.000000 1.000000
0.990392 -0.058209 0.125440 2.663959 0.063428 0.997262 -0.038018 95.001221 -0.122884 0.045609 0.991372 114.157883 0.000000 0.000000 0.000000 1.000000
0.990051 -0.056670 0.128793 2.176915 0.062913 0.997007 -0.044926 93.710617 -0.125861 0.052582 0.990653 119.753273 0.000000 0.000000 0.000000 1.000000
0.992456 -0.035159 0.117452 1.543960 0.039014 0.998767 -0.030684 92.786476 -0.116228 0.035035 0.992604 125.931328 0.000000 0.000000 0.000000 1.000000
0.994240 -0.021003 0.105095 0.874436 0.023892 0.999368 -0.026304 92.389328 -0.104476 0.028663 0.994114 132.210098 0.000000 0.000000 0.000000 1.000000
0.995542 -0.013862 0.093291 0.195210 0.016282 0.999549 -0.025235 92.333115 -0.092899 0.026641 0.995319 138.240097 0.000000 0.000000 0.000000 1.000000
0.996591 -0.012785 0.081502 -0.528140 0.015008 0.999530 -0.026723 92.869545 -0.081122 0.027856 0.996315 143.879868 0.000000 0.000000 0.000000 1.000000
0.997425 -0.012288 0.070657 -1.057301 0.014419 0.999454 -0.029732 93.734558 -0.070253 0.030674 0.997057 148.717697 0.000000 0.000000 0.000000 1.000000
0.998103 -0.010696 0.060635 -1.150489 0.012723 0.999370 -0.033146 94.966095 -0.060242 0.033855 0.997609 153.164597 0.000000 0.000000 0.000000 1.000000
0.998645 -0.009623 0.051134 -0.861122 0.011461 0.999294 -0.035777 96.510223 -0.050754 0.036314 0.998051 157.658936 0.000000 0.000000 0.000000 1.000000
0.999076 -0.008504 0.042124 -0.407031 0.010042 0.999286 -0.036431 98.029816 -0.041784 0.036820 0.998448 162.059906 0.000000 0.000000 0.000000 1.000000
0.999413 -0.006911 0.033558 0.008957 0.008049 0.999393 -0.033893 99.233513 -0.033304 0.034143 0.998862 166.377518 0.000000 0.000000 0.000000 1.000000</float_array>
        <technique_common>
          <accessor source="#mixamorig1_Hips-Matrix-animation-output-transform-array" count="32" stride="16">
            <param type="float4x4"/>
          </accessor>
        </technique_common>
      </source>
      <source id="mixamorig1_Hips-Interpolations">
        <Name_array id="mixamorig1_Hips-Interpolations-array" count="32">
 LINEAR LINEAR LINEAR LINEAR LINEAR LINEAR LINEAR LINEAR LINEAR LINEAR LINEAR
LINEAR LINEAR LINEAR LINEAR LINEAR LINEAR LINEAR LINEAR LINEAR LINEAR LINEAR LINEAR
LINEAR LINEAR LINEAR LINEAR LINEAR LINEAR LINEAR LINEAR LINEAR</Name_array>
        <technique_common>
          <accessor source="#mixamorig1_Hips-Interpolations-array" count="32">
            <param type="name"/>
          </accessor>
        </technique_common>
      </source>
      <sampler id="mixamorig1_Hips-Matrix-animation-transform">
        <input semantic="INPUT" source="#mixamorig1_Hips-Matrix-animation-input"/>
        <input semantic="OUTPUT" source="#mixamorig1_Hips-Matrix-animation-output-transform"/>
        <input semantic="INTERPOLATION" source="#mixamorig1_Hips-Interpolations"/>
      </sampler>
      <channel source="#mixamorig1_Hips-Matrix-animation-transform" target="mixamorig1_Hips/matrix"/>
    </animation>
    <animation id="mixamorig1_Spine-anim" name="mixamorig1_Spine">
      <source id="mixamorig1_Spine-Matrix-animation-input">
        <float_array id="mixamorig1_Spine-Matrix-animation-input-array" count="32">

0.000000 0.033333 0.066667 0.100000 0.133333 0.166667 0.200000 0.233333 0.266667 0.300000 0.333333 0.366667 0.400000 0.433333 0.466667 0.500000
0.533333 0.566667 0.600000 0.633333 0.666667 0.700000 0.733333 0.766667 0.800000 0.833333 0.866667 0.900000 0.933333 0.966667 1.000000 1.033333</float_array>
        <technique_common>
          <accessor source="#mixamorig1_Spine-Matrix-animation-input-array" count="32">
            <param name="TIME" type="float"/>
          </accessor>
        </technique_common>
      </source>
      <source id="mixamorig1_Spine-Matrix-animation-output-transform">
        <float_array id="mixamorig1_Spine-Matrix-animation-output-transform-array" count="512">

0.999693 0.011610 -0.021898 0.000000 -0.011318 0.999846 0.013397 9.717300 0.022050 -0.013145 0.999670 -1.180200 0.000000 0.000000 0.000000 1.000000
0.999896 0.013367 -0.005481 0.000000 -0.013254 0.999710 0.020130 9.717300 0.005749 -0.020055 0.999782 -1.180200 0.000000 0.000000 0.000000 1.000000
0.999943 -0.000490 0.010687 0.000000 0.000194 0.999616 0.027725 9.717300 -0.010696 -0.027721 0.999558 -1.180200 0.000000 0.000000 0.000000 1.000000
0.998439 -0.044295 0.034032 -0.000000 0.043020 0.998377 0.037325 9.717300 -0.035630 -0.035802 0.998724 -1.180200 0.000000 0.000000 0.000000 1.000000
0.995348 -0.079904 0.053838 -0.000000 0.077272 0.995789 0.049320 9.717300 -0.057552 -0.044931 0.997331 -1.180200 0.000000 0.000000 0.000000 1.000000
0.994633 -0.084706 0.059413 0.000000 0.081227 0.994964 0.058719 9.717300 -0.064087 -0.053578 0.996505 -1.180200 0.000000 0.000000 0.000000 1.000000
0.995272 -0.071593 0.065636 0.000000 0.067745 0.995951 0.059094 9.717300 -0.069601 -0.054368 0.996092 -1.180200 0.000000 0.000000 0.000000 1.000000
0.996483 -0.043143 0.071829 0.000000 0.039523 0.997913 0.051074 9.717300 -0.073883 -0.048055 0.996108 -1.180200 0.000000 0.000000 0.000000 1.000000
0.997203 -0.020447 0.071895 0.000000 0.016238 0.998147 0.058648 9.717300 -0.072961 -0.057316 0.995686 -1.180200 0.000000 0.000000 0.000000 1.000000
0.997641 0.003368 0.068565 0.000000 -0.007540 0.998129 0.060678 9.717300 -0.068232 -0.061052 0.995800 -1.180200 0.000000 0.000000 0.000000 1.000000
0.997606 0.010619 0.068341 0.000000 -0.014495 0.998299 0.056475 9.717300 -0.067625 -0.057331 0.996062 -1.180200 0.000000 0.000000 0.000000 1.000000
0.998441 0.009506 0.054997 0.000000 -0.012322 0.998618 0.051094 9.717300 -0.054436 -0.051693 0.997178 -1.180200 0.000000 0.000000 0.000000 1.000000
0.999737 0.007413 0.021683 -0.000000 -0.008371 0.998977 0.044438 9.717300 -0.021332 -0.044608 0.998777 -1.180200 0.000000 0.000000 0.000000 1.000000
0.999904 0.006327 -0.012325 -0.000000 -0.005863 0.999288 0.037277 9.717300 0.012552 -0.037201 0.999229 -1.180200 0.000000 0.000000 0.000000 1.000000
0.999363 0.012524 -0.033427 0.000000 -0.011336 0.999305 0.035499 9.717300 0.033848 -0.035097 0.998811 -1.180200 0.000000 0.000000 0.000000 1.000000
0.998408 0.019701 -0.052857 0.000000 -0.017877 0.999236 0.034757 9.717300 0.053501 -0.033757 0.997997 -1.180200 0.000000 0.000000 0.000000 1.000000
0.997089 0.027370 -0.071171 -0.000000 -0.024954 0.999089 0.034609 9.717300 0.072053 -0.032733 0.996864 -1.180200 0.000000 0.000000 0.000000 1.000000
0.995422 0.035004 -0.088933 0.000000 -0.032035 0.998888 0.034593 9.717300 0.090045 -0.031586 0.995437 -1.180200 0.000000 0.000000 0.000000 1.000000
0.993933 0.043922 -0.100834 0.000000 -0.040625 0.998578 0.034526 9.717300 0.102207 -0.030220 0.994304 -1.180200 0.000000 0.000000 0.000000 1.000000
0.990615 0.074516 -0.114581 -0.000000 -0.070024 0.996629 0.042746 9.717300 0.117380 -0.034322 0.992494 -1.180200 0.000000 0.000000 0.000000 1.000000
0.987498 0.099054 -0.122624 0.000000 -0.092680 0.994083 0.056651 9.717300 0.127509 -0.044578 0.990835 -1.180200 0.000000 0.000000 0.000000 1.000000
0.988354 0.096301 -0.117827 -0.000000 -0.089487 0.994067 0.061827 9.717300 0.123082 -0.050563 0.991108 -1.180200 0.000000 0.000000 0.000000 1.000000
0.990322 0.083860 -0.110588 0.000000 -0.077305 0.995059 0.062301 9.717300 0.115266 -0.053149 0.991912 -1.180200 0.000000 0.000000 0.000000 1.000000
0.993401 0.050724 -0.102864 0.000000 -0.045987 0.997793 0.047906 9.717300 0.105067 -0.042859 0.993541 -1.180200 0.000000 0.000000 0.000000 1.000000
0.993791 0.024823 -0.108462 0.000000 -0.019654 0.998631 0.048469 9.717300 0.109516 -0.046037 0.992918 -1.180200 0.000000 0.000000 0.000000 1.000000
0.992537 0.019203 -0.120423 0.000000 -0.012925 0.998527 0.052698 9.717300 0.121257 -0.050748 0.991323 -1.180200 0.000000 0.000000 0.000000 1.000000
0.993346 0.024796 -0.112468 0.000000 -0.018665 0.998299 0.055239 9.717300 0.113646 -0.052772 0.992119 -1.180200 0.000000 0.000000 0.000000 1.000000
0.996037 0.030301 -0.083614 0.000000 -0.026374 0.998514 0.047686 9.717300 0.084934 -0.045292 0.995357 -1.180200 0.000000 0.000000 0.000000 1.000000
0.997948 0.030075 -0.056527 0.000000 -0.027896 0.998852 0.038951 9.717300 0.057634 -0.037294 0.997641 -1.180200 0.000000 0.000000 0.000000 1.000000
0.998886 0.025285 -0.039848 0.000000 -0.023905 0.999111 0.034738 9.717300 0.040691 -0.033747 0.998602 -1.180200 0.000000 0.000000 0.000000 1.000000
0.999396 0.018451 -0.029450 -0.000000 -0.017641 0.999465 0.027534 9.717300 0.029942 -0.026998 0.999187 -1.180200 0.000000 0.000000 0.000000 1.000000
0.999693 0.011610 -0.021898 0.000000 -0.011318 0.999846 0.013397 9.717300 0.022050 -0.013145 0.999670 -1.180200 0.000000 0.000000 0.000000 1.000000</float_array>
        <technique_common>
          <accessor source="#mixamorig1_Spine-Matrix-animation-output-transform-array" count="32" stride="16">
            <param type="float4x4"/>
          </accessor>
        </technique_common>
      </source>
      <source id="mixamorig1_Spine-Interpolations">
        <Name_array id="mixamorig1_Spine-Interpolations-array" count="32">
 LINEAR LINEAR LINEAR LINEAR LINEAR LINEAR LINEAR LINEAR LINEAR LINEAR LINEAR
LINEAR LINEAR LINEAR LINEAR LINEAR LINEAR LINEAR LINEAR LINEAR LINEAR LINEAR LINEAR
LINEAR LINEAR LINEAR LINEAR LINEAR LINEAR LINEAR LINEAR LINEAR</Name_array>
        <technique_common>
          <accessor source="#mixamorig1_Spine-Interpolations-array" count="32">
            <param type="name"/>
          </accessor>
        </technique_common>
      </source>
      <sampler id="mixamorig1_Spine-Matrix-animation-transform">
        <input semantic="INPUT" source="#mixamorig1_Spine-Matrix-animation-input"/>
        <input semantic="OUTPUT" source="#mixamorig1_Spine-Matrix-animation-output-transform"/>
        <input semantic="INTERPOLATION" source="#mixamorig1_Spine-Interpolations"/>
      </sampler>
      <channel source="#mixamorig1_Spine-Matrix-animation-transform" target="mixamorig1_Spine/matrix"/>
    </animation>
    <animation id="mixamorig1_Spine1-anim" name="mixamorig1_Spine1">
      <source id="mixamorig1_Spine1-Matrix-animation-input">
        <float_array id="mixamorig1_Spine1-Matrix-animation-input-array" count="32">

0.000000 0.033333 0.066667 0.100000 0.133333 0.166667 0.200000 0.233333 0.266667 0.300000 0.333333 0.366667 0.400000 0.433333 0.466667 0.500000
0.533333 0.566667 0.600000 0.633333 0.666667 0.700000 0.733333 0.766667 0.800000 0.833333 0.866667 0.900000 0.933333 0.966667 1.000000 1.033333</float_array>
        <technique_common>
          <accessor source="#mixamorig1_Spine1-Matrix-animation-input-array" count="32">
            <param name="TIME" type="float"/>
          </accessor>
        </technique_common>
      </source>
      <source id="mixamorig1_Spine1-Matrix-animation-output-transform">
        <float_array id="mixamorig1_Spine1-Matrix-animation-output-transform-array" count="512">

0.998877 -0.016241 -0.044498 0.000000 0.014307 0.998953 -0.043452 11.420100 0.045157 0.042767 0.998064 0.000000 0.000000 0.000000 0.000000 1.000000
0.999414 -0.007842 -0.033311 0.000000 0.006544 0.999222 -0.038904 11.420100 0.033590 0.038663 0.998688 0.000000 0.000000 0.000000 0.000000 1.000000
0.999764 0.003204 -0.021479 0.000000 -0.003957 0.999376 -0.035101 11.420100 0.021353 0.035177 0.999153 0.000000 0.000000 0.000000 0.000000 1.000000
0.999771 0.019343 -0.009117 0.000000 -0.019643 0.999227 -0.034055 11.420100 0.008451 0.034226 0.999378 0.000000 0.000000 0.000000 0.000000 1.000000
0.999523 0.030602 0.004237 0.000000 -0.030435 0.998922 -0.035050 11.420100 -0.005305 0.034904 0.999377 -0.000000 0.000000 0.000000 0.000000 1.000000
0.999336 0.030996 0.019156 0.000000 -0.030311 0.998925 -0.035063 11.420100 -0.020223 0.034459 0.999201 0.000000 0.000000 0.000000 0.000000 1.000000
0.999084 0.026903 0.033289 0.000000 -0.025721 0.999041 -0.035430 11.420100 -0.034210 0.034542 0.998818 0.000000 0.000000 0.000000 0.000000 1.000000
0.998768 0.023944 0.043459 -0.000000 -0.022344 0.999067 -0.036952 11.420100 -0.044303 0.035936 0.998372 0.000000 0.000000 0.000000 0.000000 1.000000
0.998661 0.019481 0.047919 0.000000 -0.017881 0.999276 -0.033597 11.420100 -0.048538 0.032695 0.998286 -0.000000 0.000000 0.000000 0.000000 1.000000
0.998998 0.008403 0.043970 0.000000 -0.007270 0.999639 -0.025874 11.420100 -0.044172 0.025529 0.998698 0.000000 0.000000 0.000000 0.000000 1.000000
0.999347 0.008172 0.035189 -0.000000 -0.007395 0.999727 -0.022175 11.420100 -0.035361 0.021900 0.999135 0.000000 0.000000 0.000000 0.000000 1.000000
0.999562 0.009289 0.028097 0.000000 -0.008657 0.999709 -0.022521 11.420100 -0.028298 0.022267 0.999351 0.000000 0.000000 0.000000 0.000000 1.000000
0.999796 0.007541 0.018725 -0.000000 -0.007046 0.999628 -0.026367 11.420100 -0.018917 0.026229 0.999477 0.000000 0.000000 0.000000 0.000000 1.000000
0.999977 0.006547 0.001766 0.000000 -0.006489 0.999499 -0.030993 11.420100 -0.001968 0.030981 0.999518 0.000000 0.000000 0.000000 0.000000 1.000000
0.999851 0.003126 -0.016987 0.000000 -0.003678 0.999464 -0.032538 11.420100 0.016876 0.032596 0.999326 0.000000 0.000000 0.000000 0.000000 1.000000
0.999352 -0.000557 -0.035996 0.000000 -0.000659 0.999429 -0.033771 11.420100 0.035994 0.033773 0.998781 0.000000 0.000000 0.000000 0.000000 1.000000
0.998473 -0.004692 -0.055038 0.000000 0.002771 0.999386 -0.034926 11.420100 0.055168 0.034720 0.997873 0.000000 0.000000 0.000000 0.000000 1.000000
0.997222 -0.009481 -0.073887 0.000000 0.006815 0.999320 -0.036250 11.420100 0.074180 0.035645 0.996608 0.000000 0.000000 0.000000 0.000000 1.000000
0.995594 -0.019044 -0.091813 0.000000 0.015644 0.999170 -0.037614 11.420100 0.092453 0.036012 0.995066 0.000000 0.000000 0.000000 0.000000 1.000000
0.993593 -0.033454 -0.107954 0.000000 0.029006 0.998675 -0.042507 11.420100 0.109233 0.039104 0.993247 -0.000000 0.000000 0.000000 0.000000 1.000000
0.991398 -0.042563 -0.123765 0.000000 0.037051 0.998231 -0.046508 11.420100 0.125525 0.041522 0.991221 0.000000 0.000000 0.000000 0.000000 1.000000
0.990011 -0.040976 -0.134905 0.000000 0.035111 0.998344 -0.045577 11.420100 0.136549 0.040385 0.989810 0.000000 0.000000 0.000000 0.000000 1.000000
0.988911 -0.037643 -0.143662 0.000000 0.031599 0.998526 -0.044125 11.420100 0.145112 0.039096 0.988643 -0.000000 0.000000 0.000000 0.000000 1.000000
0.988725 -0.036478 -0.145233 -0.000000 0.030159 0.998510 -0.045474 11.420100 0.146675 0.040581 0.988352 0.000000 0.000000 0.000000 0.000000 1.000000
0.989519 -0.030327 -0.141179 0.000000 0.024698 0.998835 -0.041450 11.420100 0.142272 0.037529 0.989116 0.000000 0.000000 0.000000 0.000000 1.000000
0.990498 -0.033815 -0.133303 -0.000000 0.028602 0.998756 -0.040835 11.420100 0.134518 0.036634 0.990234 -0.000000 0.000000 0.000000 0.000000 1.000000
0.991362 -0.034118 -0.126638 -0.000000 0.029288 0.998778 -0.039812 11.420100 0.127842 0.035759 0.991150 0.000000 0.000000 0.000000 0.000000 1.000000
0.992642 -0.032075 -0.116761 -0.000000 0.027505 0.998799 -0.040545 11.420100 0.117921 0.037035 0.992332 0.000000 0.000000 0.000000 0.000000 1.000000
0.994686 -0.029688 -0.098581 0.000000 0.025471 0.998717 -0.043766 11.420100 0.099754 0.041022 0.994166 0.000000 0.000000 0.000000 0.000000 1.000000
0.996778 -0.025814 -0.075947 0.000000 0.022345 0.998683 -0.046174 11.420100 0.077039 0.044328 0.996042 -0.000000 0.000000 0.000000 0.000000 1.000000
0.998163 -0.021382 -0.056679 0.000000 0.018795 0.998774 -0.045790 11.420100 0.057589 0.044641 0.997342 0.000000 0.000000 0.000000 0.000000 1.000000
0.998877 -0.016241 -0.044498 -0.000000 0.014307 0.998953 -0.043452 11.420100 0.045157 0.042767 0.998064 0.000000 0.000000 0.000000 0.000000 1.000000</float_array>
        <technique_common>
          <accessor source="#mixamorig1_Spine1-Matrix-animation-output-transform-array" count="32" stride="16">
            <param type="float4x4"/>
          </accessor>
        </technique_common>
      </source>
      <source id="mixamorig1_Spine1-Interpolations">
        <Name_array id="mixamorig1_Spine1-Interpolations-array" count="32">
 LINEAR LINEAR LINEAR LINEAR LINEAR LINEAR LINEAR LINEAR LINEAR LINEAR LINEAR
LINEAR LINEAR LINEAR LINEAR LINEAR LINEAR LINEAR LINEAR LINEAR LINEAR LINEAR LINEAR
LINEAR LINEAR LINEAR LINEAR LINEAR LINEAR LINEAR LINEAR LINEAR</Name_array>
        <technique_common>
          <accessor source="#mixamorig1_Spine1-Interpolations-array" count="32">
            <param type="name"/>
          </accessor>
        </technique_common>
      </source>
      <sampler id="mixamorig1_Spine1-Matrix-animation-transform">
        <input semantic="INPUT" source="#mixamorig1_Spine1-Matrix-animation-input"/>
        <input semantic="OUTPUT" source="#mixamorig1_Spine1-Matrix-animation-output-transform"/>
        <input semantic="INTERPOLATION" source="#mixamorig1_Spine1-Interpolations"/>
      </sampler>
      <channel source="#mixamorig1_Spine1-Matrix-animation-transform" target="mixamorig1_Spine1/matrix"/>
    </animation>
    <animation id="mixamorig1_Spine2-anim" name="mixamorig1_Spine2">
      <source id="mixamorig1_Spine2-Matrix-animation-input">
        <float_array id="mixamorig1_Spine2-Matrix-animation-input-array" count="32">

0.000000 0.033333 0.066667 0.100000 0.133333 0.166667 0.200000 0.233333 0.266667 0.300000 0.333333 0.366667 0.400000 0.433333 0.466667 0.500000
0.533333 0.566667 0.600000 0.633333 0.666667 0.700000 0.733333 0.766667 0.800000 0.833333 0.866667 0.900000 0.933333 0.966667 1.000000 1.033333</float_array>
        <technique_common>
          <accessor source="#mixamorig1_Spine2-Matrix-animation-input-array" count="32">
            <param name="TIME" type="float"/>
          </accessor>
        </technique_common>
      </source>
      <source id="mixamorig1_Spine2-Matrix-animation-output-transform">
        <float_array id="mixamorig1_Spine2-Matrix-animation-output-transform-array" count="512">

0.998867 -0.018233 -0.043963 -0.000000 0.016342 0.998942 -0.042997 13.051600 0.044701 0.042229 0.998107 0.000000 0.000000 0.000000 0.000000 1.000000
0.999418 -0.009551 -0.032756 -0.000000 0.008284 0.999220 -0.038613 13.051600 0.033099 0.038319 0.998717 0.000000 0.000000 0.000000 0.000000 1.000000
0.999776 0.001777 -0.021089 0.000000 -0.002511 0.999391 -0.034814 13.051600 0.021014 0.034860 0.999171 -0.000000 0.000000 0.000000 0.000000 1.000000
0.999792 0.018242 -0.009125 -0.000000 -0.018537 0.999270 -0.033391 13.051600 0.008509 0.033553 0.999401 0.000000 0.000000 0.000000 0.000000 1.000000
0.999544 0.029938 0.003894 0.000000 -0.029790 0.998986 -0.033762 13.051600 -0.004901 0.033631 0.999422 0.000000 0.000000 0.000000 0.000000 1.000000
0.999353 0.030724 0.018720 0.000000 -0.030082 0.998980 -0.033666 13.051600 -0.019735 0.033081 0.999258 0.000000 0.000000 0.000000 0.000000 1.000000
0.999094 0.027070 0.032833 0.000000 -0.025940 0.999072 -0.034393 13.051600 -0.033734 0.033510 0.998869 0.000000 0.000000 0.000000 0.000000 1.000000
0.998769 0.024649 0.043046 0.000000 -0.023103 0.999083 -0.036058 13.051600 -0.043895 0.035019 0.998422 -0.000000 0.000000 0.000000 0.000000 1.000000
0.998654 0.020010 0.047848 -0.000000 -0.018453 0.999292 -0.032775 13.051600 -0.048470 0.031848 0.998317 0.000000 0.000000 0.000000 0.000000 1.000000
0.998979 0.008053 0.044454 -0.000000 -0.006919 0.999648 -0.025625 13.051600 -0.044645 0.025291 0.998683 0.000000 0.000000 0.000000 0.000000 1.000000
0.999329 0.007308 0.035877 0.000000 -0.006535 0.999745 -0.021609 13.051600 -0.036026 0.021360 0.999123 0.000000 0.000000 0.000000 0.000000 1.000000
0.999546 0.008502 0.028905 0.000000 -0.007876 0.999734 -0.021688 13.051600 -0.029082 0.021451 0.999347 0.000000 0.000000 0.000000 0.000000 1.000000
0.999783 0.007066 0.019582 0.000000 -0.006563 0.999649 -0.025664 13.051600 -0.019756 0.025530 0.999479 0.000000 0.000000 0.000000 0.000000 1.000000
0.999978 0.006059 0.002555 0.000000 -0.005978 0.999514 -0.030607 13.051600 -0.002739 0.030591 0.999528 -0.000000 0.000000 0.000000 0.000000 1.000000
0.999865 0.002221 -0.016277 -0.000000 -0.002744 0.999479 -0.032164 13.051600 0.016198 0.032204 0.999350 0.000000 0.000000 0.000000 0.000000 1.000000
0.999372 -0.001935 -0.035371 0.000000 0.000753 0.999442 -0.033398 13.051600 0.035416 0.033350 0.998816 0.000000 0.000000 0.000000 0.000000 1.000000
0.998493 -0.006558 -0.054489 0.000000 0.004680 0.999393 -0.034517 13.051600 0.054682 0.034210 0.997918 0.000000 0.000000 0.000000 0.000000 1.000000
0.997233 -0.011811 -0.073390 0.000000 0.009206 0.999319 -0.035741 13.051600 0.073762 0.034966 0.996663 0.000000 0.000000 0.000000 0.000000 1.000000
0.995594 -0.021724 -0.091219 0.000000 0.018470 0.999168 -0.036370 13.051600 0.091933 0.034525 0.995166 -0.000000 0.000000 0.000000 0.000000 1.000000
0.993575 -0.036751 -0.107040 0.000000 0.032661 0.998677 -0.039715 13.051600 0.108358 0.035963 0.993461 0.000000 0.000000 0.000000 0.000000 1.000000
0.991372 -0.046487 -0.122556 0.000000 0.041514 0.998220 -0.042820 13.051600 0.124328 0.037363 0.991537 -0.000000 0.000000 0.000000 0.000000 1.000000
0.989999 -0.044994 -0.133707 -0.000000 0.039636 0.998311 -0.042473 13.051600 0.135392 0.036748 0.990110 -0.000000 0.000000 0.000000 0.000000 1.000000
0.988908 -0.041737 -0.142548 0.000000 0.036125 0.998476 -0.041732 13.051600 0.144072 0.036120 0.988908 0.000000 0.000000 0.000000 0.000000 1.000000
0.988693 -0.040997 -0.144240 0.000000 0.035131 0.998458 -0.042984 13.051600 0.145780 0.037430 0.988609 0.000000 0.000000 0.000000 0.000000 1.000000
0.989458 -0.034329 -0.140696 0.000000 0.029028 0.998795 -0.039560 13.051600 0.141884 0.035059 0.989262 -0.000000 0.000000 0.000000 0.000000 1.000000
0.990404 -0.037257 -0.133087 0.000000 0.032475 0.998753 -0.037925 13.051600 0.134334 0.033239 0.990379 0.000000 0.000000 0.000000 0.000000 1.000000
0.991261 -0.037133 -0.126584 0.000000 0.032688 0.998780 -0.037009 13.051600 0.127804 0.032548 0.991265 -0.000000 0.000000 0.000000 0.000000 1.000000
0.992545 -0.035030 -0.116737 0.000000 0.030736 0.998790 -0.038389 13.051600 0.117941 0.034515 0.992421 0.000000 0.000000 0.000000 0.000000 1.000000
0.994600 -0.032779 -0.098472 0.000000 0.028731 0.998694 -0.042256 13.051600 0.099728 0.039199 0.994242 0.000000 0.000000 0.000000 0.000000 1.000000
0.996720 -0.028684 -0.075672 -0.000000 0.025299 0.998652 -0.045328 13.051600 0.076871 0.043265 0.996102 0.000000 0.000000 0.000000 0.000000 1.000000
0.998136 -0.023717 -0.056227 0.000000 0.021177 0.998747 -0.045343 13.051600 0.057232 0.044067 0.997388 -0.000000 0.000000 0.000000 0.000000 1.000000
0.998867 -0.018233 -0.043963 0.000000 0.016342 0.998942 -0.042997 13.051600 0.044701 0.042229 0.998107 -0.000000 0.000000 0.000000 0.000000 1.000000</float_array>
        <technique_common>
          <accessor source="#mixamorig1_Spine2-Matrix-animation-output-transform-array" count="32" stride="16">
            <param type="float4x4"/>
          </accessor>
        </technique_common>
      </source>
      <source id="mixamorig1_Spine2-Interpolations">
        <Name_array id="mixamorig1_Spine2-Interpolations-array" count="32">
 LINEAR LINEAR LINEAR LINEAR LINEAR LINEAR LINEAR LINEAR LINEAR LINEAR LINEAR
LINEAR LINEAR LINEAR LINEAR LINEAR LINEAR LINEAR LINEAR LINEAR LINEAR LINEAR LINEAR
LINEAR LINEAR LINEAR LINEAR LINEAR LINEAR LINEAR LINEAR LINEAR</Name_array>
        <technique_common>
          <accessor source="#mixamorig1_Spine2-Interpolations-array" count="32">
            <param type="name"/>
          </accessor>
        </technique_common>
      </source>
      <sampler id="mixamorig1_Spine2-Matrix-animation-transform">
        <input semantic="INPUT" source="#mixamorig1_Spine2-Matrix-animation-input"/>
        <input semantic="OUTPUT" source="#mixamorig1_Spine2-Matrix-animation-output-transform"/>
        <input semantic="INTERPOLATION" source="#mixamorig1_Spine2-Interpolations"/>
      </sampler>
      <channel source="#mixamorig1_Spine2-Matrix-animation-transform" target="mixamorig1_Spine2/matrix"/>
    </animation>
    <animation id="mixamorig1_Neck-anim" name="mixamorig1_Neck">
      <source id="mixamorig1_Neck-Matrix-animation-input">
        <float_array id="mixamorig1_Neck-Matrix-animation-input-array" count="32">

0.000000 0.033333 0.066667 0.100000 0.133333 0.166667 0.200000 0.233333 0.266667 0.300000 0.333333 0.366667 0.400000 0.433333 0.466667 0.500000
0.533333 0.566667 0.600000 0.633333 0.666667 0.700000 0.733333 0.766667 0.800000 0.833333 0.866667 0.900000 0.933333 0.966667 1.000000 1.033333</float_array>
        <technique_common>
          <accessor source="#mixamorig1_Neck-Matrix-animation-input-array" count="32">
            <param name="TIME" type="float"/>
          </accessor>
        </technique_common>
      </source>
      <source id="mixamorig1_Neck-Matrix-animation-output-transform">
        <float_array id="mixamorig1_Neck-Matrix-animation-output-transform-array" count="512">

0.999301 0.004142 0.037153 0.000000 0.000054 0.993682 -0.112229 14.683000 -0.037383 0.112153 0.992988 0.000000 0.000000 0.000000 0.000000 1.000000
0.999438 0.006365 0.032913 -0.000000 -0.002606 0.993591 -0.113007 14.683000 -0.033421 0.112857 0.993049 0.000000 0.000000 0.000000 0.000000 1.000000
0.999623 0.004337 0.027098 0.000000 -0.001291 0.993771 -0.111433 14.683000 -0.027412 0.111356 0.993402 0.000000 0.000000 0.000000 0.000000 1.000000
0.999795 -0.005905 0.019354 0.000000 0.007993 0.993938 -0.109653 14.683000 -0.018589 0.109785 0.993781 0.000000 0.000000 0.000000 0.000000 1.000000
0.999797 -0.016764 0.011221 0.000000 0.017901 0.993736 -0.110308 14.683000 -0.009301 0.110486 0.993834 -0.000000 0.000000 0.000000 0.000000 1.000000
0.999785 -0.020307 0.004140 -0.000000 0.020640 0.993661 -0.110506 14.683000 -0.001870 0.110568 0.993867 0.000000 0.000000 0.000000 0.000000 1.000000
0.999829 -0.018360 -0.002006 0.000000 0.018037 0.994014 -0.107750 14.683000 0.003972 0.107695 0.994176 0.000000 0.000000 0.000000 0.000000 1.000000
0.999886 -0.013393 -0.006956 0.000000 0.012577 0.994244 -0.106401 14.683000 0.008340 0.106302 0.994299 0.000000 0.000000 0.000000 0.000000 1.000000
0.999964 0.001567 -0.008371 0.000000 -0.002500 0.993629 -0.112672 14.683000 0.008142 0.112689 0.993597 0.000000 0.000000 0.000000 0.000000 1.000000
0.999611 0.027461 -0.004915 0.000000 -0.027848 0.992695 -0.117396 14.683000 0.001656 0.117487 0.993073 0.000000 0.000000 0.000000 0.000000 1.000000
0.999208 0.039796 -0.000710 -0.000000 -0.039605 0.992298 -0.117374 14.683000 -0.003967 0.117309 0.993088 0.000000 0.000000 0.000000 0.000000 1.000000
0.998802 0.048724 0.004591 -0.000000 -0.047828 0.991687 -0.119454 14.683000 -0.010373 0.119092 0.992829 0.000000 0.000000 0.000000 0.000000 1.000000
0.998459 0.054127 0.012274 -0.000000 -0.052261 0.991346 -0.120427 14.683000 -0.018687 0.119600 0.992646 0.000000 0.000000 0.000000 0.000000 1.000000
0.998561 0.049282 0.021154 -0.000000 -0.046426 0.991799 -0.119074 14.683000 -0.026849 0.117921 0.992660 0.000000 0.000000 0.000000 0.000000 1.000000
0.998699 0.041391 0.029790 0.000000 -0.037456 0.991787 -0.122293 14.683000 -0.034607 0.121019 0.992047 0.000000 0.000000 0.000000 0.000000 1.000000
0.998718 0.032938 0.038441 -0.000000 -0.027849 0.991622 -0.126132 14.683000 -0.042274 0.124900 0.991268 -0.000000 0.000000 0.000000 0.000000 1.000000
0.998576 0.024894 0.047177 0.000000 -0.018583 0.991369 -0.129775 14.683000 -0.050000 0.128713 0.990421 0.000000 0.000000 0.000000 0.000000 1.000000
0.998264 0.018197 0.056024 0.000000 -0.010634 0.991134 -0.132439 14.683000 -0.057937 0.131613 0.989607 0.000000 0.000000 0.000000 0.000000 1.000000
0.997663 0.020207 0.065268 0.000000 -0.011584 0.991460 -0.129893 14.683000 -0.067336 0.128833 0.989378 0.000000 0.000000 0.000000 0.000000 1.000000
0.996765 0.029845 0.074629 -0.000000 -0.020183 0.991694 -0.127023 14.683000 -0.077800 0.125106 0.989088 -0.000000 0.000000 0.000000 0.000000 1.000000
0.995765 0.039117 0.083199 0.000000 -0.028512 0.991742 -0.125038 14.683000 -0.087404 0.122137 0.988657 -0.000000 0.000000 0.000000 0.000000 1.000000
0.995228 0.040825 0.088621 0.000000 -0.029968 0.992255 -0.120550 14.683000 -0.092856 0.117319 0.988744 0.000000 0.000000 0.000000 0.000000 1.000000
0.994896 0.039709 0.092767 0.000000 -0.028833 0.992857 -0.115772 14.683000 -0.096702 0.112506 0.988934 0.000000 0.000000 0.000000 0.000000 1.000000
0.995083 0.032214 0.093664 0.000000 -0.021607 0.993459 -0.112127 14.683000 -0.096663 0.109552 0.989270 -0.000000 0.000000 0.000000 0.000000 1.000000
0.995793 0.009143 0.091175 0.000000 0.001575 0.993156 -0.116786 14.683000 -0.091618 0.116438 0.988963 0.000000 0.000000 0.000000 0.000000 1.000000
0.996140 -0.002765 0.087730 -0.000000 0.013293 0.992727 -0.119650 14.683000 -0.086761 0.120354 0.988932 -0.000000 0.000000 0.000000 0.000000 1.000000
0.996605 -0.014104 0.081115 0.000000 0.023876 0.992391 -0.120792 14.683000 -0.078794 0.122318 0.989358 0.000000 0.000000 0.000000 0.000000 1.000000
0.997224 -0.023376 0.070695 -0.000000 0.031626 0.992518 -0.117928 14.683000 -0.067410 0.119836 0.990502 0.000000 0.000000 0.000000 0.000000 1.000000
0.997990 -0.023150 0.058997 0.000000 0.029840 0.992898 -0.115162 14.683000 -0.055912 0.116691 0.991593 0.000000 0.000000 0.000000 0.000000 1.000000
0.998718 -0.014904 0.048378 0.000000 0.020423 0.993079 -0.115661 14.683000 -0.046319 0.116501 0.992110 0.000000 0.000000 0.000000 0.000000 1.000000
0.999165 -0.004138 0.040648 0.000000 0.008826 0.993227 -0.115851 14.683000 -0.039893 0.116113 0.992435 0.000000 0.000000 0.000000 0.000000 1.000000
0.999301 0.004142 0.037152 0.000000 0.000054 0.993682 -0.112229 14.683000 -0.037383 0.112153 0.992988 0.000000 0.000000 0.000000 0.000000 1.000000</float_array>
        <technique_common>
          <accessor source="#mixamorig1_Neck-Matrix-animation-output-transform-array" count="32" stride="16">
            <param type="float4x4"/>
          </accessor>
        </technique_common>
      </source>
      <source id="mixamorig1_Neck-Interpolations">
        <Name_array id="mixamorig1_Neck-Interpolations-array" count="32">
 LINEAR LINEAR LINEAR LINEAR LINEAR LINEAR LINEAR LINEAR LINEAR LINEAR LINEAR
LINEAR LINEAR LINEAR LINEAR LINEAR LINEAR LINEAR LINEAR LINEAR LINEAR LINEAR LINEAR
LINEAR LINEAR LINEAR LINEAR LINEAR LINEAR LINEAR LINEAR LINEAR</Name_array>
        <technique_common>
          <accessor source="#mixamorig1_Neck-Interpolations-array" count="32">
            <param type="name"/>
          </accessor>
        </technique_common>
      </source>
      <sampler id="mixamorig1_Neck-Matrix-animation-transform">
        <input semantic="INPUT" source="#mixamorig1_Neck-Matrix-animation-input"/>
        <input semantic="OUTPUT" source="#mixamorig1_Neck-Matrix-animation-output-transform"/>
        <input semantic="INTERPOLATION" source="#mixamorig1_Neck-Interpolations"/>
      </sampler>
      <channel source="#mixamorig1_Neck-Matrix-animation-transform" target="mixamorig1_Neck/matrix"/>
    </animation>
    <animation id="mixamorig1_Head-anim" name="mixamorig1_Head">
      <source id="mixamorig1_Head-Matrix-animation-input">
        <float_array id="mixamorig1_Head-Matrix-animation-input-array" count="32">

0.000000 0.033333 0.066667 0.100000 0.133333 0.166667 0.200000 0.233333 0.266667 0.300000 0.333333 0.366667 0.400000 0.433333 0.466667 0.500000
0.533333 0.566667 0.600000 0.633333 0.666667 0.700000 0.733333 0.766667 0.800000 0.833333 0.866667 0.900000 0.933333 0.966667 1.000000 1.033333</float_array>
        <technique_common>
          <accessor source="#mixamorig1_Head-Matrix-animation-input-array" count="32">
            <param name="TIME" type="float"/>
          </accessor>
        </technique_common>
      </source>
      <source id="mixamorig1_Head-Matrix-animation-output-transform">
        <float_array id="mixamorig1_Head-Matrix-animation-output-transform-array" count="512">

0.999296 0.003778 0.037328 0.000000 -0.004081 0.999959 0.008040 6.720200 -0.037296 -0.008186 0.999271 1.972200 0.000000 0.000000 0.000000 1.000000
0.999442 0.005482 0.032961 0.000000 -0.005732 0.999955 0.007507 6.720200 -0.032918 -0.007692 0.999428 1.972200 0.000000 0.000000 0.000000 1.000000
0.999618 0.004298 0.027311 -0.000000 -0.004546 0.999949 0.009022 6.720200 -0.027271 -0.009143 0.999586 1.972200 0.000000 0.000000 0.000000 1.000000
0.999793 -0.003075 0.020118 -0.000000 0.002862 0.999940 0.010592 6.720200 -0.020150 -0.010532 0.999741 1.972200 0.000000 0.000000 0.000000 1.000000
0.999854 -0.011781 0.012356 0.000000 0.011653 0.999878 0.010374 6.720200 -0.012476 -0.010229 0.999870 1.972200 0.000000 0.000000 0.000000 1.000000
0.999879 -0.014631 0.005365 -0.000000 0.014573 0.999838 0.010572 6.720200 -0.005519 -0.010493 0.999930 1.972200 0.000000 0.000000 0.000000 1.000000
0.999919 -0.012706 -0.000825 0.000000 0.012716 0.999830 0.013384 6.720200 0.000655 -0.013394 0.999910 1.972200 0.000000 0.000000 0.000000 1.000000
0.999943 -0.008833 -0.006023 0.000000 0.008918 0.999859 0.014249 6.720200 0.005896 -0.014302 0.999880 1.972200 0.000000 0.000000 0.000000 1.000000
0.999964 0.002126 -0.008257 0.000000 -0.002055 0.999961 0.008623 6.720200 0.008275 -0.008606 0.999929 1.972200 0.000000 0.000000 0.000000 1.000000
0.999753 0.021387 -0.006092 -0.000000 -0.021354 0.999757 0.005425 6.720200 0.006206 -0.005293 0.999967 1.972200 0.000000 0.000000 0.000000 1.000000
0.999485 0.032015 -0.002175 0.000000 -0.032001 0.999469 0.006154 6.720200 0.002371 -0.006081 0.999979 1.972200 0.000000 0.000000 0.000000 1.000000
0.999185 0.040242 0.003035 0.000000 -0.040257 0.999177 0.004929 6.720200 -0.002834 -0.005047 0.999983 1.972200 0.000000 0.000000 0.000000 1.000000
0.998918 0.045269 0.010637 0.000000 -0.045315 0.998964 0.004150 6.720200 -0.010438 -0.004627 0.999935 1.972200 0.000000 0.000000 0.000000 1.000000
0.998954 0.041320 0.019597 0.000000 -0.041412 0.999133 0.004293 6.720200 -0.019402 -0.005100 0.999799 1.972200 0.000000 0.000000 0.000000 1.000000
0.998960 0.035530 0.028576 0.000000 -0.035555 0.999368 0.000383 6.720200 -0.028545 -0.001399 0.999592 1.972200 0.000000 0.000000 0.000000 1.000000
0.998860 0.029405 0.037604 0.000000 -0.029271 0.999563 -0.004118 6.720200 -0.037709 0.003013 0.999284 1.972200 0.000000 0.000000 0.000000 1.000000
0.998629 0.023648 0.046698 0.000000 -0.023279 0.999694 -0.008424 6.720200 -0.046883 0.007325 0.998874 1.972200 0.000000 0.000000 0.000000 1.000000
0.998260 0.018931 0.055845 0.000000 -0.018301 0.999763 -0.011772 6.720200 -0.056054 0.010730 0.998370 1.972200 0.000000 0.000000 0.000000 1.000000
0.997663 0.020821 0.065078 0.000000 -0.020234 0.999748 -0.009678 6.720200 -0.065263 0.008339 0.997833 1.972200 0.000000 0.000000 0.000000 1.000000
0.996851 0.028377 0.074042 0.000000 -0.027985 0.999588 -0.006323 6.720200 -0.074191 0.004231 0.997235 1.972200 0.000000 0.000000 0.000000 1.000000
0.995962 0.035896 0.082284 0.000000 -0.035722 0.999355 -0.003586 6.720200 -0.082359 0.000632 0.996603 1.972200 0.000000 0.000000 0.000000 1.000000
0.995459 0.036930 0.087733 0.000000 -0.037179 0.999308 0.001212 6.720200 -0.087627 -0.004468 0.996143 1.972200 0.000000 0.000000 0.000000 1.000000
0.995116 0.035704 0.092031 0.000000 -0.036413 0.999319 0.006031 6.720200 -0.091753 -0.009352 0.995738 1.972200 0.000000 0.000000 0.000000 1.000000
0.995183 0.029849 0.093383 -0.000000 -0.030807 0.999486 0.008835 6.720200 -0.093071 -0.011669 0.995591 1.972200 0.000000 0.000000 0.000000 1.000000
0.995661 0.013268 0.092105 0.000000 -0.013670 0.999900 0.003731 6.720200 -0.092046 -0.004974 0.995742 1.972200 0.000000 0.000000 0.000000 1.000000
0.996011 0.004127 0.089131 0.000000 -0.004230 0.999991 0.000960 6.720200 -0.089126 -0.001334 0.996019 1.972200 0.000000 0.000000 0.000000 1.000000
0.996543 -0.005273 0.082907 0.000000 0.005308 0.999986 -0.000202 6.720200 -0.082905 0.000641 0.996557 1.972200 0.000000 0.000000 0.000000 1.000000
0.997252 -0.013837 0.072785 -0.000000 0.013707 0.999903 0.002290 6.720200 -0.072810 -0.001287 0.997345 1.972200 0.000000 0.000000 0.000000 1.000000
0.998029 -0.014716 0.061005 0.000000 0.014412 0.999881 0.005426 6.720200 -0.061078 -0.004536 0.998123 1.972200 0.000000 0.000000 0.000000 1.000000
0.998715 -0.009183 0.049848 0.000000 0.008905 0.999944 0.005796 6.720200 -0.049899 -0.005345 0.998740 1.972200 0.000000 0.000000 0.000000 1.000000
0.999143 -0.001988 0.041349 0.000000 0.001756 0.999982 0.005658 6.720200 -0.041360 -0.005581 0.999129 1.972200 0.000000 0.000000 0.000000 1.000000
0.999296 0.003778 0.037328 0.000000 -0.004081 0.999959 0.008039 6.720200 -0.037296 -0.008186 0.999271 1.972200 0.000000 0.000000 0.000000 1.000000</float_array>
        <technique_common>
          <accessor source="#mixamorig1_Head-Matrix-animation-output-transform-array" count="32" stride="16">
            <param type="float4x4"/>
          </accessor>
        </technique_common>
      </source>
      <source id="mixamorig1_Head-Interpolations">
        <Name_array id="mixamorig1_Head-Interpolations-array" count="32">
 LINEAR LINEAR LINEAR LINEAR LINEAR LINEAR LINEAR LINEAR LINEAR LINEAR LINEAR
LINEAR LINEAR LINEAR LINEAR LINEAR LINEAR LINEAR LINEAR LINEAR LINEAR LINEAR LINEAR
LINEAR LINEAR LINEAR LINEAR LINEAR LINEAR LINEAR LINEAR LINEAR</Name_array>
        <technique_common>
          <accessor source="#mixamorig1_Head-Interpolations-array" count="32">
            <param type="name"/>
          </accessor>
        </technique_common>
      </source>
      <sampler id="mixamorig1_Head-Matrix-animation-transform">
        <input semantic="INPUT" source="#mixamorig1_Head-Matrix-animation-input"/>
        <input semantic="OUTPUT" source="#mixamorig1_Head-Matrix-animation-output-transform"/>
        <input semantic="INTERPOLATION" source="#mixamorig1_Head-Interpolations"/>
      </sampler>
      <channel source="#mixamorig1_Head-Matrix-animation-transform" target="mixamorig1_Head/matrix"/>
    </animation>
    <animation id="mixamorig1_LeftShoulder-anim" name="mixamorig1_LeftShoulder">
      <source id="mixamorig1_LeftShoulder-Matrix-animation-input">
        <float_array id="mixamorig1_LeftShoulder-Matrix-animation-input-array" count="32">

0.000000 0.033333 0.066667 0.100000 0.133333 0.166667 0.200000 0.233333 0.266667 0.300000 0.333333 0.366667 0.400000 0.433333 0.466667 0.500000
0.533333 0.566667 0.600000 0.633333 0.666667 0.700000 0.733333 0.766667 0.800000 0.833333 0.866667 0.900000 0.933333 0.966667 1.000000 1.033333</float_array>
        <technique_common>
          <accessor source="#mixamorig1_LeftShoulder-Matrix-animation-input-array" count="32">
            <param name="TIME" type="float"/>
          </accessor>
        </technique_common>
      </source>
      <source id="mixamorig1_LeftShoulder-Matrix-animation-output-transform">
        <float_array id="mixamorig1_LeftShoulder-Matrix-animation-output-transform-array" count="512">

0.092958 0.860412 -0.501049 6.140200 0.018423 -0.504628 -0.863140 13.000700 -0.995500 0.071005 -0.062761 -0.233600 0.000000 0.000000 0.000000 1.000000
0.076468 0.864193 -0.497316 6.140200 0.019223 -0.499962 -0.865834 13.000700 -0.996887 0.056649 -0.054843 -0.233600 0.000000 0.000000 0.000000 1.000000
0.061076 0.866939 -0.494658 6.140200 0.019918 -0.496543 -0.867784 13.000700 -0.997934 0.043148 -0.047595 -0.233600 0.000000 0.000000 0.000000 1.000000
0.052903 0.869109 -0.491783 6.140200 0.020210 -0.493304 -0.869622 13.000700 -0.998395 0.036067 -0.043662 -0.233600 0.000000 0.000000 0.000000 1.000000
0.043279 0.874073 -0.483862 6.140200 0.020325 -0.484986 -0.874286 13.000700 -0.998856 0.028003 -0.038755 -0.233600 0.000000 0.000000 0.000000 1.000000
0.028193 0.878909 -0.476156 6.140200 0.020566 -0.476755 -0.878796 13.000700 -0.999391 0.014983 -0.031517 -0.233600 0.000000 0.000000 0.000000 1.000000
0.020231 0.878426 -0.477451 6.140200 0.020935 -0.477816 -0.878210 13.000700 -0.999576 0.007771 -0.028056 -0.233600 0.000000 0.000000 0.000000 1.000000
0.026960 0.873904 -0.485350 6.140200 0.021085 -0.485916 -0.873751 13.000700 -0.999414 0.013322 -0.031527 -0.233600 0.000000 0.000000 0.000000 1.000000
0.031841 0.871266 -0.489778 6.140200 0.021093 -0.490503 -0.871184 13.000700 -0.999270 0.017409 -0.033996 -0.233600 0.000000 0.000000 0.000000 1.000000
0.032622 0.869455 -0.492935 6.140200 0.021211 -0.493688 -0.869380 13.000700 -0.999243 0.017905 -0.034547 -0.233600 0.000000 0.000000 0.000000 1.000000
0.043432 0.865573 -0.498896 6.140200 0.020955 -0.500047 -0.865745 13.000700 -0.998837 0.027147 -0.039856 -0.233600 0.000000 0.000000 0.000000 1.000000
0.054505 0.860784 -0.506044 6.140200 0.020650 -0.507661 -0.861309 13.000700 -0.998300 0.036496 -0.045446 -0.233600 0.000000 0.000000 0.000000 1.000000
0.057395 0.854341 -0.516534 6.140200 0.020856 -0.518300 -0.854944 13.000700 -0.998134 0.038296 -0.047566 -0.233600 0.000000 0.000000 0.000000 1.000000
0.062314 0.848414 -0.525653 6.140200 0.020846 -0.527668 -0.849195 13.000700 -0.997839 0.041959 -0.050567 -0.233600 0.000000 0.000000 0.000000 1.000000
0.069532 0.849641 -0.522758 6.140200 0.020332 -0.525124 -0.850783 13.000700 -0.997373 0.048528 -0.053788 -0.233600 0.000000 0.000000 0.000000 1.000000
0.077110 0.851796 -0.518167 6.140200 0.019744 -0.520917 -0.853379 13.000700 -0.996827 0.055573 -0.056986 -0.233600 0.000000 0.000000 0.000000 1.000000
0.084706 0.854336 -0.512772 6.140200 0.019140 -0.515922 -0.856422 13.000700 -0.996222 0.062730 -0.060053 -0.233600 0.000000 0.000000 0.000000 1.000000
0.091977 0.856743 -0.507475 6.140200 0.018574 -0.511023 -0.859366 13.000700 -0.995588 0.069616 -0.062916 -0.233600 0.000000 0.000000 0.000000 1.000000
0.097327 0.859810 -0.501252 6.140200 0.018193 -0.505096 -0.862871 13.000700 -0.995086 0.074862 -0.064802 -0.233600 0.000000 0.000000 0.000000 1.000000
0.104456 0.861839 -0.496309 6.140200 0.017756 -0.500575 -0.865511 13.000700 -0.994371 0.081596 -0.067591 -0.233600 0.000000 0.000000 0.000000 1.000000
0.116515 0.859960 -0.496884 6.140200 0.017101 -0.501954 -0.864725 13.000700 -0.993042 0.092256 -0.073191 -0.233600 0.000000 0.000000 0.000000 1.000000
0.122933 0.860023 -0.495226 6.140200 0.016733 -0.500736 -0.865438 13.000700 -0.992274 0.098104 -0.075948 -0.233600 0.000000 0.000000 0.000000 1.000000
0.126740 0.860818 -0.492879 6.140200 0.016502 -0.498647 -0.866648 13.000700 -0.991799 0.101706 -0.077404 -0.233600 0.000000 0.000000 0.000000 1.000000
0.123136 0.863363 -0.489329 6.140200 0.016666 -0.494811 -0.868841 13.000700 -0.992250 0.098830 -0.075317 -0.233600 0.000000 0.000000 0.000000 1.000000
0.114914 0.864512 -0.489299 6.140200 0.017069 -0.494208 -0.869176 13.000700 -0.993229 0.091528 -0.071548 -0.233600 0.000000 0.000000 0.000000 1.000000
0.104858 0.867193 -0.486807 6.140200 0.017536 -0.491042 -0.870960 13.000700 -0.994333 0.082791 -0.066697 -0.233600 0.000000 0.000000 0.000000 1.000000
0.100442 0.869241 -0.484078 6.140200 0.017687 -0.488022 -0.872652 13.000700 -0.994786 0.079089 -0.064393 -0.233600 0.000000 0.000000 0.000000 1.000000
0.101511 0.868940 -0.484396 6.140200 0.017615 -0.488404 -0.872440 13.000700 -0.994678 0.080030 -0.064885 -0.233600 0.000000 0.000000 0.000000 1.000000
0.102962 0.865590 -0.490054 6.140200 0.017624 -0.494182 -0.869180 13.000700 -0.994529 0.080856 -0.066137 -0.233600 0.000000 0.000000 0.000000 1.000000
0.103196 0.862942 -0.494653 6.140200 0.017684 -0.498821 -0.866524 13.000700 -0.994504 0.080675 -0.066736 -0.233600 0.000000 0.000000 0.000000 1.000000
0.099691 0.862097 -0.496840 6.140200 0.017924 -0.500802 -0.865376 13.000700 -0.994857 0.077365 -0.065378 -0.233600 0.000000 0.000000 0.000000 1.000000
0.092958 0.860412 -0.501048 6.140200 0.018423 -0.504627 -0.863141 13.000700 -0.995500 0.071005 -0.062761 -0.233600 0.000000 0.000000 0.000000 1.000000</float_array>
        <technique_common>
          <accessor source="#mixamorig1_LeftShoulder-Matrix-animation-output-transform-array" count="32" stride="16">
            <param type="float4x4"/>
          </accessor>
        </technique_common>
      </source>
      <source id="mixamorig1_LeftShoulder-Interpolations">
        <Name_array id="mixamorig1_LeftShoulder-Interpolations-array" count="32">
 LINEAR LINEAR LINEAR LINEAR LINEAR LINEAR LINEAR LINEAR LINEAR LINEAR LINEAR
LINEAR LINEAR LINEAR LINEAR LINEAR LINEAR LINEAR LINEAR LINEAR LINEAR LINEAR LINEAR
LINEAR LINEAR LINEAR LINEAR LINEAR LINEAR LINEAR LINEAR LINEAR</Name_array>
        <technique_common>
          <accessor source="#mixamorig1_LeftShoulder-Interpolations-array" count="32">
            <param type="name"/>
          </accessor>
        </technique_common>
      </source>
      <sampler id="mixamorig1_LeftShoulder-Matrix-animation-transform">
        <input semantic="INPUT" source="#mixamorig1_LeftShoulder-Matrix-animation-input"/>
        <input semantic="OUTPUT" source="#mixamorig1_LeftShoulder-Matrix-animation-output-transform"/>
        <input semantic="INTERPOLATION" source="#mixamorig1_LeftShoulder-Interpolations"/>
      </sampler>
      <channel source="#mixamorig1_LeftShoulder-Matrix-animation-transform" target="mixamorig1_LeftShoulder/matrix"/>
    </animation>
    <animation id="mixamorig1_LeftArm-anim" name="mixamorig1_LeftArm">
      <source id="mixamorig1_LeftArm-Matrix-animation-input">
        <float_array id="mixamorig1_LeftArm-Matrix-animation-input-array" count="32">

0.000000 0.033333 0.066667 0.100000 0.133333 0.166667 0.200000 0.233333 0.266667 0.300000 0.333333 0.366667 0.400000 0.433333 0.466667 0.500000
0.533333 0.566667 0.600000 0.633333 0.666667 0.700000 0.733333 0.766667 0.800000 0.833333 0.866667 0.900000 0.933333 0.966667 1.000000 1.033333</float_array>
        <technique_common>
          <accessor source="#mixamorig1_LeftArm-Matrix-animation-input-array" count="32">
            <param name="TIME" type="float"/>
          </accessor>
        </technique_common>
      </source>
      <source id="mixamorig1_LeftArm-Matrix-animation-output-transform">
        <float_array id="mixamorig1_LeftArm-Matrix-animation-output-transform-array" count="512">

0.912721 0.000428 0.408584 0.000000 0.292758 0.696884 -0.654710 13.005900 -0.285015 0.717184 0.635935 0.000000 0.000000 0.000000 0.000000 1.000000
0.922533 0.082044 0.377097 0.000000 0.221268 0.688131 -0.691026 13.005900 -0.316186 0.720933 0.616670 0.000000 0.000000 0.000000 0.000000 1.000000
0.927179 0.158264 0.339546 0.000000 0.150048 0.673607 -0.723698 13.005900 -0.343256 0.721946 0.600807 -0.000000 0.000000 0.000000 0.000000 1.000000
0.927517 0.226825 0.297091 0.000000 0.081822 0.652336 -0.753500 13.005900 -0.364716 0.723193 0.586493 0.000000 0.000000 0.000000 0.000000 1.000000
0.923844 0.286548 0.253777 -0.000000 0.019616 0.626688 -0.779023 13.005900 -0.382267 0.724674 0.573341 0.000000 0.000000 0.000000 0.000000 1.000000
0.920942 0.321312 0.220509 0.000000 -0.021382 0.606654 -0.794678 13.005900 -0.389113 0.727138 0.565564 -0.000000 0.000000 0.000000 0.000000 1.000000
0.925538 0.321920 0.199365 0.000000 -0.038617 0.604011 -0.796040 13.005900 -0.376680 0.729066 0.571467 -0.000000 0.000000 0.000000 0.000000 1.000000
0.930153 0.309519 0.197519 0.000000 -0.038612 0.617419 -0.785687 13.005900 -0.365137 0.723182 0.586245 0.000000 0.000000 0.000000 0.000000 1.000000
0.930416 0.294593 0.218038 0.000000 -0.020982 0.636751 -0.770784 13.005900 -0.365904 0.712575 0.598624 0.000000 0.000000 0.000000 0.000000 1.000000
0.931041 0.272207 0.243035 0.000000 0.003581 0.659157 -0.751997 13.005900 -0.364897 0.701010 0.612727 0.000000 0.000000 0.000000 0.000000 1.000000
0.932777 0.237988 0.270720 0.000000 0.035326 0.687080 -0.725722 13.005900 -0.358720 0.686500 0.632485 -0.000000 0.000000 0.000000 0.000000 1.000000
0.937783 0.184269 0.294293 0.000000 0.077589 0.714922 -0.694886 13.005900 -0.338442 0.674486 0.656145 0.000000 0.000000 0.000000 0.000000 1.000000
0.951245 0.112418 0.287220 0.000000 0.115165 0.734410 -0.668864 13.005900 -0.286130 0.669331 0.685657 0.000000 0.000000 0.000000 0.000000 1.000000
0.963460 0.036430 0.265362 0.000000 0.151082 0.744153 -0.650700 13.005900 -0.221175 0.667015 0.711458 0.000000 0.000000 0.000000 0.000000 1.000000
0.959979 -0.022744 0.279148 -0.000000 0.200586 0.751431 -0.628583 13.005900 -0.195464 0.659420 0.725920 0.000000 0.000000 0.000000 0.000000 1.000000
0.951880 -0.080070 0.295826 0.000000 0.251851 0.754385 -0.606197 13.005900 -0.174629 0.651531 0.738249 0.000000 0.000000 0.000000 0.000000 1.000000
0.939912 -0.135640 0.313318 -0.000000 0.303039 0.754158 -0.582592 13.005900 -0.157269 0.642532 0.749946 0.000000 0.000000 0.000000 0.000000 1.000000
0.925017 -0.189597 0.329236 0.000000 0.352405 0.751991 -0.557063 13.005900 -0.141965 0.631318 0.762420 -0.000000 0.000000 0.000000 0.000000 1.000000
0.906291 -0.232608 0.352887 -0.000000 0.395413 0.761526 -0.513544 13.005900 -0.149278 0.604957 0.782140 0.000000 0.000000 0.000000 0.000000 1.000000
0.888496 -0.277581 0.365409 0.000000 0.432238 0.773647 -0.463294 13.005900 -0.154096 0.569578 0.807363 0.000000 0.000000 0.000000 0.000000 1.000000
0.872792 -0.317249 0.370929 0.000000 0.459111 0.791580 -0.403259 13.005900 -0.165686 0.522258 0.836537 0.000000 0.000000 0.000000 0.000000 1.000000
0.858823 -0.348996 0.374999 0.000000 0.479779 0.804541 -0.350037 13.005900 -0.179540 0.480537 0.858400 0.000000 0.000000 0.000000 0.000000 1.000000
0.848395 -0.373483 0.375149 -0.000000 0.494154 0.812897 -0.308236 13.005900 -0.189837 0.446888 0.874216 0.000000 0.000000 0.000000 0.000000 1.000000
0.855929 -0.366032 0.365247 0.000000 0.484606 0.814235 -0.319654 13.005900 -0.180393 0.450602 0.874309 0.000000 0.000000 0.000000 0.000000 1.000000
0.878531 -0.322528 0.352362 -0.000000 0.447973 0.812372 -0.373325 13.005900 -0.165842 0.485826 0.858178 0.000000 0.000000 0.000000 0.000000 1.000000
0.904052 -0.257481 0.341166 0.000000 0.397295 0.800582 -0.448581 13.005900 -0.157630 0.541084 0.826063 0.000000 0.000000 0.000000 0.000000 1.000000
0.915727 -0.204063 0.346125 0.000000 0.365621 0.780436 -0.507189 13.005900 -0.166630 0.590997 0.789276 0.000000 0.000000 0.000000 0.000000 1.000000
0.909399 -0.181968 0.374006 -0.000000 0.371757 0.758866 -0.534714 13.005900 -0.186519 0.625308 0.757760 0.000000 0.000000 0.000000 0.000000 1.000000
0.897442 -0.169545 0.407249 0.000000 0.389266 0.738686 -0.550287 13.005900 -0.207531 0.652379 0.728926 0.000000 0.000000 0.000000 0.000000 1.000000
0.893570 -0.136723 0.427598 0.000000 0.385991 0.720343 -0.576296 13.005900 -0.229224 0.680010 0.696451 0.000000 0.000000 0.000000 0.000000 1.000000
0.901211 -0.078552 0.426203 0.000000 0.352263 0.705632 -0.614812 13.005900 -0.252448 0.704211 0.663594 0.000000 0.000000 0.000000 0.000000 1.000000
0.912721 0.000428 0.408583 0.000000 0.292757 0.696884 -0.654711 13.005900 -0.285015 0.717184 0.635935 0.000000 0.000000 0.000000 0.000000 1.000000</float_array>
        <technique_common>
          <accessor source="#mixamorig1_LeftArm-Matrix-animation-output-transform-array" count="32" stride="16">
            <param type="float4x4"/>
          </accessor>
        </technique_common>
      </source>
      <source id="mixamorig1_LeftArm-Interpolations">
        <Name_array id="mixamorig1_LeftArm-Interpolations-array" count="32">
 LINEAR LINEAR LINEAR LINEAR LINEAR LINEAR LINEAR LINEAR LINEAR LINEAR LINEAR
LINEAR LINEAR LINEAR LINEAR LINEAR LINEAR LINEAR LINEAR LINEAR LINEAR LINEAR LINEAR
LINEAR LINEAR LINEAR LINEAR LINEAR LINEAR LINEAR LINEAR LINEAR</Name_array>
        <technique_common>
          <accessor source="#mixamorig1_LeftArm-Interpolations-array" count="32">
            <param type="name"/>
          </accessor>
        </technique_common>
      </source>
      <sampler id="mixamorig1_LeftArm-Matrix-animation-transform">
        <input semantic="INPUT" source="#mixamorig1_LeftArm-Matrix-animation-input"/>
        <input semantic="OUTPUT" source="#mixamorig1_LeftArm-Matrix-animation-output-transform"/>
        <input semantic="INTERPOLATION" source="#mixamorig1_LeftArm-Interpolations"/>
      </sampler>
      <channel source="#mixamorig1_LeftArm-Matrix-animation-transform" target="mixamorig1_LeftArm/matrix"/>
    </animation>
    <animation id="mixamorig1_LeftForeArm-anim" name="mixamorig1_LeftForeArm">
      <source id="mixamorig1_LeftForeArm-Matrix-animation-input">
        <float_array id="mixamorig1_LeftForeArm-Matrix-animation-input-array" count="32">

0.000000 0.033333 0.066667 0.100000 0.133333 0.166667 0.200000 0.233333 0.266667 0.300000 0.333333 0.366667 0.400000 0.433333 0.466667 0.500000
0.533333 0.566667 0.600000 0.633333 0.666667 0.700000 0.733333 0.766667 0.800000 0.833333 0.866667 0.900000 0.933333 0.966667 1.000000 1.033333</float_array>
        <technique_common>
          <accessor source="#mixamorig1_LeftForeArm-Matrix-animation-input-array" count="32">
            <param name="TIME" type="float"/>
          </accessor>
        </technique_common>
      </source>
      <source id="mixamorig1_LeftForeArm-Matrix-animation-output-transform">
        <float_array id="mixamorig1_LeftForeArm-Matrix-animation-output-transform-array" count="512">

0.981667 -0.190573 -0.003340 0.000000 0.190446 0.981422 -0.023252 25.560801 0.007709 0.022189 0.999724 0.000000 0.000000 0.000000 0.000000 1.000000
0.981732 -0.190241 -0.003347 0.000000 0.190114 0.981488 -0.023211 25.560801 0.007701 0.022150 0.999725 0.000000 0.000000 0.000000 0.000000 1.000000
0.982078 -0.188443 -0.003390 0.000000 0.188318 0.981839 -0.022992 25.560801 0.007661 0.021941 0.999730 0.000000 0.000000 0.000000 0.000000 1.000000
0.983629 -0.180171 -0.003579 0.000000 0.180051 0.983412 -0.021982 25.560801 0.007480 0.020978 0.999752 0.000000 0.000000 0.000000 0.000000 1.000000
0.986055 -0.166374 -0.003875 0.000000 0.166263 0.985872 -0.020299 25.560801 0.007198 0.019372 0.999786 0.000000 0.000000 0.000000 0.000000 1.000000
0.990372 -0.138364 -0.004403 0.000000 0.138272 0.990250 -0.016881 25.560801 0.006696 0.016110 0.999848 0.000000 0.000000 0.000000 0.000000 1.000000
0.995196 -0.097772 -0.004991 0.000000 0.097707 0.995144 -0.011929 25.560801 0.006134 0.011384 0.999916 -0.000000 0.000000 0.000000 0.000000 1.000000
0.997367 -0.072330 -0.005256 0.000000 0.072282 0.997345 -0.008825 25.560801 0.005881 0.008422 0.999947 0.000000 0.000000 0.000000 0.000000 1.000000
0.997208 -0.074490 -0.005237 0.000000 0.074440 0.997184 -0.009088 25.560801 0.005899 0.008673 0.999945 0.000000 0.000000 0.000000 0.000000 1.000000
0.995757 -0.091888 -0.005060 0.000000 0.091827 0.995712 -0.011211 25.560801 0.006068 0.010699 0.999924 0.000000 0.000000 0.000000 0.000000 1.000000
0.992874 -0.119073 -0.004708 0.000000 0.118994 0.992789 -0.014528 25.560801 0.006404 0.013864 0.999883 0.000000 0.000000 0.000000 0.000000 1.000000
0.987506 -0.157531 -0.004052 0.000000 0.157426 0.987344 -0.019220 25.560801 0.007029 0.018342 0.999807 0.000000 0.000000 0.000000 0.000000 1.000000
0.979374 -0.202031 -0.003060 0.000000 0.201896 0.979097 -0.024649 25.560801 0.007976 0.023523 0.999691 0.000000 0.000000 0.000000 0.000000 1.000000
0.968247 -0.249991 -0.001701 -0.000000 0.249825 0.967810 -0.030501 25.560801 0.009271 0.029108 0.999533 0.000000 0.000000 0.000000 0.000000 1.000000
0.945126 -0.326705 0.000106 0.000000 0.326460 0.944406 -0.039004 25.560801 0.012643 0.036899 0.999239 0.000000 0.000000 0.000000 0.000000 1.000000
0.914523 -0.404519 0.003478 0.000000 0.404202 0.913392 -0.048336 25.560801 0.016376 0.045610 0.998825 0.000000 0.000000 0.000000 0.000000 1.000000
0.875683 -0.482810 0.008552 0.000000 0.482444 0.873989 -0.058229 25.560801 0.020639 0.055116 0.998267 0.000000 0.000000 0.000000 0.000000 1.000000
0.827839 -0.560753 0.015441 0.000000 0.560381 0.825405 -0.068417 25.560801 0.025619 0.065291 0.997537 0.000000 0.000000 0.000000 0.000000 1.000000
0.750563 -0.660331 0.024876 0.000000 0.659892 0.747029 -0.080566 25.560801 0.034617 0.076885 0.996439 0.000000 0.000000 0.000000 0.000000 1.000000
0.676177 -0.735957 0.033958 0.000000 0.735467 0.671584 -0.089793 25.560801 0.043278 0.085691 0.995381 0.000000 0.000000 0.000000 0.000000 1.000000
0.603647 -0.796102 0.042813 -0.000000 0.795572 0.598022 -0.097131 25.560801 0.051723 0.092694 0.994350 -0.000000 0.000000 0.000000 0.000000 1.000000
0.559181 -0.827643 0.048204 0.000000 0.827091 0.552929 -0.100943 25.560801 0.056891 0.096314 0.993724 0.000000 0.000000 0.000000 0.000000 1.000000
0.527718 -0.847821 0.052083 0.000000 0.847258 0.521013 -0.103441 25.560801 0.060564 0.098716 0.993271 0.000000 0.000000 0.000000 0.000000 1.000000
0.534915 -0.843353 0.051204 0.000000 0.842792 0.528312 -0.102896 25.560801 0.059726 0.098195 0.993373 0.000000 0.000000 0.000000 0.000000 1.000000
0.566345 -0.822806 0.047367 -0.000000 0.822259 0.560189 -0.100390 25.560801 0.056067 0.095803 0.993820 0.000000 0.000000 0.000000 0.000000 1.000000
0.623507 -0.780774 0.040388 0.000000 0.780255 0.618165 -0.095261 25.560801 0.049411 0.090909 0.994633 0.000000 0.000000 0.000000 0.000000 1.000000
0.710026 -0.703544 0.029825 0.000000 0.703076 0.705915 -0.085838 25.560801 0.039337 0.081917 0.995863 0.000000 0.000000 0.000000 0.000000 1.000000
0.814314 -0.580173 0.017093 0.000000 0.579787 0.811687 -0.070786 25.560801 0.027194 0.067552 0.997345 0.000000 0.000000 0.000000 0.000000 1.000000
0.901941 -0.431812 0.006394 -0.000000 0.431525 0.900561 -0.052685 25.560801 0.016992 0.050278 0.998591 0.000000 0.000000 0.000000 0.000000 1.000000
0.947748 -0.319019 0.000802 0.000000 0.318806 0.947020 -0.038923 25.560801 0.011658 0.037145 0.999242 0.000000 0.000000 0.000000 0.000000 1.000000
0.971603 -0.236607 -0.002111 0.000000 0.236450 0.971215 -0.028868 25.560801 0.008880 0.027549 0.999581 -0.000000 0.000000 0.000000 0.000000 1.000000
0.981667 -0.190573 -0.003339 0.000000 0.190446 0.981422 -0.023251 25.560801 0.007708 0.022189 0.999724 0.000000 0.000000 0.000000 0.000000 1.000000</float_array>
        <technique_common>
          <accessor source="#mixamorig1_LeftForeArm-Matrix-animation-output-transform-array" count="32" stride="16">
            <param type="float4x4"/>
          </accessor>
        </technique_common>
      </source>
      <source id="mixamorig1_LeftForeArm-Interpolations">
        <Name_array id="mixamorig1_LeftForeArm-Interpolations-array" count="32">
 LINEAR LINEAR LINEAR LINEAR LINEAR LINEAR LINEAR LINEAR LINEAR LINEAR LINEAR
LINEAR LINEAR LINEAR LINEAR LINEAR LINEAR LINEAR LINEAR LINEAR LINEAR LINEAR LINEAR
LINEAR LINEAR LINEAR LINEAR LINEAR LINEAR LINEAR LINEAR LINEAR</Name_array>
        <technique_common>
          <accessor source="#mixamorig1_LeftForeArm-Interpolations-array" count="32">
            <param type="name"/>
          </accessor>
        </technique_common>
      </source>
      <sampler id="mixamorig1_LeftForeArm-Matrix-animation-transform">
        <input semantic="INPUT" source="#mixamorig1_LeftForeArm-Matrix-animation-input"/>
        <input semantic="OUTPUT" source="#mixamorig1_LeftForeArm-Matrix-animation-output-transform"/>
        <input semantic="INTERPOLATION" source="#mixamorig1_LeftForeArm-Interpolations"/>
      </sampler>
      <channel source="#mixamorig1_LeftForeArm-Matrix-animation-transform" target="mixamorig1_LeftForeArm/matrix"/>
    </animation>
    <animation id="mixamorig1_LeftHand-anim" name="mixamorig1_LeftHand">
      <source id="mixamorig1_LeftHand-Matrix-animation-input">
        <float_array id="mixamorig1_LeftHand-Matrix-animation-input-array" count="32">

0.000000 0.033333 0.066667 0.100000 0.133333 0.166667 0.200000 0.233333 0.266667 0.300000 0.333333 0.366667 0.400000 0.433333 0.466667 0.500000
0.533333 0.566667 0.600000 0.633333 0.666667 0.700000 0.733333 0.766667 0.800000 0.833333 0.866667 0.900000 0.933333 0.966667 1.000000 1.033333</float_array>
        <technique_common>
          <accessor source="#mixamorig1_LeftHand-Matrix-animation-input-array" count="32">
            <param name="TIME" type="float"/>
          </accessor>
        </technique_common>
      </source>
      <source id="mixamorig1_LeftHand-Matrix-animation-output-transform">
        <float_array id="mixamorig1_LeftHand-Matrix-animation-output-transform-array" count="512">

0.975779 0.177796 0.127455 -0.000000 -0.149271 0.967054 -0.206214 23.404100 -0.159920 0.182194 0.970171 -0.000000 0.000000 0.000000 0.000000 1.000000
0.978754 0.164869 0.121893 -0.000000 -0.128840 0.957006 -0.259883 23.404100 -0.159499 0.238657 0.957916 0.000000 0.000000 0.000000 0.000000 1.000000
0.982301 0.140269 0.124131 0.000000 -0.099799 0.952757 -0.286871 23.404100 -0.158505 0.269406 0.949893 0.000000 0.000000 0.000000 0.000000 1.000000
0.986850 0.111442 0.117084 0.000000 -0.072905 0.953353 -0.292922 23.404100 -0.144266 0.280534 0.948940 0.000000 0.000000 0.000000 0.000000 1.000000
0.989531 0.096125 0.107653 -0.000000 -0.059357 0.950970 -0.303534 23.404100 -0.131552 0.293967 0.946719 0.000000 0.000000 0.000000 0.000000 1.000000
0.988757 0.093508 0.116684 0.000000 -0.051791 0.946203 -0.319402 23.404100 -0.140273 0.309768 0.940408 -0.000000 0.000000 0.000000 0.000000 1.000000
0.982493 0.111066 0.149574 0.000000 -0.056245 0.942234 -0.330200 23.404100 -0.177608 0.316006 0.931985 -0.000000 0.000000 0.000000 0.000000 1.000000
0.968601 0.158925 0.191192 -0.000000 -0.094418 0.946539 -0.308461 23.404100 -0.229993 0.280724 0.931825 0.000000 0.000000 0.000000 0.000000 1.000000
0.948230 0.220702 0.228366 0.000000 -0.151216 0.946087 -0.286449 23.404100 -0.279274 0.237087 0.930482 0.000000 0.000000 0.000000 0.000000 1.000000
0.941593 0.240338 0.235882 -0.000000 -0.165541 0.940329 -0.297284 23.404100 -0.293255 0.240873 0.925193 -0.000000 0.000000 0.000000 0.000000 1.000000
0.955162 0.208514 0.210206 0.000000 -0.141913 0.945506 -0.293052 23.404100 -0.259857 0.250081 0.932702 0.000000 0.000000 0.000000 0.000000 1.000000
0.967696 0.189424 0.166385 0.000000 -0.138772 0.951156 -0.275762 23.404100 -0.210494 0.243764 0.946716 0.000000 0.000000 0.000000 0.000000 1.000000
0.970454 0.198722 0.136850 0.000000 -0.157002 0.950753 -0.267243 23.404100 -0.183218 0.237861 0.953862 0.000000 0.000000 0.000000 0.000000 1.000000
0.969098 0.207766 0.132976 -0.000000 -0.169974 0.953100 -0.250420 23.404100 -0.178768 0.220079 0.958962 -0.000000 0.000000 0.000000 0.000000 1.000000
0.969107 0.205757 0.135999 0.000000 -0.169142 0.955748 -0.240702 23.404100 -0.179507 0.210263 0.961024 0.000000 0.000000 0.000000 0.000000 1.000000
0.969260 0.202321 0.140005 0.000000 -0.166369 0.958172 -0.232868 23.404100 -0.181263 0.202417 0.962378 0.000000 0.000000 0.000000 0.000000 1.000000
0.969622 0.197674 0.144076 0.000000 -0.162808 0.961128 -0.222996 23.404100 -0.182556 0.192765 0.964114 0.000000 0.000000 0.000000 0.000000 1.000000
0.970275 0.192053 0.147250 0.000000 -0.159611 0.965201 -0.207148 23.404100 -0.181909 0.177488 0.967165 0.000000 0.000000 0.000000 0.000000 1.000000
0.973193 0.178573 0.144937 0.000000 -0.156835 0.976216 -0.149683 23.404100 -0.168219 0.122939 0.978053 0.000000 0.000000 0.000000 0.000000 1.000000
0.975511 0.157136 0.153901 -0.000000 -0.147115 0.986307 -0.074540 23.404100 -0.163507 0.050073 0.985271 0.000000 0.000000 0.000000 0.000000 1.000000
0.979202 0.142802 0.144120 0.000000 -0.149700 0.987995 0.038153 23.404100 -0.136941 -0.058935 0.988824 0.000000 0.000000 0.000000 0.000000 1.000000
0.986990 0.102742 0.123671 0.000000 -0.120647 0.981709 0.147283 23.404100 -0.106277 -0.160287 0.981332 0.000000 0.000000 0.000000 0.000000 1.000000
0.992947 0.064849 0.099250 -0.000000 -0.086968 0.967363 0.238004 23.404100 -0.080576 -0.244957 0.966180 0.000000 0.000000 0.000000 0.000000 1.000000
0.994446 0.037528 0.098327 0.000000 -0.061517 0.965316 0.253732 23.404100 -0.085394 -0.258372 0.962264 -0.000000 0.000000 0.000000 0.000000 1.000000
0.994856 0.027926 0.097377 -0.000000 -0.053455 0.961246 0.270458 23.404100 -0.086050 -0.274272 0.957794 0.000000 0.000000 0.000000 0.000000 1.000000
0.995897 0.019296 0.088409 0.000000 -0.045076 0.952944 0.299777 23.404100 -0.078465 -0.302532 0.949904 -0.000000 0.000000 0.000000 0.000000 1.000000
0.998328 0.021052 0.053829 0.000000 -0.037124 0.947362 0.318006 23.404100 -0.044301 -0.319472 0.946559 -0.000000 0.000000 0.000000 0.000000 1.000000
0.999436 0.029515 0.016008 0.000000 -0.032712 0.963414 0.266013 23.404100 -0.007571 -0.266387 0.963836 0.000000 0.000000 0.000000 0.000000 1.000000
0.998480 0.048113 0.026886 0.000000 -0.051158 0.990548 0.127267 23.404100 -0.020508 -0.128449 0.991504 0.000000 0.000000 0.000000 0.000000 1.000000
0.993637 0.089836 0.067932 0.000000 -0.089003 0.995915 -0.015195 23.404100 -0.069019 0.009053 0.997574 0.000000 0.000000 0.000000 0.000000 1.000000
0.984216 0.140390 0.107745 0.000000 -0.126155 0.983564 -0.129180 23.404100 -0.124110 0.113549 0.985750 0.000000 0.000000 0.000000 0.000000 1.000000
0.975779 0.177796 0.127454 -0.000000 -0.149271 0.967054 -0.206214 23.404100 -0.159919 0.182194 0.970171 -0.000000 0.000000 0.000000 0.000000 1.000000</float_array>
        <technique_common>
          <accessor source="#mixamorig1_LeftHand-Matrix-animation-output-transform-array" count="32" stride="16">
            <param type="float4x4"/>
          </accessor>
        </technique_common>
      </source>
      <source id="mixamorig1_LeftHand-Interpolations">
        <Name_array id="mixamorig1_LeftHand-Interpolations-array" count="32">
 LINEAR LINEAR LINEAR LINEAR LINEAR LINEAR LINEAR LINEAR LINEAR LINEAR LINEAR
LINEAR LINEAR LINEAR LINEAR LINEAR LINEAR LINEAR LINEAR LINEAR LINEAR LINEAR LINEAR
LINEAR LINEAR LINEAR LINEAR LINEAR LINEAR LINEAR LINEAR LINEAR</Name_array>
        <technique_common>
          <accessor source="#mixamorig1_LeftHand-Interpolations-array" count="32">
            <param type="name"/>
          </accessor>
        </technique_common>
      </source>
      <sampler id="mixamorig1_LeftHand-Matrix-animation-transform">
        <input semantic="INPUT" source="#mixamorig1_LeftHand-Matrix-animation-input"/>
        <input semantic="OUTPUT" source="#mixamorig1_LeftHand-Matrix-animation-output-transform"/>
        <input semantic="INTERPOLATION" source="#mixamorig1_LeftHand-Interpolations"/>
      </sampler>
      <channel source="#mixamorig1_LeftHand-Matrix-animation-transform" target="mixamorig1_LeftHand/matrix"/>
    </animation>
    <animation id="mixamorig1_LeftHandThumb1-anim" name="mixamorig1_LeftHandThumb1">
      <source id="mixamorig1_LeftHandThumb1-Matrix-animation-input">
        <float_array id="mixamorig1_LeftHandThumb1-Matrix-animation-input-array" count="32">

0.000000 0.033333 0.066667 0.100000 0.133333 0.166667 0.200000 0.233333 0.266667 0.300000 0.333333 0.366667 0.400000 0.433333 0.466667 0.500000
0.533333 0.566667 0.600000 0.633333 0.666667 0.700000 0.733333 0.766667 0.800000 0.833333 0.866667 0.900000 0.933333 0.966667 1.000000 1.033333</float_array>
        <technique_common>
          <accessor source="#mixamorig1_LeftHandThumb1-Matrix-animation-input-array" count="32">
            <param name="TIME" type="float"/>
          </accessor>
        </technique_common>
      </source>
      <source id="mixamorig1_LeftHandThumb1-Matrix-animation-output-transform">
        <float_array id="mixamorig1_LeftHandThumb1-Matrix-animation-output-transform-array" count="512">

0.894011 -0.336832 0.295447 -2.867700 0.403126 0.892498 -0.202330 3.935800 -0.195535 0.299988 0.933688 1.188300 0.000000 0.000000 0.000000 1.000000
0.894011 -0.336832 0.295447 -2.867700 0.403126 0.892498 -0.202330 3.935800 -0.195535 0.299988 0.933688 1.188300 0.000000 0.000000 0.000000 1.000000
0.894011 -0.336832 0.295447 -2.867700 0.403126 0.892498 -0.202330 3.935800 -0.195535 0.299987 0.933688 1.188300 0.000000 0.000000 0.000000 1.000000
0.894011 -0.336831 0.295447 -2.867700 0.403126 0.892498 -0.202330 3.935800 -0.195535 0.299988 0.933688 1.188300 0.000000 0.000000 0.000000 1.000000
0.894011 -0.336831 0.295448 -2.867700 0.403126 0.892498 -0.202330 3.935800 -0.195535 0.299987 0.933688 1.188300 0.000000 0.000000 0.000000 1.000000
0.894011 -0.336832 0.295447 -2.867700 0.403126 0.892498 -0.202330 3.935800 -0.195535 0.299988 0.933688 1.188300 0.000000 0.000000 0.000000 1.000000
0.894011 -0.336832 0.295447 -2.867700 0.403126 0.892498 -0.202330 3.935800 -0.195535 0.299987 0.933688 1.188300 0.000000 0.000000 0.000000 1.000000
0.894011 -0.336832 0.295447 -2.867700 0.403126 0.892498 -0.202330 3.935800 -0.195535 0.299987 0.933688 1.188300 0.000000 0.000000 0.000000 1.000000
0.894011 -0.336831 0.295447 -2.867700 0.403126 0.892498 -0.202330 3.935800 -0.195535 0.299987 0.933688 1.188300 0.000000 0.000000 0.000000 1.000000
0.894011 -0.336832 0.295447 -2.867700 0.403126 0.892498 -0.202330 3.935800 -0.195535 0.299987 0.933688 1.188300 0.000000 0.000000 0.000000 1.000000
0.894011 -0.336831 0.295447 -2.867700 0.403126 0.892498 -0.202330 3.935800 -0.195535 0.299987 0.933688 1.188300 0.000000 0.000000 0.000000 1.000000
0.894011 -0.336832 0.295447 -2.867700 0.403126 0.892498 -0.202330 3.935800 -0.195535 0.299987 0.933688 1.188300 0.000000 0.000000 0.000000 1.000000
0.894011 -0.336832 0.295447 -2.867700 0.403126 0.892498 -0.202330 3.935800 -0.195535 0.299987 0.933688 1.188300 0.000000 0.000000 0.000000 1.000000
0.894011 -0.336831 0.295447 -2.867700 0.403126 0.892498 -0.202330 3.935800 -0.195535 0.299988 0.933688 1.188300 0.000000 0.000000 0.000000 1.000000
0.894011 -0.336831 0.295447 -2.867700 0.403126 0.892498 -0.202330 3.935800 -0.195535 0.299988 0.933688 1.188300 0.000000 0.000000 0.000000 1.000000
0.894011 -0.336832 0.295447 -2.867700 0.403126 0.892498 -0.202330 3.935800 -0.195535 0.299988 0.933688 1.188300 0.000000 0.000000 0.000000 1.000000
0.894011 -0.336832 0.295447 -2.867700 0.403126 0.892498 -0.202330 3.935800 -0.195535 0.299987 0.933688 1.188300 0.000000 0.000000 0.000000 1.000000
0.894011 -0.336832 0.295447 -2.867700 0.403126 0.892498 -0.202330 3.935800 -0.195535 0.299987 0.933688 1.188300 0.000000 0.000000 0.000000 1.000000
0.894011 -0.336831 0.295447 -2.867700 0.403126 0.892498 -0.202330 3.935800 -0.195535 0.299987 0.933688 1.188300 0.000000 0.000000 0.000000 1.000000
0.894011 -0.336832 0.295447 -2.867700 0.403126 0.892498 -0.202330 3.935800 -0.195535 0.299987 0.933688 1.188300 0.000000 0.000000 0.000000 1.000000
0.894011 -0.336831 0.295447 -2.867700 0.403126 0.892498 -0.202330 3.935800 -0.195535 0.299987 0.933688 1.188300 0.000000 0.000000 0.000000 1.000000
0.894011 -0.336832 0.295447 -2.867700 0.403126 0.892498 -0.202330 3.935800 -0.195535 0.299987 0.933688 1.188300 0.000000 0.000000 0.000000 1.000000
0.894011 -0.336832 0.295447 -2.867700 0.403126 0.892498 -0.202330 3.935800 -0.195535 0.299987 0.933688 1.188300 0.000000 0.000000 0.000000 1.000000
0.894011 -0.336832 0.295447 -2.867700 0.403126 0.892498 -0.202330 3.935800 -0.195535 0.299988 0.933688 1.188300 0.000000 0.000000 0.000000 1.000000
0.894011 -0.336832 0.295447 -2.867700 0.403126 0.892498 -0.202330 3.935800 -0.195535 0.299987 0.933688 1.188300 0.000000 0.000000 0.000000 1.000000
0.894011 -0.336831 0.295447 -2.867700 0.403126 0.892498 -0.202330 3.935800 -0.195535 0.299988 0.933688 1.188300 0.000000 0.000000 0.000000 1.000000
0.894011 -0.336832 0.295447 -2.867700 0.403126 0.892498 -0.202330 3.935800 -0.195535 0.299988 0.933688 1.188300 0.000000 0.000000 0.000000 1.000000
0.894011 -0.336832 0.295447 -2.867700 0.403127 0.892497 -0.202330 3.935800 -0.195535 0.299988 0.933688 1.188300 0.000000 0.000000 0.000000 1.000000
0.894011 -0.336831 0.295447 -2.867700 0.403126 0.892498 -0.202329 3.935800 -0.195535 0.299987 0.933688 1.188300 0.000000 0.000000 0.000000 1.000000
0.894011 -0.336832 0.295447 -2.867700 0.403126 0.892498 -0.202330 3.935800 -0.195535 0.299988 0.933688 1.188300 0.000000 0.000000 0.000000 1.000000
0.894011 -0.336832 0.295447 -2.867700 0.403126 0.892498 -0.202329 3.935800 -0.195535 0.299987 0.933688 1.188300 0.000000 0.000000 0.000000 1.000000
0.894011 -0.336831 0.295447 -2.867700 0.403126 0.892498 -0.202330 3.935800 -0.195535 0.299988 0.933688 1.188300 0.000000 0.000000 0.000000 1.000000</float_array>
        <technique_common>
          <accessor source="#mixamorig1_LeftHandThumb1-Matrix-animation-output-transform-array" count="32" stride="16">
            <param type="float4x4"/>
          </accessor>
        </technique_common>
      </source>
      <source id="mixamorig1_LeftHandThumb1-Interpolations">
        <Name_array id="mixamorig1_LeftHandThumb1-Interpolations-array" count="32">
 LINEAR LINEAR LINEAR LINEAR LINEAR LINEAR LINEAR LINEAR LINEAR LINEAR LINEAR
LINEAR LINEAR LINEAR LINEAR LINEAR LINEAR LINEAR LINEAR LINEAR LINEAR LINEAR LINEAR
LINEAR LINEAR LINEAR LINEAR LINEAR LINEAR LINEAR LINEAR LINEAR</Name_array>
        <technique_common>
          <accessor source="#mixamorig1_LeftHandThumb1-Interpolations-array" count="32">
            <param type="name"/>
          </accessor>
        </technique_common>
      </source>
      <sampler id="mixamorig1_LeftHandThumb1-Matrix-animation-transform">
        <input semantic="INPUT" source="#mixamorig1_LeftHandThumb1-Matrix-animation-input"/>
        <input semantic="OUTPUT" source="#mixamorig1_LeftHandThumb1-Matrix-animation-output-transform"/>
        <input semantic="INTERPOLATION" source="#mixamorig1_LeftHandThumb1-Interpolations"/>
      </sampler>
      <channel source="#mixamorig1_LeftHandThumb1-Matrix-animation-transform" target="mixamorig1_LeftHandThumb1/matrix"/>
    </animation>
    <animation id="mixamorig1_LeftHandThumb2-anim" name="mixamorig1_LeftHandThumb2">
      <source id="mixamorig1_LeftHandThumb2-Matrix-animation-input">
        <float_array id="mixamorig1_LeftHandThumb2-Matrix-animation-input-array" count="32">

0.000000 0.033333 0.066667 0.100000 0.133333 0.166667 0.200000 0.233333 0.266667 0.300000 0.333333 0.366667 0.400000 0.433333 0.466667 0.500000
0.533333 0.566667 0.600000 0.633333 0.666667 0.700000 0.733333 0.766667 0.800000 0.833333 0.866667 0.900000 0.933333 0.966667 1.000000 1.033333</float_array>
        <technique_common>
          <accessor source="#mixamorig1_LeftHandThumb2-Matrix-animation-input-array" count="32">
            <param name="TIME" type="float"/>
          </accessor>
        </technique_common>
      </source>
      <source id="mixamorig1_LeftHandThumb2-Matrix-animation-output-transform">
        <float_array id="mixamorig1_LeftHandThumb2-Matrix-animation-output-transform-array" count="512">

0.991996 0.101868 0.074608 -0.405400 -0.106083 0.992841 0.054895 3.989600 -0.068482 -0.062370 0.995701 0.000000 0.000000 0.000000 0.000000 1.000000
0.993365 0.090923 0.070421 -0.405400 -0.095561 0.993262 0.065560 3.989600 -0.063985 -0.071854 0.995361 0.000000 0.000000 0.000000 0.000000 1.000000
0.993497 0.088426 0.071731 -0.405400 -0.093080 0.993576 0.064358 3.989600 -0.065579 -0.070616 0.995346 -0.000000 0.000000 0.000000 0.000000 1.000000
0.993560 0.082920 0.077215 -0.405400 -0.087647 0.994344 0.059987 3.989600 -0.071804 -0.066368 0.995208 -0.000000 0.000000 0.000000 0.000000 1.000000
0.990884 0.086111 0.103604 -0.405400 -0.090499 0.995155 0.038422 3.989600 -0.099793 -0.047448 0.993876 0.000000 0.000000 0.000000 0.000000 1.000000
0.990052 0.075772 0.118560 -0.405400 -0.078606 0.996717 0.019400 3.989600 -0.116701 -0.028527 0.992757 0.000000 0.000000 0.000000 0.000000 1.000000
0.990323 0.080134 0.113309 -0.405400 -0.082494 0.996458 0.016294 3.989600 -0.111602 -0.025483 0.993426 0.000000 0.000000 0.000000 0.000000 1.000000
0.990344 0.090531 0.104992 -0.405400 -0.092615 0.995587 0.015136 3.989600 -0.103159 -0.024714 0.994358 0.000000 0.000000 0.000000 0.000000 1.000000
0.989919 0.105222 0.094813 -0.405400 -0.107179 0.994115 0.015774 3.989600 -0.092595 -0.025777 0.995370 -0.000000 0.000000 0.000000 0.000000 1.000000
0.989270 0.119434 0.084148 -0.405400 -0.121110 0.992524 0.015082 3.989600 -0.081718 -0.025112 0.996339 0.000000 0.000000 0.000000 0.000000 1.000000
0.986352 0.150487 0.066814 -0.405400 -0.152259 0.988090 0.022246 3.989600 -0.062671 -0.032116 0.997517 0.000000 0.000000 0.000000 0.000000 1.000000
0.978627 0.200791 0.044407 -0.405400 -0.202632 0.978364 0.041767 3.989600 -0.035060 -0.049872 0.998140 -0.000000 0.000000 0.000000 0.000000 1.000000
0.972928 0.228777 0.032744 -0.405400 -0.230279 0.971651 0.053543 3.989600 -0.019566 -0.059634 0.998029 0.000000 0.000000 0.000000 0.000000 1.000000
0.973154 0.227857 0.032453 -0.405400 -0.229315 0.971955 0.052126 3.989600 -0.019665 -0.058168 0.998113 0.000000 0.000000 0.000000 0.000000 1.000000
0.978700 0.203721 0.025389 -0.405400 -0.204882 0.977085 0.057698 3.989600 -0.013053 -0.061671 0.998011 -0.000000 0.000000 0.000000 0.000000 1.000000
0.984254 0.175940 0.017033 -0.405400 -0.176678 0.982185 0.064012 3.989600 -0.005467 -0.066013 0.997804 0.000000 0.000000 0.000000 0.000000 1.000000
0.989015 0.147603 0.007969 -0.405400 -0.147797 0.986514 0.070328 3.989600 0.002519 -0.070733 0.997492 0.000000 0.000000 0.000000 0.000000 1.000000
0.992550 0.121831 -0.001070 -0.405400 -0.121398 0.989690 0.076007 3.989600 0.010319 -0.075311 0.997107 0.000000 0.000000 0.000000 0.000000 1.000000
0.993796 0.110861 -0.008902 -0.405400 -0.109797 0.990706 0.080292 3.989600 0.017721 -0.078816 0.996732 0.000000 0.000000 0.000000 0.000000 1.000000
0.995253 0.095786 -0.017197 -0.405400 -0.094038 0.992068 0.083409 3.989600 0.025050 -0.081396 0.996367 0.000000 0.000000 0.000000 0.000000 1.000000
0.996918 0.073006 -0.028716 -0.405400 -0.070115 0.993351 0.091308 3.989600 0.035191 -0.089014 0.995409 0.000000 0.000000 0.000000 0.000000 1.000000
0.997689 0.061399 -0.029087 -0.405400 -0.058551 0.994190 0.090323 3.989600 0.034464 -0.088411 0.995488 0.000000 0.000000 0.000000 0.000000 1.000000
0.997820 0.060857 -0.025508 -0.405400 -0.058476 0.994621 0.085500 3.989600 0.030574 -0.083822 0.996012 0.000000 0.000000 0.000000 0.000000 1.000000
0.994399 0.104682 -0.014578 -0.405400 -0.103430 0.992198 0.069602 3.989600 0.021750 -0.067705 0.997468 0.000000 0.000000 0.000000 0.000000 1.000000
0.988130 0.153474 -0.006666 -0.405400 -0.152589 0.985599 0.072873 3.989600 0.017754 -0.070991 0.997319 0.000000 0.000000 0.000000 0.000000 1.000000
0.982475 0.186306 0.005744 -0.405400 -0.186255 0.980077 0.068984 3.989600 0.007222 -0.068845 0.997601 0.000000 0.000000 0.000000 0.000000 1.000000
0.981748 0.188902 0.022059 -0.405400 -0.189875 0.980153 0.056979 3.989600 -0.010858 -0.060127 0.998132 0.000000 0.000000 0.000000 0.000000 1.000000
0.984313 0.174013 0.029125 -0.405400 -0.175313 0.983218 0.050479 3.989600 -0.019852 -0.054793 0.998300 0.000000 0.000000 0.000000 0.000000 1.000000
0.986461 0.160455 0.033892 -0.405400 -0.161977 0.985610 0.048326 3.989600 -0.025650 -0.053161 0.998256 0.000000 0.000000 0.000000 0.000000 1.000000
0.988977 0.142051 0.041789 -0.405400 -0.143881 0.988588 0.044636 3.989600 -0.034971 -0.050156 0.998129 -0.000000 0.000000 0.000000 0.000000 1.000000
0.991362 0.117504 0.058264 -0.405400 -0.120242 0.991680 0.045952 3.989600 -0.052380 -0.052560 0.997243 0.000000 0.000000 0.000000 0.000000 1.000000
0.991996 0.101868 0.074608 -0.405400 -0.106083 0.992841 0.054895 3.989600 -0.068482 -0.062370 0.995701 0.000000 0.000000 0.000000 0.000000 1.000000</float_array>
        <technique_common>
          <accessor source="#mixamorig1_LeftHandThumb2-Matrix-animation-output-transform-array" count="32" stride="16">
            <param type="float4x4"/>
          </accessor>
        </technique_common>
      </source>
      <source id="mixamorig1_LeftHandThumb2-Interpolations">
        <Name_array id="mixamorig1_LeftHandThumb2-Interpolations-array" count="32">
 LINEAR LINEAR LINEAR LINEAR LINEAR LINEAR LINEAR LINEAR LINEAR LINEAR LINEAR
LINEAR LINEAR LINEAR LINEAR LINEAR LINEAR LINEAR LINEAR LINEAR LINEAR LINEAR LINEAR
LINEAR LINEAR LINEAR LINEAR LINEAR LINEAR LINEAR LINEAR LINEAR</Name_array>
        <technique_common>
          <accessor source="#mixamorig1_LeftHandThumb2-Interpolations-array" count="32">
            <param type="name"/>
          </accessor>
        </technique_common>
      </source>
      <sampler id="mixamorig1_LeftHandThumb2-Matrix-animation-transform">
        <input semantic="INPUT" source="#mixamorig1_LeftHandThumb2-Matrix-animation-input"/>
        <input semantic="OUTPUT" source="#mixamorig1_LeftHandThumb2-Matrix-animation-output-transform"/>
        <input semantic="INTERPOLATION" source="#mixamorig1_LeftHandThumb2-Interpolations"/>
      </sampler>
      <channel source="#mixamorig1_LeftHandThumb2-Matrix-animation-transform" target="mixamorig1_LeftHandThumb2/matrix"/>
    </animation>
    <animation id="mixamorig1_LeftHandThumb3-anim" name="mixamorig1_LeftHandThumb3">
      <source id="mixamorig1_LeftHandThumb3-Matrix-animation-input">
        <float_array id="mixamorig1_LeftHandThumb3-Matrix-animation-input-array" count="32">

0.000000 0.033333 0.066667 0.100000 0.133333 0.166667 0.200000 0.233333 0.266667 0.300000 0.333333 0.366667 0.400000 0.433333 0.466667 0.500000
0.533333 0.566667 0.600000 0.633333 0.666667 0.700000 0.733333 0.766667 0.800000 0.833333 0.866667 0.900000 0.933333 0.966667 1.000000 1.033333</float_array>
        <technique_common>
          <accessor source="#mixamorig1_LeftHandThumb3-Matrix-animation-input-array" count="32">
            <param name="TIME" type="float"/>
          </accessor>
        </technique_common>
      </source>
      <source id="mixamorig1_LeftHandThumb3-Matrix-animation-output-transform">
        <float_array id="mixamorig1_LeftHandThumb3-Matrix-animation-output-transform-array" count="512">

0.946745 -0.238838 0.215941 -0.037300 0.164695 0.935492 0.312619 3.599900 -0.276676 -0.260406 0.925008 0.000000 0.000000 0.000000 0.000000 1.000000
0.948299 -0.233417 0.215046 -0.037300 0.159976 0.936744 0.311316 3.599900 -0.274109 -0.260819 0.925655 -0.000000 0.000000 0.000000 0.000000 1.000000
0.948307 -0.233450 0.214977 -0.037300 0.160072 0.936779 0.311163 3.599900 -0.274027 -0.260666 0.925723 -0.000000 0.000000 0.000000 0.000000 1.000000
0.948066 -0.234481 0.214918 -0.037300 0.161182 0.936673 0.310909 3.599900 -0.274210 -0.260121 0.925822 0.000000 0.000000 0.000000 0.000000 1.000000
0.944563 -0.246774 0.216573 -0.037300 0.172241 0.933995 0.313028 3.599900 -0.279525 -0.258372 0.924721 0.000000 0.000000 0.000000 0.000000 1.000000
0.932801 -0.286088 0.219172 -0.037300 0.210299 0.925963 0.313636 3.599900 -0.292672 -0.246468 0.923903 -0.000000 0.000000 0.000000 0.000000 1.000000
0.927650 -0.301317 0.220620 -0.037300 0.224700 0.922204 0.314721 3.599900 -0.298287 -0.242378 0.923189 0.000000 0.000000 0.000000 0.000000 1.000000
0.928461 -0.298824 0.220600 -0.037300 0.222129 0.922724 0.315023 3.599900 -0.297689 -0.243485 0.923090 0.000000 0.000000 0.000000 0.000000 1.000000
0.932071 -0.287728 0.220130 -0.037300 0.211076 0.925149 0.315510 3.599900 -0.294434 -0.247613 0.923037 0.000000 0.000000 0.000000 0.000000 1.000000
0.935970 -0.275246 0.219544 -0.037300 0.198731 0.927748 0.315893 3.599900 -0.290630 -0.252036 0.923045 0.000000 0.000000 0.000000 0.000000 1.000000
0.935421 -0.275379 0.221707 -0.037300 0.196780 0.926548 0.320604 3.599900 -0.293710 -0.256273 0.920901 0.000000 0.000000 0.000000 0.000000 1.000000
0.930890 -0.286137 0.227088 -0.037300 0.202565 0.921653 0.330942 3.599900 -0.303991 -0.262071 0.915919 0.000000 0.000000 0.000000 0.000000 1.000000
0.930033 -0.287228 0.229214 -0.037300 0.201534 0.920251 0.335444 3.599900 -0.307283 -0.265780 0.913749 -0.000000 0.000000 0.000000 0.000000 1.000000
0.935680 -0.271221 0.225703 -0.037300 0.188550 0.924999 0.329888 3.599900 -0.298248 -0.266113 0.916642 0.000000 0.000000 0.000000 0.000000 1.000000
0.940598 -0.256533 0.222409 -0.037300 0.176858 0.929375 0.324013 3.599900 -0.289822 -0.265431 0.919538 0.000000 0.000000 0.000000 0.000000 1.000000
0.945286 -0.241834 0.218977 -0.037300 0.165138 0.933554 0.318129 3.599900 -0.281361 -0.264561 0.922412 -0.000000 0.000000 0.000000 0.000000 1.000000
0.949601 -0.227592 0.215548 -0.037300 0.153720 0.937383 0.312543 3.599900 -0.273183 -0.263657 0.925125 0.000000 0.000000 0.000000 0.000000 1.000000
0.953426 -0.214273 0.212287 -0.037300 0.142943 0.940735 0.307548 3.599900 -0.265605 -0.262879 0.927550 0.000000 0.000000 0.000000 0.000000 1.000000
0.955056 -0.208036 0.211160 -0.037300 0.137596 0.942094 0.305820 3.599900 -0.262554 -0.263021 0.928378 0.000000 0.000000 0.000000 0.000000 1.000000
0.957001 -0.200466 0.209672 -0.037300 0.131207 0.943766 0.303466 3.599900 -0.258716 -0.262907 0.929487 0.000000 0.000000 0.000000 0.000000 1.000000
0.959745 -0.189128 0.207653 -0.037300 0.121438 0.946056 0.300384 3.599900 -0.253262 -0.263075 0.930940 -0.000000 0.000000 0.000000 0.000000 1.000000
0.960601 -0.185628 0.206853 -0.037300 0.118549 0.946818 0.299134 3.599900 -0.251380 -0.262826 0.931521 0.000000 0.000000 0.000000 0.000000 1.000000
0.960395 -0.186655 0.206883 -0.037300 0.119555 0.946693 0.299129 3.599900 -0.251689 -0.262549 0.931515 0.000000 0.000000 0.000000 0.000000 1.000000
0.956567 -0.202438 0.209760 -0.037300 0.133078 0.943447 0.303642 3.599900 -0.259366 -0.262539 0.929410 0.000000 0.000000 0.000000 0.000000 1.000000
0.952450 -0.216980 0.213910 -0.037300 0.144167 0.939417 0.310985 3.599900 -0.268429 -0.265359 0.926029 0.000000 0.000000 0.000000 0.000000 1.000000
0.948437 -0.230427 0.217648 -0.037300 0.154457 0.935605 0.317468 3.599900 -0.276786 -0.267481 0.922954 0.000000 0.000000 0.000000 0.000000 1.000000
0.946201 -0.238067 0.219154 -0.037300 0.160871 0.933742 0.319759 3.599900 -0.280757 -0.267300 0.921806 0.000000 0.000000 0.000000 0.000000 1.000000
0.941564 -0.254266 0.220919 -0.037300 0.175799 0.930414 0.321598 3.599900 -0.287318 -0.263968 0.920744 -0.000000 0.000000 0.000000 0.000000 1.000000
0.936291 -0.271580 0.222721 -0.037300 0.191868 0.926634 0.323321 3.599900 -0.294188 -0.259989 0.919706 0.000000 0.000000 0.000000 0.000000 1.000000
0.935197 -0.276037 0.221836 -0.037300 0.197332 0.926362 0.320801 3.599900 -0.294053 -0.256237 0.920801 -0.000000 0.000000 0.000000 0.000000 1.000000
0.940230 -0.261386 0.218278 -0.037300 0.185651 0.930784 0.314919 3.599900 -0.285485 -0.255573 0.923678 0.000000 0.000000 0.000000 0.000000 1.000000
0.946745 -0.238838 0.215941 -0.037300 0.164695 0.935492 0.312618 3.599900 -0.276676 -0.260406 0.925008 0.000000 0.000000 0.000000 0.000000 1.000000</float_array>
        <technique_common>
          <accessor source="#mixamorig1_LeftHandThumb3-Matrix-animation-output-transform-array" count="32" stride="16">
            <param type="float4x4"/>
          </accessor>
        </technique_common>
      </source>
      <source id="mixamorig1_LeftHandThumb3-Interpolations">
        <Name_array id="mixamorig1_LeftHandThumb3-Interpolations-array" count="32">
 LINEAR LINEAR LINEAR LINEAR LINEAR LINEAR LINEAR LINEAR LINEAR LINEAR LINEAR
LINEAR LINEAR LINEAR LINEAR LINEAR LINEAR LINEAR LINEAR LINEAR LINEAR LINEAR LINEAR
LINEAR LINEAR LINEAR LINEAR LINEAR LINEAR LINEAR LINEAR LINEAR</Name_array>
        <technique_common>
          <accessor source="#mixamorig1_LeftHandThumb3-Interpolations-array" count="32">
            <param type="name"/>
          </accessor>
        </technique_common>
      </source>
      <sampler id="mixamorig1_LeftHandThumb3-Matrix-animation-transform">
        <input semantic="INPUT" source="#mixamorig1_LeftHandThumb3-Matrix-animation-input"/>
        <input semantic="OUTPUT" source="#mixamorig1_LeftHandThumb3-Matrix-animation-output-transform"/>
        <input semantic="INTERPOLATION" source="#mixamorig1_LeftHandThumb3-Interpolations"/>
      </sampler>
      <channel source="#mixamorig1_LeftHandThumb3-Matrix-animation-transform" target="mixamorig1_LeftHandThumb3/matrix"/>
    </animation>
    <animation id="mixamorig1_LeftHandIndex1-anim" name="mixamorig1_LeftHandIndex1">
      <source id="mixamorig1_LeftHandIndex1-Matrix-animation-input">
        <float_array id="mixamorig1_LeftHandIndex1-Matrix-animation-input-array" count="32">

0.000000 0.033333 0.066667 0.100000 0.133333 0.166667 0.200000 0.233333 0.266667 0.300000 0.333333 0.366667 0.400000 0.433333 0.466667 0.500000
0.533333 0.566667 0.600000 0.633333 0.666667 0.700000 0.733333 0.766667 0.800000 0.833333 0.866667 0.900000 0.933333 0.966667 1.000000 1.033333</float_array>
        <technique_common>
          <accessor source="#mixamorig1_LeftHandIndex1-Matrix-animation-input-array" count="32">
            <param name="TIME" type="float"/>
          </accessor>
        </technique_common>
      </source>
      <source id="mixamorig1_LeftHandIndex1-Matrix-animation-output-transform">
        <float_array id="mixamorig1_LeftHandIndex1-Matrix-animation-output-transform-array" count="512">

0.987609 -0.156768 0.007213 -3.484200 0.152435 0.947359 -0.281556 11.757900 0.037306 0.279167 0.959518 0.113100 0.000000 0.000000 0.000000 1.000000
0.985490 -0.169571 0.007445 -3.484200 0.165450 0.949896 -0.265185 11.757900 0.037895 0.262569 0.964169 0.113100 0.000000 0.000000 0.000000 1.000000
0.985705 -0.168315 0.007407 -3.484200 0.164330 0.950813 -0.262583 11.757900 0.037154 0.260047 0.964881 0.113100 0.000000 0.000000 0.000000 1.000000
0.985949 -0.166883 0.007363 -3.484200 0.163050 0.951847 -0.259618 11.757900 0.036317 0.257171 0.965683 0.113100 0.000000 0.000000 0.000000 1.000000
0.987376 -0.158225 0.007239 -3.484200 0.153968 0.948074 -0.278296 11.757900 0.037171 0.275898 0.960468 0.113100 0.000000 0.000000 0.000000 1.000000
0.992448 -0.122247 0.010125 -3.484200 0.118392 0.933003 -0.339837 11.757900 0.032097 0.338469 0.940430 0.113100 0.000000 0.000000 0.000000 1.000000
0.994807 -0.101066 0.012040 -3.484200 0.098468 0.925732 -0.365135 11.757900 0.025757 0.364424 0.930877 0.113100 0.000000 0.000000 0.000000 1.000000
0.995208 -0.096981 0.012502 -3.484200 0.094782 0.925298 -0.367206 11.757900 0.024044 0.366631 0.930056 0.113100 0.000000 0.000000 0.000000 1.000000
0.995440 -0.094536 0.012757 -3.484200 0.092556 0.924789 -0.369050 11.757900 0.023091 0.368548 0.929322 0.113100 0.000000 0.000000 0.000000 1.000000
0.996115 -0.087022 0.013511 -3.484200 0.085715 0.922860 -0.375475 11.757900 0.020206 0.375175 0.926734 0.113100 0.000000 0.000000 0.000000 1.000000
0.996894 -0.077330 0.014895 -3.484200 0.077299 0.924674 -0.372831 11.757900 0.015058 0.372824 0.927780 0.113100 0.000000 0.000000 0.000000 1.000000
0.997150 -0.073749 0.015896 -3.484200 0.074542 0.930669 -0.358187 11.757900 0.011622 0.358351 0.933515 0.113100 0.000000 0.000000 0.000000 1.000000
0.996872 -0.077406 0.015963 -3.484200 0.078198 0.936684 -0.341334 11.757900 0.011469 0.341514 0.939807 0.113100 0.000000 0.000000 0.000000 1.000000
0.996184 -0.085979 0.015019 -3.484200 0.086035 0.938331 -0.334863 11.757900 0.014699 0.334877 0.942147 0.113100 0.000000 0.000000 0.000000 1.000000
0.995327 -0.095571 0.013826 -3.484200 0.094704 0.938090 -0.333193 11.757900 0.018874 0.332946 0.942757 0.113100 0.000000 0.000000 0.000000 1.000000
0.994342 -0.105484 0.012567 -3.484200 0.103652 0.937507 -0.332170 11.757900 0.023257 0.331593 0.943136 0.113100 0.000000 0.000000 0.000000 1.000000
0.993307 -0.114944 0.011345 -3.484200 0.112183 0.936709 -0.331649 11.757900 0.027494 0.330702 0.943335 0.113100 0.000000 0.000000 0.000000 1.000000
0.992331 -0.123186 0.010260 -3.484200 0.119603 0.935853 -0.331472 11.757900 0.031231 0.330157 0.943409 0.113100 0.000000 0.000000 0.000000 1.000000
0.992358 -0.122971 0.010221 -3.484200 0.119295 0.934914 -0.334222 11.757900 0.031544 0.332887 0.942439 0.113100 0.000000 0.000000 0.000000 1.000000
0.992354 -0.122986 0.010430 -3.484200 0.119594 0.937192 -0.327671 11.757900 0.030524 0.326413 0.944734 0.113100 0.000000 0.000000 0.000000 1.000000
0.991725 -0.127970 0.010288 -3.484200 0.124841 0.942566 -0.309813 11.757900 0.029950 0.308533 0.950742 0.113100 0.000000 0.000000 0.000000 1.000000
0.991564 -0.129214 0.010239 -3.484200 0.126182 0.944184 -0.304293 11.757900 0.029651 0.303018 0.952523 0.113100 0.000000 0.000000 0.000000 1.000000
0.991853 -0.126947 0.010551 -3.484200 0.124017 0.943389 -0.307631 11.757900 0.029099 0.306433 0.951447 0.113100 0.000000 0.000000 0.000000 1.000000
0.993762 -0.110896 0.011784 -3.484200 0.108201 0.933200 -0.342681 11.757900 0.027005 0.341818 0.939378 0.113100 0.000000 0.000000 0.000000 1.000000
0.994133 -0.107468 0.012251 -3.484200 0.105073 0.932620 -0.345223 11.757900 0.025675 0.344485 0.938441 0.113100 0.000000 0.000000 0.000000 1.000000
0.994817 -0.100803 0.013371 -3.484200 0.099268 0.934232 -0.342573 11.757900 0.022041 0.342125 0.939396 0.113100 0.000000 0.000000 0.000000 1.000000
0.995213 -0.096690 0.014223 -3.484200 0.095802 0.936421 -0.337546 11.757900 0.019319 0.337293 0.941202 0.113100 0.000000 0.000000 0.000000 1.000000
0.995386 -0.094871 0.014328 -3.484200 0.093974 0.933866 -0.345054 11.757900 0.019355 0.344809 0.938473 0.113100 0.000000 0.000000 0.000000 1.000000
0.995285 -0.096023 0.013660 -3.484200 0.094461 0.927723 -0.361118 11.757900 0.022003 0.360706 0.932420 0.113100 0.000000 0.000000 0.000000 1.000000
0.994971 -0.099309 0.013027 -3.484200 0.097157 0.925345 -0.366465 11.757900 0.024338 0.365888 0.930341 0.113100 0.000000 0.000000 0.000000 1.000000
0.992436 -0.122298 0.010721 -3.484200 0.118761 0.934263 -0.336228 11.757900 0.031104 0.334957 0.941720 0.113100 0.000000 0.000000 0.000000 1.000000
0.987609 -0.156768 0.007213 -3.484200 0.152435 0.947359 -0.281556 11.757900 0.037306 0.279167 0.959518 0.113100 0.000000 0.000000 0.000000 1.000000</float_array>
        <technique_common>
          <accessor source="#mixamorig1_LeftHandIndex1-Matrix-animation-output-transform-array" count="32" stride="16">
            <param type="float4x4"/>
          </accessor>
        </technique_common>
      </source>
      <source id="mixamorig1_LeftHandIndex1-Interpolations">
        <Name_array id="mixamorig1_LeftHandIndex1-Interpolations-array" count="32">
 LINEAR LINEAR LINEAR LINEAR LINEAR LINEAR LINEAR LINEAR LINEAR LINEAR LINEAR
LINEAR LINEAR LINEAR LINEAR LINEAR LINEAR LINEAR LINEAR LINEAR LINEAR LINEAR LINEAR
LINEAR LINEAR LINEAR LINEAR LINEAR LINEAR LINEAR LINEAR LINEAR</Name_array>
        <technique_common>
          <accessor source="#mixamorig1_LeftHandIndex1-Interpolations-array" count="32">
            <param type="name"/>
          </accessor>
        </technique_common>
      </source>
      <sampler id="mixamorig1_LeftHandIndex1-Matrix-animation-transform">
        <input semantic="INPUT" source="#mixamorig1_LeftHandIndex1-Matrix-animation-input"/>
        <input semantic="OUTPUT" source="#mixamorig1_LeftHandIndex1-Matrix-animation-output-transform"/>
        <input semantic="INTERPOLATION" source="#mixamorig1_LeftHandIndex1-Interpolations"/>
      </sampler>
      <channel source="#mixamorig1_LeftHandIndex1-Matrix-animation-transform" target="mixamorig1_LeftHandIndex1/matrix"/>
    </animation>
    <animation id="mixamorig1_LeftHandIndex2-anim" name="mixamorig1_LeftHandIndex2">
      <source id="mixamorig1_LeftHandIndex2-Matrix-animation-input">
        <float_array id="mixamorig1_LeftHandIndex2-Matrix-animation-input-array" count="32">

0.000000 0.033333 0.066667 0.100000 0.133333 0.166667 0.200000 0.233333 0.266667 0.300000 0.333333 0.366667 0.400000 0.433333 0.466667 0.500000
0.533333 0.566667 0.600000 0.633333 0.666667 0.700000 0.733333 0.766667 0.800000 0.833333 0.866667 0.900000 0.933333 0.966667 1.000000 1.033333</float_array>
        <technique_common>
          <accessor source="#mixamorig1_LeftHandIndex2-Matrix-animation-input-array" count="32">
            <param name="TIME" type="float"/>
          </accessor>
        </technique_common>
      </source>
      <source id="mixamorig1_LeftHandIndex2-Matrix-animation-output-transform">
        <float_array id="mixamorig1_LeftHandIndex2-Matrix-animation-output-transform-array" count="512">

0.998996 0.044378 -0.006198 0.023100 -0.044466 0.964764 -0.259333 3.298400 -0.005529 0.259348 0.965768 -0.000000 0.000000 0.000000 0.000000 1.000000
0.998994 0.044406 -0.006207 0.023100 -0.044495 0.964705 -0.259545 3.298400 -0.005537 0.259560 0.965711 -0.000000 0.000000 0.000000 0.000000 1.000000
0.998993 0.044436 -0.006217 0.023100 -0.044525 0.964644 -0.259767 3.298400 -0.005546 0.259782 0.965651 -0.000000 0.000000 0.000000 0.000000 1.000000
0.998993 0.044435 -0.006217 0.023100 -0.044524 0.964645 -0.259763 3.298400 -0.005546 0.259779 0.965652 0.000000 0.000000 0.000000 0.000000 1.000000
0.998990 0.044500 -0.006238 0.023100 -0.044590 0.964513 -0.260244 3.298400 -0.005565 0.260260 0.965523 0.000000 0.000000 0.000000 0.000000 1.000000
0.998984 0.044620 -0.006277 0.023100 -0.044710 0.964267 -0.261132 3.298400 -0.005599 0.261147 0.965283 0.000000 0.000000 0.000000 0.000000 1.000000
0.998984 0.044630 -0.006280 0.023100 -0.044720 0.964247 -0.261204 3.298400 -0.005602 0.261220 0.965263 -0.000000 0.000000 0.000000 0.000000 1.000000
0.998986 0.044582 -0.006264 0.023100 -0.044671 0.964346 -0.260849 3.298400 -0.005588 0.260864 0.965359 0.000000 0.000000 0.000000 0.000000 1.000000
0.998988 0.044533 -0.006248 0.023100 -0.044622 0.964446 -0.260485 3.298400 -0.005574 0.260500 0.965458 -0.000000 0.000000 0.000000 0.000000 1.000000
0.998995 0.044396 -0.006204 0.023100 -0.044484 0.964726 -0.259470 3.298400 -0.005534 0.259485 0.965731 -0.000000 0.000000 0.000000 0.000000 1.000000
0.999004 0.044204 -0.006141 0.023100 -0.044291 0.965119 -0.258039 3.298400 -0.005479 0.258053 0.966115 0.000000 0.000000 0.000000 0.000000 1.000000
0.999010 0.044064 -0.006096 0.023100 -0.044150 0.965401 -0.257004 3.298400 -0.005439 0.257019 0.966391 -0.000000 0.000000 0.000000 0.000000 1.000000
0.999010 0.044073 -0.006099 0.023100 -0.044159 0.965383 -0.257071 3.298400 -0.005442 0.257086 0.966373 0.000000 0.000000 0.000000 0.000000 1.000000
0.999010 0.044070 -0.006098 0.023100 -0.044156 0.965389 -0.257049 3.298400 -0.005441 0.257064 0.966379 0.000000 0.000000 0.000000 0.000000 1.000000
0.999008 0.044106 -0.006110 0.023100 -0.044192 0.965317 -0.257312 3.298400 -0.005451 0.257327 0.966309 0.000000 0.000000 0.000000 0.000000 1.000000
0.999006 0.044148 -0.006123 0.023100 -0.044234 0.965232 -0.257624 3.298400 -0.005463 0.257639 0.966226 -0.000000 0.000000 0.000000 0.000000 1.000000
0.999004 0.044188 -0.006137 0.023100 -0.044275 0.965149 -0.257927 3.298400 -0.005475 0.257942 0.966145 0.000000 0.000000 0.000000 0.000000 1.000000
0.999003 0.044220 -0.006147 0.023100 -0.044307 0.965085 -0.258163 3.298400 -0.005484 0.258178 0.966082 0.000000 0.000000 0.000000 0.000000 1.000000
0.999004 0.044193 -0.006138 0.023100 -0.044280 0.965141 -0.257960 3.298400 -0.005476 0.257974 0.966136 0.000000 0.000000 0.000000 0.000000 1.000000
0.999004 0.044204 -0.006141 0.023100 -0.044291 0.965118 -0.258041 3.298400 -0.005479 0.258056 0.966115 0.000000 0.000000 0.000000 0.000000 1.000000
0.999008 0.044119 -0.006114 0.023100 -0.044206 0.965290 -0.257413 3.298400 -0.005455 0.257428 0.966282 0.000000 0.000000 0.000000 0.000000 1.000000
0.999009 0.044092 -0.006105 0.023100 -0.044178 0.965345 -0.257210 3.298400 -0.005447 0.257224 0.966336 0.000000 0.000000 0.000000 0.000000 1.000000
0.999009 0.044083 -0.006102 0.023100 -0.044169 0.965364 -0.257141 3.298400 -0.005444 0.257156 0.966354 0.000000 0.000000 0.000000 0.000000 1.000000
0.999008 0.044107 -0.006110 0.023100 -0.044194 0.965313 -0.257326 3.298400 -0.005452 0.257341 0.966305 0.000000 0.000000 0.000000 0.000000 1.000000
0.999010 0.044072 -0.006099 0.023100 -0.044158 0.965386 -0.257060 3.298400 -0.005441 0.257075 0.966376 0.000000 0.000000 0.000000 0.000000 1.000000
0.999012 0.044013 -0.006080 0.023100 -0.044099 0.965505 -0.256624 3.298400 -0.005425 0.256638 0.966492 0.000000 0.000000 0.000000 0.000000 1.000000
0.999014 0.043982 -0.006070 0.023100 -0.044067 0.965568 -0.256393 3.298400 -0.005416 0.256408 0.966554 0.000000 0.000000 0.000000 0.000000 1.000000
0.999014 0.043986 -0.006071 0.023100 -0.044071 0.965560 -0.256420 3.298400 -0.005417 0.256434 0.966546 0.000000 0.000000 0.000000 0.000000 1.000000
0.999010 0.044069 -0.006098 0.023100 -0.044155 0.965391 -0.257041 3.298400 -0.005441 0.257055 0.966381 -0.000000 0.000000 0.000000 0.000000 1.000000
0.999003 0.044208 -0.006143 0.023100 -0.044296 0.965109 -0.258076 3.298400 -0.005480 0.258091 0.966105 0.000000 0.000000 0.000000 0.000000 1.000000
0.998998 0.044322 -0.006180 0.023100 -0.044410 0.964876 -0.258923 3.298400 -0.005513 0.258938 0.965878 0.000000 0.000000 0.000000 0.000000 1.000000
0.998996 0.044378 -0.006198 0.023100 -0.044466 0.964764 -0.259333 3.298400 -0.005529 0.259348 0.965768 0.000000 0.000000 0.000000 0.000000 1.000000</float_array>
        <technique_common>
          <accessor source="#mixamorig1_LeftHandIndex2-Matrix-animation-output-transform-array" count="32" stride="16">
            <param type="float4x4"/>
          </accessor>
        </technique_common>
      </source>
      <source id="mixamorig1_LeftHandIndex2-Interpolations">
        <Name_array id="mixamorig1_LeftHandIndex2-Interpolations-array" count="32">
 LINEAR LINEAR LINEAR LINEAR LINEAR LINEAR LINEAR LINEAR LINEAR LINEAR LINEAR
LINEAR LINEAR LINEAR LINEAR LINEAR LINEAR LINEAR LINEAR LINEAR LINEAR LINEAR LINEAR
LINEAR LINEAR LINEAR LINEAR LINEAR LINEAR LINEAR LINEAR LINEAR</Name_array>
        <technique_common>
          <accessor source="#mixamorig1_LeftHandIndex2-Interpolations-array" count="32">
            <param type="name"/>
          </accessor>
        </technique_common>
      </source>
      <sampler id="mixamorig1_LeftHandIndex2-Matrix-animation-transform">
        <input semantic="INPUT" source="#mixamorig1_LeftHandIndex2-Matrix-animation-input"/>
        <input semantic="OUTPUT" source="#mixamorig1_LeftHandIndex2-Matrix-animation-output-transform"/>
        <input semantic="INTERPOLATION" source="#mixamorig1_LeftHandIndex2-Interpolations"/>
      </sampler>
      <channel source="#mixamorig1_LeftHandIndex2-Matrix-animation-transform" target="mixamorig1_LeftHandIndex2/matrix"/>
    </animation>
    <animation id="mixamorig1_LeftHandIndex3-anim" name="mixamorig1_LeftHandIndex3">
      <source id="mixamorig1_LeftHandIndex3-Matrix-animation-input">
        <float_array id="mixamorig1_LeftHandIndex3-Matrix-animation-input-array" count="32">

0.000000 0.033333 0.066667 0.100000 0.133333 0.166667 0.200000 0.233333 0.266667 0.300000 0.333333 0.366667 0.400000 0.433333 0.466667 0.500000
0.533333 0.566667 0.600000 0.633333 0.666667 0.700000 0.733333 0.766667 0.800000 0.833333 0.866667 0.900000 0.933333 0.966667 1.000000 1.033333</float_array>
        <technique_common>
          <accessor source="#mixamorig1_LeftHandIndex3-Matrix-animation-input-array" count="32">
            <param name="TIME" type="float"/>
          </accessor>
        </technique_common>
      </source>
      <source id="mixamorig1_LeftHandIndex3-Matrix-animation-output-transform">
        <float_array id="mixamorig1_LeftHandIndex3-Matrix-animation-output-transform-array" count="512">

0.999222 0.039214 -0.004298 -0.006800 -0.038986 0.964990 -0.259373 3.081000 -0.006023 0.259338 0.965768 0.000000 0.000000 0.000000 0.000000 1.000000
0.999220 0.039243 -0.004305 -0.006800 -0.039015 0.964932 -0.259585 3.081000 -0.006033 0.259550 0.965711 0.000000 0.000000 0.000000 0.000000 1.000000
0.999219 0.039274 -0.004313 -0.006800 -0.039045 0.964871 -0.259807 3.081000 -0.006042 0.259773 0.965651 0.000000 0.000000 0.000000 0.000000 1.000000
0.999219 0.039273 -0.004313 -0.006800 -0.039045 0.964872 -0.259804 3.081000 -0.006042 0.259769 0.965652 0.000000 0.000000 0.000000 0.000000 1.000000
0.999217 0.039339 -0.004329 -0.006800 -0.039110 0.964739 -0.260285 3.081000 -0.006063 0.260250 0.965522 0.000000 0.000000 0.000000 0.000000 1.000000
0.999212 0.039461 -0.004360 -0.006800 -0.039229 0.964495 -0.261172 3.081000 -0.006101 0.261138 0.965282 0.000000 0.000000 0.000000 0.000000 1.000000
0.999211 0.039470 -0.004363 -0.006800 -0.039239 0.964475 -0.261244 3.081000 -0.006104 0.261210 0.965263 -0.000000 0.000000 0.000000 0.000000 1.000000
0.999213 0.039422 -0.004350 -0.006800 -0.039191 0.964573 -0.260890 3.081000 -0.006088 0.260855 0.965359 0.000000 0.000000 0.000000 0.000000 1.000000
0.999215 0.039372 -0.004338 -0.006800 -0.039142 0.964673 -0.260525 3.081000 -0.006073 0.260491 0.965457 -0.000000 0.000000 0.000000 0.000000 1.000000
0.999221 0.039233 -0.004303 -0.006800 -0.039005 0.964952 -0.259510 3.081000 -0.006029 0.259475 0.965731 0.000000 0.000000 0.000000 0.000000 1.000000
0.999229 0.039037 -0.004254 -0.006800 -0.038812 0.965344 -0.258078 3.081000 -0.005968 0.258044 0.966115 0.000000 0.000000 0.000000 0.000000 1.000000
0.999234 0.038896 -0.004218 -0.006800 -0.038673 0.965626 -0.257043 3.081000 -0.005925 0.257009 0.966391 0.000000 0.000000 0.000000 0.000000 1.000000
0.999234 0.038905 -0.004220 -0.006800 -0.038682 0.965608 -0.257110 3.081000 -0.005928 0.257076 0.966373 0.000000 0.000000 0.000000 0.000000 1.000000
0.999234 0.038902 -0.004220 -0.006800 -0.038679 0.965614 -0.257088 3.081000 -0.005927 0.257054 0.966379 -0.000000 0.000000 0.000000 0.000000 1.000000
0.999233 0.038938 -0.004229 -0.006800 -0.038714 0.965542 -0.257351 3.081000 -0.005938 0.257317 0.966309 -0.000000 0.000000 0.000000 0.000000 1.000000
0.999231 0.038981 -0.004239 -0.006800 -0.038756 0.965457 -0.257663 3.081000 -0.005951 0.257630 0.966225 0.000000 0.000000 0.000000 0.000000 1.000000
0.999229 0.039022 -0.004250 -0.006800 -0.038797 0.965375 -0.257967 3.081000 -0.005964 0.257933 0.966144 0.000000 0.000000 0.000000 0.000000 1.000000
0.999228 0.039054 -0.004258 -0.006800 -0.038829 0.965310 -0.258202 3.081000 -0.005974 0.258168 0.966081 0.000000 0.000000 0.000000 0.000000 1.000000
0.999229 0.039026 -0.004251 -0.006800 -0.038801 0.965366 -0.257999 3.081000 -0.005965 0.257965 0.966136 0.000000 0.000000 0.000000 0.000000 1.000000
0.999229 0.039037 -0.004254 -0.006800 -0.038812 0.965344 -0.258080 3.081000 -0.005969 0.258046 0.966114 0.000000 0.000000 0.000000 0.000000 1.000000
0.999232 0.038951 -0.004232 -0.006800 -0.038728 0.965515 -0.257453 3.081000 -0.005942 0.257419 0.966282 0.000000 0.000000 0.000000 0.000000 1.000000
0.999233 0.038924 -0.004225 -0.006800 -0.038700 0.965570 -0.257249 3.081000 -0.005933 0.257215 0.966336 0.000000 0.000000 0.000000 0.000000 1.000000
0.999234 0.038915 -0.004223 -0.006800 -0.038691 0.965589 -0.257181 3.081000 -0.005930 0.257147 0.966354 -0.000000 0.000000 0.000000 0.000000 1.000000
0.999233 0.038940 -0.004229 -0.006800 -0.038716 0.965538 -0.257366 3.081000 -0.005938 0.257332 0.966305 0.000000 0.000000 0.000000 0.000000 1.000000
0.999234 0.038903 -0.004220 -0.006800 -0.038680 0.965611 -0.257099 3.081000 -0.005927 0.257066 0.966376 0.000000 0.000000 0.000000 0.000000 1.000000
0.999236 0.038844 -0.004205 -0.006800 -0.038621 0.965729 -0.256663 3.081000 -0.005909 0.256630 0.966492 0.000000 0.000000 0.000000 0.000000 1.000000
0.999238 0.038812 -0.004198 -0.006800 -0.038590 0.965792 -0.256432 3.081000 -0.005899 0.256399 0.966553 -0.000000 0.000000 0.000000 0.000000 1.000000
0.999238 0.038816 -0.004198 -0.006800 -0.038594 0.965784 -0.256459 3.081000 -0.005900 0.256425 0.966546 0.000000 0.000000 0.000000 0.000000 1.000000
0.999234 0.038901 -0.004219 -0.006800 -0.038678 0.965616 -0.257080 3.081000 -0.005926 0.257047 0.966381 0.000000 0.000000 0.000000 0.000000 1.000000
0.999228 0.039042 -0.004255 -0.006800 -0.038817 0.965334 -0.258116 3.081000 -0.005970 0.258082 0.966105 -0.000000 0.000000 0.000000 0.000000 1.000000
0.999224 0.039159 -0.004284 -0.006800 -0.038932 0.965102 -0.258963 3.081000 -0.006006 0.258929 0.965878 0.000000 0.000000 0.000000 0.000000 1.000000
0.999222 0.039214 -0.004298 -0.006800 -0.038987 0.964990 -0.259373 3.081000 -0.006023 0.259338 0.965768 -0.000000 0.000000 0.000000 0.000000 1.000000</float_array>
        <technique_common>
          <accessor source="#mixamorig1_LeftHandIndex3-Matrix-animation-output-transform-array" count="32" stride="16">
            <param type="float4x4"/>
          </accessor>
        </technique_common>
      </source>
      <source id="mixamorig1_LeftHandIndex3-Interpolations">
        <Name_array id="mixamorig1_LeftHandIndex3-Interpolations-array" count="32">
 LINEAR LINEAR LINEAR LINEAR LINEAR LINEAR LINEAR LINEAR LINEAR LINEAR LINEAR
LINEAR LINEAR LINEAR LINEAR LINEAR LINEAR LINEAR LINEAR LINEAR LINEAR LINEAR LINEAR
LINEAR LINEAR LINEAR LINEAR LINEAR LINEAR LINEAR LINEAR LINEAR</Name_array>
        <technique_common>
          <accessor source="#mixamorig1_LeftHandIndex3-Interpolations-array" count="32">
            <param type="name"/>
          </accessor>
        </technique_common>
      </source>
      <sampler id="mixamorig1_LeftHandIndex3-Matrix-animation-transform">
        <input semantic="INPUT" source="#mixamorig1_LeftHandIndex3-Matrix-animation-input"/>
        <input semantic="OUTPUT" source="#mixamorig1_LeftHandIndex3-Matrix-animation-output-transform"/>
        <input semantic="INTERPOLATION" source="#mixamorig1_LeftHandIndex3-Interpolations"/>
      </sampler>
      <channel source="#mixamorig1_LeftHandIndex3-Matrix-animation-transform" target="mixamorig1_LeftHandIndex3/matrix"/>
    </animation>
    <animation id="mixamorig1_LeftHandMiddle1-anim" name="mixamorig1_LeftHandMiddle1">
      <source id="mixamorig1_LeftHandMiddle1-Matrix-animation-input">
        <float_array id="mixamorig1_LeftHandMiddle1-Matrix-animation-input-array" count="32">

0.000000 0.033333 0.066667 0.100000 0.133333 0.166667 0.200000 0.233333 0.266667 0.300000 0.333333 0.366667 0.400000 0.433333 0.466667 0.500000
0.533333 0.566667 0.600000 0.633333 0.666667 0.700000 0.733333 0.766667 0.800000 0.833333 0.866667 0.900000 0.933333 0.966667 1.000000 1.033333</float_array>
        <technique_common>
          <accessor source="#mixamorig1_LeftHandMiddle1-Matrix-animation-input-array" count="32">
            <param name="TIME" type="float"/>
          </accessor>
        </technique_common>
      </source>
      <source id="mixamorig1_LeftHandMiddle1-Matrix-animation-output-transform">
        <float_array id="mixamorig1_LeftHandMiddle1-Matrix-animation-output-transform-array" count="512">

0.999946 0.010384 0.000661 -1.029300 -0.009133 0.906343 -0.422444 12.347100 -0.004986 0.422415 0.906389 -0.315800 0.000000 0.000000 0.000000 1.000000
0.999983 0.005815 0.000958 -1.029300 -0.004910 0.911866 -0.410458 12.347100 -0.003261 0.410447 0.911879 -0.315800 0.000000 0.000000 0.000000 1.000000
0.999985 0.005442 0.000982 -1.029300 -0.004563 0.912311 -0.409474 12.347100 -0.003124 0.409463 0.912321 -0.315800 0.000000 0.000000 0.000000 1.000000
0.999984 0.005613 0.001024 -1.029300 -0.004708 0.913143 -0.407613 12.347100 -0.003223 0.407601 0.913154 -0.315800 0.000000 0.000000 0.000000 1.000000
0.999945 0.010504 0.000756 -1.029300 -0.009223 0.908106 -0.418638 12.347100 -0.005084 0.418608 0.908153 -0.315800 0.000000 0.000000 0.000000 1.000000
0.999643 0.026733 -0.000391 -1.029300 -0.023936 0.888342 -0.458559 12.347100 -0.011911 0.458404 0.888664 -0.315800 0.000000 0.000000 0.000000 1.000000
0.999445 0.033287 -0.000982 -1.029300 -0.029743 0.878995 -0.475903 12.347100 -0.014978 0.475668 0.879497 -0.315800 0.000000 0.000000 0.000000 1.000000
0.999542 0.030261 -0.000951 -1.029300 -0.027081 0.879571 -0.474996 12.347100 -0.013538 0.474804 0.879987 -0.315800 0.000000 0.000000 0.000000 1.000000
0.999636 0.026963 -0.001032 -1.029300 -0.024186 0.878431 -0.477256 12.347100 -0.011962 0.477107 0.878764 -0.315800 0.000000 0.000000 0.000000 1.000000
0.999654 0.026260 -0.001195 -1.029300 -0.023587 0.875995 -0.481744 12.347100 -0.011603 0.481606 0.876311 -0.315800 0.000000 0.000000 0.000000 1.000000
0.999669 0.025698 -0.001231 -1.029300 -0.023100 0.875469 -0.482723 12.347100 -0.011327 0.482591 0.875772 -0.315800 0.000000 0.000000 0.000000 1.000000
0.999685 0.025074 -0.001081 -1.029300 -0.022532 0.877724 -0.478637 12.347100 -0.011052 0.478511 0.878012 -0.315800 0.000000 0.000000 0.000000 1.000000
0.999694 0.024718 -0.000722 -1.029300 -0.022176 0.883199 -0.468474 12.347100 -0.010942 0.468346 0.883477 -0.315800 0.000000 0.000000 0.000000 1.000000
0.999727 0.023348 -0.000569 -1.029300 -0.020947 0.885595 -0.463985 12.347100 -0.010329 0.463871 0.885843 -0.315800 0.000000 0.000000 0.000000 1.000000
0.999786 0.020667 -0.000513 -1.029300 -0.018561 0.886396 -0.462555 12.347100 -0.009105 0.462466 0.886590 -0.315800 0.000000 0.000000 0.000000 1.000000
0.999841 0.017802 -0.000475 -1.029300 -0.016012 0.886964 -0.461561 12.347100 -0.007795 0.461496 0.887108 -0.315800 0.000000 0.000000 0.000000 1.000000
0.999889 0.014860 -0.000446 -1.029300 -0.013395 0.887437 -0.460735 12.347100 -0.006450 0.460690 0.887538 -0.315800 0.000000 0.000000 0.000000 1.000000
0.999929 0.011946 -0.000418 -1.029300 -0.010801 0.887954 -0.459805 12.347100 -0.005121 0.459777 0.888020 -0.315800 0.000000 0.000000 0.000000 1.000000
0.999959 0.009028 -0.000374 -1.029300 -0.008194 0.888596 -0.458618 12.347100 -0.003808 0.458602 0.888634 -0.315800 0.000000 0.000000 0.000000 1.000000
0.999982 0.005978 -0.000147 -1.029300 -0.005400 0.892193 -0.451621 12.347100 -0.002569 0.451614 0.892210 -0.315800 0.000000 0.000000 0.000000 1.000000
0.999998 0.001736 0.000263 -1.029300 -0.001445 0.898958 -0.438032 12.347100 -0.000997 0.438031 0.898959 -0.315800 0.000000 0.000000 0.000000 1.000000
0.999999 0.001073 0.000368 -1.029300 -0.000807 0.901006 -0.433806 12.347100 -0.000797 0.433805 0.901006 -0.315800 0.000000 0.000000 0.000000 1.000000
0.999998 0.002043 0.000333 -1.029300 -0.001694 0.900187 -0.435500 12.347100 -0.001189 0.435499 0.900188 -0.315800 0.000000 0.000000 0.000000 1.000000
0.999971 0.007577 -0.000326 -1.029300 -0.006888 0.889317 -0.457240 12.347100 -0.003174 0.457229 0.889343 -0.315800 0.000000 0.000000 0.000000 1.000000
0.999929 0.011867 -0.000619 -1.029300 -0.010789 0.884774 -0.465896 12.347100 -0.004981 0.465869 0.884840 -0.315800 0.000000 0.000000 0.000000 1.000000
0.999887 0.015038 -0.000616 -1.029300 -0.013595 0.884865 -0.465649 12.347100 -0.006457 0.465605 0.884969 -0.315800 0.000000 0.000000 0.000000 1.000000
0.999832 0.018326 -0.000377 -1.029300 -0.016461 0.888681 -0.458231 12.347100 -0.008063 0.458160 0.888833 -0.315800 0.000000 0.000000 0.000000 1.000000
0.999683 0.025160 -0.000500 -1.029300 -0.022547 0.886666 -0.461861 12.347100 -0.011178 0.461726 0.886952 -0.315800 0.000000 0.000000 0.000000 1.000000
0.999471 0.032504 -0.001002 -1.029300 -0.029055 0.878716 -0.476459 12.347100 -0.014606 0.476236 0.879196 -0.315800 0.000000 0.000000 0.000000 1.000000
0.999394 0.034779 -0.001163 -1.029300 -0.031052 0.876230 -0.480891 12.347100 -0.015706 0.480636 0.876779 -0.315800 0.000000 0.000000 0.000000 1.000000
0.999657 0.026202 -0.000466 -1.029300 -0.023468 0.887173 -0.460839 12.347100 -0.011662 0.460692 0.887483 -0.315800 0.000000 0.000000 0.000000 1.000000
0.999946 0.010384 0.000661 -1.029300 -0.009133 0.906343 -0.422444 12.347100 -0.004986 0.422415 0.906389 -0.315800 0.000000 0.000000 0.000000 1.000000</float_array>
        <technique_common>
          <accessor source="#mixamorig1_LeftHandMiddle1-Matrix-animation-output-transform-array" count="32" stride="16">
            <param type="float4x4"/>
          </accessor>
        </technique_common>
      </source>
      <source id="mixamorig1_LeftHandMiddle1-Interpolations">
        <Name_array id="mixamorig1_LeftHandMiddle1-Interpolations-array" count="32">
 LINEAR LINEAR LINEAR LINEAR LINEAR LINEAR LINEAR LINEAR LINEAR LINEAR LINEAR
LINEAR LINEAR LINEAR LINEAR LINEAR LINEAR LINEAR LINEAR LINEAR LINEAR LINEAR LINEAR
LINEAR LINEAR LINEAR LINEAR LINEAR LINEAR LINEAR LINEAR LINEAR</Name_array>
        <technique_common>
          <accessor source="#mixamorig1_LeftHandMiddle1-Interpolations-array" count="32">
            <param type="name"/>
          </accessor>
        </technique_common>
      </source>
      <sampler id="mixamorig1_LeftHandMiddle1-Matrix-animation-transform">
        <input semantic="INPUT" source="#mixamorig1_LeftHandMiddle1-Matrix-animation-input"/>
        <input semantic="OUTPUT" source="#mixamorig1_LeftHandMiddle1-Matrix-animation-output-transform"/>
        <input semantic="INTERPOLATION" source="#mixamorig1_LeftHandMiddle1-Interpolations"/>
      </sampler>
      <channel source="#mixamorig1_LeftHandMiddle1-Matrix-animation-transform" target="mixamorig1_LeftHandMiddle1/matrix"/>
    </animation>
    <animation id="mixamorig1_LeftHandMiddle2-anim" name="mixamorig1_LeftHandMiddle2">
      <source id="mixamorig1_LeftHandMiddle2-Matrix-animation-input">
        <float_array id="mixamorig1_LeftHandMiddle2-Matrix-animation-input-array" count="32">

0.000000 0.033333 0.066667 0.100000 0.133333 0.166667 0.200000 0.233333 0.266667 0.300000 0.333333 0.366667 0.400000 0.433333 0.466667 0.500000
0.533333 0.566667 0.600000 0.633333 0.666667 0.700000 0.733333 0.766667 0.800000 0.833333 0.866667 0.900000 0.933333 0.966667 1.000000 1.033333</float_array>
        <technique_common>
          <accessor source="#mixamorig1_LeftHandMiddle2-Matrix-animation-input-array" count="32">
            <param name="TIME" type="float"/>
          </accessor>
        </technique_common>
      </source>
      <source id="mixamorig1_LeftHandMiddle2-Matrix-animation-output-transform">
        <float_array id="mixamorig1_LeftHandMiddle2-Matrix-animation-output-transform-array" count="512">

0.999393 0.034663 -0.003582 0.009900 -0.034660 0.978097 -0.205244 3.432200 -0.003611 0.205243 0.978704 0.000000 0.000000 0.000000 0.000000 1.000000
0.999392 0.034672 -0.003584 0.009900 -0.034669 0.978083 -0.205308 3.432200 -0.003613 0.205308 0.978691 -0.000000 0.000000 0.000000 0.000000 1.000000
0.999391 0.034713 -0.003594 0.009900 -0.034710 0.978020 -0.205602 3.432200 -0.003622 0.205602 0.978629 -0.000000 0.000000 0.000000 0.000000 1.000000
0.999392 0.034675 -0.003585 0.009900 -0.034672 0.978078 -0.205332 3.432200 -0.003613 0.205331 0.978686 0.000000 0.000000 0.000000 0.000000 1.000000
0.999393 0.034643 -0.003578 0.009900 -0.034640 0.978128 -0.205100 3.432200 -0.003606 0.205100 0.978734 0.000000 0.000000 0.000000 0.000000 1.000000
0.999390 0.034726 -0.003597 0.009900 -0.034723 0.977999 -0.205700 3.432200 -0.003625 0.205700 0.978608 0.000000 0.000000 0.000000 0.000000 1.000000
0.999391 0.034705 -0.003592 0.009900 -0.034702 0.978032 -0.205547 3.432200 -0.003620 0.205547 0.978641 0.000000 0.000000 0.000000 0.000000 1.000000
0.999393 0.034661 -0.003582 0.009900 -0.034658 0.978101 -0.205227 3.432200 -0.003610 0.205226 0.978708 0.000000 0.000000 0.000000 0.000000 1.000000
0.999396 0.034580 -0.003563 0.009900 -0.034577 0.978225 -0.204648 3.432200 -0.003591 0.204648 0.978829 0.000000 0.000000 0.000000 0.000000 1.000000
0.999395 0.034605 -0.003569 0.009900 -0.034602 0.978187 -0.204826 3.432200 -0.003597 0.204826 0.978792 0.000000 0.000000 0.000000 0.000000 1.000000
0.999396 0.034562 -0.003559 0.009900 -0.034559 0.978253 -0.204516 3.432200 -0.003587 0.204516 0.978857 0.000000 0.000000 0.000000 0.000000 1.000000
0.999398 0.034513 -0.003547 0.009900 -0.034510 0.978328 -0.204166 3.432200 -0.003576 0.204166 0.978930 0.000000 0.000000 0.000000 0.000000 1.000000
0.999400 0.034457 -0.003535 0.009900 -0.034455 0.978413 -0.203767 3.432200 -0.003563 0.203767 0.979013 0.000000 0.000000 0.000000 0.000000 1.000000
0.999397 0.034534 -0.003553 0.009900 -0.034531 0.978295 -0.204320 3.432200 -0.003581 0.204320 0.978898 0.000000 0.000000 0.000000 0.000000 1.000000
0.999396 0.034560 -0.003558 0.009900 -0.034557 0.978256 -0.204501 3.432200 -0.003586 0.204501 0.978860 -0.000000 0.000000 0.000000 0.000000 1.000000
0.999396 0.034580 -0.003563 0.009900 -0.034577 0.978226 -0.204643 3.432200 -0.003591 0.204643 0.978830 0.000000 0.000000 0.000000 0.000000 1.000000
0.999395 0.034592 -0.003566 0.009900 -0.034589 0.978207 -0.204730 3.432200 -0.003594 0.204730 0.978812 0.000000 0.000000 0.000000 0.000000 1.000000
0.999395 0.034594 -0.003566 0.009900 -0.034591 0.978204 -0.204747 3.432200 -0.003594 0.204747 0.978808 0.000000 0.000000 0.000000 0.000000 1.000000
0.999398 0.034518 -0.003549 0.009900 -0.034515 0.978320 -0.204202 3.432200 -0.003577 0.204201 0.978922 0.000000 0.000000 0.000000 0.000000 1.000000
0.999399 0.034486 -0.003541 0.009900 -0.034483 0.978370 -0.203971 3.432200 -0.003569 0.203970 0.978971 0.000000 0.000000 0.000000 0.000000 1.000000
0.999401 0.034431 -0.003529 0.009900 -0.034428 0.978454 -0.203574 3.432200 -0.003556 0.203574 0.979053 0.000000 0.000000 0.000000 0.000000 1.000000
0.999400 0.034455 -0.003534 0.009900 -0.034452 0.978417 -0.203746 3.432200 -0.003562 0.203746 0.979017 0.000000 0.000000 0.000000 0.000000 1.000000
0.999399 0.034483 -0.003541 0.009900 -0.034480 0.978374 -0.203951 3.432200 -0.003569 0.203950 0.978975 0.000000 0.000000 0.000000 0.000000 1.000000
0.999400 0.034455 -0.003534 0.009900 -0.034452 0.978417 -0.203750 3.432200 -0.003562 0.203750 0.979017 0.000000 0.000000 0.000000 0.000000 1.000000
0.999402 0.034391 -0.003520 0.009900 -0.034388 0.978514 -0.203291 3.432200 -0.003547 0.203291 0.979112 0.000000 0.000000 0.000000 0.000000 1.000000
0.999403 0.034365 -0.003514 0.009900 -0.034362 0.978554 -0.203104 3.432200 -0.003541 0.203104 0.979151 0.000000 0.000000 0.000000 0.000000 1.000000
0.999400 0.034441 -0.003531 0.009900 -0.034438 0.978438 -0.203651 3.432200 -0.003559 0.203651 0.979037 0.000000 0.000000 0.000000 0.000000 1.000000
0.999396 0.034582 -0.003564 0.009900 -0.034579 0.978221 -0.204664 3.432200 -0.003592 0.204664 0.978826 0.000000 0.000000 0.000000 0.000000 1.000000
0.999393 0.034659 -0.003581 0.009900 -0.034656 0.978103 -0.205217 3.432200 -0.003610 0.205216 0.978710 -0.000000 0.000000 0.000000 0.000000 1.000000
0.999392 0.034671 -0.003584 0.009900 -0.034668 0.978084 -0.205302 3.432200 -0.003613 0.205302 0.978692 0.000000 0.000000 0.000000 0.000000 1.000000
0.999393 0.034664 -0.003583 0.009900 -0.034661 0.978095 -0.205254 3.432200 -0.003611 0.205254 0.978702 0.000000 0.000000 0.000000 0.000000 1.000000
0.999393 0.034663 -0.003582 0.009900 -0.034660 0.978097 -0.205244 3.432200 -0.003611 0.205243 0.978704 0.000000 0.000000 0.000000 0.000000 1.000000</float_array>
        <technique_common>
          <accessor source="#mixamorig1_LeftHandMiddle2-Matrix-animation-output-transform-array" count="32" stride="16">
            <param type="float4x4"/>
          </accessor>
        </technique_common>
      </source>
      <source id="mixamorig1_LeftHandMiddle2-Interpolations">
        <Name_array id="mixamorig1_LeftHandMiddle2-Interpolations-array" count="32">
 LINEAR LINEAR LINEAR LINEAR LINEAR LINEAR LINEAR LINEAR LINEAR LINEAR LINEAR
LINEAR LINEAR LINEAR LINEAR LINEAR LINEAR LINEAR LINEAR LINEAR LINEAR LINEAR LINEAR
LINEAR LINEAR LINEAR LINEAR LINEAR LINEAR LINEAR LINEAR LINEAR</Name_array>
        <technique_common>
          <accessor source="#mixamorig1_LeftHandMiddle2-Interpolations-array" count="32">
            <param type="name"/>
          </accessor>
        </technique_common>
      </source>
      <sampler id="mixamorig1_LeftHandMiddle2-Matrix-animation-transform">
        <input semantic="INPUT" source="#mixamorig1_LeftHandMiddle2-Matrix-animation-input"/>
        <input semantic="OUTPUT" source="#mixamorig1_LeftHandMiddle2-Matrix-animation-output-transform"/>
        <input semantic="INTERPOLATION" source="#mixamorig1_LeftHandMiddle2-Interpolations"/>
      </sampler>
      <channel source="#mixamorig1_LeftHandMiddle2-Matrix-animation-transform" target="mixamorig1_LeftHandMiddle2/matrix"/>
    </animation>
    <animation id="mixamorig1_LeftHandMiddle3-anim" name="mixamorig1_LeftHandMiddle3">
      <source id="mixamorig1_LeftHandMiddle3-Matrix-animation-input">
        <float_array id="mixamorig1_LeftHandMiddle3-Matrix-animation-input-array" count="32">

0.000000 0.033333 0.066667 0.100000 0.133333 0.166667 0.200000 0.233333 0.266667 0.300000 0.333333 0.366667 0.400000 0.433333 0.466667 0.500000
0.533333 0.566667 0.600000 0.633333 0.666667 0.700000 0.733333 0.766667 0.800000 0.833333 0.866667 0.900000 0.933333 0.966667 1.000000 1.033333</float_array>
        <technique_common>
          <accessor source="#mixamorig1_LeftHandMiddle3-Matrix-animation-input-array" count="32">
            <param name="TIME" type="float"/>
          </accessor>
        </technique_common>
      </source>
      <source id="mixamorig1_LeftHandMiddle3-Matrix-animation-output-transform">
        <float_array id="mixamorig1_LeftHandMiddle3-Matrix-animation-output-transform-array" count="512">

0.999535 0.030319 -0.003206 -0.010000 -0.030207 0.970561 -0.238954 3.160900 -0.004133 0.238939 0.971026 0.000000 0.000000 0.000000 0.000000 1.000000
0.999535 0.030328 -0.003208 -0.010000 -0.030216 0.970545 -0.239017 3.160900 -0.004136 0.239003 0.971010 -0.000000 0.000000 0.000000 0.000000 1.000000
0.999534 0.030369 -0.003217 -0.010000 -0.030256 0.970472 -0.239309 3.160900 -0.004146 0.239294 0.970938 0.000000 0.000000 0.000000 0.000000 1.000000
0.999535 0.030331 -0.003208 -0.010000 -0.030219 0.970539 -0.239040 3.160900 -0.004137 0.239026 0.971004 0.000000 0.000000 0.000000 0.000000 1.000000
0.999536 0.030299 -0.003201 -0.010000 -0.030187 0.970596 -0.238812 3.160900 -0.004129 0.238798 0.971060 -0.000000 0.000000 0.000000 0.000000 1.000000
0.999533 0.030383 -0.003220 -0.010000 -0.030270 0.970447 -0.239409 3.160900 -0.004149 0.239394 0.970914 -0.000000 0.000000 0.000000 0.000000 1.000000
0.999534 0.030362 -0.003215 -0.010000 -0.030249 0.970485 -0.239256 3.160900 -0.004144 0.239242 0.970951 -0.000000 0.000000 0.000000 0.000000 1.000000
0.999535 0.030317 -0.003205 -0.010000 -0.030205 0.970565 -0.238939 3.160900 -0.004133 0.238925 0.971029 -0.000000 0.000000 0.000000 0.000000 1.000000
0.999538 0.030237 -0.003187 -0.010000 -0.030125 0.970708 -0.238365 3.160900 -0.004113 0.238351 0.971170 0.000000 0.000000 0.000000 0.000000 1.000000
0.999537 0.030261 -0.003193 -0.010000 -0.030149 0.970664 -0.238541 3.160900 -0.004119 0.238527 0.971127 0.000000 0.000000 0.000000 0.000000 1.000000
0.999538 0.030218 -0.003183 -0.010000 -0.030106 0.970741 -0.238234 3.160900 -0.004109 0.238219 0.971203 -0.000000 0.000000 0.000000 0.000000 1.000000
0.999540 0.030169 -0.003172 -0.010000 -0.030058 0.970828 -0.237886 3.160900 -0.004097 0.237872 0.971288 -0.000000 0.000000 0.000000 0.000000 1.000000
0.999541 0.030114 -0.003160 -0.010000 -0.030002 0.970926 -0.237491 3.160900 -0.004083 0.237477 0.971385 0.000000 0.000000 0.000000 0.000000 1.000000
0.999539 0.030191 -0.003177 -0.010000 -0.030079 0.970790 -0.238039 3.160900 -0.004102 0.238025 0.971250 -0.000000 0.000000 0.000000 0.000000 1.000000
0.999538 0.030216 -0.003183 -0.010000 -0.030104 0.970745 -0.238218 3.160900 -0.004108 0.238204 0.971206 0.000000 0.000000 0.000000 0.000000 1.000000
0.999538 0.030236 -0.003187 -0.010000 -0.030124 0.970710 -0.238359 3.160900 -0.004113 0.238344 0.971172 -0.000000 0.000000 0.000000 0.000000 1.000000
0.999537 0.030248 -0.003190 -0.010000 -0.030136 0.970689 -0.238444 3.160900 -0.004116 0.238430 0.971151 0.000000 0.000000 0.000000 0.000000 1.000000
0.999537 0.030250 -0.003190 -0.010000 -0.030138 0.970685 -0.238460 3.160900 -0.004117 0.238446 0.971147 0.000000 0.000000 0.000000 0.000000 1.000000
0.999540 0.030174 -0.003173 -0.010000 -0.030062 0.970820 -0.237917 3.160900 -0.004098 0.237903 0.971280 0.000000 0.000000 0.000000 0.000000 1.000000
0.999541 0.030142 -0.003167 -0.010000 -0.030030 0.970877 -0.237687 3.160900 -0.004090 0.237673 0.971337 0.000000 0.000000 0.000000 0.000000 1.000000
0.999542 0.030086 -0.003154 -0.010000 -0.029975 0.970976 -0.237293 3.160900 -0.004077 0.237279 0.971433 0.000000 0.000000 0.000000 0.000000 1.000000
0.999542 0.030110 -0.003159 -0.010000 -0.029999 0.970933 -0.237464 3.160900 -0.004082 0.237450 0.971391 0.000000 0.000000 0.000000 0.000000 1.000000
0.999541 0.030139 -0.003166 -0.010000 -0.030027 0.970882 -0.237668 3.160900 -0.004089 0.237654 0.971341 0.000000 0.000000 0.000000 0.000000 1.000000
0.999542 0.030111 -0.003159 -0.010000 -0.029999 0.970932 -0.237470 3.160900 -0.004083 0.237456 0.971390 -0.000000 0.000000 0.000000 0.000000 1.000000
0.999544 0.030047 -0.003146 -0.010000 -0.029936 0.971044 -0.237016 3.160900 -0.004067 0.237002 0.971501 0.000000 0.000000 0.000000 0.000000 1.000000
0.999544 0.030021 -0.003140 -0.010000 -0.029910 0.971090 -0.236831 3.160900 -0.004061 0.236817 0.971546 0.000000 0.000000 0.000000 0.000000 1.000000
0.999542 0.030097 -0.003157 -0.010000 -0.029986 0.970955 -0.237375 3.160900 -0.004079 0.237361 0.971413 0.000000 0.000000 0.000000 0.000000 1.000000
0.999538 0.030239 -0.003188 -0.010000 -0.030126 0.970705 -0.238379 3.160900 -0.004114 0.238365 0.971167 0.000000 0.000000 0.000000 0.000000 1.000000
0.999535 0.030316 -0.003205 -0.010000 -0.030203 0.970568 -0.238927 3.160900 -0.004133 0.238912 0.971032 0.000000 0.000000 0.000000 0.000000 1.000000
0.999535 0.030327 -0.003207 -0.010000 -0.030215 0.970547 -0.239011 3.160900 -0.004136 0.238997 0.971011 0.000000 0.000000 0.000000 0.000000 1.000000
0.999535 0.030321 -0.003206 -0.010000 -0.030208 0.970558 -0.238965 3.160900 -0.004134 0.238951 0.971023 -0.000000 0.000000 0.000000 0.000000 1.000000
0.999535 0.030319 -0.003206 -0.010000 -0.030207 0.970561 -0.238954 3.160900 -0.004134 0.238940 0.971026 -0.000000 0.000000 0.000000 0.000000 1.000000</float_array>
        <technique_common>
          <accessor source="#mixamorig1_LeftHandMiddle3-Matrix-animation-output-transform-array" count="32" stride="16">
            <param type="float4x4"/>
          </accessor>
        </technique_common>
      </source>
      <source id="mixamorig1_LeftHandMiddle3-Interpolations">
        <Name_array id="mixamorig1_LeftHandMiddle3-Interpolations-array" count="32">
 LINEAR LINEAR LINEAR LINEAR LINEAR LINEAR LINEAR LINEAR LINEAR LINEAR LINEAR
LINEAR LINEAR LINEAR LINEAR LINEAR LINEAR LINEAR LINEAR LINEAR LINEAR LINEAR LINEAR
LINEAR LINEAR LINEAR LINEAR LINEAR LINEAR LINEAR LINEAR LINEAR</Name_array>
        <technique_common>
          <accessor source="#mixamorig1_LeftHandMiddle3-Interpolations-array" count="32">
            <param type="name"/>
          </accessor>
        </technique_common>
      </source>
      <sampler id="mixamorig1_LeftHandMiddle3-Matrix-animation-transform">
        <input semantic="INPUT" source="#mixamorig1_LeftHandMiddle3-Matrix-animation-input"/>
        <input semantic="OUTPUT" source="#mixamorig1_LeftHandMiddle3-Matrix-animation-output-transform"/>
        <input semantic="INTERPOLATION" source="#mixamorig1_LeftHandMiddle3-Interpolations"/>
      </sampler>
      <channel source="#mixamorig1_LeftHandMiddle3-Matrix-animation-transform" target="mixamorig1_LeftHandMiddle3/matrix"/>
    </animation>
    <animation id="mixamorig1_LeftHandRing1-anim" name="mixamorig1_LeftHandRing1">
      <source id="mixamorig1_LeftHandRing1-Matrix-animation-input">
        <float_array id="mixamorig1_LeftHandRing1-Matrix-animation-input-array" count="32">

0.000000 0.033333 0.066667 0.100000 0.133333 0.166667 0.200000 0.233333 0.266667 0.300000 0.333333 0.366667 0.400000 0.433333 0.466667 0.500000
0.533333 0.566667 0.600000 0.633333 0.666667 0.700000 0.733333 0.766667 0.800000 0.833333 0.866667 0.900000 0.933333 0.966667 1.000000 1.033333</float_array>
        <technique_common>
          <accessor source="#mixamorig1_LeftHandRing1-Matrix-animation-input-array" count="32">
            <param name="TIME" type="float"/>
          </accessor>
        </technique_common>
      </source>
      <source id="mixamorig1_LeftHandRing1-Matrix-animation-output-transform">
        <float_array id="mixamorig1_LeftHandRing1-Matrix-animation-output-transform-array" count="512">

0.998042 0.061451 -0.011663 1.266700 -0.060471 0.900326 -0.430995 12.505900 -0.015984 0.430856 0.902279 -0.277100 0.000000 0.000000 0.000000 1.000000
0.998163 0.059536 -0.011239 1.266700 -0.058832 0.908083 -0.414636 12.505900 -0.014479 0.414536 0.909918 -0.277100 0.000000 0.000000 0.000000 1.000000
0.998160 0.059595 -0.011217 1.266700 -0.058891 0.908491 -0.413735 12.505900 -0.014466 0.413634 0.910328 -0.277100 0.000000 0.000000 0.000000 1.000000
0.998123 0.060213 -0.011205 1.266700 -0.059454 0.908605 -0.413404 12.505900 -0.014711 0.413294 0.910479 -0.277100 0.000000 0.000000 0.000000 1.000000
0.997837 0.064704 -0.011563 1.266700 -0.063420 0.901540 -0.428023 12.505900 -0.017270 0.427830 0.903694 -0.277100 0.000000 0.000000 0.000000 1.000000
0.997183 0.073896 -0.012896 1.266700 -0.071228 0.878853 -0.471746 12.505900 -0.023526 0.471336 0.881640 -0.277100 0.000000 0.000000 0.000000 1.000000
0.996994 0.076280 -0.013547 1.266700 -0.073138 0.869040 -0.489306 12.505900 -0.025551 0.488826 0.872007 -0.277100 0.000000 0.000000 0.000000 1.000000
0.997098 0.074912 -0.013587 1.266700 -0.071943 0.868683 -0.490116 12.505900 -0.024913 0.489671 0.871552 -0.277100 0.000000 0.000000 0.000000 1.000000
0.997227 0.073144 -0.013687 1.266700 -0.070389 0.867528 -0.492383 12.505900 -0.024141 0.491982 0.870271 -0.277100 0.000000 0.000000 0.000000 1.000000
0.997359 0.071304 -0.013818 1.266700 -0.068773 0.865954 -0.495373 12.505900 -0.023356 0.495015 0.868570 -0.277100 0.000000 0.000000 0.000000 1.000000
0.997347 0.071498 -0.013661 1.266700 -0.068968 0.868140 -0.491504 12.505900 -0.023282 0.491142 0.870768 -0.277100 0.000000 0.000000 0.000000 1.000000
0.997236 0.073137 -0.013109 1.266700 -0.070510 0.875836 -0.477430 12.505900 -0.023436 0.477035 0.878572 -0.277100 0.000000 0.000000 0.000000 1.000000
0.997375 0.071280 -0.012701 1.266700 -0.068980 0.882203 -0.465790 12.505900 -0.021997 0.465443 0.884804 -0.277100 0.000000 0.000000 0.000000 1.000000
0.997334 0.071819 -0.012921 1.266700 -0.069400 0.878817 -0.472086 12.505900 -0.022549 0.471724 0.881458 -0.277100 0.000000 0.000000 0.000000 1.000000
0.997430 0.070446 -0.013060 1.266700 -0.068176 0.877170 -0.475315 12.505900 -0.022028 0.474984 0.879719 -0.277100 0.000000 0.000000 0.000000 1.000000
0.997543 0.068800 -0.013181 1.266700 -0.066716 0.875709 -0.478209 12.505900 -0.021358 0.477913 0.878147 -0.277100 0.000000 0.000000 0.000000 1.000000
0.997661 0.067055 -0.013276 1.266700 -0.065172 0.874478 -0.480667 12.505900 -0.020621 0.480408 0.876803 -0.277100 0.000000 0.000000 0.000000 1.000000
0.997771 0.065386 -0.013343 1.266700 -0.063698 0.873527 -0.482590 12.505900 -0.019899 0.482364 0.875745 -0.277100 0.000000 0.000000 0.000000 1.000000
0.997865 0.063953 -0.013260 1.266700 -0.062455 0.874922 -0.480220 12.505900 -0.019110 0.480023 0.877048 -0.277100 0.000000 0.000000 0.000000 1.000000
0.997988 0.062045 -0.013073 1.266700 -0.060802 0.877920 -0.474931 12.505900 -0.017991 0.474770 0.879926 -0.277100 0.000000 0.000000 0.000000 1.000000
0.998165 0.059221 -0.012656 1.266700 -0.058348 0.884571 -0.462741 12.505900 -0.016209 0.462630 0.886403 -0.277100 0.000000 0.000000 0.000000 1.000000
0.998201 0.058636 -0.012538 1.266700 -0.057843 0.886560 -0.458984 12.505900 -0.015797 0.458883 0.888356 -0.277100 0.000000 0.000000 0.000000 1.000000
0.998178 0.059008 -0.012574 1.266700 -0.058167 0.885861 -0.460291 12.505900 -0.016022 0.460184 0.887679 -0.277100 0.000000 0.000000 0.000000 1.000000
0.997993 0.061927 -0.013198 1.266700 -0.060688 0.876081 -0.478330 12.505900 -0.018059 0.478171 0.878081 -0.277100 0.000000 0.000000 0.000000 1.000000
0.997722 0.066166 -0.013127 1.266700 -0.064407 0.876584 -0.476919 12.505900 -0.020049 0.476678 0.878849 -0.277100 0.000000 0.000000 0.000000 1.000000
0.997596 0.068064 -0.013026 1.266700 -0.066087 0.877823 -0.474404 12.505900 -0.020856 0.474124 0.880211 -0.277100 0.000000 0.000000 0.000000 1.000000
0.997596 0.068068 -0.012972 1.266700 -0.066100 0.878620 -0.472925 12.505900 -0.020794 0.472646 0.881007 -0.277100 0.000000 0.000000 0.000000 1.000000
0.997385 0.071051 -0.013253 1.266700 -0.068656 0.874051 -0.480958 12.505900 -0.022589 0.480610 0.876643 -0.277100 0.000000 0.000000 0.000000 1.000000
0.997045 0.075585 -0.013728 1.266700 -0.072493 0.866586 -0.493734 12.505900 -0.025422 0.493270 0.869504 -0.277100 0.000000 0.000000 0.000000 1.000000
0.997009 0.076014 -0.013936 1.266700 -0.072817 0.863616 -0.498864 12.505900 -0.025885 0.498387 0.866568 -0.277100 0.000000 0.000000 0.000000 1.000000
0.997474 0.069822 -0.013058 1.266700 -0.067620 0.877093 -0.475537 12.505900 -0.021750 0.475219 0.879599 -0.277100 0.000000 0.000000 0.000000 1.000000
0.998042 0.061451 -0.011663 1.266700 -0.060471 0.900326 -0.430995 12.505900 -0.015985 0.430856 0.902279 -0.277100 0.000000 0.000000 0.000000 1.000000</float_array>
        <technique_common>
          <accessor source="#mixamorig1_LeftHandRing1-Matrix-animation-output-transform-array" count="32" stride="16">
            <param type="float4x4"/>
          </accessor>
        </technique_common>
      </source>
      <source id="mixamorig1_LeftHandRing1-Interpolations">
        <Name_array id="mixamorig1_LeftHandRing1-Interpolations-array" count="32">
 LINEAR LINEAR LINEAR LINEAR LINEAR LINEAR LINEAR LINEAR LINEAR LINEAR LINEAR
LINEAR LINEAR LINEAR LINEAR LINEAR LINEAR LINEAR LINEAR LINEAR LINEAR LINEAR LINEAR
LINEAR LINEAR LINEAR LINEAR LINEAR LINEAR LINEAR LINEAR LINEAR</Name_array>
        <technique_common>
          <accessor source="#mixamorig1_LeftHandRing1-Interpolations-array" count="32">
            <param type="name"/>
          </accessor>
        </technique_common>
      </source>
      <sampler id="mixamorig1_LeftHandRing1-Matrix-animation-transform">
        <input semantic="INPUT" source="#mixamorig1_LeftHandRing1-Matrix-animation-input"/>
        <input semantic="OUTPUT" source="#mixamorig1_LeftHandRing1-Matrix-animation-output-transform"/>
        <input semantic="INTERPOLATION" source="#mixamorig1_LeftHandRing1-Interpolations"/>
      </sampler>
      <channel source="#mixamorig1_LeftHandRing1-Matrix-animation-transform" target="mixamorig1_LeftHandRing1/matrix"/>
    </animation>
    <animation id="mixamorig1_LeftHandRing2-anim" name="mixamorig1_LeftHandRing2">
      <source id="mixamorig1_LeftHandRing2-Matrix-animation-input">
        <float_array id="mixamorig1_LeftHandRing2-Matrix-animation-input-array" count="32">

0.000000 0.033333 0.066667 0.100000 0.133333 0.166667 0.200000 0.233333 0.266667 0.300000 0.333333 0.366667 0.400000 0.433333 0.466667 0.500000
0.533333 0.566667 0.600000 0.633333 0.666667 0.700000 0.733333 0.766667 0.800000 0.833333 0.866667 0.900000 0.933333 0.966667 1.000000 1.033333</float_array>
        <technique_common>
          <accessor source="#mixamorig1_LeftHandRing2-Matrix-animation-input-array" count="32">
            <param name="TIME" type="float"/>
          </accessor>
        </technique_common>
      </source>
      <source id="mixamorig1_LeftHandRing2-Matrix-animation-output-transform">
        <float_array id="mixamorig1_LeftHandRing2-Matrix-animation-output-transform-array" count="512">

0.998892 0.046439 -0.007624 -0.006600 -0.046362 0.943283 -0.328738 2.726100 -0.008075 0.328727 0.944390 0.000000 0.000000 0.000000 0.000000 1.000000
0.998892 0.046439 -0.007624 -0.006600 -0.046363 0.943282 -0.328740 2.726100 -0.008075 0.328730 0.944390 -0.000000 0.000000 0.000000 0.000000 1.000000
0.998893 0.046423 -0.007619 -0.006600 -0.046347 0.943319 -0.328637 2.726100 -0.008070 0.328626 0.944426 -0.000000 0.000000 0.000000 0.000000 1.000000
0.998895 0.046379 -0.007604 -0.006600 -0.046303 0.943421 -0.328348 2.726100 -0.008055 0.328338 0.944526 -0.000000 0.000000 0.000000 0.000000 1.000000
0.998891 0.046466 -0.007633 -0.006600 -0.046390 0.943218 -0.328918 2.726100 -0.008084 0.328908 0.944328 0.000000 0.000000 0.000000 0.000000 1.000000
0.998890 0.046478 -0.007636 -0.006600 -0.046401 0.943193 -0.328991 2.726100 -0.008088 0.328980 0.944302 -0.000000 0.000000 0.000000 0.000000 1.000000
0.998899 0.046299 -0.007578 -0.006600 -0.046223 0.943606 -0.327827 2.726100 -0.008028 0.327817 0.944707 0.000000 0.000000 0.000000 0.000000 1.000000
0.998905 0.046179 -0.007538 -0.006600 -0.046104 0.943885 -0.327042 2.726100 -0.007987 0.327031 0.944980 0.000000 0.000000 0.000000 0.000000 1.000000
0.998905 0.046179 -0.007538 -0.006600 -0.046103 0.943885 -0.327039 2.726100 -0.007987 0.327029 0.944981 -0.000000 0.000000 0.000000 0.000000 1.000000
0.998910 0.046080 -0.007505 -0.006600 -0.046005 0.944113 -0.326395 2.726100 -0.007954 0.326385 0.945203 0.000000 0.000000 0.000000 0.000000 1.000000
0.998915 0.045966 -0.007468 -0.006600 -0.045891 0.944376 -0.325650 2.726100 -0.007916 0.325639 0.945461 0.000000 0.000000 0.000000 0.000000 1.000000
0.998915 0.045962 -0.007467 -0.006600 -0.045887 0.944385 -0.325623 2.726100 -0.007915 0.325613 0.945470 -0.000000 0.000000 0.000000 0.000000 1.000000
0.998911 0.046054 -0.007497 -0.006600 -0.045979 0.944174 -0.326224 2.726100 -0.007945 0.326213 0.945263 -0.000000 0.000000 0.000000 0.000000 1.000000
0.998911 0.046045 -0.007494 -0.006600 -0.045970 0.944194 -0.326168 2.726100 -0.007943 0.326157 0.945282 0.000000 0.000000 0.000000 0.000000 1.000000
0.998905 0.046178 -0.007537 -0.006600 -0.046102 0.943888 -0.327032 2.726100 -0.007987 0.327021 0.944983 0.000000 0.000000 0.000000 0.000000 1.000000
0.998897 0.046330 -0.007588 -0.006600 -0.046254 0.943534 -0.328031 2.726100 -0.008039 0.328021 0.944636 0.000000 0.000000 0.000000 0.000000 1.000000
0.998890 0.046489 -0.007640 -0.006600 -0.046412 0.943165 -0.329068 2.726100 -0.008092 0.329057 0.944275 0.000000 0.000000 0.000000 0.000000 1.000000
0.998882 0.046638 -0.007690 -0.006600 -0.046561 0.942817 -0.330043 2.726100 -0.008142 0.330032 0.943935 0.000000 0.000000 0.000000 0.000000 1.000000
0.998877 0.046744 -0.007725 -0.006600 -0.046667 0.942570 -0.330733 2.726100 -0.008178 0.330722 0.943693 0.000000 0.000000 0.000000 0.000000 1.000000
0.998872 0.046845 -0.007759 -0.006600 -0.046767 0.942334 -0.331391 2.726100 -0.008213 0.331380 0.943462 -0.000000 0.000000 0.000000 0.000000 1.000000
0.998871 0.046860 -0.007763 -0.006600 -0.046782 0.942298 -0.331491 2.726100 -0.008218 0.331480 0.943426 0.000000 0.000000 0.000000 0.000000 1.000000
0.998872 0.046851 -0.007760 -0.006600 -0.046773 0.942320 -0.331429 2.726100 -0.008215 0.331418 0.943448 0.000000 0.000000 0.000000 0.000000 1.000000
0.998872 0.046850 -0.007761 -0.006600 -0.046773 0.942321 -0.331427 2.726100 -0.008215 0.331416 0.943449 0.000000 0.000000 0.000000 0.000000 1.000000
0.998868 0.046920 -0.007784 -0.006600 -0.046842 0.942156 -0.331885 2.726100 -0.008239 0.331874 0.943288 0.000000 0.000000 0.000000 0.000000 1.000000
0.998867 0.046943 -0.007791 -0.006600 -0.046865 0.942102 -0.332034 2.726100 -0.008246 0.332023 0.943235 0.000000 0.000000 0.000000 0.000000 1.000000
0.998881 0.046671 -0.007701 -0.006600 -0.046594 0.942740 -0.330259 2.726100 -0.008154 0.330248 0.943859 0.000000 0.000000 0.000000 0.000000 1.000000
0.998899 0.046303 -0.007579 -0.006600 -0.046227 0.943597 -0.327855 2.726100 -0.008029 0.327844 0.944698 -0.000000 0.000000 0.000000 0.000000 1.000000
0.998906 0.046156 -0.007530 -0.006600 -0.046080 0.943939 -0.326889 2.726100 -0.007980 0.326879 0.945033 0.000000 0.000000 0.000000 0.000000 1.000000
0.998902 0.046239 -0.007558 -0.006600 -0.046164 0.943746 -0.327434 2.726100 -0.008008 0.327424 0.944844 0.000000 0.000000 0.000000 0.000000 1.000000
0.998898 0.046309 -0.007581 -0.006600 -0.046233 0.943583 -0.327892 2.726100 -0.008031 0.327882 0.944685 0.000000 0.000000 0.000000 0.000000 1.000000
0.998895 0.046375 -0.007603 -0.006600 -0.046299 0.943431 -0.328321 2.726100 -0.008053 0.328310 0.944536 0.000000 0.000000 0.000000 0.000000 1.000000
0.998892 0.046439 -0.007624 -0.006600 -0.046362 0.943283 -0.328738 2.726100 -0.008075 0.328727 0.944391 0.000000 0.000000 0.000000 0.000000 1.000000</float_array>
        <technique_common>
          <accessor source="#mixamorig1_LeftHandRing2-Matrix-animation-output-transform-array" count="32" stride="16">
            <param type="float4x4"/>
          </accessor>
        </technique_common>
      </source>
      <source id="mixamorig1_LeftHandRing2-Interpolations">
        <Name_array id="mixamorig1_LeftHandRing2-Interpolations-array" count="32">
 LINEAR LINEAR LINEAR LINEAR LINEAR LINEAR LINEAR LINEAR LINEAR LINEAR LINEAR
LINEAR LINEAR LINEAR LINEAR LINEAR LINEAR LINEAR LINEAR LINEAR LINEAR LINEAR LINEAR
LINEAR LINEAR LINEAR LINEAR LINEAR LINEAR LINEAR LINEAR LINEAR</Name_array>
        <technique_common>
          <accessor source="#mixamorig1_LeftHandRing2-Interpolations-array" count="32">
            <param type="name"/>
          </accessor>
        </technique_common>
      </source>
      <sampler id="mixamorig1_LeftHandRing2-Matrix-animation-transform">
        <input semantic="INPUT" source="#mixamorig1_LeftHandRing2-Matrix-animation-input"/>
        <input semantic="OUTPUT" source="#mixamorig1_LeftHandRing2-Matrix-animation-output-transform"/>
        <input semantic="INTERPOLATION" source="#mixamorig1_LeftHandRing2-Interpolations"/>
      </sampler>
      <channel source="#mixamorig1_LeftHandRing2-Matrix-animation-transform" target="mixamorig1_LeftHandRing2/matrix"/>
    </animation>
    <animation id="mixamorig1_LeftHandRing3-anim" name="mixamorig1_LeftHandRing3">
      <source id="mixamorig1_LeftHandRing3-Matrix-animation-input">
        <float_array id="mixamorig1_LeftHandRing3-Matrix-animation-input-array" count="32">

0.000000 0.033333 0.066667 0.100000 0.133333 0.166667 0.200000 0.233333 0.266667 0.300000 0.333333 0.366667 0.400000 0.433333 0.466667 0.500000
0.533333 0.566667 0.600000 0.633333 0.666667 0.700000 0.733333 0.766667 0.800000 0.833333 0.866667 0.900000 0.933333 0.966667 1.000000 1.033333</float_array>
        <technique_common>
          <accessor source="#mixamorig1_LeftHandRing3-Matrix-animation-input-array" count="32">
            <param name="TIME" type="float"/>
          </accessor>
        </technique_common>
      </source>
      <source id="mixamorig1_LeftHandRing3-Matrix-animation-output-transform">
        <float_array id="mixamorig1_LeftHandRing3-Matrix-animation-output-transform-array" count="512">

0.998446 0.054688 -0.010741 0.003400 -0.054875 0.930955 -0.360987 2.620300 -0.009742 0.361015 0.932509 0.000000 0.000000 0.000000 0.000000 1.000000
0.998446 0.054688 -0.010741 0.003400 -0.054875 0.930955 -0.360988 2.620300 -0.009743 0.361016 0.932509 0.000000 0.000000 0.000000 0.000000 1.000000
0.998447 0.054673 -0.010735 0.003400 -0.054859 0.930996 -0.360884 2.620300 -0.009737 0.360913 0.932549 0.000000 0.000000 0.000000 0.000000 1.000000
0.998449 0.054629 -0.010718 0.003400 -0.054815 0.931109 -0.360598 2.620300 -0.009720 0.360626 0.932660 -0.000000 0.000000 0.000000 0.000000 1.000000
0.998444 0.054714 -0.010751 0.003400 -0.054900 0.930889 -0.361152 2.620300 -0.009752 0.361181 0.932445 -0.000000 0.000000 0.000000 0.000000 1.000000
0.998444 0.054723 -0.010755 0.003400 -0.054910 0.930865 -0.361215 2.620300 -0.009755 0.361243 0.932421 -0.000000 0.000000 0.000000 0.000000 1.000000
0.998454 0.054549 -0.010686 0.003400 -0.054735 0.931319 -0.360069 2.620300 -0.009690 0.360097 0.932865 0.000000 0.000000 0.000000 0.000000 1.000000
0.998461 0.054432 -0.010639 0.003400 -0.054617 0.931623 -0.359299 2.620300 -0.009646 0.359327 0.933162 0.000000 0.000000 0.000000 0.000000 1.000000
0.998461 0.054433 -0.010640 0.003400 -0.054618 0.931621 -0.359304 2.620300 -0.009646 0.359332 0.933160 0.000000 0.000000 0.000000 0.000000 1.000000
0.998466 0.054338 -0.010602 0.003400 -0.054522 0.931869 -0.358676 2.620300 -0.009610 0.358704 0.933402 0.000000 0.000000 0.000000 0.000000 1.000000
0.998473 0.054226 -0.010558 0.003400 -0.054409 0.932159 -0.357938 2.620300 -0.009568 0.357966 0.933686 0.000000 0.000000 0.000000 0.000000 1.000000
0.998473 0.054220 -0.010556 0.003400 -0.054403 0.932174 -0.357898 2.620300 -0.009566 0.357926 0.933701 0.000000 0.000000 0.000000 0.000000 1.000000
0.998468 0.054310 -0.010591 0.003400 -0.054494 0.931941 -0.358491 2.620300 -0.009599 0.358519 0.933473 0.000000 0.000000 0.000000 0.000000 1.000000
0.998468 0.054302 -0.010588 0.003400 -0.054486 0.931963 -0.358437 2.620300 -0.009596 0.358465 0.933494 -0.000000 0.000000 0.000000 0.000000 1.000000
0.998461 0.054432 -0.010639 0.003400 -0.054617 0.931624 -0.359296 2.620300 -0.009646 0.359324 0.933163 0.000000 0.000000 0.000000 0.000000 1.000000
0.998452 0.054582 -0.010699 0.003400 -0.054768 0.931232 -0.360289 2.620300 -0.009703 0.360317 0.932779 -0.000000 0.000000 0.000000 0.000000 1.000000
0.998443 0.054739 -0.010761 0.003400 -0.054925 0.930823 -0.361319 2.620300 -0.009762 0.361347 0.932380 0.000000 0.000000 0.000000 0.000000 1.000000
0.998434 0.054885 -0.010820 0.003400 -0.055073 0.930438 -0.362288 2.620300 -0.009817 0.362316 0.932004 -0.000000 0.000000 0.000000 0.000000 1.000000
0.998428 0.054989 -0.010861 0.003400 -0.055178 0.930165 -0.362971 2.620300 -0.009857 0.363000 0.931737 0.000000 0.000000 0.000000 0.000000 1.000000
0.998422 0.055088 -0.010901 0.003400 -0.055277 0.929904 -0.363624 2.620300 -0.009895 0.363653 0.931482 0.000000 0.000000 0.000000 0.000000 1.000000
0.998421 0.055103 -0.010907 0.003400 -0.055293 0.929864 -0.363725 2.620300 -0.009901 0.363754 0.931442 0.000000 0.000000 0.000000 0.000000 1.000000
0.998422 0.055094 -0.010903 0.003400 -0.055284 0.929888 -0.363664 2.620300 -0.009897 0.363693 0.931466 0.000000 0.000000 0.000000 0.000000 1.000000
0.998422 0.055094 -0.010903 0.003400 -0.055283 0.929889 -0.363661 2.620300 -0.009897 0.363690 0.931467 -0.000000 0.000000 0.000000 0.000000 1.000000
0.998418 0.055162 -0.010930 0.003400 -0.055352 0.929709 -0.364113 2.620300 -0.009923 0.364142 0.931291 -0.000000 0.000000 0.000000 0.000000 1.000000
0.998416 0.055182 -0.010939 0.003400 -0.055373 0.929655 -0.364247 2.620300 -0.009931 0.364276 0.931238 0.000000 0.000000 0.000000 0.000000 1.000000
0.998432 0.054916 -0.010832 0.003400 -0.055104 0.930358 -0.362489 2.620300 -0.009829 0.362517 0.931925 0.000000 0.000000 0.000000 0.000000 1.000000
0.998454 0.054556 -0.010689 0.003400 -0.054742 0.931300 -0.360115 2.620300 -0.009692 0.360144 0.932847 0.000000 0.000000 0.000000 0.000000 1.000000
0.998462 0.054411 -0.010631 0.003400 -0.054596 0.931679 -0.359157 2.620300 -0.009638 0.359185 0.933216 0.000000 0.000000 0.000000 0.000000 1.000000
0.998457 0.054491 -0.010663 0.003400 -0.054677 0.931470 -0.359687 2.620300 -0.009668 0.359715 0.933012 -0.000000 0.000000 0.000000 0.000000 1.000000
0.998453 0.054560 -0.010690 0.003400 -0.054746 0.931291 -0.360140 2.620300 -0.009694 0.360168 0.932837 -0.000000 0.000000 0.000000 0.000000 1.000000
0.998449 0.054626 -0.010716 0.003400 -0.054812 0.931120 -0.360571 2.620300 -0.009719 0.360600 0.932670 0.000000 0.000000 0.000000 0.000000 1.000000
0.998446 0.054688 -0.010741 0.003400 -0.054875 0.930955 -0.360987 2.620300 -0.009742 0.361015 0.932509 0.000000 0.000000 0.000000 0.000000 1.000000</float_array>
        <technique_common>
          <accessor source="#mixamorig1_LeftHandRing3-Matrix-animation-output-transform-array" count="32" stride="16">
            <param type="float4x4"/>
          </accessor>
        </technique_common>
      </source>
      <source id="mixamorig1_LeftHandRing3-Interpolations">
        <Name_array id="mixamorig1_LeftHandRing3-Interpolations-array" count="32">
 LINEAR LINEAR LINEAR LINEAR LINEAR LINEAR LINEAR LINEAR LINEAR LINEAR LINEAR
LINEAR LINEAR LINEAR LINEAR LINEAR LINEAR LINEAR LINEAR LINEAR LINEAR LINEAR LINEAR
LINEAR LINEAR LINEAR LINEAR LINEAR LINEAR LINEAR LINEAR LINEAR</Name_array>
        <technique_common>
          <accessor source="#mixamorig1_LeftHandRing3-Interpolations-array" count="32">
            <param type="name"/>
          </accessor>
        </technique_common>
      </source>
      <sampler id="mixamorig1_LeftHandRing3-Matrix-animation-transform">
        <input semantic="INPUT" source="#mixamorig1_LeftHandRing3-Matrix-animation-input"/>
        <input semantic="OUTPUT" source="#mixamorig1_LeftHandRing3-Matrix-animation-output-transform"/>
        <input semantic="INTERPOLATION" source="#mixamorig1_LeftHandRing3-Interpolations"/>
      </sampler>
      <channel source="#mixamorig1_LeftHandRing3-Matrix-animation-transform" target="mixamorig1_LeftHandRing3/matrix"/>
    </animation>
    <animation id="mixamorig1_LeftHandPinky1-anim" name="mixamorig1_LeftHandPinky1">
      <source id="mixamorig1_LeftHandPinky1-Matrix-animation-input">
        <float_array id="mixamorig1_LeftHandPinky1-Matrix-animation-input-array" count="32">

0.000000 0.033333 0.066667 0.100000 0.133333 0.166667 0.200000 0.233333 0.266667 0.300000 0.333333 0.366667 0.400000 0.433333 0.466667 0.500000
0.533333 0.566667 0.600000 0.633333 0.666667 0.700000 0.733333 0.766667 0.800000 0.833333 0.866667 0.900000 0.933333 0.966667 1.000000 1.033333</float_array>
        <technique_common>
          <accessor source="#mixamorig1_LeftHandPinky1-Matrix-animation-input-array" count="32">
            <param name="TIME" type="float"/>
          </accessor>
        </technique_common>
      </source>
      <source id="mixamorig1_LeftHandPinky1-Matrix-animation-output-transform">
        <float_array id="mixamorig1_LeftHandPinky1-Matrix-animation-output-transform-array" count="512">

0.994948 0.098196 -0.020902 3.246800 -0.094410 0.844312 -0.527470 11.102000 -0.034148 0.526778 0.849317 -0.112800 0.000000 0.000000 0.000000 1.000000
0.994666 0.101026 -0.020838 3.246800 -0.097124 0.849174 -0.519105 11.102000 -0.034748 0.518360 0.854456 -0.112800 0.000000 0.000000 0.000000 1.000000
0.994893 0.098793 -0.020665 3.246800 -0.095129 0.849425 -0.519064 11.102000 -0.033726 0.518379 0.854485 -0.112800 0.000000 0.000000 0.000000 1.000000
0.995020 0.097527 -0.020578 3.246800 -0.093990 0.849346 -0.519401 11.102000 -0.033177 0.518749 0.854283 -0.112800 0.000000 0.000000 0.000000 1.000000
0.994576 0.101843 -0.021116 3.246800 -0.097700 0.845158 -0.525512 11.102000 -0.035674 0.524725 0.850524 -0.112800 0.000000 0.000000 0.000000 1.000000
0.994614 0.101345 -0.021716 3.246800 -0.096840 0.834004 -0.543193 11.102000 -0.036939 0.542371 0.839327 -0.112800 0.000000 0.000000 0.000000 1.000000
0.995150 0.095985 -0.021527 3.246800 -0.092000 0.830689 -0.549082 11.102000 -0.034822 0.548400 0.835491 -0.112800 0.000000 0.000000 0.000000 1.000000
0.995852 0.088538 -0.020951 3.246800 -0.085456 0.831186 -0.549388 11.102000 -0.031227 0.548899 0.835305 -0.112800 0.000000 0.000000 0.000000 1.000000
0.996644 0.079309 -0.020274 3.246800 -0.077329 0.830913 -0.551002 11.102000 -0.026854 0.550720 0.834258 -0.112800 0.000000 0.000000 0.000000 1.000000
0.997847 0.062775 -0.018978 3.246800 -0.062794 0.831096 -0.552572 11.102000 -0.018916 0.552575 0.833249 -0.112800 0.000000 0.000000 0.000000 1.000000
0.998899 0.043570 -0.017382 3.246800 -0.045904 0.831633 -0.553426 11.102000 -0.009657 0.553614 0.832717 -0.112800 0.000000 0.000000 0.000000 1.000000
0.999430 0.029157 -0.017016 3.246800 -0.033706 0.833861 -0.550945 11.102000 -0.001875 0.551205 0.834368 -0.112800 0.000000 0.000000 0.000000 1.000000
0.999443 0.028815 -0.016851 3.246800 -0.033337 0.835969 -0.547763 11.102000 -0.001697 0.548020 0.836464 -0.112800 0.000000 0.000000 0.000000 1.000000
0.999085 0.039179 -0.017139 3.246800 -0.042117 0.832040 -0.553115 11.102000 -0.007410 0.553330 0.832929 -0.112800 0.000000 0.000000 0.000000 1.000000
0.998899 0.043580 -0.017367 3.246800 -0.045928 0.832969 -0.551410 11.102000 -0.009564 0.551600 0.834054 -0.112800 0.000000 0.000000 0.000000 1.000000
0.998724 0.047338 -0.017572 3.246800 -0.049212 0.834557 -0.548719 11.102000 -0.011310 0.548884 0.835822 -0.112800 0.000000 0.000000 0.000000 1.000000
0.998580 0.050247 -0.017701 3.246800 -0.051760 0.836448 -0.545597 11.102000 -0.012608 0.545738 0.837861 -0.112800 0.000000 0.000000 0.000000 1.000000
0.998485 0.052098 -0.017715 3.246800 -0.053366 0.838291 -0.542604 11.102000 -0.013418 0.542728 0.839802 -0.112800 0.000000 0.000000 0.000000 1.000000
0.998822 0.045431 -0.017057 3.246800 -0.047451 0.840689 -0.539435 11.102000 -0.010167 0.539609 0.841854 -0.112800 0.000000 0.000000 0.000000 1.000000
0.999202 0.036491 -0.016238 3.246800 -0.039517 0.844138 -0.534668 11.102000 -0.005803 0.534883 0.844906 -0.112800 0.000000 0.000000 0.000000 1.000000
0.999388 0.031149 -0.015921 3.246800 -0.034860 0.848836 -0.527506 11.102000 -0.002917 0.527738 0.849402 -0.112800 0.000000 0.000000 0.000000 1.000000
0.999413 0.030409 -0.015783 3.246800 -0.034169 0.850985 -0.524077 11.102000 -0.002505 0.524309 0.851525 -0.112800 0.000000 0.000000 0.000000 1.000000
0.999442 0.029427 -0.015774 3.246800 -0.033330 0.851554 -0.523206 11.102000 -0.001964 0.523440 0.852060 -0.112800 0.000000 0.000000 0.000000 1.000000
0.999612 0.022635 -0.016207 3.246800 -0.027787 0.846680 -0.531376 11.102000 0.001694 0.531620 0.846981 -0.112800 0.000000 0.000000 0.000000 1.000000
0.999622 0.021975 -0.016545 3.246800 -0.027425 0.842779 -0.537561 11.102000 0.002131 0.537811 0.843063 -0.112800 0.000000 0.000000 0.000000 1.000000
0.999602 0.022558 -0.016969 3.246800 -0.028163 0.837770 -0.545296 11.102000 0.001916 0.545557 0.838072 -0.112800 0.000000 0.000000 0.000000 1.000000
0.999393 0.030352 -0.017119 3.246800 -0.034768 0.835563 -0.548294 11.102000 -0.002337 0.548556 0.836110 -0.112800 0.000000 0.000000 0.000000 1.000000
0.998678 0.048140 -0.018040 3.246800 -0.050127 0.833987 -0.549502 11.102000 -0.011408 0.549680 0.835298 -0.112800 0.000000 0.000000 0.000000 1.000000
0.997636 0.065883 -0.019540 3.246800 -0.065694 0.830885 -0.552553 11.102000 -0.020169 0.552531 0.833248 -0.112800 0.000000 0.000000 0.000000 1.000000
0.996990 0.074840 -0.020260 3.246800 -0.073517 0.829476 -0.553682 11.102000 -0.024632 0.553505 0.832481 -0.112800 0.000000 0.000000 0.000000 1.000000
0.996030 0.086566 -0.020747 3.246800 -0.083865 0.834385 -0.544765 11.102000 -0.029847 0.544342 0.838332 -0.112800 0.000000 0.000000 0.000000 1.000000
0.994948 0.098196 -0.020902 3.246800 -0.094410 0.844312 -0.527470 11.102000 -0.034148 0.526778 0.849317 -0.112800 0.000000 0.000000 0.000000 1.000000</float_array>
        <technique_common>
          <accessor source="#mixamorig1_LeftHandPinky1-Matrix-animation-output-transform-array" count="32" stride="16">
            <param type="float4x4"/>
          </accessor>
        </technique_common>
      </source>
      <source id="mixamorig1_LeftHandPinky1-Interpolations">
        <Name_array id="mixamorig1_LeftHandPinky1-Interpolations-array" count="32">
 LINEAR LINEAR LINEAR LINEAR LINEAR LINEAR LINEAR LINEAR LINEAR LINEAR LINEAR
LINEAR LINEAR LINEAR LINEAR LINEAR LINEAR LINEAR LINEAR LINEAR LINEAR LINEAR LINEAR
LINEAR LINEAR LINEAR LINEAR LINEAR LINEAR LINEAR LINEAR LINEAR</Name_array>
        <technique_common>
          <accessor source="#mixamorig1_LeftHandPinky1-Interpolations-array" count="32">
            <param type="name"/>
          </accessor>
        </technique_common>
      </source>
      <sampler id="mixamorig1_LeftHandPinky1-Matrix-animation-transform">
        <input semantic="INPUT" source="#mixamorig1_LeftHandPinky1-Matrix-animation-input"/>
        <input semantic="OUTPUT" source="#mixamorig1_LeftHandPinky1-Matrix-animation-output-transform"/>
        <input semantic="INTERPOLATION" source="#mixamorig1_LeftHandPinky1-Interpolations"/>
      </sampler>
      <channel source="#mixamorig1_LeftHandPinky1-Matrix-animation-transform" target="mixamorig1_LeftHandPinky1/matrix"/>
    </animation>
    <animation id="mixamorig1_LeftHandPinky2-anim" name="mixamorig1_LeftHandPinky2">
      <source id="mixamorig1_LeftHandPinky2-Matrix-animation-input">
        <float_array id="mixamorig1_LeftHandPinky2-Matrix-animation-input-array" count="32">

0.000000 0.033333 0.066667 0.100000 0.133333 0.166667 0.200000 0.233333 0.266667 0.300000 0.333333 0.366667 0.400000 0.433333 0.466667 0.500000
0.533333 0.566667 0.600000 0.633333 0.666667 0.700000 0.733333 0.766667 0.800000 0.833333 0.866667 0.900000 0.933333 0.966667 1.000000 1.033333</float_array>
        <technique_common>
          <accessor source="#mixamorig1_LeftHandPinky2-Matrix-animation-input-array" count="32">
            <param name="TIME" type="float"/>
          </accessor>
        </technique_common>
      </source>
      <source id="mixamorig1_LeftHandPinky2-Matrix-animation-output-transform">
        <float_array id="mixamorig1_LeftHandPinky2-Matrix-animation-output-transform-array" count="512">

0.998698 0.050373 -0.007994 0.008400 -0.050433 0.951976 -0.301989 2.734600 -0.007602 0.301999 0.953278 0.000000 0.000000 0.000000 0.000000 1.000000
0.998695 0.050432 -0.008015 0.008400 -0.050493 0.951849 -0.302380 2.734600 -0.007621 0.302390 0.953154 0.000000 0.000000 0.000000 0.000000 1.000000
0.998697 0.050403 -0.008005 0.008400 -0.050464 0.951911 -0.302191 2.734600 -0.007612 0.302201 0.953214 0.000000 0.000000 0.000000 0.000000 1.000000
0.998702 0.050309 -0.007973 0.008400 -0.050369 0.952113 -0.301567 2.734600 -0.007581 0.301577 0.953412 0.000000 0.000000 0.000000 0.000000 1.000000
0.998701 0.050321 -0.007977 0.008400 -0.050382 0.952086 -0.301651 2.734600 -0.007585 0.301661 0.953385 0.000000 0.000000 0.000000 0.000000 1.000000
0.998707 0.050203 -0.007937 0.008400 -0.050264 0.952339 -0.300874 2.734600 -0.007546 0.300884 0.953631 0.000000 0.000000 0.000000 0.000000 1.000000
0.998719 0.049992 -0.007866 0.008400 -0.050052 0.952788 -0.299483 2.734600 -0.007477 0.299493 0.954069 0.000000 0.000000 0.000000 0.000000 1.000000
0.998726 0.049860 -0.007821 0.008400 -0.049919 0.953069 -0.298611 2.734600 -0.007435 0.298620 0.954343 0.000000 0.000000 0.000000 0.000000 1.000000
0.998725 0.049877 -0.007827 0.008400 -0.049936 0.953034 -0.298719 2.734600 -0.007440 0.298729 0.954309 -0.000000 0.000000 0.000000 0.000000 1.000000
0.998740 0.049578 -0.007727 0.008400 -0.049637 0.953663 -0.296754 2.734600 -0.007344 0.296764 0.954923 -0.000000 0.000000 0.000000 0.000000 1.000000
0.998760 0.049204 -0.007603 0.008400 -0.049261 0.954448 -0.294284 2.734600 -0.007224 0.294294 0.955688 -0.000000 0.000000 0.000000 0.000000 1.000000
0.998768 0.049049 -0.007551 0.008400 -0.049105 0.954769 -0.293266 2.734600 -0.007175 0.293275 0.956001 0.000000 0.000000 0.000000 0.000000 1.000000
0.998765 0.049107 -0.007571 0.008400 -0.049164 0.954648 -0.293649 2.734600 -0.007193 0.293658 0.955883 -0.000000 0.000000 0.000000 0.000000 1.000000
0.998746 0.049477 -0.007693 0.008400 -0.049535 0.953875 -0.296088 2.734600 -0.007311 0.296097 0.955130 0.000000 0.000000 0.000000 0.000000 1.000000
0.998733 0.049714 -0.007772 0.008400 -0.049773 0.953376 -0.297652 2.734600 -0.007388 0.297662 0.954643 -0.000000 0.000000 0.000000 0.000000 1.000000
0.998721 0.049939 -0.007847 0.008400 -0.049998 0.952902 -0.299130 2.734600 -0.007461 0.299140 0.954180 0.000000 0.000000 0.000000 0.000000 1.000000
0.998711 0.050141 -0.007915 0.008400 -0.050200 0.952472 -0.300460 2.734600 -0.007526 0.300470 0.953762 0.000000 0.000000 0.000000 0.000000 1.000000
0.998702 0.050311 -0.007973 0.008400 -0.050371 0.952109 -0.301581 2.734600 -0.007581 0.301591 0.953407 0.000000 0.000000 0.000000 0.000000 1.000000
0.998706 0.050234 -0.007947 0.008400 -0.050294 0.952275 -0.301071 2.734600 -0.007556 0.301081 0.953569 -0.000000 0.000000 0.000000 0.000000 1.000000
0.998707 0.050213 -0.007940 0.008400 -0.050273 0.952319 -0.300934 2.734600 -0.007549 0.300944 0.953612 -0.000000 0.000000 0.000000 0.000000 1.000000
0.998713 0.050093 -0.007900 0.008400 -0.050153 0.952574 -0.300145 2.734600 -0.007510 0.300155 0.953861 -0.000000 0.000000 0.000000 0.000000 1.000000
0.998713 0.050092 -0.007899 0.008400 -0.050152 0.952577 -0.300136 2.734600 -0.007510 0.300146 0.953864 -0.000000 0.000000 0.000000 0.000000 1.000000
0.998713 0.050102 -0.007903 0.008400 -0.050162 0.952555 -0.300205 2.734600 -0.007513 0.300215 0.953842 0.000000 0.000000 0.000000 0.000000 1.000000
0.998715 0.050053 -0.007886 0.008400 -0.050112 0.952660 -0.299880 2.734600 -0.007497 0.299890 0.953944 0.000000 0.000000 0.000000 0.000000 1.000000
0.998726 0.049846 -0.007816 0.008400 -0.049905 0.953098 -0.298519 2.734600 -0.007430 0.298529 0.954372 0.000000 0.000000 0.000000 0.000000 1.000000
0.998747 0.049441 -0.007681 0.008400 -0.049499 0.953951 -0.295851 2.734600 -0.007300 0.295861 0.955203 0.000000 0.000000 0.000000 0.000000 1.000000
0.998762 0.049157 -0.007587 0.008400 -0.049214 0.954545 -0.293976 2.734600 -0.007209 0.293985 0.955783 -0.000000 0.000000 0.000000 0.000000 1.000000
0.998758 0.049240 -0.007614 0.008400 -0.049297 0.954371 -0.294526 2.734600 -0.007236 0.294536 0.955613 0.000000 0.000000 0.000000 0.000000 1.000000
0.998744 0.049515 -0.007706 0.008400 -0.049573 0.953796 -0.296337 2.734600 -0.007323 0.296347 0.955052 0.000000 0.000000 0.000000 0.000000 1.000000
0.998735 0.049674 -0.007759 0.008400 -0.049733 0.953461 -0.297388 2.734600 -0.007374 0.297398 0.954725 0.000000 0.000000 0.000000 0.000000 1.000000
0.998718 0.050001 -0.007868 0.008400 -0.050060 0.952769 -0.299540 2.734600 -0.007481 0.299550 0.954051 0.000000 0.000000 0.000000 0.000000 1.000000
0.998698 0.050373 -0.007994 0.008400 -0.050434 0.951976 -0.301989 2.734600 -0.007602 0.302000 0.953278 0.000000 0.000000 0.000000 0.000000 1.000000</float_array>
        <technique_common>
          <accessor source="#mixamorig1_LeftHandPinky2-Matrix-animation-output-transform-array" count="32" stride="16">
            <param type="float4x4"/>
          </accessor>
        </technique_common>
      </source>
      <source id="mixamorig1_LeftHandPinky2-Interpolations">
        <Name_array id="mixamorig1_LeftHandPinky2-Interpolations-array" count="32">
 LINEAR LINEAR LINEAR LINEAR LINEAR LINEAR LINEAR LINEAR LINEAR LINEAR LINEAR
LINEAR LINEAR LINEAR LINEAR LINEAR LINEAR LINEAR LINEAR LINEAR LINEAR LINEAR LINEAR
LINEAR LINEAR LINEAR LINEAR LINEAR LINEAR LINEAR LINEAR LINEAR</Name_array>
        <technique_common>
          <accessor source="#mixamorig1_LeftHandPinky2-Interpolations-array" count="32">
            <param type="name"/>
          </accessor>
        </technique_common>
      </source>
      <sampler id="mixamorig1_LeftHandPinky2-Matrix-animation-transform">
        <input semantic="INPUT" source="#mixamorig1_LeftHandPinky2-Matrix-animation-input"/>
        <input semantic="OUTPUT" source="#mixamorig1_LeftHandPinky2-Matrix-animation-output-transform"/>
        <input semantic="INTERPOLATION" source="#mixamorig1_LeftHandPinky2-Interpolations"/>
      </sampler>
      <channel source="#mixamorig1_LeftHandPinky2-Matrix-animation-transform" target="mixamorig1_LeftHandPinky2/matrix"/>
    </animation>
    <animation id="mixamorig1_LeftHandPinky3-anim" name="mixamorig1_LeftHandPinky3">
      <source id="mixamorig1_LeftHandPinky3-Matrix-animation-input">
        <float_array id="mixamorig1_LeftHandPinky3-Matrix-animation-input-array" count="32">

0.000000 0.033333 0.066667 0.100000 0.133333 0.166667 0.200000 0.233333 0.266667 0.300000 0.333333 0.366667 0.400000 0.433333 0.466667 0.500000
0.533333 0.566667 0.600000 0.633333 0.666667 0.700000 0.733333 0.766667 0.800000 0.833333 0.866667 0.900000 0.933333 0.966667 1.000000 1.033333</float_array>
        <technique_common>
          <accessor source="#mixamorig1_LeftHandPinky3-Matrix-animation-input-array" count="32">
            <param name="TIME" type="float"/>
          </accessor>
        </technique_common>
      </source>
      <source id="mixamorig1_LeftHandPinky3-Matrix-animation-output-transform">
        <float_array id="mixamorig1_LeftHandPinky3-Matrix-animation-output-transform-array" count="512">

0.998842 0.047629 -0.006789 -0.002900 -0.047454 0.952120 -0.302018 2.194000 -0.007921 0.301991 0.953278 -0.000000 0.000000 0.000000 0.000000 1.000000
0.998839 0.047689 -0.006808 -0.002900 -0.047514 0.951993 -0.302410 2.194000 -0.007941 0.302382 0.953154 0.000000 0.000000 0.000000 0.000000 1.000000
0.998840 0.047660 -0.006799 -0.002900 -0.047485 0.952055 -0.302220 2.194000 -0.007931 0.302193 0.953214 0.000000 0.000000 0.000000 0.000000 1.000000
0.998845 0.047565 -0.006769 -0.002900 -0.047390 0.952257 -0.301597 2.194000 -0.007899 0.301569 0.953411 0.000000 0.000000 0.000000 0.000000 1.000000
0.998845 0.047578 -0.006773 -0.002900 -0.047403 0.952230 -0.301681 2.194000 -0.007904 0.301653 0.953385 0.000000 0.000000 0.000000 0.000000 1.000000
0.998850 0.047458 -0.006737 -0.002900 -0.047285 0.952482 -0.300903 2.194000 -0.007864 0.300875 0.953631 0.000000 0.000000 0.000000 0.000000 1.000000
0.998861 0.047246 -0.006671 -0.002900 -0.047074 0.952930 -0.299512 2.194000 -0.007793 0.299485 0.954069 0.000000 0.000000 0.000000 0.000000 1.000000
0.998868 0.047112 -0.006631 -0.002900 -0.046941 0.953211 -0.298640 2.194000 -0.007749 0.298613 0.954343 0.000000 0.000000 0.000000 0.000000 1.000000
0.998867 0.047129 -0.006636 -0.002900 -0.046958 0.953176 -0.298747 2.194000 -0.007754 0.298720 0.954309 0.000000 0.000000 0.000000 0.000000 1.000000
0.998882 0.046828 -0.006545 -0.002900 -0.046659 0.953804 -0.296783 2.194000 -0.007655 0.296756 0.954923 0.000000 0.000000 0.000000 0.000000 1.000000
0.998900 0.046450 -0.006431 -0.002900 -0.046284 0.954588 -0.294312 2.194000 -0.007531 0.294286 0.955688 0.000000 0.000000 0.000000 0.000000 1.000000
0.998908 0.046292 -0.006384 -0.002900 -0.046128 0.954912 -0.293283 2.194000 -0.007480 0.293257 0.956004 0.000000 0.000000 0.000000 0.000000 1.000000
0.998905 0.046351 -0.006402 -0.002900 -0.046186 0.954791 -0.293667 2.194000 -0.007499 0.293641 0.955886 0.000000 0.000000 0.000000 0.000000 1.000000
0.998887 0.046726 -0.006514 -0.002900 -0.046558 0.954017 -0.296116 2.194000 -0.007622 0.296089 0.955130 0.000000 0.000000 0.000000 0.000000 1.000000
0.998875 0.046966 -0.006586 -0.002900 -0.046796 0.953518 -0.297682 2.194000 -0.007701 0.297655 0.954643 -0.000000 0.000000 0.000000 0.000000 1.000000
0.998864 0.047192 -0.006655 -0.002900 -0.047020 0.953044 -0.299160 2.194000 -0.007776 0.299133 0.954180 0.000000 0.000000 0.000000 0.000000 1.000000
0.998854 0.047395 -0.006717 -0.002900 -0.047222 0.952615 -0.300489 2.194000 -0.007843 0.300462 0.953762 -0.000000 0.000000 0.000000 0.000000 1.000000
0.998845 0.047567 -0.006770 -0.002900 -0.047392 0.952253 -0.301610 2.194000 -0.007900 0.301583 0.953407 0.000000 0.000000 0.000000 0.000000 1.000000
0.998849 0.047489 -0.006746 -0.002900 -0.047315 0.952418 -0.301101 2.194000 -0.007874 0.301073 0.953568 0.000000 0.000000 0.000000 0.000000 1.000000
0.998850 0.047468 -0.006740 -0.002900 -0.047294 0.952462 -0.300964 2.194000 -0.007867 0.300936 0.953612 0.000000 0.000000 0.000000 0.000000 1.000000
0.998856 0.047347 -0.006702 -0.002900 -0.047174 0.952718 -0.300173 2.194000 -0.007827 0.300146 0.953861 0.000000 0.000000 0.000000 0.000000 1.000000
0.998856 0.047346 -0.006702 -0.002900 -0.047173 0.952720 -0.300164 2.194000 -0.007826 0.300137 0.953864 0.000000 0.000000 0.000000 0.000000 1.000000
0.998856 0.047356 -0.006705 -0.002900 -0.047183 0.952699 -0.300232 2.194000 -0.007830 0.300205 0.953843 -0.000000 0.000000 0.000000 0.000000 1.000000
0.998858 0.047304 -0.006689 -0.002900 -0.047132 0.952807 -0.299896 2.194000 -0.007813 0.299869 0.953949 0.000000 0.000000 0.000000 0.000000 1.000000
0.998868 0.047096 -0.006626 -0.002900 -0.046925 0.953246 -0.298531 2.194000 -0.007743 0.298504 0.954377 -0.000000 0.000000 0.000000 0.000000 1.000000
0.998888 0.046687 -0.006502 -0.002900 -0.046520 0.954097 -0.295863 2.194000 -0.007609 0.295836 0.955208 0.000000 0.000000 0.000000 0.000000 1.000000
0.998902 0.046402 -0.006417 -0.002900 -0.046237 0.954686 -0.294000 2.194000 -0.007516 0.293974 0.955784 0.000000 0.000000 0.000000 0.000000 1.000000
0.998898 0.046487 -0.006442 -0.002900 -0.046321 0.954512 -0.294554 2.194000 -0.007544 0.294528 0.955613 0.000000 0.000000 0.000000 0.000000 1.000000
0.998885 0.046764 -0.006526 -0.002900 -0.046596 0.953937 -0.296365 2.194000 -0.007634 0.296339 0.955052 0.000000 0.000000 0.000000 0.000000 1.000000
0.998877 0.046925 -0.006574 -0.002900 -0.046755 0.953602 -0.297416 2.194000 -0.007687 0.297390 0.954725 0.000000 0.000000 0.000000 0.000000 1.000000
0.998861 0.047254 -0.006674 -0.002900 -0.047082 0.952912 -0.299569 2.194000 -0.007796 0.299541 0.954051 0.000000 0.000000 0.000000 0.000000 1.000000
0.998842 0.047629 -0.006789 -0.002900 -0.047454 0.952120 -0.302018 2.194000 -0.007921 0.301991 0.953278 -0.000000 0.000000 0.000000 0.000000 1.000000</float_array>
        <technique_common>
          <accessor source="#mixamorig1_LeftHandPinky3-Matrix-animation-output-transform-array" count="32" stride="16">
            <param type="float4x4"/>
          </accessor>
        </technique_common>
      </source>
      <source id="mixamorig1_LeftHandPinky3-Interpolations">
        <Name_array id="mixamorig1_LeftHandPinky3-Interpolations-array" count="32">
 LINEAR LINEAR LINEAR LINEAR LINEAR LINEAR LINEAR LINEAR LINEAR LINEAR LINEAR
LINEAR LINEAR LINEAR LINEAR LINEAR LINEAR LINEAR LINEAR LINEAR LINEAR LINEAR LINEAR
LINEAR LINEAR LINEAR LINEAR LINEAR LINEAR LINEAR LINEAR LINEAR</Name_array>
        <technique_common>
          <accessor source="#mixamorig1_LeftHandPinky3-Interpolations-array" count="32">
            <param type="name"/>
          </accessor>
        </technique_common>
      </source>
      <sampler id="mixamorig1_LeftHandPinky3-Matrix-animation-transform">
        <input semantic="INPUT" source="#mixamorig1_LeftHandPinky3-Matrix-animation-input"/>
        <input semantic="OUTPUT" source="#mixamorig1_LeftHandPinky3-Matrix-animation-output-transform"/>
        <input semantic="INTERPOLATION" source="#mixamorig1_LeftHandPinky3-Interpolations"/>
      </sampler>
      <channel source="#mixamorig1_LeftHandPinky3-Matrix-animation-transform" target="mixamorig1_LeftHandPinky3/matrix"/>
    </animation>
    <animation id="mixamorig1_RightShoulder-anim" name="mixamorig1_RightShoulder">
      <source id="mixamorig1_RightShoulder-Matrix-animation-input">
        <float_array id="mixamorig1_RightShoulder-Matrix-animation-input-array" count="32">

0.000000 0.033333 0.066667 0.100000 0.133333 0.166667 0.200000 0.233333 0.266667 0.300000 0.333333 0.366667 0.400000 0.433333 0.466667 0.500000
0.533333 0.566667 0.600000 0.633333 0.666667 0.700000 0.733333 0.766667 0.800000 0.833333 0.866667 0.900000 0.933333 0.966667 1.000000 1.033333</float_array>
        <technique_common>
          <accessor source="#mixamorig1_RightShoulder-Matrix-animation-input-array" count="32">
            <param name="TIME" type="float"/>
          </accessor>
        </technique_common>
      </source>
      <source id="mixamorig1_RightShoulder-Matrix-animation-output-transform">
        <float_array id="mixamorig1_RightShoulder-Matrix-animation-output-transform-array" count="512">

0.012136 -0.856566 0.515894 -6.140200 -0.021607 -0.516036 -0.856294 12.993700 0.999693 -0.000755 -0.024770 -0.175900 0.000000 0.000000 0.000000 1.000000
0.018073 -0.858455 0.512570 -6.140200 -0.021078 -0.512867 -0.858209 12.993700 0.999614 0.004706 -0.027363 -0.175900 0.000000 0.000000 0.000000 1.000000
0.025361 -0.864573 0.501866 -6.140200 -0.020143 -0.502368 -0.864419 12.993700 0.999475 0.011814 -0.030155 -0.175900 0.000000 0.000000 0.000000 1.000000
0.034724 -0.871085 0.489903 -6.140200 -0.019153 -0.490688 -0.871125 12.993700 0.999213 0.020866 -0.033723 -0.175900 0.000000 0.000000 0.000000 1.000000
0.051848 -0.871154 0.488265 -6.140200 -0.018328 -0.489670 -0.871715 12.993700 0.998487 0.036248 -0.041355 -0.175900 0.000000 0.000000 0.000000 1.000000
0.073126 -0.867888 0.491347 -6.140200 -0.017435 -0.493704 -0.869455 12.993700 0.997170 0.055013 -0.051234 -0.175900 0.000000 0.000000 0.000000 1.000000
0.084624 -0.869389 0.486827 -6.140200 -0.016830 -0.489757 -0.871696 12.993700 0.996271 0.065573 -0.056077 -0.175900 0.000000 0.000000 0.000000 1.000000
0.083586 -0.873219 0.480107 -6.140200 -0.016784 -0.482958 -0.875483 12.993700 0.996359 0.065120 -0.055025 -0.175900 0.000000 0.000000 0.000000 1.000000
0.073472 -0.874934 0.478635 -6.140200 -0.017169 -0.480971 -0.876568 12.993700 0.997150 0.056185 -0.050360 -0.175900 0.000000 0.000000 0.000000 1.000000
0.065927 -0.874833 0.479917 -6.140200 -0.017499 -0.481903 -0.876050 12.993700 0.997671 0.049357 -0.047079 -0.175900 0.000000 0.000000 0.000000 1.000000
0.061117 -0.872327 0.485088 -6.140200 -0.017830 -0.486873 -0.873291 12.993700 0.997971 0.044724 -0.045309 -0.175900 0.000000 0.000000 0.000000 1.000000
0.057400 -0.870517 0.488779 -6.140200 -0.018096 -0.490413 -0.871302 12.993700 0.998187 0.041168 -0.043902 -0.175900 0.000000 0.000000 0.000000 1.000000
0.057989 -0.871256 0.487390 -6.140200 -0.018029 -0.489046 -0.872071 12.993700 0.998154 0.041783 -0.044068 -0.175900 0.000000 0.000000 0.000000 1.000000
0.057544 -0.870698 0.488441 -6.140200 -0.018080 -0.490080 -0.871490 12.993700 0.998179 0.041318 -0.043943 -0.175900 0.000000 0.000000 0.000000 1.000000
0.051912 -0.868983 0.492112 -6.140200 -0.018481 -0.493528 -0.869533 12.993700 0.998481 0.036045 -0.041680 -0.175900 0.000000 0.000000 0.000000 1.000000
0.045587 -0.866976 0.496260 -6.140200 -0.018937 -0.497437 -0.867293 12.993700 0.998781 0.030139 -0.039095 -0.175900 0.000000 0.000000 0.000000 1.000000
0.038865 -0.865061 0.500158 -6.140200 -0.019403 -0.501095 -0.865174 12.993700 0.999056 0.023921 -0.036260 -0.175900 0.000000 0.000000 0.000000 1.000000
0.032045 -0.863639 0.503091 -6.140200 -0.019835 -0.503800 -0.863593 12.993700 0.999290 0.017695 -0.033275 -0.175900 0.000000 0.000000 0.000000 1.000000
0.023709 -0.865858 0.499728 -6.140200 -0.020074 -0.500180 -0.865689 12.993700 0.999517 0.010493 -0.029240 -0.175900 0.000000 0.000000 0.000000 1.000000
0.015667 -0.868995 0.494573 -6.140200 -0.020141 -0.494807 -0.868769 12.993700 0.999674 0.003650 -0.025255 -0.175900 0.000000 0.000000 0.000000 1.000000
0.004799 -0.872453 0.488675 -6.140200 -0.020205 -0.488666 -0.872237 12.993700 0.999784 -0.005688 -0.019973 -0.175900 0.000000 0.000000 0.000000 1.000000
-0.008073 -0.874574 0.484824 -6.140200 -0.020362 -0.484596 -0.874501 12.993700 0.999760 -0.016932 -0.013896 -0.175900 0.000000 0.000000 0.000000 1.000000
-0.019329 -0.875461 0.482902 -6.140200 -0.020587 -0.482542 -0.875631 12.993700 0.999601 -0.026867 -0.008696 -0.175900 0.000000 0.000000 0.000000 1.000000
-0.020503 -0.872024 0.489034 -6.140200 -0.021055 -0.488652 -0.872225 12.993700 0.999568 -0.028180 -0.008341 -0.175900 0.000000 0.000000 0.000000 1.000000
-0.017375 -0.866630 0.498649 -6.140200 -0.021677 -0.498281 -0.866745 12.993700 0.999614 -0.025868 -0.010128 -0.175900 0.000000 0.000000 0.000000 1.000000
-0.011676 -0.860977 0.508509 -6.140200 -0.022215 -0.508195 -0.860955 12.993700 0.999685 -0.021349 -0.013193 -0.175900 0.000000 0.000000 0.000000 1.000000
-0.009865 -0.854245 0.519777 -6.140200 -0.023102 -0.519468 -0.854177 12.993700 0.999684 -0.020435 -0.014610 -0.175900 0.000000 0.000000 0.000000 1.000000
-0.011286 -0.848310 0.529379 -6.140200 -0.024084 -0.529029 -0.848262 12.993700 0.999646 -0.022323 -0.014460 -0.175900 0.000000 0.000000 0.000000 1.000000
-0.009219 -0.847832 0.530185 -6.140200 -0.024062 -0.529866 -0.847740 12.993700 0.999668 -0.020573 -0.015516 -0.175900 0.000000 0.000000 0.000000 1.000000
-0.003364 -0.850146 0.526537 -6.140200 -0.023393 -0.526328 -0.849959 12.993700 0.999721 -0.015177 -0.018117 -0.175900 0.000000 0.000000 0.000000 1.000000
0.005110 -0.853011 0.521867 -6.140200 -0.022496 -0.521840 -0.852747 12.993700 0.999734 -0.007382 -0.021856 -0.175900 0.000000 0.000000 0.000000 1.000000
0.012136 -0.856563 0.515899 -6.140200 -0.021607 -0.516041 -0.856291 12.993700 0.999693 -0.000755 -0.024770 -0.175900 0.000000 0.000000 0.000000 1.000000</float_array>
        <technique_common>
          <accessor source="#mixamorig1_RightShoulder-Matrix-animation-output-transform-array" count="32" stride="16">
            <param type="float4x4"/>
          </accessor>
        </technique_common>
      </source>
      <source id="mixamorig1_RightShoulder-Interpolations">
        <Name_array id="mixamorig1_RightShoulder-Interpolations-array" count="32">
 LINEAR LINEAR LINEAR LINEAR LINEAR LINEAR LINEAR LINEAR LINEAR LINEAR LINEAR
LINEAR LINEAR LINEAR LINEAR LINEAR LINEAR LINEAR LINEAR LINEAR LINEAR LINEAR LINEAR
LINEAR LINEAR LINEAR LINEAR LINEAR LINEAR LINEAR LINEAR LINEAR</Name_array>
        <technique_common>
          <accessor source="#mixamorig1_RightShoulder-Interpolations-array" count="32">
            <param type="name"/>
          </accessor>
        </technique_common>
      </source>
      <sampler id="mixamorig1_RightShoulder-Matrix-animation-transform">
        <input semantic="INPUT" source="#mixamorig1_RightShoulder-Matrix-animation-input"/>
        <input semantic="OUTPUT" source="#mixamorig1_RightShoulder-Matrix-animation-output-transform"/>
        <input semantic="INTERPOLATION" source="#mixamorig1_RightShoulder-Interpolations"/>
      </sampler>
      <channel source="#mixamorig1_RightShoulder-Matrix-animation-transform" target="mixamorig1_RightShoulder/matrix"/>
    </animation>
    <animation id="mixamorig1_RightArm-anim" name="mixamorig1_RightArm">
      <source id="mixamorig1_RightArm-Matrix-animation-input">
        <float_array id="mixamorig1_RightArm-Matrix-animation-input-array" count="32">

0.000000 0.033333 0.066667 0.100000 0.133333 0.166667 0.200000 0.233333 0.266667 0.300000 0.333333 0.366667 0.400000 0.433333 0.466667 0.500000
0.533333 0.566667 0.600000 0.633333 0.666667 0.700000 0.733333 0.766667 0.800000 0.833333 0.866667 0.900000 0.933333 0.966667 1.000000 1.033333</float_array>
        <technique_common>
          <accessor source="#mixamorig1_RightArm-Matrix-animation-input-array" count="32">
            <param name="TIME" type="float"/>
          </accessor>
        </technique_common>
      </source>
      <source id="mixamorig1_RightArm-Matrix-animation-output-transform">
        <float_array id="mixamorig1_RightArm-Matrix-animation-output-transform-array" count="512">

0.902137 0.195520 -0.384605 0.000000 -0.389011 0.754142 -0.529093 13.005900 0.186599 0.626930 0.756399 0.000000 0.000000 0.000000 0.000000 1.000000
0.885696 0.235778 -0.399939 -0.000000 -0.424954 0.758633 -0.493853 13.005900 0.186967 0.607359 0.772113 0.000000 0.000000 0.000000 0.000000 1.000000
0.871026 0.274214 -0.407579 0.000000 -0.454080 0.765985 -0.455058 13.005900 0.187416 0.581441 0.791708 0.000000 0.000000 0.000000 0.000000 1.000000
0.858086 0.317085 -0.403912 -0.000000 -0.479980 0.774820 -0.411428 13.005900 0.182502 0.546910 0.817057 -0.000000 0.000000 0.000000 0.000000 1.000000
0.842369 0.362742 -0.398539 -0.000000 -0.506136 0.786473 -0.353959 13.005900 0.185044 0.499879 0.846097 -0.000000 0.000000 0.000000 0.000000 1.000000
0.829185 0.399683 -0.390775 -0.000000 -0.524427 0.798208 -0.296378 13.005900 0.193463 0.450685 0.871467 0.000000 0.000000 0.000000 0.000000 1.000000
0.827856 0.418039 -0.374029 -0.000000 -0.529186 0.803193 -0.273573 13.005900 0.186054 0.424411 0.886149 0.000000 0.000000 0.000000 0.000000 1.000000
0.839179 0.404901 -0.363088 0.000000 -0.514820 0.806638 -0.290336 13.005900 0.175323 0.430569 0.885365 0.000000 0.000000 0.000000 0.000000 1.000000
0.850952 0.365429 -0.377283 0.000000 -0.491485 0.807345 -0.326553 13.005900 0.185265 0.463310 0.866615 0.000000 0.000000 0.000000 0.000000 1.000000
0.863453 0.306312 -0.400777 0.000000 -0.459881 0.804477 -0.375933 13.005900 0.207263 0.508910 0.835495 0.000000 0.000000 0.000000 0.000000 1.000000
0.880464 0.231809 -0.413579 0.000000 -0.414152 0.800663 -0.432916 13.005900 0.230784 0.552452 0.800959 -0.000000 0.000000 0.000000 0.000000 1.000000
0.890522 0.168690 -0.422509 0.000000 -0.378534 0.789901 -0.482461 13.005900 0.252354 0.589576 0.767279 -0.000000 0.000000 0.000000 0.000000 1.000000
0.890948 0.137170 -0.432892 -0.000000 -0.369576 0.772953 -0.515710 13.005900 0.263865 0.619458 0.739356 0.000000 0.000000 0.000000 0.000000 1.000000
0.900311 0.114472 -0.419923 -0.000000 -0.352408 0.757937 -0.548945 13.005900 0.255437 0.642206 0.722720 0.000000 0.000000 0.000000 0.000000 1.000000
0.914830 0.065630 -0.398470 0.000000 -0.306151 0.756175 -0.578334 13.005900 0.263357 0.651070 0.711865 0.000000 0.000000 0.000000 0.000000 1.000000
0.927582 0.013164 -0.373387 0.000000 -0.255042 0.752623 -0.607052 13.005900 0.273028 0.658320 0.701477 0.000000 0.000000 0.000000 0.000000 1.000000
0.937161 -0.040497 -0.346540 0.000000 -0.202275 0.746222 -0.634222 13.005900 0.284280 0.664464 0.691138 0.000000 0.000000 0.000000 0.000000 1.000000
0.942834 -0.092874 -0.320061 0.000000 -0.151205 0.736633 -0.659173 13.005900 0.296988 0.669885 0.680479 0.000000 0.000000 0.000000 0.000000 1.000000
0.939773 -0.144563 -0.309724 0.000000 -0.109550 0.730958 -0.673572 13.005900 0.323768 0.666935 0.671097 0.000000 0.000000 0.000000 0.000000 1.000000
0.936760 -0.186969 -0.295844 0.000000 -0.072815 0.722712 -0.687303 13.005900 0.342314 0.665380 0.663394 0.000000 0.000000 0.000000 0.000000 1.000000
0.933769 -0.221552 -0.281054 0.000000 -0.041046 0.713853 -0.699092 13.005900 0.355516 0.664326 0.657479 -0.000000 0.000000 0.000000 0.000000 1.000000
0.933213 -0.240625 -0.266858 0.000000 -0.020257 0.706255 -0.707667 13.005900 0.358752 0.665810 0.654212 0.000000 0.000000 0.000000 0.000000 1.000000
0.933281 -0.251588 -0.256299 -0.000000 -0.006581 0.701536 -0.712604 13.005900 0.359086 0.666747 0.653074 0.000000 0.000000 0.000000 0.000000 1.000000
0.934763 -0.238034 -0.263736 0.000000 -0.017523 0.710559 -0.703420 13.005900 0.354838 0.662153 0.660033 -0.000000 0.000000 0.000000 0.000000 1.000000
0.933487 -0.203135 -0.295530 0.000000 -0.055500 0.732332 -0.678682 13.005900 0.354290 0.649943 0.672349 -0.000000 0.000000 0.000000 0.000000 1.000000
0.929447 -0.151945 -0.336216 0.000000 -0.109329 0.756915 -0.644304 13.005900 0.352385 0.635604 0.686900 0.000000 0.000000 0.000000 0.000000 1.000000
0.927800 -0.092418 -0.361450 0.000000 -0.161184 0.774451 -0.611755 13.005900 0.336462 0.625847 0.703640 0.000000 0.000000 0.000000 0.000000 1.000000
0.935510 -0.031126 -0.351926 0.000000 -0.197408 0.780057 -0.593752 13.005900 0.293003 0.624934 0.723606 0.000000 0.000000 0.000000 0.000000 1.000000
0.942547 0.031253 -0.332608 0.000000 -0.232747 0.775653 -0.586678 13.005900 0.239653 0.630386 0.738364 0.000000 0.000000 0.000000 0.000000 1.000000
0.937427 0.092820 -0.335581 -0.000000 -0.282079 0.767468 -0.575694 13.005900 0.204112 0.634332 0.745628 -0.000000 0.000000 0.000000 0.000000 1.000000
0.922491 0.148254 -0.356413 0.000000 -0.337052 0.759417 -0.556491 13.005900 0.188164 0.633488 0.750525 -0.000000 0.000000 0.000000 0.000000 1.000000
0.902137 0.195519 -0.384605 0.000000 -0.389011 0.754142 -0.529094 13.005900 0.186599 0.626931 0.756399 0.000000 0.000000 0.000000 0.000000 1.000000</float_array>
        <technique_common>
          <accessor source="#mixamorig1_RightArm-Matrix-animation-output-transform-array" count="32" stride="16">
            <param type="float4x4"/>
          </accessor>
        </technique_common>
      </source>
      <source id="mixamorig1_RightArm-Interpolations">
        <Name_array id="mixamorig1_RightArm-Interpolations-array" count="32">
 LINEAR LINEAR LINEAR LINEAR LINEAR LINEAR LINEAR LINEAR LINEAR LINEAR LINEAR
LINEAR LINEAR LINEAR LINEAR LINEAR LINEAR LINEAR LINEAR LINEAR LINEAR LINEAR LINEAR
LINEAR LINEAR LINEAR LINEAR LINEAR LINEAR LINEAR LINEAR LINEAR</Name_array>
        <technique_common>
          <accessor source="#mixamorig1_RightArm-Interpolations-array" count="32">
            <param type="name"/>
          </accessor>
        </technique_common>
      </source>
      <sampler id="mixamorig1_RightArm-Matrix-animation-transform">
        <input semantic="INPUT" source="#mixamorig1_RightArm-Matrix-animation-input"/>
        <input semantic="OUTPUT" source="#mixamorig1_RightArm-Matrix-animation-output-transform"/>
        <input semantic="INTERPOLATION" source="#mixamorig1_RightArm-Interpolations"/>
      </sampler>
      <channel source="#mixamorig1_RightArm-Matrix-animation-transform" target="mixamorig1_RightArm/matrix"/>
    </animation>
    <animation id="mixamorig1_RightForeArm-anim" name="mixamorig1_RightForeArm">
      <source id="mixamorig1_RightForeArm-Matrix-animation-input">
        <float_array id="mixamorig1_RightForeArm-Matrix-animation-input-array" count="32">

0.000000 0.033333 0.066667 0.100000 0.133333 0.166667 0.200000 0.233333 0.266667 0.300000 0.333333 0.366667 0.400000 0.433333 0.466667 0.500000
0.533333 0.566667 0.600000 0.633333 0.666667 0.700000 0.733333 0.766667 0.800000 0.833333 0.866667 0.900000 0.933333 0.966667 1.000000 1.033333</float_array>
        <technique_common>
          <accessor source="#mixamorig1_RightForeArm-Matrix-animation-input-array" count="32">
            <param name="TIME" type="float"/>
          </accessor>
        </technique_common>
      </source>
      <source id="mixamorig1_RightForeArm-Matrix-animation-output-transform">
        <float_array id="mixamorig1_RightForeArm-Matrix-animation-output-transform-array" count="512">

0.920188 0.391460 -0.003678 0.000000 -0.391201 0.919144 -0.046223 25.571100 -0.014713 0.043972 0.998924 0.000000 0.000000 0.000000 0.000000 1.000000
0.900113 0.435615 -0.006050 0.000000 -0.435327 0.898802 -0.051436 25.571100 -0.016968 0.048932 0.998658 0.000000 0.000000 0.000000 0.000000 1.000000
0.865039 0.501601 -0.010195 0.000000 -0.501269 0.863262 -0.059228 25.571100 -0.020908 0.056344 0.998192 -0.000000 0.000000 0.000000 0.000000 1.000000
0.838804 0.544271 -0.013295 0.000000 -0.543911 0.836679 -0.064266 25.571100 -0.023855 0.061137 0.997844 0.000000 0.000000 0.000000 0.000000 1.000000
0.826882 0.562184 -0.014703 0.000000 -0.561811 0.824598 -0.066381 25.571100 -0.025194 0.063149 0.997686 0.000000 0.000000 0.000000 0.000000 1.000000
0.824762 0.565283 -0.014954 0.000000 -0.564908 0.822450 -0.066747 25.571100 -0.025432 0.063497 0.997658 0.000000 0.000000 0.000000 0.000000 1.000000
0.836170 0.548301 -0.013606 0.000000 -0.547938 0.834010 -0.064742 25.571100 -0.024151 0.061590 0.997809 -0.000000 0.000000 0.000000 0.000000 1.000000
0.853451 0.521046 -0.011564 0.000000 -0.520700 0.851520 -0.061523 25.571100 -0.022210 0.058528 0.998039 -0.000000 0.000000 0.000000 0.000000 1.000000
0.876053 0.482133 -0.008893 0.000000 -0.481814 0.874422 -0.056929 25.571100 -0.019671 0.054157 0.998339 0.000000 0.000000 0.000000 0.000000 1.000000
0.900530 0.434753 -0.006001 -0.000000 -0.434465 0.899225 -0.051334 25.571100 -0.016921 0.048835 0.998663 0.000000 0.000000 0.000000 0.000000 1.000000
0.917144 0.398535 -0.004038 -0.000000 -0.398271 0.916060 -0.047057 25.571100 -0.015055 0.044767 0.998884 0.000000 0.000000 0.000000 0.000000 1.000000
0.930665 0.365864 -0.002440 -0.000000 -0.365622 0.929760 -0.043200 25.571100 -0.013536 0.041097 0.999063 0.000000 0.000000 0.000000 0.000000 1.000000
0.950070 0.312037 -0.000148 0.000000 -0.311831 0.949423 -0.036844 25.571100 -0.011356 0.035051 0.999321 0.000000 0.000000 0.000000 0.000000 1.000000
0.968020 0.250866 0.001973 0.000000 -0.250700 0.967611 -0.029621 25.571100 -0.009340 0.028179 0.999559 0.000000 0.000000 0.000000 0.000000 1.000000
0.974644 0.223743 0.002796 0.000000 -0.223594 0.974325 -0.026391 25.571100 -0.008629 0.025097 0.999648 -0.000000 0.000000 0.000000 0.000000 1.000000
0.979639 0.200737 0.003409 0.000000 -0.200603 0.979387 -0.023656 25.571100 -0.008087 0.022490 0.999714 -0.000000 0.000000 0.000000 0.000000 1.000000
0.983412 0.181343 0.003849 -0.000000 -0.181222 0.983210 -0.021368 25.571100 -0.007659 0.020316 0.999764 0.000000 0.000000 0.000000 0.000000 1.000000
0.986281 0.165026 0.004131 0.000000 -0.164917 0.986115 -0.019486 25.571100 -0.007289 0.018537 0.999802 0.000000 0.000000 0.000000 0.000000 1.000000
0.984238 0.176805 0.003889 0.000000 -0.176688 0.984045 -0.020877 25.571100 -0.007518 0.019861 0.999774 0.000000 0.000000 0.000000 0.000000 1.000000
0.982445 0.186516 0.003677 -0.000000 -0.186392 0.982229 -0.022023 25.571100 -0.007720 0.020951 0.999751 0.000000 0.000000 0.000000 0.000000 1.000000
0.981671 0.190548 0.003586 -0.000000 -0.190422 0.981445 -0.022499 25.571100 -0.007807 0.021404 0.999740 0.000000 0.000000 0.000000 0.000000 1.000000
0.982400 0.186754 0.003672 0.000000 -0.186631 0.982183 -0.022052 25.571100 -0.007725 0.020978 0.999750 0.000000 0.000000 0.000000 0.000000 1.000000
0.983703 0.179761 0.003826 -0.000000 -0.179642 0.983503 -0.021226 25.571100 -0.007579 0.020192 0.999767 0.000000 0.000000 0.000000 0.000000 1.000000
0.986353 0.164594 0.004139 -0.000000 -0.164485 0.986188 -0.019435 25.571100 -0.007281 0.018489 0.999803 0.000000 0.000000 0.000000 0.000000 1.000000
0.987907 0.154985 0.004323 0.000000 -0.154882 0.987763 -0.018300 25.571100 -0.007106 0.017409 0.999823 0.000000 0.000000 0.000000 0.000000 1.000000
0.986540 0.163466 0.004161 0.000000 -0.163357 0.986378 -0.019302 25.571100 -0.007260 0.018363 0.999805 0.000000 0.000000 0.000000 0.000000 1.000000
0.982041 0.188631 0.003630 -0.000000 -0.188506 0.981819 -0.022273 25.571100 -0.007765 0.021189 0.999745 -0.000000 0.000000 0.000000 0.000000 1.000000
0.974740 0.223327 0.002767 0.000000 -0.223179 0.974421 -0.026370 25.571100 -0.008585 0.025086 0.999648 0.000000 0.000000 0.000000 0.000000 1.000000
0.965425 0.260675 0.001666 0.000000 -0.260503 0.964982 -0.030780 25.571100 -0.009632 0.029282 0.999525 0.000000 0.000000 0.000000 0.000000 1.000000
0.954557 0.298029 0.000382 0.000000 -0.297832 0.953969 -0.035190 25.571100 -0.010852 0.033477 0.999381 0.000000 0.000000 0.000000 0.000000 1.000000
0.939986 0.341210 -0.001339 0.000000 -0.340984 0.939205 -0.040289 25.571100 -0.012489 0.038328 0.999187 0.000000 0.000000 0.000000 0.000000 1.000000
0.920188 0.391460 -0.003678 0.000000 -0.391201 0.919144 -0.046223 25.571100 -0.014713 0.043972 0.998924 0.000000 0.000000 0.000000 0.000000 1.000000</float_array>
        <technique_common>
          <accessor source="#mixamorig1_RightForeArm-Matrix-animation-output-transform-array" count="32" stride="16">
            <param type="float4x4"/>
          </accessor>
        </technique_common>
      </source>
      <source id="mixamorig1_RightForeArm-Interpolations">
        <Name_array id="mixamorig1_RightForeArm-Interpolations-array" count="32">
 LINEAR LINEAR LINEAR LINEAR LINEAR LINEAR LINEAR LINEAR LINEAR LINEAR LINEAR
LINEAR LINEAR LINEAR LINEAR LINEAR LINEAR LINEAR LINEAR LINEAR LINEAR LINEAR LINEAR
LINEAR LINEAR LINEAR LINEAR LINEAR LINEAR LINEAR LINEAR LINEAR</Name_array>
        <technique_common>
          <accessor source="#mixamorig1_RightForeArm-Interpolations-array" count="32">
            <param type="name"/>
          </accessor>
        </technique_common>
      </source>
      <sampler id="mixamorig1_RightForeArm-Matrix-animation-transform">
        <input semantic="INPUT" source="#mixamorig1_RightForeArm-Matrix-animation-input"/>
        <input semantic="OUTPUT" source="#mixamorig1_RightForeArm-Matrix-animation-output-transform"/>
        <input semantic="INTERPOLATION" source="#mixamorig1_RightForeArm-Interpolations"/>
      </sampler>
      <channel source="#mixamorig1_RightForeArm-Matrix-animation-transform" target="mixamorig1_RightForeArm/matrix"/>
    </animation>
    <animation id="mixamorig1_RightHand-anim" name="mixamorig1_RightHand">
      <source id="mixamorig1_RightHand-Matrix-animation-input">
        <float_array id="mixamorig1_RightHand-Matrix-animation-input-array" count="32">

0.000000 0.033333 0.066667 0.100000 0.133333 0.166667 0.200000 0.233333 0.266667 0.300000 0.333333 0.366667 0.400000 0.433333 0.466667 0.500000
0.533333 0.566667 0.600000 0.633333 0.666667 0.700000 0.733333 0.766667 0.800000 0.833333 0.866667 0.900000 0.933333 0.966667 1.000000 1.033333</float_array>
        <technique_common>
          <accessor source="#mixamorig1_RightHand-Matrix-animation-input-array" count="32">
            <param name="TIME" type="float"/>
          </accessor>
        </technique_common>
      </source>
      <source id="mixamorig1_RightHand-Matrix-animation-output-transform">
        <float_array id="mixamorig1_RightHand-Matrix-animation-output-transform-array" count="512">

0.994598 -0.070142 -0.076518 0.000000 0.060548 0.990778 -0.121211 23.401699 0.084314 0.115923 0.989673 0.000000 0.000000 0.000000 0.000000 1.000000
0.989759 -0.122379 -0.073483 -0.000000 0.109622 0.981361 -0.157842 23.401699 0.091430 0.148170 0.984727 0.000000 0.000000 0.000000 0.000000 1.000000
0.980864 -0.177736 -0.079469 0.000000 0.159490 0.967628 -0.195601 23.401699 0.111661 0.179184 0.977458 0.000000 0.000000 0.000000 0.000000 1.000000
0.979115 -0.182293 -0.090020 0.000000 0.158541 0.961783 -0.223244 23.401699 0.127276 0.204309 0.970597 0.000000 0.000000 0.000000 0.000000 1.000000
0.983681 -0.154090 -0.092891 0.000000 0.131522 0.968121 -0.213175 23.401699 0.122778 0.197479 0.972588 -0.000000 0.000000 0.000000 0.000000 1.000000
0.986449 -0.133935 -0.094761 0.000000 0.114603 0.975805 -0.186199 23.401699 0.117407 0.172816 0.977932 0.000000 0.000000 0.000000 0.000000 1.000000
0.989051 -0.099818 -0.108698 -0.000000 0.083134 0.985416 -0.148471 23.401699 0.121933 0.137808 0.982925 0.000000 0.000000 0.000000 0.000000 1.000000
0.990435 -0.054909 -0.126587 0.000000 0.042048 0.993883 -0.102121 23.401699 0.131420 0.095821 0.986685 -0.000000 0.000000 0.000000 0.000000 1.000000
0.990084 0.000365 -0.140474 0.000000 -0.009393 0.997931 -0.063609 23.401699 0.140161 0.064297 0.988039 0.000000 0.000000 0.000000 0.000000 1.000000
0.985246 0.065592 -0.158079 0.000000 -0.072476 0.996639 -0.038177 23.401699 0.155043 0.049071 0.986688 0.000000 0.000000 0.000000 0.000000 1.000000
0.977507 0.109531 -0.180232 0.000000 -0.114941 0.993175 -0.019817 23.401699 0.176831 0.040088 0.983424 -0.000000 0.000000 0.000000 0.000000 1.000000
0.970226 0.133598 -0.202024 0.000000 -0.139118 0.990186 -0.013312 23.401699 0.198263 0.041021 0.979290 0.000000 0.000000 0.000000 0.000000 1.000000
0.961754 0.152079 -0.227820 0.000000 -0.160208 0.986928 -0.017514 23.401699 0.222178 0.053343 0.973546 -0.000000 0.000000 0.000000 0.000000 1.000000
0.952931 0.152068 -0.262295 0.000000 -0.163537 0.986284 -0.022331 23.401699 0.255302 0.064175 0.964729 0.000000 0.000000 0.000000 0.000000 1.000000
0.956596 0.130389 -0.260621 0.000000 -0.151609 0.986434 -0.062956 23.401699 0.248877 0.099736 0.963386 0.000000 0.000000 0.000000 0.000000 1.000000
0.961785 0.107051 -0.252010 -0.000000 -0.137955 0.984500 -0.108298 23.401699 0.236510 0.138926 0.961646 0.000000 0.000000 0.000000 0.000000 1.000000
0.967220 0.082458 -0.240178 -0.000000 -0.122109 0.980310 -0.155182 23.401699 0.222653 0.179423 0.958245 0.000000 0.000000 0.000000 0.000000 1.000000
0.971802 0.056223 -0.228999 0.000000 -0.103640 0.974166 -0.200645 23.401699 0.211802 0.218721 0.952524 -0.000000 0.000000 0.000000 0.000000 1.000000
0.974148 0.007461 -0.225789 0.000000 -0.064307 0.967265 -0.245485 23.401699 0.216566 0.253659 0.942739 -0.000000 0.000000 0.000000 0.000000 1.000000
0.975970 -0.046660 -0.212850 0.000000 -0.015752 0.959142 -0.282485 23.401699 0.217334 0.279050 0.935359 0.000000 0.000000 0.000000 0.000000 1.000000
0.976355 -0.094419 -0.194463 -0.000000 0.029022 0.948679 -0.314907 23.401699 0.214216 0.301818 0.928987 0.000000 0.000000 0.000000 0.000000 1.000000
0.972377 -0.149399 -0.179342 -0.000000 0.081126 0.936743 -0.340487 23.401699 0.218866 0.316532 0.922987 0.000000 0.000000 0.000000 0.000000 1.000000
0.965026 -0.204502 -0.164021 0.000000 0.133419 0.921709 -0.364215 23.401699 0.225662 0.329593 0.916758 0.000000 0.000000 0.000000 0.000000 1.000000
0.954520 -0.255960 -0.152892 0.000000 0.180069 0.903636 -0.388609 23.401699 0.237627 0.343404 0.908629 0.000000 0.000000 0.000000 0.000000 1.000000
0.941581 -0.301536 -0.150004 0.000000 0.219214 0.886856 -0.406733 23.401699 0.255677 0.350089 0.901148 0.000000 0.000000 0.000000 0.000000 1.000000
0.927551 -0.337488 -0.160471 -0.000000 0.244162 0.872397 -0.423448 23.401699 0.282903 0.353589 0.891595 0.000000 0.000000 0.000000 0.000000 1.000000
0.926915 -0.338210 -0.162614 -0.000000 0.249500 0.879080 -0.406163 23.401699 0.280319 0.335906 0.899215 0.000000 0.000000 0.000000 0.000000 1.000000
0.942604 -0.306631 -0.132195 0.000000 0.246024 0.905430 -0.345931 23.401699 0.225766 0.293553 0.928900 0.000000 0.000000 0.000000 0.000000 1.000000
0.965623 -0.251261 -0.066631 0.000000 0.225569 0.937322 -0.265605 23.401699 0.129191 0.241445 0.961777 0.000000 0.000000 0.000000 0.000000 1.000000
0.982229 -0.187123 -0.014552 -0.000000 0.180583 0.963332 -0.198449 23.401699 0.051153 0.192294 0.980003 0.000000 0.000000 0.000000 0.000000 1.000000
0.991473 -0.127130 -0.028631 0.000000 0.121182 0.980261 -0.156213 23.401699 0.047926 0.151411 0.987308 0.000000 0.000000 0.000000 0.000000 1.000000
0.994598 -0.070142 -0.076518 0.000000 0.060547 0.990778 -0.121211 23.401699 0.084314 0.115924 0.989673 0.000000 0.000000 0.000000 0.000000 1.000000</float_array>
        <technique_common>
          <accessor source="#mixamorig1_RightHand-Matrix-animation-output-transform-array" count="32" stride="16">
            <param type="float4x4"/>
          </accessor>
        </technique_common>
      </source>
      <source id="mixamorig1_RightHand-Interpolations">
        <Name_array id="mixamorig1_RightHand-Interpolations-array" count="32">
 LINEAR LINEAR LINEAR LINEAR LINEAR LINEAR LINEAR LINEAR LINEAR LINEAR LINEAR
LINEAR LINEAR LINEAR LINEAR LINEAR LINEAR LINEAR LINEAR LINEAR LINEAR LINEAR LINEAR
LINEAR LINEAR LINEAR LINEAR LINEAR LINEAR LINEAR LINEAR LINEAR</Name_array>
        <technique_common>
          <accessor source="#mixamorig1_RightHand-Interpolations-array" count="32">
            <param type="name"/>
          </accessor>
        </technique_common>
      </source>
      <sampler id="mixamorig1_RightHand-Matrix-animation-transform">
        <input semantic="INPUT" source="#mixamorig1_RightHand-Matrix-animation-input"/>
        <input semantic="OUTPUT" source="#mixamorig1_RightHand-Matrix-animation-output-transform"/>
        <input semantic="INTERPOLATION" source="#mixamorig1_RightHand-Interpolations"/>
      </sampler>
      <channel source="#mixamorig1_RightHand-Matrix-animation-transform" target="mixamorig1_RightHand/matrix"/>
    </animation>
    <animation id="mixamorig1_RightHandThumb1-anim" name="mixamorig1_RightHandThumb1">
      <source id="mixamorig1_RightHandThumb1-Matrix-animation-input">
        <float_array id="mixamorig1_RightHandThumb1-Matrix-animation-input-array" count="32">

0.000000 0.033333 0.066667 0.100000 0.133333 0.166667 0.200000 0.233333 0.266667 0.300000 0.333333 0.366667 0.400000 0.433333 0.466667 0.500000
0.533333 0.566667 0.600000 0.633333 0.666667 0.700000 0.733333 0.766667 0.800000 0.833333 0.866667 0.900000 0.933333 0.966667 1.000000 1.033333</float_array>
        <technique_common>
          <accessor source="#mixamorig1_RightHandThumb1-Matrix-animation-input-array" count="32">
            <param name="TIME" type="float"/>
          </accessor>
        </technique_common>
      </source>
      <source id="mixamorig1_RightHandThumb1-Matrix-animation-output-transform">
        <float_array id="mixamorig1_RightHandThumb1-Matrix-animation-output-transform-array" count="512">

0.873482 0.270991 -0.404466 2.885100 -0.410356 0.856851 -0.312113 4.054300 0.261987 0.438600 0.859647 1.212000 0.000000 0.000000 0.000000 1.000000
0.873482 0.270992 -0.404466 2.885100 -0.410356 0.856851 -0.312114 4.054300 0.261987 0.438601 0.859647 1.212000 0.000000 0.000000 0.000000 1.000000
0.873482 0.270991 -0.404466 2.885100 -0.410356 0.856851 -0.312114 4.054300 0.261987 0.438601 0.859647 1.212000 0.000000 0.000000 0.000000 1.000000
0.873482 0.270991 -0.404466 2.885100 -0.410356 0.856851 -0.312113 4.054300 0.261987 0.438600 0.859647 1.212000 0.000000 0.000000 0.000000 1.000000
0.873482 0.270991 -0.404466 2.885100 -0.410356 0.856851 -0.312113 4.054300 0.261987 0.438600 0.859647 1.212000 0.000000 0.000000 0.000000 1.000000
0.873482 0.270991 -0.404466 2.885100 -0.410356 0.856851 -0.312113 4.054300 0.261987 0.438600 0.859647 1.212000 0.000000 0.000000 0.000000 1.000000
0.873482 0.270991 -0.404466 2.885100 -0.410356 0.856851 -0.312114 4.054300 0.261987 0.438601 0.859647 1.212000 0.000000 0.000000 0.000000 1.000000
0.873482 0.270992 -0.404466 2.885100 -0.410356 0.856851 -0.312113 4.054300 0.261987 0.438601 0.859647 1.212000 0.000000 0.000000 0.000000 1.000000
0.873482 0.270992 -0.404466 2.885100 -0.410356 0.856851 -0.312113 4.054300 0.261987 0.438601 0.859647 1.212000 0.000000 0.000000 0.000000 1.000000
0.873482 0.270991 -0.404466 2.885100 -0.410356 0.856851 -0.312114 4.054300 0.261987 0.438601 0.859647 1.212000 0.000000 0.000000 0.000000 1.000000
0.873482 0.270991 -0.404466 2.885100 -0.410356 0.856851 -0.312114 4.054300 0.261987 0.438601 0.859647 1.212000 0.000000 0.000000 0.000000 1.000000
0.873482 0.270992 -0.404466 2.885100 -0.410356 0.856851 -0.312113 4.054300 0.261987 0.438601 0.859647 1.212000 0.000000 0.000000 0.000000 1.000000
0.873482 0.270991 -0.404466 2.885100 -0.410356 0.856851 -0.312114 4.054300 0.261987 0.438601 0.859647 1.212000 0.000000 0.000000 0.000000 1.000000
0.873482 0.270991 -0.404466 2.885100 -0.410356 0.856851 -0.312113 4.054300 0.261987 0.438600 0.859647 1.212000 0.000000 0.000000 0.000000 1.000000
0.873482 0.270991 -0.404466 2.885100 -0.410356 0.856851 -0.312113 4.054300 0.261987 0.438600 0.859647 1.212000 0.000000 0.000000 0.000000 1.000000
0.873482 0.270991 -0.404466 2.885100 -0.410356 0.856851 -0.312113 4.054300 0.261987 0.438601 0.859647 1.212000 0.000000 0.000000 0.000000 1.000000
0.873482 0.270991 -0.404466 2.885100 -0.410356 0.856851 -0.312113 4.054300 0.261987 0.438601 0.859647 1.212000 0.000000 0.000000 0.000000 1.000000
0.873482 0.270991 -0.404466 2.885100 -0.410356 0.856851 -0.312113 4.054300 0.261987 0.438601 0.859646 1.212000 0.000000 0.000000 0.000000 1.000000
0.873482 0.270991 -0.404466 2.885100 -0.410356 0.856851 -0.312114 4.054300 0.261987 0.438601 0.859647 1.212000 0.000000 0.000000 0.000000 1.000000
0.873482 0.270992 -0.404466 2.885100 -0.410356 0.856851 -0.312114 4.054300 0.261987 0.438601 0.859647 1.212000 0.000000 0.000000 0.000000 1.000000
0.873482 0.270992 -0.404466 2.885100 -0.410356 0.856851 -0.312113 4.054300 0.261987 0.438601 0.859647 1.212000 0.000000 0.000000 0.000000 1.000000
0.873482 0.270992 -0.404466 2.885100 -0.410356 0.856851 -0.312113 4.054300 0.261987 0.438601 0.859647 1.212000 0.000000 0.000000 0.000000 1.000000
0.873482 0.270992 -0.404466 2.885100 -0.410356 0.856851 -0.312114 4.054300 0.261987 0.438601 0.859647 1.212000 0.000000 0.000000 0.000000 1.000000
0.873482 0.270991 -0.404466 2.885100 -0.410356 0.856851 -0.312113 4.054300 0.261987 0.438601 0.859647 1.212000 0.000000 0.000000 0.000000 1.000000
0.873482 0.270991 -0.404466 2.885100 -0.410356 0.856851 -0.312113 4.054300 0.261987 0.438600 0.859647 1.212000 0.000000 0.000000 0.000000 1.000000
0.873482 0.270991 -0.404466 2.885100 -0.410356 0.856851 -0.312113 4.054300 0.261987 0.438600 0.859647 1.212000 0.000000 0.000000 0.000000 1.000000
0.873482 0.270992 -0.404466 2.885100 -0.410356 0.856851 -0.312113 4.054300 0.261987 0.438600 0.859647 1.212000 0.000000 0.000000 0.000000 1.000000
0.873482 0.270992 -0.404466 2.885100 -0.410356 0.856851 -0.312114 4.054300 0.261987 0.438601 0.859647 1.212000 0.000000 0.000000 0.000000 1.000000
0.873482 0.270992 -0.404466 2.885100 -0.410356 0.856850 -0.312114 4.054300 0.261987 0.438601 0.859647 1.212000 0.000000 0.000000 0.000000 1.000000
0.873482 0.270991 -0.404466 2.885100 -0.410356 0.856851 -0.312113 4.054300 0.261987 0.438600 0.859647 1.212000 0.000000 0.000000 0.000000 1.000000
0.873482 0.270991 -0.404466 2.885100 -0.410356 0.856851 -0.312114 4.054300 0.261987 0.438601 0.859647 1.212000 0.000000 0.000000 0.000000 1.000000
0.873482 0.270991 -0.404466 2.885100 -0.410356 0.856851 -0.312113 4.054300 0.261987 0.438600 0.859647 1.212000 0.000000 0.000000 0.000000 1.000000</float_array>
        <technique_common>
          <accessor source="#mixamorig1_RightHandThumb1-Matrix-animation-output-transform-array" count="32" stride="16">
            <param type="float4x4"/>
          </accessor>
        </technique_common>
      </source>
      <source id="mixamorig1_RightHandThumb1-Interpolations">
        <Name_array id="mixamorig1_RightHandThumb1-Interpolations-array" count="32">
 LINEAR LINEAR LINEAR LINEAR LINEAR LINEAR LINEAR LINEAR LINEAR LINEAR LINEAR
LINEAR LINEAR LINEAR LINEAR LINEAR LINEAR LINEAR LINEAR LINEAR LINEAR LINEAR LINEAR
LINEAR LINEAR LINEAR LINEAR LINEAR LINEAR LINEAR LINEAR LINEAR</Name_array>
        <technique_common>
          <accessor source="#mixamorig1_RightHandThumb1-Interpolations-array" count="32">
            <param type="name"/>
          </accessor>
        </technique_common>
      </source>
      <sampler id="mixamorig1_RightHandThumb1-Matrix-animation-transform">
        <input semantic="INPUT" source="#mixamorig1_RightHandThumb1-Matrix-animation-input"/>
        <input semantic="OUTPUT" source="#mixamorig1_RightHandThumb1-Matrix-animation-output-transform"/>
        <input semantic="INTERPOLATION" source="#mixamorig1_RightHandThumb1-Interpolations"/>
      </sampler>
      <channel source="#mixamorig1_RightHandThumb1-Matrix-animation-transform" target="mixamorig1_RightHandThumb1/matrix"/>
    </animation>
    <animation id="mixamorig1_RightHandThumb2-anim" name="mixamorig1_RightHandThumb2">
      <source id="mixamorig1_RightHandThumb2-Matrix-animation-input">
        <float_array id="mixamorig1_RightHandThumb2-Matrix-animation-input-array" count="32">

0.000000 0.033333 0.066667 0.100000 0.133333 0.166667 0.200000 0.233333 0.266667 0.300000 0.333333 0.366667 0.400000 0.433333 0.466667 0.500000
0.533333 0.566667 0.600000 0.633333 0.666667 0.700000 0.733333 0.766667 0.800000 0.833333 0.866667 0.900000 0.933333 0.966667 1.000000 1.033333</float_array>
        <technique_common>
          <accessor source="#mixamorig1_RightHandThumb2-Matrix-animation-input-array" count="32">
            <param name="TIME" type="float"/>
          </accessor>
        </technique_common>
      </source>
      <source id="mixamorig1_RightHandThumb2-Matrix-animation-output-transform">
        <float_array id="mixamorig1_RightHandThumb2-Matrix-animation-output-transform-array" count="512">

0.964041 -0.265698 -0.005378 0.428400 0.264982 0.959511 0.095518 4.074800 -0.020219 -0.093509 0.995413 0.000000 0.000000 0.000000 0.000000 1.000000
0.965282 -0.261153 -0.005427 0.428400 0.260435 0.960616 0.096901 4.074800 -0.020093 -0.094950 0.995279 -0.000000 0.000000 0.000000 0.000000 1.000000
0.969154 -0.246032 -0.014432 0.428400 0.246322 0.965040 0.089569 4.074800 -0.008110 -0.090361 0.995876 0.000000 0.000000 0.000000 0.000000 1.000000
0.975216 -0.219637 -0.026707 0.428400 0.221115 0.971760 0.082400 4.074800 0.007854 -0.086263 0.996241 0.000000 0.000000 0.000000 0.000000 1.000000
0.978144 -0.205693 -0.030403 0.428400 0.207505 0.974987 0.079634 4.074800 0.013262 -0.084203 0.996360 0.000000 0.000000 0.000000 0.000000 1.000000
0.975504 -0.218116 -0.028580 0.428400 0.219680 0.972702 0.074776 4.074800 0.011490 -0.079223 0.996791 0.000000 0.000000 0.000000 0.000000 1.000000
0.973572 -0.226768 -0.027098 0.428400 0.228160 0.970985 0.071639 4.074800 0.010066 -0.075928 0.997062 -0.000000 0.000000 0.000000 0.000000 1.000000
0.970972 -0.238444 -0.018931 0.428400 0.239195 0.967882 0.077400 4.074800 -0.000133 -0.079681 0.996820 0.000000 0.000000 0.000000 0.000000 1.000000
0.965614 -0.259916 -0.005705 0.428400 0.259372 0.961629 0.089420 4.074800 -0.017756 -0.087825 0.995978 0.000000 0.000000 0.000000 0.000000 1.000000
0.968026 -0.250725 -0.007962 0.428400 0.250292 0.963263 0.097360 4.074800 -0.016741 -0.096240 0.995217 0.000000 0.000000 0.000000 0.000000 1.000000
0.971785 -0.234891 -0.021429 0.428400 0.235865 0.967411 0.092104 4.074800 -0.000903 -0.094560 0.995519 -0.000000 0.000000 0.000000 0.000000 1.000000
0.968791 -0.246456 -0.026510 0.428400 0.247817 0.965367 0.081566 4.074800 0.005490 -0.085590 0.996315 0.000000 0.000000 0.000000 0.000000 1.000000
0.959557 -0.280829 -0.019635 0.428400 0.281504 0.956569 0.075709 4.074800 -0.002479 -0.078174 0.996937 0.000000 0.000000 0.000000 0.000000 1.000000
0.951588 -0.307349 -0.004172 0.428400 0.306557 0.947967 0.085920 4.074800 -0.022453 -0.083039 0.996293 0.000000 0.000000 0.000000 0.000000 1.000000
0.950410 -0.310999 -0.000153 0.428400 0.309677 0.946324 0.092576 4.074800 -0.028646 -0.088033 0.995706 -0.000000 0.000000 0.000000 0.000000 1.000000
0.950235 -0.311523 0.002391 0.428400 0.309774 0.945658 0.098849 4.074800 -0.033055 -0.093189 0.995100 0.000000 0.000000 0.000000 0.000000 1.000000
0.950519 -0.310639 0.004067 0.428400 0.308542 0.945468 0.104368 4.074800 -0.036266 -0.097949 0.994530 0.000000 0.000000 0.000000 0.000000 1.000000
0.950701 -0.310062 0.005435 0.428400 0.307664 0.945256 0.108784 4.074800 -0.038867 -0.101749 0.994051 0.000000 0.000000 0.000000 0.000000 1.000000
0.951423 -0.307875 0.002833 0.428400 0.305901 0.946288 0.104708 4.074800 -0.034918 -0.098755 0.994499 -0.000000 0.000000 0.000000 0.000000 1.000000
0.953528 -0.301255 -0.005481 0.428400 0.300383 0.949030 0.095456 4.074800 -0.023555 -0.092666 0.995419 -0.000000 0.000000 0.000000 0.000000 1.000000
0.954944 -0.296509 -0.012783 0.428400 0.296470 0.951065 0.087065 4.074800 -0.013658 -0.086932 0.996121 0.000000 0.000000 0.000000 0.000000 1.000000
0.955767 -0.293713 -0.015562 0.428400 0.293965 0.952165 0.083466 4.074800 -0.009697 -0.084349 0.996389 -0.000000 0.000000 0.000000 0.000000 1.000000
0.956773 -0.290236 -0.018659 0.428400 0.290783 0.953414 0.080292 4.074800 -0.005514 -0.082247 0.996597 -0.000000 0.000000 0.000000 0.000000 1.000000
0.959170 -0.281448 -0.027913 0.428400 0.282771 0.956287 0.074532 4.074800 0.005716 -0.079382 0.996828 -0.000000 0.000000 0.000000 0.000000 1.000000
0.962570 -0.267686 -0.042470 0.428400 0.269903 0.961015 0.060025 4.074800 0.024747 -0.069241 0.997293 0.000000 0.000000 0.000000 0.000000 1.000000
0.959710 -0.277512 -0.044080 0.428400 0.279333 0.959252 0.042522 4.074800 0.030483 -0.053121 0.998123 -0.000000 0.000000 0.000000 0.000000 1.000000
0.954962 -0.295022 -0.031773 0.428400 0.296097 0.954431 0.037253 4.074800 0.019335 -0.044983 0.998801 0.000000 0.000000 0.000000 0.000000 1.000000
0.954643 -0.297260 -0.017095 0.428400 0.297739 0.953554 0.045676 4.074800 0.002723 -0.048694 0.998810 -0.000000 0.000000 0.000000 0.000000 1.000000
0.960309 -0.278354 -0.018023 0.428400 0.278931 0.958704 0.055539 4.074800 0.001819 -0.058361 0.998294 0.000000 0.000000 0.000000 0.000000 1.000000
0.963005 -0.268976 -0.016513 0.428400 0.269468 0.960512 0.069307 4.074800 -0.002781 -0.071192 0.997459 0.000000 0.000000 0.000000 0.000000 1.000000
0.963296 -0.268221 -0.010867 0.428400 0.268177 0.959763 0.083281 4.074800 -0.011908 -0.083139 0.996467 0.000000 0.000000 0.000000 0.000000 1.000000
0.964041 -0.265698 -0.005378 0.428400 0.264982 0.959511 0.095518 4.074800 -0.020219 -0.093509 0.995413 -0.000000 0.000000 0.000000 0.000000 1.000000</float_array>
        <technique_common>
          <accessor source="#mixamorig1_RightHandThumb2-Matrix-animation-output-transform-array" count="32" stride="16">
            <param type="float4x4"/>
          </accessor>
        </technique_common>
      </source>
      <source id="mixamorig1_RightHandThumb2-Interpolations">
        <Name_array id="mixamorig1_RightHandThumb2-Interpolations-array" count="32">
 LINEAR LINEAR LINEAR LINEAR LINEAR LINEAR LINEAR LINEAR LINEAR LINEAR LINEAR
LINEAR LINEAR LINEAR LINEAR LINEAR LINEAR LINEAR LINEAR LINEAR LINEAR LINEAR LINEAR
LINEAR LINEAR LINEAR LINEAR LINEAR LINEAR LINEAR LINEAR LINEAR</Name_array>
        <technique_common>
          <accessor source="#mixamorig1_RightHandThumb2-Interpolations-array" count="32">
            <param type="name"/>
          </accessor>
        </technique_common>
      </source>
      <sampler id="mixamorig1_RightHandThumb2-Matrix-animation-transform">
        <input semantic="INPUT" source="#mixamorig1_RightHandThumb2-Matrix-animation-input"/>
        <input semantic="OUTPUT" source="#mixamorig1_RightHandThumb2-Matrix-animation-output-transform"/>
        <input semantic="INTERPOLATION" source="#mixamorig1_RightHandThumb2-Interpolations"/>
      </sampler>
      <channel source="#mixamorig1_RightHandThumb2-Matrix-animation-transform" target="mixamorig1_RightHandThumb2/matrix"/>
    </animation>
    <animation id="mixamorig1_RightHandThumb3-anim" name="mixamorig1_RightHandThumb3">
      <source id="mixamorig1_RightHandThumb3-Matrix-animation-input">
        <float_array id="mixamorig1_RightHandThumb3-Matrix-animation-input-array" count="32">

0.000000 0.033333 0.066667 0.100000 0.133333 0.166667 0.200000 0.233333 0.266667 0.300000 0.333333 0.366667 0.400000 0.433333 0.466667 0.500000
0.533333 0.566667 0.600000 0.633333 0.666667 0.700000 0.733333 0.766667 0.800000 0.833333 0.866667 0.900000 0.933333 0.966667 1.000000 1.033333</float_array>
        <technique_common>
          <accessor source="#mixamorig1_RightHandThumb3-Matrix-animation-input-array" count="32">
            <param name="TIME" type="float"/>
          </accessor>
        </technique_common>
      </source>
      <source id="mixamorig1_RightHandThumb3-Matrix-animation-output-transform">
        <float_array id="mixamorig1_RightHandThumb3-Matrix-animation-output-transform-array" count="512">

0.972211 0.170741 0.160169 0.036500 -0.213370 0.927771 0.306127 3.530400 -0.096331 -0.331795 0.938420 0.000000 0.000000 0.000000 0.000000 1.000000
0.972195 0.170842 0.160156 0.036500 -0.213464 0.927744 0.306145 3.530400 -0.096282 -0.331820 0.938416 0.000000 0.000000 0.000000 0.000000 1.000000
0.972011 0.172021 0.160009 0.036500 -0.214560 0.927422 0.306353 3.530400 -0.095696 -0.332110 0.938374 0.000000 0.000000 0.000000 0.000000 1.000000
0.971774 0.173531 0.159820 0.036500 -0.215965 0.927008 0.306619 3.530400 -0.094947 -0.332480 0.938319 0.000000 0.000000 0.000000 0.000000 1.000000
0.971629 0.174448 0.159706 0.036500 -0.216816 0.926756 0.306780 3.530400 -0.094491 -0.332703 0.938286 0.000000 0.000000 0.000000 0.000000 1.000000
0.971555 0.174911 0.159648 0.036500 -0.217247 0.926628 0.306862 3.530400 -0.094261 -0.332816 0.938269 0.000000 0.000000 0.000000 0.000000 1.000000
0.971532 0.175051 0.159631 0.036500 -0.217377 0.926589 0.306886 3.530400 -0.094191 -0.332850 0.938264 0.000000 0.000000 0.000000 0.000000 1.000000
0.971633 0.174423 0.159709 0.036500 -0.216793 0.926763 0.306776 3.530400 -0.094503 -0.332698 0.938286 0.000000 0.000000 0.000000 0.000000 1.000000
0.971920 0.172606 0.159936 0.036500 -0.215104 0.927262 0.306456 3.530400 -0.095406 -0.332254 0.938352 -0.000000 0.000000 0.000000 0.000000 1.000000
0.972067 0.171662 0.160054 0.036500 -0.214227 0.927520 0.306290 3.530400 -0.095875 -0.332022 0.938387 -0.000000 0.000000 0.000000 0.000000 1.000000
0.972076 0.171607 0.160060 0.036500 -0.214176 0.927535 0.306280 3.530400 -0.095902 -0.332009 0.938388 0.000000 0.000000 0.000000 0.000000 1.000000
0.972076 0.171605 0.160061 0.036500 -0.214173 0.927536 0.306280 3.530400 -0.095903 -0.332008 0.938389 -0.000000 0.000000 0.000000 0.000000 1.000000
0.972109 0.171392 0.160088 0.036500 -0.213975 0.927594 0.306242 3.530400 -0.096009 -0.331956 0.938396 0.000000 0.000000 0.000000 0.000000 1.000000
0.972310 0.170100 0.160249 0.036500 -0.212774 0.927946 0.306013 3.530400 -0.096650 -0.331636 0.938443 0.000000 0.000000 0.000000 0.000000 1.000000
0.972428 0.169334 0.160345 0.036500 -0.212061 0.928154 0.305877 3.530400 -0.097029 -0.331446 0.938472 0.000000 0.000000 0.000000 0.000000 1.000000
0.972537 0.168621 0.160434 0.036500 -0.211397 0.928347 0.305750 3.530400 -0.097383 -0.331269 0.938498 0.000000 0.000000 0.000000 0.000000 1.000000
0.972632 0.167994 0.160513 0.036500 -0.210814 0.928516 0.305639 3.530400 -0.097693 -0.331112 0.938520 0.000000 0.000000 0.000000 0.000000 1.000000
0.972709 0.167490 0.160576 0.036500 -0.210345 0.928652 0.305549 3.530400 -0.097943 -0.330987 0.938539 0.000000 0.000000 0.000000 0.000000 1.000000
0.972640 0.167943 0.160519 0.036500 -0.210766 0.928530 0.305630 3.530400 -0.097719 -0.331100 0.938522 0.000000 0.000000 0.000000 0.000000 1.000000
0.972557 0.168491 0.160450 0.036500 -0.211276 0.928382 0.305728 3.530400 -0.097447 -0.331237 0.938502 0.000000 0.000000 0.000000 0.000000 1.000000
0.972522 0.168718 0.160422 0.036500 -0.211488 0.928321 0.305768 3.530400 -0.097334 -0.331293 0.938494 0.000000 0.000000 0.000000 0.000000 1.000000
0.972513 0.168775 0.160415 0.036500 -0.211541 0.928305 0.305778 3.530400 -0.097306 -0.331307 0.938492 0.000000 0.000000 0.000000 0.000000 1.000000
0.972507 0.168815 0.160410 0.036500 -0.211578 0.928294 0.305785 3.530400 -0.097287 -0.331317 0.938490 -0.000000 0.000000 0.000000 0.000000 1.000000
0.972488 0.168937 0.160395 0.036500 -0.211691 0.928261 0.305807 3.530400 -0.097226 -0.331348 0.938486 0.000000 0.000000 0.000000 0.000000 1.000000
0.972258 0.170434 0.160207 0.036500 -0.213085 0.927855 0.306073 3.530400 -0.096484 -0.331719 0.938431 0.000000 0.000000 0.000000 0.000000 1.000000
0.971819 0.173243 0.159856 0.036500 -0.215696 0.927087 0.306569 3.530400 -0.095090 -0.332410 0.938329 0.000000 0.000000 0.000000 0.000000 1.000000
0.971528 0.175080 0.159627 0.036500 -0.217404 0.926581 0.306892 3.530400 -0.094177 -0.332858 0.938263 0.000000 0.000000 0.000000 0.000000 1.000000
0.971401 0.175870 0.159528 0.036500 -0.218138 0.926363 0.307030 3.530400 -0.093784 -0.333049 0.938234 -0.000000 0.000000 0.000000 0.000000 1.000000
0.971458 0.175515 0.159572 0.036500 -0.217808 0.926461 0.306968 3.530400 -0.093960 -0.332963 0.938247 0.000000 0.000000 0.000000 0.000000 1.000000
0.971769 0.173562 0.159816 0.036500 -0.215993 0.926999 0.306625 3.530400 -0.094931 -0.332488 0.938317 0.000000 0.000000 0.000000 0.000000 1.000000
0.972016 0.171994 0.160012 0.036500 -0.214536 0.927429 0.306349 3.530400 -0.095710 -0.332104 0.938374 0.000000 0.000000 0.000000 0.000000 1.000000
0.972211 0.170741 0.160169 0.036500 -0.213370 0.927771 0.306127 3.530400 -0.096332 -0.331795 0.938420 0.000000 0.000000 0.000000 0.000000 1.000000</float_array>
        <technique_common>
          <accessor source="#mixamorig1_RightHandThumb3-Matrix-animation-output-transform-array" count="32" stride="16">
            <param type="float4x4"/>
          </accessor>
        </technique_common>
      </source>
      <source id="mixamorig1_RightHandThumb3-Interpolations">
        <Name_array id="mixamorig1_RightHandThumb3-Interpolations-array" count="32">
 LINEAR LINEAR LINEAR LINEAR LINEAR LINEAR LINEAR LINEAR LINEAR LINEAR LINEAR
LINEAR LINEAR LINEAR LINEAR LINEAR LINEAR LINEAR LINEAR LINEAR LINEAR LINEAR LINEAR
LINEAR LINEAR LINEAR LINEAR LINEAR LINEAR LINEAR LINEAR LINEAR</Name_array>
        <technique_common>
          <accessor source="#mixamorig1_RightHandThumb3-Interpolations-array" count="32">
            <param type="name"/>
          </accessor>
        </technique_common>
      </source>
      <sampler id="mixamorig1_RightHandThumb3-Matrix-animation-transform">
        <input semantic="INPUT" source="#mixamorig1_RightHandThumb3-Matrix-animation-input"/>
        <input semantic="OUTPUT" source="#mixamorig1_RightHandThumb3-Matrix-animation-output-transform"/>
        <input semantic="INTERPOLATION" source="#mixamorig1_RightHandThumb3-Interpolations"/>
      </sampler>
      <channel source="#mixamorig1_RightHandThumb3-Matrix-animation-transform" target="mixamorig1_RightHandThumb3/matrix"/>
    </animation>
    <animation id="mixamorig1_RightHandIndex1-anim" name="mixamorig1_RightHandIndex1">
      <source id="mixamorig1_RightHandIndex1-Matrix-animation-input">
        <float_array id="mixamorig1_RightHandIndex1-Matrix-animation-input-array" count="32">

0.000000 0.033333 0.066667 0.100000 0.133333 0.166667 0.200000 0.233333 0.266667 0.300000 0.333333 0.366667 0.400000 0.433333 0.466667 0.500000
0.533333 0.566667 0.600000 0.633333 0.666667 0.700000 0.733333 0.766667 0.800000 0.833333 0.866667 0.900000 0.933333 0.966667 1.000000 1.033333</float_array>
        <technique_common>
          <accessor source="#mixamorig1_RightHandIndex1-Matrix-animation-input-array" count="32">
            <param name="TIME" type="float"/>
          </accessor>
        </technique_common>
      </source>
      <source id="mixamorig1_RightHandIndex1-Matrix-animation-output-transform">
        <float_array id="mixamorig1_RightHandIndex1-Matrix-animation-output-transform-array" count="512">

0.988772 0.149293 -0.006432 3.614500 -0.142622 0.929991 -0.338786 12.346600 -0.044597 0.335900 0.940841 -0.007800 0.000000 0.000000 0.000000 1.000000
0.988731 0.149568 -0.006431 3.614500 -0.142581 0.927711 -0.344997 12.346600 -0.045635 0.342026 0.938582 -0.007800 0.000000 0.000000 0.000000 1.000000
0.988637 0.150184 -0.006383 3.614500 -0.142011 0.919224 -0.367232 12.346600 -0.049285 0.363966 0.930107 -0.007800 0.000000 0.000000 0.000000 1.000000
0.988467 0.151307 -0.006292 3.614500 -0.141869 0.910676 -0.387999 12.346600 -0.052977 0.384417 0.921638 -0.007800 0.000000 0.000000 0.000000 1.000000
0.988346 0.152095 -0.006236 3.614500 -0.142010 0.906511 -0.397581 12.346600 -0.054817 0.393833 0.917546 -0.007800 0.000000 0.000000 0.000000 1.000000
0.988475 0.151258 -0.006192 3.614500 -0.140992 0.904956 -0.401468 12.346600 -0.055122 0.397714 0.915852 -0.007800 0.000000 0.000000 0.000000 1.000000
0.988451 0.151416 -0.006180 3.614500 -0.141032 0.904207 -0.403138 12.346600 -0.055453 0.399354 0.915118 -0.007800 0.000000 0.000000 0.000000 1.000000
0.988412 0.151666 -0.006304 3.614500 -0.142268 0.911081 -0.386899 12.346600 -0.052936 0.383312 0.922101 -0.007800 0.000000 0.000000 0.000000 1.000000
0.988708 0.149716 -0.006430 3.614500 -0.142601 0.926796 -0.347440 12.346600 -0.046058 0.344434 0.937680 -0.007800 0.000000 0.000000 0.000000 1.000000
0.988877 0.148547 -0.007523 3.614500 -0.143319 0.938104 -0.315310 12.346600 -0.039781 0.312881 0.948959 -0.007800 0.000000 0.000000 0.000000 1.000000
0.989155 0.146629 -0.008498 3.614500 -0.142220 0.941744 -0.304780 12.346600 -0.036687 0.302684 0.952385 -0.007800 0.000000 0.000000 0.000000 1.000000
0.989600 0.143550 -0.009229 3.614500 -0.139222 0.939681 -0.312436 12.346600 -0.036178 0.310471 0.949894 -0.007800 0.000000 0.000000 0.000000 1.000000
0.989915 0.141336 -0.009659 3.614500 -0.136951 0.937299 -0.320492 12.346600 -0.036244 0.318582 0.947202 -0.007800 0.000000 0.000000 0.000000 1.000000
0.989672 0.143033 -0.009524 3.614500 -0.138965 0.940971 -0.308647 12.346600 -0.035185 0.306783 0.951129 -0.007800 0.000000 0.000000 0.000000 1.000000
0.989664 0.143066 -0.009833 3.614500 -0.139472 0.944321 -0.298001 12.346600 -0.033348 0.296292 0.954515 -0.007800 0.000000 0.000000 0.000000 1.000000
0.989685 0.142892 -0.010223 3.614500 -0.139788 0.947643 -0.287109 12.346600 -0.031338 0.285577 0.957843 -0.007800 0.000000 0.000000 0.000000 1.000000
0.989719 0.142631 -0.010621 3.614500 -0.139960 0.950544 -0.277267 12.346600 -0.029451 0.275903 0.960734 -0.007800 0.000000 0.000000 0.000000 1.000000
0.989751 0.142385 -0.010951 3.614500 -0.140037 0.952684 -0.269784 12.346600 -0.027981 0.268553 0.962859 -0.007800 0.000000 0.000000 0.000000 1.000000
0.989830 0.141845 -0.010824 3.614500 -0.139192 0.949988 -0.279549 12.346600 -0.029370 0.278213 0.960070 -0.007800 0.000000 0.000000 0.000000 1.000000
0.990009 0.140588 -0.010776 3.614500 -0.137533 0.945989 -0.293582 12.346600 -0.031081 0.292130 0.955873 -0.007800 0.000000 0.000000 0.000000 1.000000
0.990230 0.139018 -0.010857 3.614500 -0.135650 0.942359 -0.305872 12.346600 -0.032291 0.304356 0.952011 -0.007800 0.000000 0.000000 0.000000 1.000000
0.990295 0.138554 -0.010859 3.614500 -0.135088 0.941267 -0.309465 12.346600 -0.032656 0.307929 0.950849 -0.007800 0.000000 0.000000 0.000000 1.000000
0.990381 0.137930 -0.010985 3.614500 -0.134489 0.940925 -0.310760 12.346600 -0.032528 0.309248 0.950425 -0.007800 0.000000 0.000000 0.000000 1.000000
0.990720 0.135406 -0.011789 3.614500 -0.132389 0.941723 -0.309244 12.346600 -0.030772 0.307935 0.950910 -0.007800 0.000000 0.000000 0.000000 1.000000
0.990836 0.134589 -0.011377 3.614500 -0.130858 0.935664 -0.327732 12.346600 -0.033464 0.326218 0.944702 -0.007800 0.000000 0.000000 0.000000 1.000000
0.990874 0.134448 -0.009655 3.614500 -0.128299 0.918738 -0.373444 12.346600 -0.041338 0.371274 0.927603 -0.007800 0.000000 0.000000 0.000000 1.000000
0.990176 0.139688 -0.006241 3.614500 -0.129671 0.900644 -0.414760 12.346600 -0.052316 0.411495 0.909910 -0.007800 0.000000 0.000000 0.000000 1.000000
0.988926 0.148298 -0.005775 3.614500 -0.135912 0.889330 -0.436600 12.346600 -0.059611 0.432550 0.899637 -0.007800 0.000000 0.000000 0.000000 1.000000
0.988951 0.148124 -0.005924 3.614500 -0.136632 0.895271 -0.424053 12.346600 -0.057509 0.420178 0.905618 -0.007800 0.000000 0.000000 0.000000 1.000000
0.989002 0.147773 -0.006217 3.614500 -0.138417 0.909934 -0.390974 12.346600 -0.052118 0.387535 0.920381 -0.007800 0.000000 0.000000 0.000000 1.000000
0.988874 0.148619 -0.006385 3.614500 -0.140941 0.922329 -0.359784 12.346600 -0.047582 0.356681 0.933014 -0.007800 0.000000 0.000000 0.000000 1.000000
0.988772 0.149293 -0.006432 3.614500 -0.142622 0.929991 -0.338786 12.346600 -0.044597 0.335900 0.940841 -0.007800 0.000000 0.000000 0.000000 1.000000</float_array>
        <technique_common>
          <accessor source="#mixamorig1_RightHandIndex1-Matrix-animation-output-transform-array" count="32" stride="16">
            <param type="float4x4"/>
          </accessor>
        </technique_common>
      </source>
      <source id="mixamorig1_RightHandIndex1-Interpolations">
        <Name_array id="mixamorig1_RightHandIndex1-Interpolations-array" count="32">
 LINEAR LINEAR LINEAR LINEAR LINEAR LINEAR LINEAR LINEAR LINEAR LINEAR LINEAR
LINEAR LINEAR LINEAR LINEAR LINEAR LINEAR LINEAR LINEAR LINEAR LINEAR LINEAR LINEAR
LINEAR LINEAR LINEAR LINEAR LINEAR LINEAR LINEAR LINEAR LINEAR</Name_array>
        <technique_common>
          <accessor source="#mixamorig1_RightHandIndex1-Interpolations-array" count="32">
            <param type="name"/>
          </accessor>
        </technique_common>
      </source>
      <sampler id="mixamorig1_RightHandIndex1-Matrix-animation-transform">
        <input semantic="INPUT" source="#mixamorig1_RightHandIndex1-Matrix-animation-input"/>
        <input semantic="OUTPUT" source="#mixamorig1_RightHandIndex1-Matrix-animation-output-transform"/>
        <input semantic="INTERPOLATION" source="#mixamorig1_RightHandIndex1-Interpolations"/>
      </sampler>
      <channel source="#mixamorig1_RightHandIndex1-Matrix-animation-transform" target="mixamorig1_RightHandIndex1/matrix"/>
    </animation>
    <animation id="mixamorig1_RightHandIndex2-anim" name="mixamorig1_RightHandIndex2">
      <source id="mixamorig1_RightHandIndex2-Matrix-animation-input">
        <float_array id="mixamorig1_RightHandIndex2-Matrix-animation-input-array" count="32">

0.000000 0.033333 0.066667 0.100000 0.133333 0.166667 0.200000 0.233333 0.266667 0.300000 0.333333 0.366667 0.400000 0.433333 0.466667 0.500000
0.533333 0.566667 0.600000 0.633333 0.666667 0.700000 0.733333 0.766667 0.800000 0.833333 0.866667 0.900000 0.933333 0.966667 1.000000 1.033333</float_array>
        <technique_common>
          <accessor source="#mixamorig1_RightHandIndex2-Matrix-animation-input-array" count="32">
            <param name="TIME" type="float"/>
          </accessor>
        </technique_common>
      </source>
      <source id="mixamorig1_RightHandIndex2-Matrix-animation-output-transform">
        <float_array id="mixamorig1_RightHandIndex2-Matrix-animation-output-transform-array" count="512">

0.998888 -0.046097 0.009924 -0.011900 0.046199 0.914606 -0.401698 3.117400 0.009440 0.401710 0.915718 0.000000 0.000000 0.000000 0.000000 1.000000
0.998887 -0.046106 0.009928 -0.011900 0.046207 0.914568 -0.401783 3.117400 0.009444 0.401794 0.915681 0.000000 0.000000 0.000000 0.000000 1.000000
0.998894 -0.045980 0.009868 -0.011900 0.046081 0.915132 -0.400513 3.117400 0.009385 0.400525 0.916238 0.000000 0.000000 0.000000 0.000000 1.000000
0.998892 -0.046011 0.009882 -0.011900 0.046112 0.914993 -0.400827 3.117400 0.009400 0.400838 0.916101 0.000000 0.000000 0.000000 0.000000 1.000000
0.998895 -0.045947 0.009851 -0.011900 0.046047 0.915283 -0.400170 3.117400 0.009370 0.400182 0.916388 0.000000 0.000000 0.000000 0.000000 1.000000
0.998899 -0.045881 0.009819 -0.011900 0.045981 0.915580 -0.399498 3.117400 0.009339 0.399510 0.916681 0.000000 0.000000 0.000000 0.000000 1.000000
0.998892 -0.046003 0.009879 -0.011900 0.046104 0.915029 -0.400745 3.117400 0.009396 0.400757 0.916136 -0.000000 0.000000 0.000000 0.000000 1.000000
0.998892 -0.046005 0.009880 -0.011900 0.046106 0.915021 -0.400763 3.117400 0.009397 0.400775 0.916128 0.000000 0.000000 0.000000 0.000000 1.000000
0.998895 -0.045951 0.009854 -0.011900 0.046052 0.915263 -0.400215 3.117400 0.009372 0.400227 0.916368 0.000000 0.000000 0.000000 0.000000 1.000000
0.998901 -0.045834 0.009797 -0.011900 0.045934 0.915787 -0.399028 3.117400 0.009317 0.399040 0.916886 -0.000000 0.000000 0.000000 0.000000 1.000000
0.998901 -0.045841 0.009800 -0.011900 0.045941 0.915758 -0.399095 3.117400 0.009320 0.399107 0.916857 0.000000 0.000000 0.000000 0.000000 1.000000
0.998899 -0.045871 0.009815 -0.011900 0.045971 0.915622 -0.399403 3.117400 0.009334 0.399414 0.916723 0.000000 0.000000 0.000000 0.000000 1.000000
0.998892 -0.046012 0.009883 -0.011900 0.046113 0.914991 -0.400832 3.117400 0.009400 0.400843 0.916098 0.000000 0.000000 0.000000 0.000000 1.000000
0.998893 -0.045990 0.009872 -0.011900 0.046091 0.915087 -0.400613 3.117400 0.009390 0.400625 0.916194 -0.000000 0.000000 0.000000 0.000000 1.000000
0.998890 -0.046057 0.009905 -0.011900 0.046158 0.914788 -0.401289 3.117400 0.009422 0.401300 0.915898 0.000000 0.000000 0.000000 0.000000 1.000000
0.998886 -0.046139 0.009944 -0.011900 0.046241 0.914418 -0.402122 3.117400 0.009460 0.402133 0.915532 0.000000 0.000000 0.000000 0.000000 1.000000
0.998882 -0.046218 0.009983 -0.011900 0.046320 0.914062 -0.402920 3.117400 0.009497 0.402932 0.915181 0.000000 0.000000 0.000000 0.000000 1.000000
0.998879 -0.046274 0.010010 -0.011900 0.046377 0.913807 -0.403492 3.117400 0.009524 0.403504 0.914929 0.000000 0.000000 0.000000 0.000000 1.000000
0.998883 -0.046185 0.009967 -0.011900 0.046287 0.914209 -0.402590 3.117400 0.009482 0.402601 0.915326 0.000000 0.000000 0.000000 0.000000 1.000000
0.998875 -0.046342 0.010044 -0.011900 0.046445 0.913501 -0.404177 3.117400 0.009556 0.404189 0.914626 0.000000 0.000000 0.000000 0.000000 1.000000
0.998875 -0.046344 0.010045 -0.011900 0.046447 0.913489 -0.404203 3.117400 0.009557 0.404215 0.914614 0.000000 0.000000 0.000000 0.000000 1.000000
0.998878 -0.046288 0.010017 -0.011900 0.046390 0.913746 -0.403629 3.117400 0.009530 0.403641 0.914868 0.000000 0.000000 0.000000 0.000000 1.000000
0.998881 -0.046229 0.009988 -0.011900 0.046331 0.914014 -0.403029 3.117400 0.009502 0.403041 0.915133 -0.000000 0.000000 0.000000 0.000000 1.000000
0.998882 -0.046216 0.009982 -0.011900 0.046318 0.914070 -0.402902 3.117400 0.009496 0.402914 0.915189 0.000000 0.000000 0.000000 0.000000 1.000000
0.998893 -0.045984 0.009869 -0.011900 0.046085 0.915116 -0.400549 3.117400 0.009387 0.400560 0.916222 0.000000 0.000000 0.000000 0.000000 1.000000
0.998903 -0.045796 0.009778 -0.011900 0.045895 0.915958 -0.398641 3.117400 0.009299 0.398652 0.917055 0.000000 0.000000 0.000000 0.000000 1.000000
0.998895 -0.045957 0.009856 -0.011900 0.046058 0.915236 -0.400276 3.117400 0.009375 0.400288 0.916341 0.000000 0.000000 0.000000 0.000000 1.000000
0.998883 -0.046187 0.009968 -0.011900 0.046289 0.914202 -0.402608 3.117400 0.009483 0.402619 0.915318 0.000000 0.000000 0.000000 0.000000 1.000000
0.998883 -0.046188 0.009968 -0.011900 0.046290 0.914199 -0.402614 3.117400 0.009483 0.402626 0.915315 0.000000 0.000000 0.000000 0.000000 1.000000
0.998882 -0.046202 0.009975 -0.011900 0.046304 0.914132 -0.402764 3.117400 0.009490 0.402775 0.915250 0.000000 0.000000 0.000000 0.000000 1.000000
0.998885 -0.046144 0.009947 -0.011900 0.046245 0.914399 -0.402165 3.117400 0.009462 0.402177 0.915513 0.000000 0.000000 0.000000 0.000000 1.000000
0.998888 -0.046097 0.009924 -0.011900 0.046199 0.914606 -0.401698 3.117400 0.009440 0.401710 0.915718 0.000000 0.000000 0.000000 0.000000 1.000000</float_array>
        <technique_common>
          <accessor source="#mixamorig1_RightHandIndex2-Matrix-animation-output-transform-array" count="32" stride="16">
            <param type="float4x4"/>
          </accessor>
        </technique_common>
      </source>
      <source id="mixamorig1_RightHandIndex2-Interpolations">
        <Name_array id="mixamorig1_RightHandIndex2-Interpolations-array" count="32">
 LINEAR LINEAR LINEAR LINEAR LINEAR LINEAR LINEAR LINEAR LINEAR LINEAR LINEAR
LINEAR LINEAR LINEAR LINEAR LINEAR LINEAR LINEAR LINEAR LINEAR LINEAR LINEAR LINEAR
LINEAR LINEAR LINEAR LINEAR LINEAR LINEAR LINEAR LINEAR LINEAR</Name_array>
        <technique_common>
          <accessor source="#mixamorig1_RightHandIndex2-Interpolations-array" count="32">
            <param type="name"/>
          </accessor>
        </technique_common>
      </source>
      <sampler id="mixamorig1_RightHandIndex2-Matrix-animation-transform">
        <input semantic="INPUT" source="#mixamorig1_RightHandIndex2-Matrix-animation-input"/>
        <input semantic="OUTPUT" source="#mixamorig1_RightHandIndex2-Matrix-animation-output-transform"/>
        <input semantic="INTERPOLATION" source="#mixamorig1_RightHandIndex2-Interpolations"/>
      </sampler>
      <channel source="#mixamorig1_RightHandIndex2-Matrix-animation-transform" target="mixamorig1_RightHandIndex2/matrix"/>
    </animation>
    <animation id="mixamorig1_RightHandIndex3-anim" name="mixamorig1_RightHandIndex3">
      <source id="mixamorig1_RightHandIndex3-Matrix-animation-input">
        <float_array id="mixamorig1_RightHandIndex3-Matrix-animation-input-array" count="32">

0.000000 0.033333 0.066667 0.100000 0.133333 0.166667 0.200000 0.233333 0.266667 0.300000 0.333333 0.366667 0.400000 0.433333 0.466667 0.500000
0.533333 0.566667 0.600000 0.633333 0.666667 0.700000 0.733333 0.766667 0.800000 0.833333 0.866667 0.900000 0.933333 0.966667 1.000000 1.033333</float_array>
        <technique_common>
          <accessor source="#mixamorig1_RightHandIndex3-Matrix-animation-input-array" count="32">
            <param name="TIME" type="float"/>
          </accessor>
        </technique_common>
      </source>
      <source id="mixamorig1_RightHandIndex3-Matrix-animation-output-transform">
        <float_array id="mixamorig1_RightHandIndex3-Matrix-animation-output-transform-array" count="512">

0.999837 -0.018020 0.001240 0.006600 0.017945 0.983214 -0.181569 2.856100 0.002053 0.181562 0.983377 -0.000000 0.000000 0.000000 0.000000 1.000000
0.999837 -0.018029 0.001241 0.006600 0.017954 0.983197 -0.181660 2.856100 0.002055 0.181653 0.983361 0.000000 0.000000 0.000000 0.000000 1.000000
0.999839 -0.017891 0.001219 0.006600 0.017818 0.983451 -0.180295 2.856100 0.002027 0.180288 0.983612 0.000000 0.000000 0.000000 0.000000 1.000000
0.999839 -0.017925 0.001225 0.006600 0.017852 0.983389 -0.180632 2.856100 0.002034 0.180625 0.983550 0.000000 0.000000 0.000000 0.000000 1.000000
0.999840 -0.017855 0.001213 0.006600 0.017781 0.983519 -0.179927 2.856100 0.002019 0.179920 0.983679 0.000000 0.000000 0.000000 0.000000 1.000000
0.999841 -0.017782 0.001202 0.006600 0.017709 0.983652 -0.179206 2.856100 0.002005 0.179199 0.983811 0.000000 0.000000 0.000000 0.000000 1.000000
0.999839 -0.017916 0.001223 0.006600 0.017843 0.983405 -0.180545 2.856100 0.002032 0.180538 0.983566 0.000000 0.000000 0.000000 0.000000 1.000000
0.999839 -0.017918 0.001224 0.006600 0.017845 0.983401 -0.180564 2.856100 0.002032 0.180557 0.983563 0.000000 0.000000 0.000000 0.000000 1.000000
0.999840 -0.017859 0.001214 0.006600 0.017786 0.983510 -0.179975 2.856100 0.002020 0.179967 0.983670 -0.000000 0.000000 0.000000 0.000000 1.000000
0.999842 -0.017731 0.001194 0.006600 0.017659 0.983745 -0.178700 2.856100 0.001994 0.178693 0.983903 0.000000 0.000000 0.000000 0.000000 1.000000
0.999842 -0.017738 0.001195 0.006600 0.017666 0.983732 -0.178772 2.856100 0.001996 0.178765 0.983890 0.000000 0.000000 0.000000 0.000000 1.000000
0.999841 -0.017771 0.001200 0.006600 0.017699 0.983671 -0.179102 2.856100 0.002002 0.179095 0.983830 0.000000 0.000000 0.000000 0.000000 1.000000
0.999839 -0.017926 0.001225 0.006600 0.017852 0.983388 -0.180637 2.856100 0.002034 0.180630 0.983549 0.000000 0.000000 0.000000 0.000000 1.000000
0.999839 -0.017902 0.001221 0.006600 0.017829 0.983431 -0.180404 2.856100 0.002029 0.180396 0.983592 0.000000 0.000000 0.000000 0.000000 1.000000
0.999838 -0.017975 0.001232 0.006600 0.017901 0.983296 -0.181129 2.856100 0.002044 0.181122 0.983459 0.000000 0.000000 0.000000 0.000000 1.000000
0.999836 -0.018066 0.001247 0.006600 0.017991 0.983129 -0.182024 2.856100 0.002062 0.182017 0.983293 0.000000 0.000000 0.000000 0.000000 1.000000
0.999834 -0.018152 0.001261 0.006600 0.018076 0.982969 -0.182883 2.856100 0.002080 0.182875 0.983134 0.000000 0.000000 0.000000 0.000000 1.000000
0.999833 -0.018214 0.001271 0.006600 0.018138 0.982853 -0.183498 2.856100 0.002093 0.183490 0.983019 0.000000 0.000000 0.000000 0.000000 1.000000
0.999835 -0.018116 0.001255 0.006600 0.018041 0.983035 -0.182527 2.856100 0.002073 0.182520 0.983200 -0.000000 0.000000 0.000000 0.000000 1.000000
0.999832 -0.018288 0.001283 0.006600 0.018211 0.982714 -0.184234 2.856100 0.002108 0.184227 0.982881 0.000000 0.000000 0.000000 0.000000 1.000000
0.999832 -0.018291 0.001284 0.006600 0.018214 0.982708 -0.184262 2.856100 0.002109 0.184255 0.982876 0.000000 0.000000 0.000000 0.000000 1.000000
0.999833 -0.018228 0.001274 0.006600 0.018152 0.982825 -0.183645 2.856100 0.002096 0.183637 0.982992 0.000000 0.000000 0.000000 0.000000 1.000000
0.999834 -0.018163 0.001263 0.006600 0.018088 0.982947 -0.183000 2.856100 0.002082 0.182993 0.983112 0.000000 0.000000 0.000000 0.000000 1.000000
0.999834 -0.018150 0.001261 0.006600 0.018074 0.982972 -0.182864 2.856100 0.002080 0.182856 0.983137 0.000000 0.000000 0.000000 0.000000 1.000000
0.999839 -0.017895 0.001220 0.006600 0.017822 0.983444 -0.180334 2.856100 0.002027 0.180326 0.983605 0.000000 0.000000 0.000000 0.000000 1.000000
0.999843 -0.017689 0.001187 0.006600 0.017617 0.983821 -0.178284 2.856100 0.001986 0.178277 0.983978 0.000000 0.000000 0.000000 0.000000 1.000000
0.999840 -0.017866 0.001215 0.006600 0.017793 0.983498 -0.180041 2.856100 0.002022 0.180034 0.983658 0.000000 0.000000 0.000000 0.000000 1.000000
0.999835 -0.018128 0.001257 0.006600 0.018052 0.983014 -0.182642 2.856100 0.002075 0.182635 0.983179 0.000000 0.000000 0.000000 0.000000 1.000000
0.999835 -0.018130 0.001257 0.006600 0.018054 0.983010 -0.182662 2.856100 0.002076 0.182654 0.983175 -0.000000 0.000000 0.000000 0.000000 1.000000
0.999835 -0.018147 0.001260 0.006600 0.018072 0.982977 -0.182838 2.856100 0.002079 0.182830 0.983142 0.000000 0.000000 0.000000 0.000000 1.000000
0.999836 -0.018078 0.001249 0.006600 0.018003 0.983107 -0.182146 2.856100 0.002065 0.182139 0.983271 -0.000000 0.000000 0.000000 0.000000 1.000000
0.999837 -0.018019 0.001240 0.006600 0.017945 0.983214 -0.181569 2.856100 0.002053 0.181562 0.983377 0.000000 0.000000 0.000000 0.000000 1.000000</float_array>
        <technique_common>
          <accessor source="#mixamorig1_RightHandIndex3-Matrix-animation-output-transform-array" count="32" stride="16">
            <param type="float4x4"/>
          </accessor>
        </technique_common>
      </source>
      <source id="mixamorig1_RightHandIndex3-Interpolations">
        <Name_array id="mixamorig1_RightHandIndex3-Interpolations-array" count="32">
 LINEAR LINEAR LINEAR LINEAR LINEAR LINEAR LINEAR LINEAR LINEAR LINEAR LINEAR
LINEAR LINEAR LINEAR LINEAR LINEAR LINEAR LINEAR LINEAR LINEAR LINEAR LINEAR LINEAR
LINEAR LINEAR LINEAR LINEAR LINEAR LINEAR LINEAR LINEAR LINEAR</Name_array>
        <technique_common>
          <accessor source="#mixamorig1_RightHandIndex3-Interpolations-array" count="32">
            <param type="name"/>
          </accessor>
        </technique_common>
      </source>
      <sampler id="mixamorig1_RightHandIndex3-Matrix-animation-transform">
        <input semantic="INPUT" source="#mixamorig1_RightHandIndex3-Matrix-animation-input"/>
        <input semantic="OUTPUT" source="#mixamorig1_RightHandIndex3-Matrix-animation-output-transform"/>
        <input semantic="INTERPOLATION" source="#mixamorig1_RightHandIndex3-Interpolations"/>
      </sampler>
      <channel source="#mixamorig1_RightHandIndex3-Matrix-animation-transform" target="mixamorig1_RightHandIndex3/matrix"/>
    </animation>
    <animation id="mixamorig1_RightHandMiddle1-anim" name="mixamorig1_RightHandMiddle1">
      <source id="mixamorig1_RightHandMiddle1-Matrix-animation-input">
        <float_array id="mixamorig1_RightHandMiddle1-Matrix-animation-input-array" count="32">

0.000000 0.033333 0.066667 0.100000 0.133333 0.166667 0.200000 0.233333 0.266667 0.300000 0.333333 0.366667 0.400000 0.433333 0.466667 0.500000
0.533333 0.566667 0.600000 0.633333 0.666667 0.700000 0.733333 0.766667 0.800000 0.833333 0.866667 0.900000 0.933333 0.966667 1.000000 1.033333</float_array>
        <technique_common>
          <accessor source="#mixamorig1_RightHandMiddle1-Matrix-animation-input-array" count="32">
            <param name="TIME" type="float"/>
          </accessor>
        </technique_common>
      </source>
      <source id="mixamorig1_RightHandMiddle1-Matrix-animation-output-transform">
        <float_array id="mixamorig1_RightHandMiddle1-Matrix-animation-output-transform-array" count="512">

0.997522 0.070201 -0.004757 0.922400 -0.067165 0.929878 -0.361684 12.176400 -0.020967 0.361107 0.932289 -0.222200 0.000000 0.000000 0.000000 1.000000
0.997413 0.071733 -0.004734 0.922400 -0.068411 0.926858 -0.369125 12.176400 -0.022091 0.368494 0.929368 -0.222200 0.000000 0.000000 0.000000 1.000000
0.997360 0.072472 -0.004653 0.922400 -0.068707 0.920919 -0.383651 12.176400 -0.023519 0.382957 0.923467 -0.222200 0.000000 0.000000 0.000000 1.000000
0.997354 0.072556 -0.004581 0.922400 -0.068505 0.916840 -0.393334 12.176400 -0.024338 0.392607 0.919384 -0.222200 0.000000 0.000000 0.000000 1.000000
0.997446 0.071272 -0.004554 0.922400 -0.067259 0.916004 -0.395491 12.176400 -0.024016 0.394787 0.918459 -0.222200 0.000000 0.000000 0.000000 1.000000
0.997599 0.069101 -0.004546 0.922400 -0.065285 0.916556 -0.394541 12.176400 -0.023097 0.393891 0.918867 -0.222200 0.000000 0.000000 0.000000 1.000000
0.997652 0.068329 -0.004553 0.922400 -0.064618 0.917281 -0.392964 12.176400 -0.022675 0.392335 0.919543 -0.222200 0.000000 0.000000 0.000000 1.000000
0.997741 0.067016 -0.004620 0.922400 -0.063678 0.921658 -0.382742 12.176400 -0.021392 0.382172 0.923844 -0.222200 0.000000 0.000000 0.000000 1.000000
0.997800 0.066120 -0.004754 0.922400 -0.063495 0.932641 -0.355175 12.176400 -0.019051 0.354696 0.934788 -0.222200 0.000000 0.000000 0.000000 1.000000
0.997793 0.066225 -0.004801 0.922400 -0.064049 0.940896 -0.332584 12.176400 -0.017508 0.332158 0.943061 -0.222200 0.000000 0.000000 0.000000 1.000000
0.997895 0.064678 -0.004791 0.922400 -0.062818 0.945544 -0.319375 12.176400 -0.016126 0.319004 0.947616 -0.222200 0.000000 0.000000 0.000000 1.000000
0.998079 0.061771 -0.004773 0.922400 -0.060082 0.946225 -0.317883 12.176400 -0.015120 0.317559 0.948118 -0.222200 0.000000 0.000000 0.000000 1.000000
0.998156 0.060520 -0.004768 0.922400 -0.058861 0.945580 -0.320022 12.176400 -0.014860 0.319712 0.947398 -0.222200 0.000000 0.000000 0.000000 1.000000
0.998003 0.062988 -0.004781 0.922400 -0.061224 0.945847 -0.318786 12.176400 -0.015558 0.318442 0.947815 -0.222200 0.000000 0.000000 0.000000 1.000000
0.997899 0.064613 -0.004797 0.922400 -0.062813 0.946630 -0.316143 12.176400 -0.015886 0.315780 0.948700 -0.222200 0.000000 0.000000 0.000000 1.000000
0.997797 0.066160 -0.004806 0.922400 -0.064335 0.947521 -0.313152 12.176400 -0.016164 0.312771 0.949691 -0.222200 0.000000 0.000000 0.000000 1.000000
0.997704 0.067553 -0.004806 0.922400 -0.065704 0.948311 -0.310465 12.176400 -0.016415 0.310068 0.950572 -0.222200 0.000000 0.000000 0.000000 1.000000
0.997625 0.068716 -0.004801 0.922400 -0.066838 0.948796 -0.308737 12.176400 -0.016660 0.308324 0.951135 -0.222200 0.000000 0.000000 0.000000 1.000000
0.997667 0.068098 -0.004806 0.922400 -0.066166 0.947236 -0.313634 12.176400 -0.016806 0.313220 0.949532 -0.222200 0.000000 0.000000 0.000000 1.000000
0.997747 0.066923 -0.004802 0.922400 -0.064998 0.946328 -0.316606 12.176400 -0.016644 0.316204 0.948545 -0.222200 0.000000 0.000000 0.000000 1.000000
0.997911 0.064420 -0.004789 0.922400 -0.062585 0.945797 -0.318671 12.176400 -0.015999 0.318305 0.947853 -0.222200 0.000000 0.000000 0.000000 1.000000
0.998019 0.062738 -0.004775 0.922400 -0.061018 0.946550 -0.316734 12.176400 -0.015352 0.316398 0.948502 -0.222200 0.000000 0.000000 0.000000 1.000000
0.998117 0.061157 -0.004764 0.922400 -0.059567 0.947768 -0.313350 12.176400 -0.014648 0.313044 0.949626 -0.222200 0.000000 0.000000 0.000000 1.000000
0.998232 0.059250 -0.004741 0.922400 -0.057846 0.950036 -0.306733 12.176400 -0.013669 0.306465 0.951784 -0.222200 0.000000 0.000000 0.000000 1.000000
0.998328 0.057611 -0.004746 0.922400 -0.056180 0.947650 -0.314331 12.176400 -0.013611 0.314072 0.949302 -0.222200 0.000000 0.000000 0.000000 1.000000
0.998460 0.055277 -0.004723 0.922400 -0.053545 0.937874 -0.342818 12.176400 -0.014520 0.342543 0.939390 -0.222200 0.000000 0.000000 0.000000 1.000000
0.998393 0.056476 -0.004592 0.922400 -0.054044 0.924776 -0.376655 12.176400 -0.017025 0.376298 0.926342 -0.222200 0.000000 0.000000 0.000000 1.000000
0.998135 0.060888 -0.004414 0.922400 -0.057501 0.913395 -0.402994 12.176400 -0.020506 0.402496 0.915192 -0.222200 0.000000 0.000000 0.000000 1.000000
0.998022 0.062706 -0.004450 0.922400 -0.059238 0.914412 -0.400428 12.176400 -0.021040 0.399899 0.916318 -0.222200 0.000000 0.000000 0.000000 1.000000
0.997830 0.065682 -0.004606 0.922400 -0.062426 0.921466 -0.383411 12.176400 -0.020939 0.382867 0.923566 -0.222200 0.000000 0.000000 0.000000 1.000000
0.997658 0.068243 -0.004710 0.922400 -0.065162 0.927160 -0.368956 12.176400 -0.020812 0.368399 0.929435 -0.222200 0.000000 0.000000 0.000000 1.000000
0.997522 0.070200 -0.004757 0.922400 -0.067165 0.929878 -0.361684 12.176400 -0.020967 0.361107 0.932289 -0.222200 0.000000 0.000000 0.000000 1.000000</float_array>
        <technique_common>
          <accessor source="#mixamorig1_RightHandMiddle1-Matrix-animation-output-transform-array" count="32" stride="16">
            <param type="float4x4"/>
          </accessor>
        </technique_common>
      </source>
      <source id="mixamorig1_RightHandMiddle1-Interpolations">
        <Name_array id="mixamorig1_RightHandMiddle1-Interpolations-array" count="32">
 LINEAR LINEAR LINEAR LINEAR LINEAR LINEAR LINEAR LINEAR LINEAR LINEAR LINEAR
LINEAR LINEAR LINEAR LINEAR LINEAR LINEAR LINEAR LINEAR LINEAR LINEAR LINEAR LINEAR
LINEAR LINEAR LINEAR LINEAR LINEAR LINEAR LINEAR LINEAR LINEAR</Name_array>
        <technique_common>
          <accessor source="#mixamorig1_RightHandMiddle1-Interpolations-array" count="32">
            <param type="name"/>
          </accessor>
        </technique_common>
      </source>
      <sampler id="mixamorig1_RightHandMiddle1-Matrix-animation-transform">
        <input semantic="INPUT" source="#mixamorig1_RightHandMiddle1-Matrix-animation-input"/>
        <input semantic="OUTPUT" source="#mixamorig1_RightHandMiddle1-Matrix-animation-output-transform"/>
        <input semantic="INTERPOLATION" source="#mixamorig1_RightHandMiddle1-Interpolations"/>
      </sampler>
      <channel source="#mixamorig1_RightHandMiddle1-Matrix-animation-transform" target="mixamorig1_RightHandMiddle1/matrix"/>
    </animation>
    <animation id="mixamorig1_RightHandMiddle2-anim" name="mixamorig1_RightHandMiddle2">
      <source id="mixamorig1_RightHandMiddle2-Matrix-animation-input">
        <float_array id="mixamorig1_RightHandMiddle2-Matrix-animation-input-array" count="32">

0.000000 0.033333 0.066667 0.100000 0.133333 0.166667 0.200000 0.233333 0.266667 0.300000 0.333333 0.366667 0.400000 0.433333 0.466667 0.500000
0.533333 0.566667 0.600000 0.633333 0.666667 0.700000 0.733333 0.766667 0.800000 0.833333 0.866667 0.900000 0.933333 0.966667 1.000000 1.033333</float_array>
        <technique_common>
          <accessor source="#mixamorig1_RightHandMiddle2-Matrix-animation-input-array" count="32">
            <param name="TIME" type="float"/>
          </accessor>
        </technique_common>
      </source>
      <source id="mixamorig1_RightHandMiddle2-Matrix-animation-output-transform">
        <float_array id="mixamorig1_RightHandMiddle2-Matrix-animation-output-transform-array" count="512">

0.997577 -0.066282 0.021150 -0.016200 0.066340 0.814578 -0.576248 3.479200 0.020967 0.576254 0.817001 0.000000 0.000000 0.000000 0.000000 1.000000
0.997572 -0.066340 0.021195 -0.016200 0.066398 0.814153 -0.576841 3.479200 0.021012 0.576848 0.816581 0.000000 0.000000 0.000000 0.000000 1.000000
0.997568 -0.066389 0.021233 -0.016200 0.066447 0.813794 -0.577342 3.479200 0.021050 0.577349 0.816226 0.000000 0.000000 0.000000 0.000000 1.000000
0.997566 -0.066413 0.021252 -0.016200 0.066472 0.813616 -0.577591 3.479200 0.021069 0.577597 0.816050 -0.000000 0.000000 0.000000 0.000000 1.000000
0.997557 -0.066517 0.021334 -0.016200 0.066576 0.812851 -0.578654 3.479200 0.021149 0.578661 0.815294 0.000000 0.000000 0.000000 0.000000 1.000000
0.997541 -0.066711 0.021486 -0.016200 0.066770 0.811418 -0.580639 3.479200 0.021301 0.580646 0.813877 0.000000 0.000000 0.000000 0.000000 1.000000
0.997536 -0.066775 0.021536 -0.016200 0.066835 0.810944 -0.581294 3.479200 0.021351 0.581300 0.813409 0.000000 0.000000 0.000000 0.000000 1.000000
0.997538 -0.066746 0.021513 -0.016200 0.066805 0.811161 -0.580994 3.479200 0.021328 0.581001 0.813623 0.000000 0.000000 0.000000 0.000000 1.000000
0.997545 -0.066662 0.021447 -0.016200 0.066721 0.811778 -0.580142 3.479200 0.021263 0.580149 0.814233 0.000000 0.000000 0.000000 0.000000 1.000000
0.997572 -0.066344 0.021198 -0.016200 0.066402 0.814123 -0.576883 3.479200 0.021015 0.576889 0.816552 0.000000 0.000000 0.000000 0.000000 1.000000
0.997594 -0.066070 0.020985 -0.016200 0.066128 0.816121 -0.574084 3.479200 0.020803 0.574091 0.818527 0.000000 0.000000 0.000000 0.000000 1.000000
0.997597 -0.066032 0.020956 -0.016200 0.066090 0.816398 -0.573695 3.479200 0.020774 0.573702 0.818801 -0.000000 0.000000 0.000000 0.000000 1.000000
0.997588 -0.066144 0.021042 -0.016200 0.066202 0.815586 -0.574837 3.479200 0.020860 0.574844 0.817997 0.000000 0.000000 0.000000 0.000000 1.000000
0.997583 -0.066208 0.021092 -0.016200 0.066266 0.815119 -0.575491 3.479200 0.020910 0.575497 0.817536 -0.000000 0.000000 0.000000 0.000000 1.000000
0.997585 -0.066181 0.021071 -0.016200 0.066239 0.815318 -0.575212 3.479200 0.020889 0.575219 0.817733 -0.000000 0.000000 0.000000 0.000000 1.000000
0.997589 -0.066139 0.021038 -0.016200 0.066197 0.815622 -0.574786 3.479200 0.020856 0.574793 0.818033 0.000000 0.000000 0.000000 0.000000 1.000000
0.997592 -0.066096 0.021005 -0.016200 0.066154 0.815933 -0.574350 3.479200 0.020824 0.574356 0.818340 -0.000000 0.000000 0.000000 0.000000 1.000000
0.997595 -0.066066 0.020982 -0.016200 0.066124 0.816153 -0.574040 3.479200 0.020800 0.574047 0.818558 -0.000000 0.000000 0.000000 0.000000 1.000000
0.997591 -0.066110 0.021016 -0.016200 0.066168 0.815834 -0.574489 3.479200 0.020834 0.574496 0.818243 0.000000 0.000000 0.000000 0.000000 1.000000
0.997590 -0.066120 0.021023 -0.016200 0.066177 0.815762 -0.574589 3.479200 0.020841 0.574596 0.818172 0.000000 0.000000 0.000000 0.000000 1.000000
0.997586 -0.066175 0.021066 -0.016200 0.066232 0.815364 -0.575147 3.479200 0.020884 0.575154 0.817779 -0.000000 0.000000 0.000000 0.000000 1.000000
0.997583 -0.066203 0.021088 -0.016200 0.066261 0.815155 -0.575441 3.479200 0.020906 0.575447 0.817572 0.000000 0.000000 0.000000 0.000000 1.000000
0.997583 -0.066203 0.021089 -0.016200 0.066261 0.815151 -0.575446 3.479200 0.020906 0.575452 0.817568 -0.000000 0.000000 0.000000 0.000000 1.000000
0.997593 -0.066089 0.021000 -0.016200 0.066147 0.815985 -0.574277 3.479200 0.020818 0.574283 0.818392 0.000000 0.000000 0.000000 0.000000 1.000000
0.997601 -0.065988 0.020922 -0.016200 0.066045 0.816719 -0.573243 3.479200 0.020740 0.573250 0.819118 0.000000 0.000000 0.000000 0.000000 1.000000
0.997589 -0.066139 0.021038 -0.016200 0.066196 0.815625 -0.574782 3.479200 0.020856 0.574788 0.818036 -0.000000 0.000000 0.000000 0.000000 1.000000
0.997567 -0.066403 0.021245 -0.016200 0.066462 0.813685 -0.577494 3.479200 0.021061 0.577501 0.816119 0.000000 0.000000 0.000000 0.000000 1.000000
0.997552 -0.066583 0.021385 -0.016200 0.066642 0.812364 -0.579331 3.479200 0.021201 0.579337 0.814812 0.000000 0.000000 0.000000 0.000000 1.000000
0.997557 -0.066514 0.021331 -0.016200 0.066572 0.812875 -0.578621 3.479200 0.021147 0.578628 0.815318 0.000000 0.000000 0.000000 0.000000 1.000000
0.997569 -0.066380 0.021226 -0.016200 0.066438 0.813860 -0.577251 3.479200 0.021043 0.577258 0.816291 0.000000 0.000000 0.000000 0.000000 1.000000
0.997575 -0.066301 0.021165 -0.016200 0.066360 0.814435 -0.576448 3.479200 0.020982 0.576455 0.816860 0.000000 0.000000 0.000000 0.000000 1.000000
0.997577 -0.066282 0.021150 -0.016200 0.066340 0.814578 -0.576248 3.479200 0.020967 0.576254 0.817002 0.000000 0.000000 0.000000 0.000000 1.000000</float_array>
        <technique_common>
          <accessor source="#mixamorig1_RightHandMiddle2-Matrix-animation-output-transform-array" count="32" stride="16">
            <param type="float4x4"/>
          </accessor>
        </technique_common>
      </source>
      <source id="mixamorig1_RightHandMiddle2-Interpolations">
        <Name_array id="mixamorig1_RightHandMiddle2-Interpolations-array" count="32">
 LINEAR LINEAR LINEAR LINEAR LINEAR LINEAR LINEAR LINEAR LINEAR LINEAR LINEAR
LINEAR LINEAR LINEAR LINEAR LINEAR LINEAR LINEAR LINEAR LINEAR LINEAR LINEAR LINEAR
LINEAR LINEAR LINEAR LINEAR LINEAR LINEAR LINEAR LINEAR LINEAR</Name_array>
        <technique_common>
          <accessor source="#mixamorig1_RightHandMiddle2-Interpolations-array" count="32">
            <param type="name"/>
          </accessor>
        </technique_common>
      </source>
      <sampler id="mixamorig1_RightHandMiddle2-Matrix-animation-transform">
        <input semantic="INPUT" source="#mixamorig1_RightHandMiddle2-Matrix-animation-input"/>
        <input semantic="OUTPUT" source="#mixamorig1_RightHandMiddle2-Matrix-animation-output-transform"/>
        <input semantic="INTERPOLATION" source="#mixamorig1_RightHandMiddle2-Interpolations"/>
      </sampler>
      <channel source="#mixamorig1_RightHandMiddle2-Matrix-animation-transform" target="mixamorig1_RightHandMiddle2/matrix"/>
    </animation>
    <animation id="mixamorig1_RightHandMiddle3-anim" name="mixamorig1_RightHandMiddle3">
      <source id="mixamorig1_RightHandMiddle3-Matrix-animation-input">
        <float_array id="mixamorig1_RightHandMiddle3-Matrix-animation-input-array" count="32">

0.000000 0.033333 0.066667 0.100000 0.133333 0.166667 0.200000 0.233333 0.266667 0.300000 0.333333 0.366667 0.400000 0.433333 0.466667 0.500000
0.533333 0.566667 0.600000 0.633333 0.666667 0.700000 0.733333 0.766667 0.800000 0.833333 0.866667 0.900000 0.933333 0.966667 1.000000 1.033333</float_array>
        <technique_common>
          <accessor source="#mixamorig1_RightHandMiddle3-Matrix-animation-input-array" count="32">
            <param name="TIME" type="float"/>
          </accessor>
        </technique_common>
      </source>
      <source id="mixamorig1_RightHandMiddle3-Matrix-animation-output-transform">
        <float_array id="mixamorig1_RightHandMiddle3-Matrix-animation-output-transform-array" count="512">

0.999470 -0.032218 0.004760 0.013700 0.031847 0.936283 -0.349799 3.226000 0.006814 0.349765 0.936813 -0.000000 0.000000 0.000000 0.000000 1.000000
0.999467 -0.032288 0.004783 0.013700 0.031915 0.936028 -0.350475 3.226000 0.006839 0.350441 0.936560 0.000000 0.000000 0.000000 0.000000 1.000000
0.999465 -0.032346 0.004802 0.013700 0.031972 0.935813 -0.351045 3.226000 0.006861 0.351011 0.936346 -0.000000 0.000000 0.000000 0.000000 1.000000
0.999464 -0.032375 0.004811 0.013700 0.032001 0.935706 -0.351327 3.226000 0.006872 0.351293 0.936240 0.000000 0.000000 0.000000 0.000000 1.000000
0.999460 -0.032501 0.004853 0.013700 0.032124 0.935240 -0.352553 3.226000 0.006920 0.352519 0.935779 0.000000 0.000000 0.000000 0.000000 1.000000
0.999452 -0.032736 0.004931 0.013700 0.032355 0.934366 -0.354843 3.226000 0.007009 0.354808 0.934913 0.000000 0.000000 0.000000 0.000000 1.000000
0.999449 -0.032813 0.004956 0.013700 0.032431 0.934076 -0.355600 3.226000 0.007039 0.355564 0.934625 -0.000000 0.000000 0.000000 0.000000 1.000000
0.999450 -0.032779 0.004944 0.013700 0.032396 0.934206 -0.355261 3.226000 0.007026 0.355226 0.934754 0.000000 0.000000 0.000000 0.000000 1.000000
0.999454 -0.032679 0.004912 0.013700 0.032299 0.934578 -0.354289 3.226000 0.006988 0.354255 0.935123 0.000000 0.000000 0.000000 0.000000 1.000000
0.999467 -0.032295 0.004785 0.013700 0.031922 0.936001 -0.350546 3.226000 0.006842 0.350512 0.936533 0.000000 0.000000 0.000000 0.000000 1.000000
0.999478 -0.031966 0.004678 0.013700 0.031600 0.937207 -0.347338 3.226000 0.006719 0.347304 0.937728 0.000000 0.000000 0.000000 0.000000 1.000000
0.999480 -0.031921 0.004663 0.013700 0.031556 0.937372 -0.346898 3.226000 0.006702 0.346864 0.937891 0.000000 0.000000 0.000000 0.000000 1.000000
0.999475 -0.032055 0.004707 0.013700 0.031687 0.936881 -0.348210 3.226000 0.006752 0.348176 0.937405 0.000000 0.000000 0.000000 0.000000 1.000000
0.999472 -0.032132 0.004732 0.013700 0.031762 0.936600 -0.348957 3.226000 0.006781 0.348923 0.937127 -0.000000 0.000000 0.000000 0.000000 1.000000
0.999474 -0.032099 0.004721 0.013700 0.031730 0.936722 -0.348634 3.226000 0.006768 0.348600 0.937247 0.000000 0.000000 0.000000 0.000000 1.000000
0.999475 -0.032048 0.004705 0.013700 0.031681 0.936906 -0.348142 3.226000 0.006750 0.348108 0.937430 0.000000 0.000000 0.000000 0.000000 1.000000
0.999477 -0.031996 0.004688 0.013700 0.031630 0.937095 -0.347638 3.226000 0.006730 0.347605 0.937617 -0.000000 0.000000 0.000000 0.000000 1.000000
0.999478 -0.031960 0.004676 0.013700 0.031594 0.937229 -0.347281 3.226000 0.006717 0.347247 0.937750 0.000000 0.000000 0.000000 0.000000 1.000000
0.999476 -0.032013 0.004693 0.013700 0.031646 0.937036 -0.347796 3.226000 0.006736 0.347763 0.937558 0.000000 0.000000 0.000000 0.000000 1.000000
0.999476 -0.032025 0.004697 0.013700 0.031658 0.936992 -0.347914 3.226000 0.006741 0.347880 0.937515 0.000000 0.000000 0.000000 0.000000 1.000000
0.999474 -0.032091 0.004719 0.013700 0.031722 0.936749 -0.348560 3.226000 0.006766 0.348526 0.937275 0.000000 0.000000 0.000000 0.000000 1.000000
0.999473 -0.032126 0.004730 0.013700 0.031757 0.936621 -0.348902 3.226000 0.006779 0.348868 0.937147 -0.000000 0.000000 0.000000 0.000000 1.000000
0.999473 -0.032127 0.004730 0.013700 0.031758 0.936617 -0.348913 3.226000 0.006779 0.348879 0.937143 0.000000 0.000000 0.000000 0.000000 1.000000
0.999477 -0.031990 0.004686 0.013700 0.031624 0.937118 -0.347577 3.226000 0.006728 0.347544 0.937640 0.000000 0.000000 0.000000 0.000000 1.000000
0.999481 -0.031869 0.004647 0.013700 0.031505 0.937560 -0.346393 3.226000 0.006683 0.346360 0.938078 0.000000 0.000000 0.000000 0.000000 1.000000
0.999475 -0.032050 0.004705 0.013700 0.031682 0.936900 -0.348158 3.226000 0.006750 0.348125 0.937424 0.000000 0.000000 0.000000 0.000000 1.000000
0.999464 -0.032369 0.004809 0.013700 0.031995 0.935729 -0.351265 3.226000 0.006870 0.351230 0.936264 0.000000 0.000000 0.000000 0.000000 1.000000
0.999457 -0.032584 0.004880 0.013700 0.032205 0.934934 -0.353358 3.226000 0.006951 0.353323 0.935475 0.000000 0.000000 0.000000 0.000000 1.000000
0.999460 -0.032499 0.004852 0.013700 0.032123 0.935246 -0.352537 3.226000 0.006919 0.352503 0.935785 -0.000000 0.000000 0.000000 0.000000 1.000000
0.999465 -0.032337 0.004799 0.013700 0.031964 0.935845 -0.350958 3.226000 0.006858 0.350924 0.936379 0.000000 0.000000 0.000000 0.000000 1.000000
0.999469 -0.032242 0.004768 0.013700 0.031871 0.936195 -0.350033 3.226000 0.006822 0.349999 0.936725 0.000000 0.000000 0.000000 0.000000 1.000000
0.999470 -0.032218 0.004760 0.013700 0.031847 0.936283 -0.349799 3.226000 0.006813 0.349765 0.936813 -0.000000 0.000000 0.000000 0.000000 1.000000</float_array>
        <technique_common>
          <accessor source="#mixamorig1_RightHandMiddle3-Matrix-animation-output-transform-array" count="32" stride="16">
            <param type="float4x4"/>
          </accessor>
        </technique_common>
      </source>
      <source id="mixamorig1_RightHandMiddle3-Interpolations">
        <Name_array id="mixamorig1_RightHandMiddle3-Interpolations-array" count="32">
 LINEAR LINEAR LINEAR LINEAR LINEAR LINEAR LINEAR LINEAR LINEAR LINEAR LINEAR
LINEAR LINEAR LINEAR LINEAR LINEAR LINEAR LINEAR LINEAR LINEAR LINEAR LINEAR LINEAR
LINEAR LINEAR LINEAR LINEAR LINEAR LINEAR LINEAR LINEAR LINEAR</Name_array>
        <technique_common>
          <accessor source="#mixamorig1_RightHandMiddle3-Interpolations-array" count="32">
            <param type="name"/>
          </accessor>
        </technique_common>
      </source>
      <sampler id="mixamorig1_RightHandMiddle3-Matrix-animation-transform">
        <input semantic="INPUT" source="#mixamorig1_RightHandMiddle3-Matrix-animation-input"/>
        <input semantic="OUTPUT" source="#mixamorig1_RightHandMiddle3-Matrix-animation-output-transform"/>
        <input semantic="INTERPOLATION" source="#mixamorig1_RightHandMiddle3-Interpolations"/>
      </sampler>
      <channel source="#mixamorig1_RightHandMiddle3-Matrix-animation-transform" target="mixamorig1_RightHandMiddle3/matrix"/>
    </animation>
    <animation id="mixamorig1_RightHandRing1-anim" name="mixamorig1_RightHandRing1">
      <source id="mixamorig1_RightHandRing1-Matrix-animation-input">
        <float_array id="mixamorig1_RightHandRing1-Matrix-animation-input-array" count="32">

0.000000 0.033333 0.066667 0.100000 0.133333 0.166667 0.200000 0.233333 0.266667 0.300000 0.333333 0.366667 0.400000 0.433333 0.466667 0.500000
0.533333 0.566667 0.600000 0.633333 0.666667 0.700000 0.733333 0.766667 0.800000 0.833333 0.866667 0.900000 0.933333 0.966667 1.000000 1.033333</float_array>
        <technique_common>
          <accessor source="#mixamorig1_RightHandRing1-Matrix-animation-input-array" count="32">
            <param name="TIME" type="float"/>
          </accessor>
        </technique_common>
      </source>
      <source id="mixamorig1_RightHandRing1-Matrix-animation-output-transform">
        <float_array id="mixamorig1_RightHandRing1-Matrix-animation-output-transform-array" count="512">

0.999700 0.024004 0.004785 -1.216600 -0.020158 0.918311 -0.395347 12.282100 -0.013884 0.395132 0.918519 -0.151000 0.000000 0.000000 0.000000 1.000000
0.999654 0.025875 0.004815 -1.216600 -0.021799 0.916504 -0.399430 12.282100 -0.014748 0.399187 0.916751 -0.151000 0.000000 0.000000 0.000000 1.000000
0.999540 0.029932 0.004953 -1.216600 -0.025189 0.909734 -0.414426 12.282100 -0.016910 0.414110 0.910070 -0.151000 0.000000 0.000000 0.000000 1.000000
0.999404 0.034147 0.005095 -1.216600 -0.028687 0.903428 -0.427779 12.282100 -0.019210 0.427378 0.903869 -0.151000 0.000000 0.000000 0.000000 1.000000
0.999353 0.035579 0.005181 -1.216600 -0.029791 0.900077 -0.434712 12.282100 -0.020130 0.434277 0.900555 -0.151000 0.000000 0.000000 0.000000 1.000000
0.999392 0.034463 0.005214 -1.216600 -0.028729 0.899163 -0.436670 12.282100 -0.019737 0.436254 0.899607 -0.151000 0.000000 0.000000 0.000000 1.000000
0.999392 0.034456 0.005241 -1.216600 -0.028668 0.898246 -0.438556 12.282100 -0.019818 0.438139 0.898689 -0.151000 0.000000 0.000000 0.000000 1.000000
0.999492 0.031444 0.005119 -1.216600 -0.026215 0.903083 -0.428664 12.282100 -0.018102 0.428313 0.903449 -0.151000 0.000000 0.000000 0.000000 1.000000
0.999683 0.024720 0.004857 -1.216600 -0.020661 0.914798 -0.403383 12.282100 -0.014415 0.403155 0.915018 -0.151000 0.000000 0.000000 0.000000 1.000000
0.999767 0.021054 0.004699 -1.216600 -0.017642 0.923348 -0.383558 12.282100 -0.012414 0.383386 0.923505 -0.151000 0.000000 0.000000 0.000000 1.000000
0.999790 0.019948 0.004651 -1.216600 -0.016733 0.926382 -0.376212 12.282100 -0.011813 0.376056 0.926522 -0.151000 0.000000 0.000000 0.000000 1.000000
0.999814 0.018718 0.004667 -1.216600 -0.015563 0.925601 -0.378180 12.282100 -0.011399 0.378037 0.925720 -0.151000 0.000000 0.000000 0.000000 1.000000
0.999846 0.016893 0.004683 -1.216600 -0.013849 0.924968 -0.379793 12.282100 -0.010747 0.379669 0.925060 -0.151000 0.000000 0.000000 0.000000 1.000000
0.999865 0.015779 0.004644 -1.216600 -0.012903 0.927548 -0.373480 12.282100 -0.010200 0.373370 0.927627 -0.151000 0.000000 0.000000 0.000000 1.000000
0.999872 0.015329 0.004620 -1.216600 -0.012553 0.929752 -0.367973 12.282100 -0.009936 0.367868 0.929825 -0.151000 0.000000 0.000000 0.000000 1.000000
0.999878 0.014934 0.004594 -1.216600 -0.012254 0.931955 -0.362366 12.282100 -0.009693 0.362266 0.932024 -0.151000 0.000000 0.000000 0.000000 1.000000
0.999882 0.014679 0.004569 -1.216600 -0.012078 0.933899 -0.357332 12.282100 -0.009512 0.357234 0.933966 -0.151000 0.000000 0.000000 0.000000 1.000000
0.999882 0.014650 0.004548 -1.216600 -0.012096 0.935338 -0.353549 12.282100 -0.009433 0.353452 0.935405 -0.151000 0.000000 0.000000 0.000000 1.000000
0.999856 0.016331 0.004565 -1.216600 -0.013605 0.933275 -0.358905 12.282100 -0.010122 0.358791 0.933363 -0.151000 0.000000 0.000000 0.000000 1.000000
0.999844 0.017060 0.004597 -1.216600 -0.014198 0.930624 -0.365702 12.282100 -0.010517 0.365580 0.930721 -0.151000 0.000000 0.000000 0.000000 1.000000
0.999848 0.016823 0.004621 -1.216600 -0.013919 0.928913 -0.370036 12.282100 -0.010518 0.369916 0.929006 -0.151000 0.000000 0.000000 0.000000 1.000000
0.999858 0.016220 0.004626 -1.216600 -0.013349 0.928631 -0.370766 12.282100 -0.010310 0.370651 0.928715 -0.151000 0.000000 0.000000 0.000000 1.000000
0.999870 0.015426 0.004624 -1.216600 -0.012622 0.928962 -0.369961 12.282100 -0.010002 0.369854 0.929036 -0.151000 0.000000 0.000000 0.000000 1.000000
0.999891 0.014041 0.004600 -1.216600 -0.011393 0.930907 -0.365079 12.282100 -0.009408 0.364987 0.930965 -0.151000 0.000000 0.000000 0.000000 1.000000
0.999852 0.016539 0.004655 -1.216600 -0.013580 0.926684 -0.375597 12.282100 -0.010526 0.375478 0.926771 -0.151000 0.000000 0.000000 0.000000 1.000000
0.999710 0.023559 0.004902 -1.216600 -0.019519 0.913035 -0.407414 12.282100 -0.014074 0.407200 0.913231 -0.151000 0.000000 0.000000 0.000000 1.000000
0.999479 0.031854 0.005266 -1.216600 -0.026301 0.897886 -0.439442 12.282100 -0.018727 0.439075 0.898255 -0.151000 0.000000 0.000000 0.000000 1.000000
0.999291 0.037237 0.005560 -1.216600 -0.030516 0.887565 -0.459671 12.282100 -0.022052 0.459176 0.888072 -0.151000 0.000000 0.000000 0.000000 1.000000
0.999448 0.032778 0.005439 -1.216600 -0.026804 0.892129 -0.450985 12.282100 -0.019634 0.450590 0.892515 -0.151000 0.000000 0.000000 0.000000 1.000000
0.999577 0.028640 0.005128 -1.216600 -0.023684 0.903295 -0.428366 12.282100 -0.016900 0.428064 0.903591 -0.151000 0.000000 0.000000 0.000000 1.000000
0.999664 0.025443 0.004895 -1.216600 -0.021242 0.912999 -0.407408 12.282100 -0.014835 0.407167 0.913233 -0.151000 0.000000 0.000000 0.000000 1.000000
0.999700 0.024004 0.004785 -1.216600 -0.020158 0.918311 -0.395347 12.282100 -0.013884 0.395132 0.918519 -0.151000 0.000000 0.000000 0.000000 1.000000</float_array>
        <technique_common>
          <accessor source="#mixamorig1_RightHandRing1-Matrix-animation-output-transform-array" count="32" stride="16">
            <param type="float4x4"/>
          </accessor>
        </technique_common>
      </source>
      <source id="mixamorig1_RightHandRing1-Interpolations">
        <Name_array id="mixamorig1_RightHandRing1-Interpolations-array" count="32">
 LINEAR LINEAR LINEAR LINEAR LINEAR LINEAR LINEAR LINEAR LINEAR LINEAR LINEAR
LINEAR LINEAR LINEAR LINEAR LINEAR LINEAR LINEAR LINEAR LINEAR LINEAR LINEAR LINEAR
LINEAR LINEAR LINEAR LINEAR LINEAR LINEAR LINEAR LINEAR LINEAR</Name_array>
        <technique_common>
          <accessor source="#mixamorig1_RightHandRing1-Interpolations-array" count="32">
            <param type="name"/>
          </accessor>
        </technique_common>
      </source>
      <sampler id="mixamorig1_RightHandRing1-Matrix-animation-transform">
        <input semantic="INPUT" source="#mixamorig1_RightHandRing1-Matrix-animation-input"/>
        <input semantic="OUTPUT" source="#mixamorig1_RightHandRing1-Matrix-animation-output-transform"/>
        <input semantic="INTERPOLATION" source="#mixamorig1_RightHandRing1-Interpolations"/>
      </sampler>
      <channel source="#mixamorig1_RightHandRing1-Matrix-animation-transform" target="mixamorig1_RightHandRing1/matrix"/>
    </animation>
    <animation id="mixamorig1_RightHandRing2-anim" name="mixamorig1_RightHandRing2">
      <source id="mixamorig1_RightHandRing2-Matrix-animation-input">
        <float_array id="mixamorig1_RightHandRing2-Matrix-animation-input-array" count="32">

0.000000 0.033333 0.066667 0.100000 0.133333 0.166667 0.200000 0.233333 0.266667 0.300000 0.333333 0.366667 0.400000 0.433333 0.466667 0.500000
0.533333 0.566667 0.600000 0.633333 0.666667 0.700000 0.733333 0.766667 0.800000 0.833333 0.866667 0.900000 0.933333 0.966667 1.000000 1.033333</float_array>
        <technique_common>
          <accessor source="#mixamorig1_RightHandRing2-Matrix-animation-input-array" count="32">
            <param name="TIME" type="float"/>
          </accessor>
        </technique_common>
      </source>
      <source id="mixamorig1_RightHandRing2-Matrix-animation-output-transform">
        <float_array id="mixamorig1_RightHandRing2-Matrix-animation-output-transform-array" count="512">

0.995754 -0.084571 0.036352 -0.003700 0.084113 0.675476 -0.732569 2.821600 0.037399 0.732516 0.679721 0.000000 0.000000 0.000000 0.000000 1.000000
0.995748 -0.084622 0.036408 -0.003700 0.084163 0.674962 -0.733037 2.821600 0.037457 0.732984 0.679214 0.000000 0.000000 0.000000 0.000000 1.000000
0.995739 -0.084688 0.036483 -0.003700 0.084229 0.674286 -0.733651 2.821600 0.037532 0.733599 0.678546 0.000000 0.000000 0.000000 0.000000 1.000000
0.995735 -0.084724 0.036522 -0.003700 0.084263 0.673930 -0.733974 2.821600 0.037572 0.733921 0.678194 0.000000 0.000000 0.000000 0.000000 1.000000
0.995738 -0.084697 0.036492 -0.003700 0.084237 0.674200 -0.733729 2.821600 0.037542 0.733676 0.678461 0.000000 0.000000 0.000000 0.000000 1.000000
0.995738 -0.084700 0.036496 -0.003700 0.084240 0.674170 -0.733756 2.821600 0.037545 0.733703 0.678432 0.000000 0.000000 0.000000 0.000000 1.000000
0.995729 -0.084773 0.036577 -0.003700 0.084312 0.673430 -0.734427 2.821600 0.037627 0.734374 0.677701 -0.000000 0.000000 0.000000 0.000000 1.000000
0.995729 -0.084767 0.036571 -0.003700 0.084306 0.673486 -0.734377 2.821600 0.037621 0.734324 0.677756 0.000000 0.000000 0.000000 0.000000 1.000000
0.995729 -0.084769 0.036573 -0.003700 0.084308 0.673466 -0.734395 2.821600 0.037624 0.734342 0.677736 0.000000 0.000000 0.000000 0.000000 1.000000
0.995738 -0.084702 0.036498 -0.003700 0.084242 0.674149 -0.733775 2.821600 0.037547 0.733722 0.678411 0.000000 0.000000 0.000000 0.000000 1.000000
0.995754 -0.084572 0.036353 -0.003700 0.084114 0.675460 -0.732584 2.821600 0.037401 0.732531 0.679706 -0.000000 0.000000 0.000000 0.000000 1.000000
0.995756 -0.084553 0.036332 -0.003700 0.084095 0.675654 -0.732407 2.821600 0.037379 0.732354 0.679897 0.000000 0.000000 0.000000 0.000000 1.000000
0.995746 -0.084633 0.036421 -0.003700 0.084174 0.674847 -0.733142 2.821600 0.037469 0.733089 0.679100 0.000000 0.000000 0.000000 0.000000 1.000000
0.995735 -0.084727 0.036526 -0.003700 0.084266 0.673895 -0.734006 2.821600 0.037575 0.733953 0.678160 0.000000 0.000000 0.000000 0.000000 1.000000
0.995731 -0.084755 0.036558 -0.003700 0.084295 0.673604 -0.734270 2.821600 0.037608 0.734217 0.677872 0.000000 0.000000 0.000000 0.000000 1.000000
0.995728 -0.084777 0.036581 -0.003700 0.084316 0.673389 -0.734464 2.821600 0.037632 0.734411 0.677660 -0.000000 0.000000 0.000000 0.000000 1.000000
0.995727 -0.084790 0.036596 -0.003700 0.084329 0.673253 -0.734587 2.821600 0.037647 0.734534 0.677526 0.000000 0.000000 0.000000 0.000000 1.000000
0.995726 -0.084796 0.036602 -0.003700 0.084334 0.673198 -0.734638 2.821600 0.037654 0.734585 0.677472 0.000000 0.000000 0.000000 0.000000 1.000000
0.995734 -0.084734 0.036534 -0.003700 0.084274 0.673822 -0.734073 2.821600 0.037584 0.734020 0.678088 0.000000 0.000000 0.000000 0.000000 1.000000
0.995743 -0.084658 0.036449 -0.003700 0.084199 0.674589 -0.733376 2.821600 0.037498 0.733323 0.678846 -0.000000 0.000000 0.000000 0.000000 1.000000
0.995748 -0.084621 0.036408 -0.003700 0.084162 0.674968 -0.733031 2.821600 0.037456 0.732979 0.679220 0.000000 0.000000 0.000000 0.000000 1.000000
0.995750 -0.084605 0.036390 -0.003700 0.084146 0.675128 -0.732885 2.821600 0.037438 0.732833 0.679378 0.000000 0.000000 0.000000 0.000000 1.000000
0.995753 -0.084578 0.036360 -0.003700 0.084120 0.675403 -0.732636 2.821600 0.037407 0.732583 0.679649 0.000000 0.000000 0.000000 0.000000 1.000000
0.995766 -0.084473 0.036243 -0.003700 0.084016 0.676461 -0.731671 2.821600 0.037289 0.731618 0.680694 0.000000 0.000000 0.000000 0.000000 1.000000
0.995793 -0.084263 0.036012 -0.003700 0.083810 0.678562 -0.729746 2.821600 0.037055 0.729694 0.682769 0.000000 0.000000 0.000000 0.000000 1.000000
0.995805 -0.084167 0.035906 -0.003700 0.083715 0.679526 -0.728859 2.821600 0.036947 0.728807 0.683722 0.000000 0.000000 0.000000 0.000000 1.000000
0.995793 -0.084259 0.036007 -0.003700 0.083806 0.678605 -0.729706 2.821600 0.037050 0.729654 0.682812 0.000000 0.000000 0.000000 0.000000 1.000000
0.995768 -0.084459 0.036228 -0.003700 0.084003 0.676596 -0.731547 2.821600 0.037274 0.731495 0.680828 -0.000000 0.000000 0.000000 0.000000 1.000000
0.995763 -0.084500 0.036273 -0.003700 0.084043 0.676192 -0.731916 2.821600 0.037319 0.731864 0.680429 -0.000000 0.000000 0.000000 0.000000 1.000000
0.995761 -0.084514 0.036289 -0.003700 0.084057 0.676048 -0.732047 2.821600 0.037335 0.731995 0.680286 0.000000 0.000000 0.000000 0.000000 1.000000
0.995760 -0.084523 0.036299 -0.003700 0.084066 0.675957 -0.732130 2.821600 0.037345 0.732077 0.680197 0.000000 0.000000 0.000000 0.000000 1.000000
0.995754 -0.084571 0.036352 -0.003700 0.084113 0.675476 -0.732569 2.821600 0.037399 0.732516 0.679721 0.000000 0.000000 0.000000 0.000000 1.000000</float_array>
        <technique_common>
          <accessor source="#mixamorig1_RightHandRing2-Matrix-animation-output-transform-array" count="32" stride="16">
            <param type="float4x4"/>
          </accessor>
        </technique_common>
      </source>
      <source id="mixamorig1_RightHandRing2-Interpolations">
        <Name_array id="mixamorig1_RightHandRing2-Interpolations-array" count="32">
 LINEAR LINEAR LINEAR LINEAR LINEAR LINEAR LINEAR LINEAR LINEAR LINEAR LINEAR
LINEAR LINEAR LINEAR LINEAR LINEAR LINEAR LINEAR LINEAR LINEAR LINEAR LINEAR LINEAR
LINEAR LINEAR LINEAR LINEAR LINEAR LINEAR LINEAR LINEAR LINEAR</Name_array>
        <technique_common>
          <accessor source="#mixamorig1_RightHandRing2-Interpolations-array" count="32">
            <param type="name"/>
          </accessor>
        </technique_common>
      </source>
      <sampler id="mixamorig1_RightHandRing2-Matrix-animation-transform">
        <input semantic="INPUT" source="#mixamorig1_RightHandRing2-Matrix-animation-input"/>
        <input semantic="OUTPUT" source="#mixamorig1_RightHandRing2-Matrix-animation-output-transform"/>
        <input semantic="INTERPOLATION" source="#mixamorig1_RightHandRing2-Interpolations"/>
      </sampler>
      <channel source="#mixamorig1_RightHandRing2-Matrix-animation-transform" target="mixamorig1_RightHandRing2/matrix"/>
    </animation>
    <animation id="mixamorig1_RightHandRing3-anim" name="mixamorig1_RightHandRing3">
      <source id="mixamorig1_RightHandRing3-Matrix-animation-input">
        <float_array id="mixamorig1_RightHandRing3-Matrix-animation-input-array" count="32">

0.000000 0.033333 0.066667 0.100000 0.133333 0.166667 0.200000 0.233333 0.266667 0.300000 0.333333 0.366667 0.400000 0.433333 0.466667 0.500000
0.533333 0.566667 0.600000 0.633333 0.666667 0.700000 0.733333 0.766667 0.800000 0.833333 0.866667 0.900000 0.933333 0.966667 1.000000 1.033333</float_array>
        <technique_common>
          <accessor source="#mixamorig1_RightHandRing3-Matrix-animation-input-array" count="32">
            <param name="TIME" type="float"/>
          </accessor>
        </technique_common>
      </source>
      <source id="mixamorig1_RightHandRing3-Matrix-animation-output-transform">
        <float_array id="mixamorig1_RightHandRing3-Matrix-animation-output-transform-array" count="512">

0.999220 -0.038752 0.007599 0.007800 0.038637 0.919558 -0.391050 2.687700 0.008166 0.391038 0.920338 0.000000 0.000000 0.000000 0.000000 1.000000
0.999217 -0.038823 0.007627 0.007800 0.038707 0.919287 -0.391679 2.687700 0.008195 0.391668 0.920070 -0.000000 0.000000 0.000000 0.000000 1.000000
0.999213 -0.038914 0.007663 0.007800 0.038797 0.918935 -0.392495 2.687700 0.008232 0.392484 0.919722 0.000000 0.000000 0.000000 0.000000 1.000000
0.999211 -0.038960 0.007681 0.007800 0.038844 0.918756 -0.392911 2.687700 0.008251 0.392900 0.919544 0.000000 0.000000 0.000000 0.000000 1.000000
0.999213 -0.038922 0.007666 0.007800 0.038805 0.918904 -0.392567 2.687700 0.008235 0.392556 0.919691 0.000000 0.000000 0.000000 0.000000 1.000000
0.999213 -0.038926 0.007668 0.007800 0.038810 0.918887 -0.392608 2.687700 0.008237 0.392596 0.919674 -0.000000 0.000000 0.000000 0.000000 1.000000
0.999208 -0.039028 0.007708 0.007800 0.038911 0.918492 -0.393522 2.687700 0.008279 0.393510 0.919283 0.000000 0.000000 0.000000 0.000000 1.000000
0.999209 -0.039022 0.007706 0.007800 0.038905 0.918514 -0.393471 2.687700 0.008276 0.393459 0.919305 0.000000 0.000000 0.000000 0.000000 1.000000
0.999208 -0.039029 0.007709 0.007800 0.038912 0.918487 -0.393532 2.687700 0.008279 0.393520 0.919279 -0.000000 0.000000 0.000000 0.000000 1.000000
0.999212 -0.038937 0.007672 0.007800 0.038820 0.918845 -0.392704 2.687700 0.008241 0.392693 0.919633 0.000000 0.000000 0.000000 0.000000 1.000000
0.999220 -0.038756 0.007601 0.007800 0.038641 0.919542 -0.391087 2.687700 0.008168 0.391075 0.920322 -0.000000 0.000000 0.000000 0.000000 1.000000
0.999221 -0.038730 0.007590 0.007800 0.038615 0.919645 -0.390849 2.687700 0.008157 0.390837 0.920424 -0.000000 0.000000 0.000000 0.000000 1.000000
0.999216 -0.038842 0.007634 0.007800 0.038726 0.919213 -0.391853 2.687700 0.008203 0.391841 0.919996 0.000000 0.000000 0.000000 0.000000 1.000000
0.999211 -0.038974 0.007687 0.007800 0.038857 0.918703 -0.393033 2.687700 0.008256 0.393022 0.919492 -0.000000 0.000000 0.000000 0.000000 1.000000
0.999209 -0.039014 0.007703 0.007800 0.038897 0.918546 -0.393396 2.687700 0.008273 0.393384 0.919337 0.000000 0.000000 0.000000 0.000000 1.000000
0.999208 -0.039044 0.007715 0.007800 0.038927 0.918430 -0.393663 2.687700 0.008285 0.393651 0.919223 0.000000 0.000000 0.000000 0.000000 1.000000
0.999207 -0.039063 0.007722 0.007800 0.038946 0.918357 -0.393832 2.687700 0.008293 0.393820 0.919150 -0.000000 0.000000 0.000000 0.000000 1.000000
0.999207 -0.039071 0.007725 0.007800 0.038953 0.918327 -0.393901 2.687700 0.008296 0.393889 0.919120 0.000000 0.000000 0.000000 0.000000 1.000000
0.999210 -0.038984 0.007691 0.007800 0.038867 0.918663 -0.393126 2.687700 0.008260 0.393115 0.919452 0.000000 0.000000 0.000000 0.000000 1.000000
0.999215 -0.038878 0.007649 0.007800 0.038762 0.919074 -0.392174 2.687700 0.008217 0.392163 0.919859 0.000000 0.000000 0.000000 0.000000 1.000000
0.999217 -0.038825 0.007628 0.007800 0.038709 0.919276 -0.391704 2.687700 0.008196 0.391693 0.920059 0.000000 0.000000 0.000000 0.000000 1.000000
0.999218 -0.038803 0.007619 0.007800 0.038687 0.919362 -0.391506 2.687700 0.008187 0.391495 0.920144 -0.000000 0.000000 0.000000 0.000000 1.000000
0.999219 -0.038765 0.007604 0.007800 0.038650 0.919507 -0.391168 2.687700 0.008172 0.391157 0.920288 -0.000000 0.000000 0.000000 0.000000 1.000000
0.999225 -0.038619 0.007546 0.007800 0.038504 0.920069 -0.389858 2.687700 0.008113 0.389847 0.920844 0.000000 0.000000 0.000000 0.000000 1.000000
0.999238 -0.038326 0.007432 0.007800 0.038213 0.921188 -0.387237 2.687700 0.007995 0.387226 0.921950 -0.000000 0.000000 0.000000 0.000000 1.000000
0.999243 -0.038190 0.007379 0.007800 0.038077 0.921710 -0.386007 2.687700 0.007940 0.385996 0.922466 0.000000 0.000000 0.000000 0.000000 1.000000
0.999238 -0.038312 0.007426 0.007800 0.038199 0.921242 -0.387111 2.687700 0.007990 0.387100 0.922003 0.000000 0.000000 0.000000 0.000000 1.000000
0.999227 -0.038588 0.007534 0.007800 0.038473 0.920192 -0.389573 2.687700 0.008100 0.389561 0.920965 0.000000 0.000000 0.000000 0.000000 1.000000
0.999224 -0.038647 0.007557 0.007800 0.038531 0.919965 -0.390102 2.687700 0.008124 0.390091 0.920740 0.000000 0.000000 0.000000 0.000000 1.000000
0.999223 -0.038670 0.007566 0.007800 0.038555 0.919875 -0.390311 2.687700 0.008133 0.390300 0.920652 0.000000 0.000000 0.000000 0.000000 1.000000
0.999223 -0.038685 0.007572 0.007800 0.038570 0.919818 -0.390444 2.687700 0.008139 0.390433 0.920596 0.000000 0.000000 0.000000 0.000000 1.000000
0.999220 -0.038752 0.007599 0.007800 0.038637 0.919558 -0.391050 2.687700 0.008166 0.391038 0.920338 -0.000000 0.000000 0.000000 0.000000 1.000000</float_array>
        <technique_common>
          <accessor source="#mixamorig1_RightHandRing3-Matrix-animation-output-transform-array" count="32" stride="16">
            <param type="float4x4"/>
          </accessor>
        </technique_common>
      </source>
      <source id="mixamorig1_RightHandRing3-Interpolations">
        <Name_array id="mixamorig1_RightHandRing3-Interpolations-array" count="32">
 LINEAR LINEAR LINEAR LINEAR LINEAR LINEAR LINEAR LINEAR LINEAR LINEAR LINEAR
LINEAR LINEAR LINEAR LINEAR LINEAR LINEAR LINEAR LINEAR LINEAR LINEAR LINEAR LINEAR
LINEAR LINEAR LINEAR LINEAR LINEAR LINEAR LINEAR LINEAR LINEAR</Name_array>
        <technique_common>
          <accessor source="#mixamorig1_RightHandRing3-Interpolations-array" count="32">
            <param type="name"/>
          </accessor>
        </technique_common>
      </source>
      <sampler id="mixamorig1_RightHandRing3-Matrix-animation-transform">
        <input semantic="INPUT" source="#mixamorig1_RightHandRing3-Matrix-animation-input"/>
        <input semantic="OUTPUT" source="#mixamorig1_RightHandRing3-Matrix-animation-output-transform"/>
        <input semantic="INTERPOLATION" source="#mixamorig1_RightHandRing3-Interpolations"/>
      </sampler>
      <channel source="#mixamorig1_RightHandRing3-Matrix-animation-transform" target="mixamorig1_RightHandRing3/matrix"/>
    </animation>
    <animation id="mixamorig1_RightHandPinky1-anim" name="mixamorig1_RightHandPinky1">
      <source id="mixamorig1_RightHandPinky1-Matrix-animation-input">
        <float_array id="mixamorig1_RightHandPinky1-Matrix-animation-input-array" count="32">

0.000000 0.033333 0.066667 0.100000 0.133333 0.166667 0.200000 0.233333 0.266667 0.300000 0.333333 0.366667 0.400000 0.433333 0.466667 0.500000
0.533333 0.566667 0.600000 0.633333 0.666667 0.700000 0.733333 0.766667 0.800000 0.833333 0.866667 0.900000 0.933333 0.966667 1.000000 1.033333</float_array>
        <technique_common>
          <accessor source="#mixamorig1_RightHandPinky1-Matrix-animation-input-array" count="32">
            <param name="TIME" type="float"/>
          </accessor>
        </technique_common>
      </source>
      <source id="mixamorig1_RightHandPinky1-Matrix-animation-output-transform">
        <float_array id="mixamorig1_RightHandPinky1-Matrix-animation-output-transform-array" count="512">

0.999839 0.010596 0.014491 -3.320300 -0.002480 0.880997 -0.473116 11.194600 -0.017780 0.473003 0.880881 -0.138000 0.000000 0.000000 0.000000 1.000000
0.999796 0.013402 0.015108 -3.320300 -0.004577 0.878979 -0.476838 11.194600 -0.019670 0.476672 0.878861 -0.138000 0.000000 0.000000 0.000000 1.000000
0.999507 0.025927 0.017717 -3.320300 -0.013930 0.871720 -0.489806 11.194600 -0.028144 0.489318 0.871651 -0.138000 0.000000 0.000000 0.000000 1.000000
0.998975 0.040309 0.020598 -3.320300 -0.024534 0.864528 -0.501986 11.194600 -0.038042 0.500966 0.864631 -0.138000 0.000000 0.000000 0.000000 1.000000
0.998568 0.048723 0.022099 -3.320300 -0.030909 0.862546 -0.505033 11.194600 -0.043668 0.503627 0.862817 -0.138000 0.000000 0.000000 0.000000 1.000000
0.998401 0.051845 0.022522 -3.320300 -0.033491 0.863533 -0.503179 11.194600 -0.045536 0.501620 0.863889 -0.138000 0.000000 0.000000 0.000000 1.000000
0.998335 0.053025 0.022694 -3.320300 -0.034449 0.863749 -0.502743 11.194600 -0.046259 0.501124 0.864138 -0.138000 0.000000 0.000000 0.000000 1.000000
0.998867 0.042885 0.020646 -3.320300 -0.027129 0.869394 -0.493374 11.194600 -0.039108 0.492255 0.869572 -0.138000 0.000000 0.000000 0.000000 1.000000
0.999546 0.024895 0.016970 -3.320300 -0.013827 0.879473 -0.475749 11.194600 -0.026769 0.475298 0.879418 -0.138000 0.000000 0.000000 0.000000 1.000000
0.999769 0.015397 0.014981 -3.320300 -0.006662 0.885188 -0.465186 11.194600 -0.020424 0.464979 0.885086 -0.138000 0.000000 0.000000 0.000000 1.000000
0.999795 0.013993 0.014601 -3.320300 -0.005680 0.887203 -0.461343 11.194600 -0.019410 0.461166 0.887102 -0.138000 0.000000 0.000000 0.000000 1.000000
0.999814 0.012970 0.014246 -3.320300 -0.005039 0.889750 -0.456420 11.194600 -0.018595 0.456263 0.889650 -0.138000 0.000000 0.000000 0.000000 1.000000
0.999887 0.007426 0.013097 -3.320300 -0.000731 0.892824 -0.450406 11.194600 -0.015038 0.450345 0.892728 -0.138000 0.000000 0.000000 0.000000 1.000000
0.999932 -0.003133 0.011233 -3.320300 0.007834 0.893998 -0.448002 11.194600 -0.008639 0.448059 0.893962 -0.138000 0.000000 0.000000 0.000000 1.000000
0.999907 -0.008426 0.010690 -3.320300 0.012297 0.895873 -0.444139 11.194600 -0.005834 0.444230 0.895894 -0.138000 0.000000 0.000000 0.000000 1.000000
0.999861 -0.013153 0.010288 -3.320300 0.016338 0.897895 -0.439907 11.194600 -0.003452 0.440013 0.897985 -0.138000 0.000000 0.000000 0.000000 1.000000
0.999804 -0.017109 0.009953 -3.320300 0.019737 0.899727 -0.436006 11.194600 -0.001495 0.436117 0.899889 -0.138000 0.000000 0.000000 0.000000 1.000000
0.999752 -0.020089 0.009622 -3.320300 0.022274 0.901048 -0.433147 11.194600 0.000032 0.433254 0.901272 -0.138000 0.000000 0.000000 0.000000 1.000000
0.999836 -0.015277 0.009756 -3.320300 0.018006 0.899042 -0.437493 11.194600 -0.002087 0.437596 0.899169 -0.138000 0.000000 0.000000 0.000000 1.000000
0.999885 -0.011515 0.009882 -3.320300 0.014688 0.897948 -0.439857 11.194600 -0.003809 0.439951 0.898014 -0.138000 0.000000 0.000000 0.000000 1.000000
0.999913 -0.008406 0.010149 -3.320300 0.012026 0.896990 -0.441886 11.194600 -0.005389 0.441970 0.897014 -0.138000 0.000000 0.000000 0.000000 1.000000
0.999924 -0.006614 0.010450 -3.320300 0.010554 0.896784 -0.442343 11.194600 -0.006446 0.442420 0.896785 -0.138000 0.000000 0.000000 0.000000 1.000000
0.999930 -0.004954 0.010752 -3.320300 0.009196 0.897014 -0.441907 11.194600 -0.007455 0.441975 0.896996 -0.138000 0.000000 0.000000 0.000000 1.000000
0.999936 -0.002646 0.011033 -3.320300 0.007217 0.898664 -0.438577 11.194600 -0.008754 0.438629 0.898626 -0.138000 0.000000 0.000000 0.000000 1.000000
0.999813 0.013232 0.014068 -3.320300 -0.005469 0.892592 -0.450832 11.194600 -0.018522 0.450671 0.892498 -0.138000 0.000000 0.000000 0.000000 1.000000
0.999207 0.035304 0.018420 -3.320300 -0.022406 0.880854 -0.472858 11.194600 -0.032919 0.472070 0.880946 -0.138000 0.000000 0.000000 0.000000 1.000000
0.998406 0.051995 0.021942 -3.320300 -0.034295 0.867762 -0.495795 11.194600 -0.044820 0.494252 0.868162 -0.138000 0.000000 0.000000 0.000000 1.000000
0.998075 0.057432 0.023418 -3.320300 -0.037418 0.858675 -0.511154 11.194600 -0.049465 0.509293 0.859170 -0.138000 0.000000 0.000000 0.000000 1.000000
0.998812 0.044015 0.020908 -3.320300 -0.027602 0.864647 -0.501621 11.194600 -0.040157 0.500448 0.864835 -0.138000 0.000000 0.000000 0.000000 1.000000
0.999435 0.028431 0.017920 -3.320300 -0.016057 0.872396 -0.488535 11.194600 -0.029522 0.487972 0.872360 -0.138000 0.000000 0.000000 0.000000 1.000000
0.999736 0.016773 0.015684 -3.320300 -0.007221 0.877993 -0.478619 11.194600 -0.021799 0.478380 0.877882 -0.138000 0.000000 0.000000 0.000000 1.000000
0.999839 0.010596 0.014491 -3.320300 -0.002480 0.880997 -0.473115 11.194600 -0.017780 0.473003 0.880881 -0.138000 0.000000 0.000000 0.000000 1.000000</float_array>
        <technique_common>
          <accessor source="#mixamorig1_RightHandPinky1-Matrix-animation-output-transform-array" count="32" stride="16">
            <param type="float4x4"/>
          </accessor>
        </technique_common>
      </source>
      <source id="mixamorig1_RightHandPinky1-Interpolations">
        <Name_array id="mixamorig1_RightHandPinky1-Interpolations-array" count="32">
 LINEAR LINEAR LINEAR LINEAR LINEAR LINEAR LINEAR LINEAR LINEAR LINEAR LINEAR
LINEAR LINEAR LINEAR LINEAR LINEAR LINEAR LINEAR LINEAR LINEAR LINEAR LINEAR LINEAR
LINEAR LINEAR LINEAR LINEAR LINEAR LINEAR LINEAR LINEAR LINEAR</Name_array>
        <technique_common>
          <accessor source="#mixamorig1_RightHandPinky1-Interpolations-array" count="32">
            <param type="name"/>
          </accessor>
        </technique_common>
      </source>
      <sampler id="mixamorig1_RightHandPinky1-Matrix-animation-transform">
        <input semantic="INPUT" source="#mixamorig1_RightHandPinky1-Matrix-animation-input"/>
        <input semantic="OUTPUT" source="#mixamorig1_RightHandPinky1-Matrix-animation-output-transform"/>
        <input semantic="INTERPOLATION" source="#mixamorig1_RightHandPinky1-Interpolations"/>
      </sampler>
      <channel source="#mixamorig1_RightHandPinky1-Matrix-animation-transform" target="mixamorig1_RightHandPinky1/matrix"/>
    </animation>
    <animation id="mixamorig1_RightHandPinky2-anim" name="mixamorig1_RightHandPinky2">
      <source id="mixamorig1_RightHandPinky2-Matrix-animation-input">
        <float_array id="mixamorig1_RightHandPinky2-Matrix-animation-input-array" count="32">

0.000000 0.033333 0.066667 0.100000 0.133333 0.166667 0.200000 0.233333 0.266667 0.300000 0.333333 0.366667 0.400000 0.433333 0.466667 0.500000
0.533333 0.566667 0.600000 0.633333 0.666667 0.700000 0.733333 0.766667 0.800000 0.833333 0.866667 0.900000 0.933333 0.966667 1.000000 1.033333</float_array>
        <technique_common>
          <accessor source="#mixamorig1_RightHandPinky2-Matrix-animation-input-array" count="32">
            <param name="TIME" type="float"/>
          </accessor>
        </technique_common>
      </source>
      <source id="mixamorig1_RightHandPinky2-Matrix-animation-output-transform">
        <float_array id="mixamorig1_RightHandPinky2-Matrix-animation-output-transform-array" count="512">

0.998082 -0.059973 0.015329 -0.008100 0.060016 0.876888 -0.476933 2.640500 0.015161 0.476938 0.878806 0.000000 0.000000 0.000000 0.000000 1.000000
0.998076 -0.060067 0.015383 -0.008100 0.060109 0.876430 -0.477763 2.640500 0.015215 0.477768 0.878354 -0.000000 0.000000 0.000000 0.000000 1.000000
0.998074 -0.060096 0.015400 -0.008100 0.060139 0.876288 -0.478020 2.640500 0.015232 0.478025 0.878214 -0.000000 0.000000 0.000000 0.000000 1.000000
0.998071 -0.060132 0.015421 -0.008100 0.060175 0.876108 -0.478345 2.640500 0.015253 0.478351 0.878036 -0.000000 0.000000 0.000000 0.000000 1.000000
0.998070 -0.060155 0.015434 -0.008100 0.060198 0.875999 -0.478542 2.640500 0.015266 0.478547 0.877929 0.000000 0.000000 0.000000 0.000000 1.000000
0.998069 -0.060162 0.015439 -0.008100 0.060205 0.875962 -0.478609 2.640500 0.015270 0.478614 0.877892 0.000000 0.000000 0.000000 0.000000 1.000000
0.998070 -0.060153 0.015434 -0.008100 0.060196 0.876007 -0.478527 2.640500 0.015265 0.478532 0.877937 0.000000 0.000000 0.000000 0.000000 1.000000
0.998055 -0.060360 0.015554 -0.008100 0.060403 0.874989 -0.480359 2.640500 0.015385 0.480365 0.876934 0.000000 0.000000 0.000000 0.000000 1.000000
0.998031 -0.060706 0.015757 -0.008100 0.060750 0.873275 -0.483426 2.640500 0.015587 0.483431 0.875244 0.000000 0.000000 0.000000 0.000000 1.000000
0.998064 -0.060240 0.015484 -0.008100 0.060283 0.875579 -0.479299 2.640500 0.015315 0.479304 0.877515 0.000000 0.000000 0.000000 0.000000 1.000000
0.998078 -0.060037 0.015366 -0.008100 0.060079 0.876577 -0.477497 2.640500 0.015198 0.477503 0.878499 0.000000 0.000000 0.000000 0.000000 1.000000
0.998076 -0.060061 0.015380 -0.008100 0.060104 0.876457 -0.477714 2.640500 0.015212 0.477720 0.878381 -0.000000 0.000000 0.000000 0.000000 1.000000
0.998078 -0.060036 0.015365 -0.008100 0.060078 0.876582 -0.477488 2.640500 0.015197 0.477493 0.878504 0.000000 0.000000 0.000000 0.000000 1.000000
0.998072 -0.060126 0.015418 -0.008100 0.060169 0.876141 -0.478285 2.640500 0.015249 0.478291 0.878069 0.000000 0.000000 0.000000 0.000000 1.000000
0.998073 -0.060113 0.015410 -0.008100 0.060156 0.876205 -0.478169 2.640500 0.015242 0.478175 0.878133 0.000000 0.000000 0.000000 0.000000 1.000000
0.998074 -0.060086 0.015394 -0.008100 0.060129 0.876336 -0.477932 2.640500 0.015226 0.477938 0.878262 0.000000 0.000000 0.000000 0.000000 1.000000
0.998077 -0.060051 0.015374 -0.008100 0.060094 0.876507 -0.477624 2.640500 0.015206 0.477629 0.878430 0.000000 0.000000 0.000000 0.000000 1.000000
0.998079 -0.060014 0.015353 -0.008100 0.060056 0.876689 -0.477294 2.640500 0.015185 0.477299 0.878610 -0.000000 0.000000 0.000000 0.000000 1.000000
0.998084 -0.059943 0.015311 -0.008100 0.059985 0.877037 -0.476664 2.640500 0.015144 0.476669 0.878952 -0.000000 0.000000 0.000000 0.000000 1.000000
0.998113 -0.059524 0.015071 -0.008100 0.059566 0.879066 -0.472964 2.640500 0.014905 0.472969 0.880953 0.000000 0.000000 0.000000 0.000000 1.000000
0.998123 -0.059384 0.014990 -0.008100 0.059426 0.879743 -0.471721 2.640500 0.014825 0.471726 0.881620 0.000000 0.000000 0.000000 0.000000 1.000000
0.998124 -0.059368 0.014981 -0.008100 0.059410 0.879820 -0.471579 2.640500 0.014816 0.471584 0.881697 0.000000 0.000000 0.000000 0.000000 1.000000
0.998127 -0.059321 0.014954 -0.008100 0.059362 0.880047 -0.471162 2.640500 0.014789 0.471167 0.881920 0.000000 0.000000 0.000000 0.000000 1.000000
0.998149 -0.058994 0.014769 -0.008100 0.059035 0.881610 -0.468272 2.640500 0.014605 0.468277 0.883461 0.000000 0.000000 0.000000 0.000000 1.000000
0.998166 -0.058748 0.014630 -0.008100 0.058788 0.882782 -0.466091 2.640500 0.014467 0.466096 0.884616 -0.000000 0.000000 0.000000 0.000000 1.000000
0.998109 -0.059591 0.015109 -0.008100 0.059633 0.878743 -0.473555 2.640500 0.014943 0.473560 0.880635 0.000000 0.000000 0.000000 0.000000 1.000000
0.998071 -0.060143 0.015428 -0.008100 0.060186 0.876058 -0.478436 2.640500 0.015259 0.478441 0.877987 0.000000 0.000000 0.000000 0.000000 1.000000
0.998067 -0.060191 0.015455 -0.008100 0.060234 0.875821 -0.478863 2.640500 0.015287 0.478868 0.877754 -0.000000 0.000000 0.000000 0.000000 1.000000
0.998059 -0.060304 0.015522 -0.008100 0.060348 0.875263 -0.479867 2.640500 0.015353 0.479872 0.877204 0.000000 0.000000 0.000000 0.000000 1.000000
0.998081 -0.059997 0.015343 -0.008100 0.060040 0.876769 -0.477148 2.640500 0.015175 0.477154 0.878689 0.000000 0.000000 0.000000 0.000000 1.000000
0.998081 -0.059986 0.015337 -0.008100 0.060029 0.876823 -0.477051 2.640500 0.015169 0.477057 0.878742 -0.000000 0.000000 0.000000 0.000000 1.000000
0.998082 -0.059973 0.015329 -0.008100 0.060016 0.876888 -0.476933 2.640500 0.015161 0.476938 0.878806 0.000000 0.000000 0.000000 0.000000 1.000000</float_array>
        <technique_common>
          <accessor source="#mixamorig1_RightHandPinky2-Matrix-animation-output-transform-array" count="32" stride="16">
            <param type="float4x4"/>
          </accessor>
        </technique_common>
      </source>
      <source id="mixamorig1_RightHandPinky2-Interpolations">
        <Name_array id="mixamorig1_RightHandPinky2-Interpolations-array" count="32">
 LINEAR LINEAR LINEAR LINEAR LINEAR LINEAR LINEAR LINEAR LINEAR LINEAR LINEAR
LINEAR LINEAR LINEAR LINEAR LINEAR LINEAR LINEAR LINEAR LINEAR LINEAR LINEAR LINEAR
LINEAR LINEAR LINEAR LINEAR LINEAR LINEAR LINEAR LINEAR LINEAR</Name_array>
        <technique_common>
          <accessor source="#mixamorig1_RightHandPinky2-Interpolations-array" count="32">
            <param type="name"/>
          </accessor>
        </technique_common>
      </source>
      <sampler id="mixamorig1_RightHandPinky2-Matrix-animation-transform">
        <input semantic="INPUT" source="#mixamorig1_RightHandPinky2-Matrix-animation-input"/>
        <input semantic="OUTPUT" source="#mixamorig1_RightHandPinky2-Matrix-animation-output-transform"/>
        <input semantic="INTERPOLATION" source="#mixamorig1_RightHandPinky2-Interpolations"/>
      </sampler>
      <channel source="#mixamorig1_RightHandPinky2-Matrix-animation-transform" target="mixamorig1_RightHandPinky2/matrix"/>
    </animation>
    <animation id="mixamorig1_RightHandPinky3-anim" name="mixamorig1_RightHandPinky3">
      <source id="mixamorig1_RightHandPinky3-Matrix-animation-input">
        <float_array id="mixamorig1_RightHandPinky3-Matrix-animation-input-array" count="32">

0.000000 0.033333 0.066667 0.100000 0.133333 0.166667 0.200000 0.233333 0.266667 0.300000 0.333333 0.366667 0.400000 0.433333 0.466667 0.500000
0.533333 0.566667 0.600000 0.633333 0.666667 0.700000 0.733333 0.766667 0.800000 0.833333 0.866667 0.900000 0.933333 0.966667 1.000000 1.033333</float_array>
        <technique_common>
          <accessor source="#mixamorig1_RightHandPinky3-Matrix-animation-input-array" count="32">
            <param name="TIME" type="float"/>
          </accessor>
        </technique_common>
      </source>
      <source id="mixamorig1_RightHandPinky3-Matrix-animation-output-transform">
        <float_array id="mixamorig1_RightHandPinky3-Matrix-animation-output-transform-array" count="512">

0.999541 -0.030070 0.003555 0.005600 0.029899 0.961638 -0.272689 2.149000 0.004781 0.272670 0.962096 -0.000000 0.000000 0.000000 0.000000 1.000000
0.999538 -0.030168 0.003581 0.005600 0.029996 0.961393 -0.273539 2.149000 0.004809 0.273520 0.961854 0.000000 0.000000 0.000000 0.000000 1.000000
0.999538 -0.030168 0.003581 0.005600 0.029997 0.961392 -0.273541 2.149000 0.004810 0.273522 0.961854 0.000000 0.000000 0.000000 0.000000 1.000000
0.999538 -0.030168 0.003581 0.005600 0.029997 0.961392 -0.273544 2.149000 0.004810 0.273525 0.961853 -0.000000 0.000000 0.000000 0.000000 1.000000
0.999538 -0.030168 0.003581 0.005600 0.029997 0.961391 -0.273545 2.149000 0.004810 0.273527 0.961852 -0.000000 0.000000 0.000000 0.000000 1.000000
0.999538 -0.030169 0.003581 0.005600 0.029997 0.961391 -0.273546 2.149000 0.004810 0.273527 0.961852 0.000000 0.000000 0.000000 0.000000 1.000000
0.999539 -0.030155 0.003577 0.005600 0.029983 0.961425 -0.273427 2.149000 0.004806 0.273408 0.961886 0.000000 0.000000 0.000000 0.000000 1.000000
0.999531 -0.030419 0.003646 0.005600 0.030245 0.960763 -0.275717 2.149000 0.004884 0.275698 0.961232 0.000000 0.000000 0.000000 0.000000 1.000000
0.999517 -0.030859 0.003763 0.005600 0.030681 0.959646 -0.279532 2.149000 0.005015 0.279513 0.960129 0.000000 0.000000 0.000000 0.000000 1.000000
0.999532 -0.030361 0.003631 0.005600 0.030187 0.960910 -0.275212 2.149000 0.004867 0.275193 0.961377 -0.000000 0.000000 0.000000 0.000000 1.000000
0.999539 -0.030137 0.003573 0.005600 0.029966 0.961470 -0.273271 2.149000 0.004800 0.273252 0.961931 -0.000000 0.000000 0.000000 0.000000 1.000000
0.999538 -0.030168 0.003581 0.005600 0.029996 0.961393 -0.273538 2.149000 0.004810 0.273520 0.961854 0.000000 0.000000 0.000000 0.000000 1.000000
0.999539 -0.030152 0.003577 0.005600 0.029981 0.961433 -0.273401 2.149000 0.004805 0.273382 0.961893 0.000000 0.000000 0.000000 0.000000 1.000000
0.999535 -0.030273 0.003608 0.005600 0.030101 0.961130 -0.274452 2.149000 0.004841 0.274433 0.961594 0.000000 0.000000 0.000000 0.000000 1.000000
0.999535 -0.030268 0.003607 0.005600 0.030096 0.961143 -0.274407 2.149000 0.004839 0.274388 0.961607 0.000000 0.000000 0.000000 0.000000 1.000000
0.999536 -0.030246 0.003601 0.005600 0.030074 0.961197 -0.274219 2.149000 0.004833 0.274200 0.961661 0.000000 0.000000 0.000000 0.000000 1.000000
0.999537 -0.030214 0.003593 0.005600 0.030042 0.961278 -0.273940 2.149000 0.004823 0.273921 0.961740 0.000000 0.000000 0.000000 0.000000 1.000000
0.999538 -0.030177 0.003583 0.005600 0.030006 0.961369 -0.273623 2.149000 0.004812 0.273604 0.961830 0.000000 0.000000 0.000000 0.000000 1.000000
0.999541 -0.030090 0.003561 0.005600 0.029919 0.961588 -0.272863 2.149000 0.004786 0.272844 0.962046 0.000000 0.000000 0.000000 0.000000 1.000000
0.999555 -0.029616 0.003439 0.005600 0.029450 0.962759 -0.268753 2.149000 0.004649 0.268734 0.963203 -0.000000 0.000000 0.000000 0.000000 1.000000
0.999560 -0.029453 0.003397 0.005600 0.029289 0.963156 -0.267344 2.149000 0.004602 0.267326 0.963595 -0.000000 0.000000 0.000000 0.000000 1.000000
0.999561 -0.029432 0.003392 0.005600 0.029268 0.963208 -0.267159 2.149000 0.004596 0.267141 0.963646 0.000000 0.000000 0.000000 0.000000 1.000000
0.999563 -0.029376 0.003378 0.005600 0.029213 0.963343 -0.266678 2.149000 0.004580 0.266660 0.963780 0.000000 0.000000 0.000000 0.000000 1.000000
0.999574 -0.029008 0.003286 0.005600 0.028849 0.964232 -0.263486 2.149000 0.004475 0.263468 0.964658 0.000000 0.000000 0.000000 0.000000 1.000000
0.999583 -0.028701 0.003210 0.005600 0.028545 0.964965 -0.260821 2.149000 0.004389 0.260804 0.965382 0.000000 0.000000 0.000000 0.000000 1.000000
0.999556 -0.029588 0.003432 0.005600 0.029422 0.962827 -0.268510 2.149000 0.004641 0.268492 0.963271 0.000000 0.000000 0.000000 0.000000 1.000000
0.999539 -0.030154 0.003577 0.005600 0.029983 0.961427 -0.273420 2.149000 0.004806 0.273402 0.961888 0.000000 0.000000 0.000000 0.000000 1.000000
0.999538 -0.030188 0.003586 0.005600 0.030016 0.961343 -0.273712 2.149000 0.004815 0.273693 0.961805 0.000000 0.000000 0.000000 0.000000 1.000000
0.999533 -0.030356 0.003630 0.005600 0.030183 0.960921 -0.275171 2.149000 0.004865 0.275152 0.961388 0.000000 0.000000 0.000000 0.000000 1.000000
0.999542 -0.030055 0.003551 0.005600 0.029885 0.961674 -0.272561 2.149000 0.004776 0.272542 0.962132 -0.000000 0.000000 0.000000 0.000000 1.000000
0.999541 -0.030071 0.003556 0.005600 0.029901 0.961634 -0.272700 2.149000 0.004781 0.272681 0.962093 0.000000 0.000000 0.000000 0.000000 1.000000
0.999541 -0.030070 0.003555 0.005600 0.029899 0.961638 -0.272689 2.149000 0.004781 0.272670 0.962096 0.000000 0.000000 0.000000 0.000000 1.000000</float_array>
        <technique_common>
          <accessor source="#mixamorig1_RightHandPinky3-Matrix-animation-output-transform-array" count="32" stride="16">
            <param type="float4x4"/>
          </accessor>
        </technique_common>
      </source>
      <source id="mixamorig1_RightHandPinky3-Interpolations">
        <Name_array id="mixamorig1_RightHandPinky3-Interpolations-array" count="32">
 LINEAR LINEAR LINEAR LINEAR LINEAR LINEAR LINEAR LINEAR LINEAR LINEAR LINEAR
LINEAR LINEAR LINEAR LINEAR LINEAR LINEAR LINEAR LINEAR LINEAR LINEAR LINEAR LINEAR
LINEAR LINEAR LINEAR LINEAR LINEAR LINEAR LINEAR LINEAR LINEAR</Name_array>
        <technique_common>
          <accessor source="#mixamorig1_RightHandPinky3-Interpolations-array" count="32">
            <param type="name"/>
          </accessor>
        </technique_common>
      </source>
      <sampler id="mixamorig1_RightHandPinky3-Matrix-animation-transform">
        <input semantic="INPUT" source="#mixamorig1_RightHandPinky3-Matrix-animation-input"/>
        <input semantic="OUTPUT" source="#mixamorig1_RightHandPinky3-Matrix-animation-output-transform"/>
        <input semantic="INTERPOLATION" source="#mixamorig1_RightHandPinky3-Interpolations"/>
      </sampler>
      <channel source="#mixamorig1_RightHandPinky3-Matrix-animation-transform" target="mixamorig1_RightHandPinky3/matrix"/>
    </animation>
    <animation id="mixamorig1_LeftUpLeg-anim" name="mixamorig1_LeftUpLeg">
      <source id="mixamorig1_LeftUpLeg-Matrix-animation-input">
        <float_array id="mixamorig1_LeftUpLeg-Matrix-animation-input-array" count="32">

0.000000 0.033333 0.066667 0.100000 0.133333 0.166667 0.200000 0.233333 0.266667 0.300000 0.333333 0.366667 0.400000 0.433333 0.466667 0.500000
0.533333 0.566667 0.600000 0.633333 0.666667 0.700000 0.733333 0.766667 0.800000 0.833333 0.866667 0.900000 0.933333 0.966667 1.000000 1.033333</float_array>
        <technique_common>
          <accessor source="#mixamorig1_LeftUpLeg-Matrix-animation-input-array" count="32">
            <param name="TIME" type="float"/>
          </accessor>
        </technique_common>
      </source>
      <source id="mixamorig1_LeftUpLeg-Matrix-animation-output-transform">
        <float_array id="mixamorig1_LeftUpLeg-Matrix-animation-output-transform-array" count="512">

-0.984255 0.076427 0.159378 8.078200 0.004911 -0.889513 0.456883 -5.402400 0.176687 0.450472 0.875132 -0.535900 0.000000 0.000000 0.000000 1.000000
-0.985634 0.060112 0.157839 8.078200 0.024471 -0.873835 0.485606 -5.402400 0.167116 0.482492 0.859810 -0.535900 0.000000 0.000000 0.000000 1.000000
-0.988296 0.043420 0.146241 8.078200 0.030747 -0.882267 0.469743 -5.402400 0.149420 0.468742 0.870606 -0.535900 0.000000 0.000000 0.000000 1.000000
-0.991572 0.055425 0.117101 8.078200 0.010996 -0.864602 0.502336 -5.402400 0.129088 0.499390 0.856706 -0.535900 0.000000 0.000000 0.000000 1.000000
-0.994462 0.070307 0.078115 8.078200 -0.014792 -0.829516 0.558288 -5.402400 0.104049 0.554040 0.825962 -0.535900 0.000000 0.000000 0.000000 1.000000
-0.995461 0.078493 0.053821 8.078200 -0.027514 -0.778709 0.626782 -5.402400 0.091109 0.622456 0.777334 -0.535900 0.000000 0.000000 0.000000 1.000000
-0.993851 0.084755 0.071250 8.078200 -0.020125 -0.771046 0.636461 -5.402400 0.108880 0.631113 0.768011 -0.535900 0.000000 0.000000 0.000000 1.000000
-0.993878 0.066107 0.088521 8.078200 -0.000290 -0.802787 0.596266 -5.402400 0.110480 0.592590 0.797892 -0.535900 0.000000 0.000000 0.000000 1.000000
-0.995413 0.037404 0.088055 8.078200 0.017993 -0.830786 0.556301 -5.402400 0.093962 0.555334 0.826302 -0.535900 0.000000 0.000000 0.000000 1.000000
-0.995627 0.028369 0.089004 8.078200 0.026514 -0.827773 0.560436 -5.402400 0.089573 0.560345 0.823401 -0.535900 0.000000 0.000000 0.000000 1.000000
-0.995121 0.036026 0.091848 8.078200 0.024954 -0.808773 0.587591 -5.402400 0.095453 0.587016 0.803929 -0.535900 0.000000 0.000000 0.000000 1.000000
-0.994980 0.034160 0.094060 8.078200 0.025364 -0.823156 0.567249 -5.402400 0.096803 0.566787 0.818158 -0.535900 0.000000 0.000000 0.000000 1.000000
-0.995019 0.021582 0.097317 8.078200 0.032469 -0.852870 0.521113 -5.402400 0.094246 0.521678 0.847921 -0.535900 0.000000 0.000000 0.000000 1.000000
-0.995307 0.001783 0.096747 8.078200 0.042096 -0.892277 0.449522 -5.402400 0.087126 0.451485 0.888015 -0.535900 0.000000 0.000000 0.000000 1.000000
-0.994532 -0.013973 0.103491 8.078200 0.050267 -0.932704 0.357123 -5.402400 0.091537 0.360372 0.928306 -0.535900 0.000000 0.000000 0.000000 1.000000
-0.993533 -0.031026 0.109221 8.078200 0.058489 -0.964343 0.258112 -5.402400 0.097318 0.262831 0.959921 -0.535900 0.000000 0.000000 0.000000 1.000000
-0.992349 -0.048362 0.113595 8.078200 0.065897 -0.985544 0.156078 -5.402400 0.104405 0.162369 0.981191 -0.535900 0.000000 0.000000 0.000000 1.000000
-0.991041 -0.064832 0.116770 8.078200 0.071627 -0.995916 0.054959 -5.402400 0.112730 0.062831 0.991637 -0.535900 0.000000 0.000000 0.000000 1.000000
-0.989134 -0.068735 0.129959 8.078200 0.065244 -0.997390 -0.030936 -5.402400 0.131746 -0.022121 0.991037 -0.535900 0.000000 0.000000 0.000000 1.000000
-0.984542 -0.074477 0.158526 8.078200 0.056712 -0.991886 -0.113784 -5.402400 0.165714 -0.103035 0.980776 -0.535900 0.000000 0.000000 0.000000 1.000000
-0.980455 -0.074275 0.182182 8.078200 0.042801 -0.984346 -0.170973 -5.402400 0.192029 -0.159834 0.968286 -0.535900 0.000000 0.000000 0.000000 1.000000
-0.977509 -0.076197 0.196647 8.078200 0.024466 -0.967124 -0.253126 -5.402400 0.209469 -0.242622 0.947237 -0.535900 0.000000 0.000000 0.000000 1.000000
-0.974070 -0.076224 0.213020 8.078200 0.001070 -0.943079 -0.332566 -5.402400 0.226244 -0.323715 0.918707 -0.535900 0.000000 0.000000 0.000000 1.000000
-0.967626 -0.056265 0.246038 8.078200 -0.043318 -0.923347 -0.381515 -5.402400 0.248644 -0.379822 0.891017 -0.535900 0.000000 0.000000 0.000000 1.000000
-0.958307 -0.024836 0.284658 8.078200 -0.084036 -0.927660 -0.363846 -5.402400 0.273102 -0.372598 0.886897 -0.535900 0.000000 0.000000 0.000000 1.000000
-0.951029 0.028075 0.307824 8.078200 -0.110311 -0.961117 -0.253150 -5.402400 0.288748 -0.274710 0.917147 -0.535900 0.000000 0.000000 0.000000 1.000000
-0.957909 0.070432 0.278298 8.078200 -0.101611 -0.989863 -0.099233 -5.402400 0.268488 -0.123334 0.955355 -0.535900 0.000000 0.000000 0.000000 1.000000
-0.971282 0.082657 0.223114 8.078200 -0.071185 -0.995717 0.058993 -5.402400 0.227035 0.041417 0.973006 -0.535900 0.000000 0.000000 0.000000 1.000000
-0.978356 0.085535 0.188424 8.078200 -0.046534 -0.978191 0.202428 -5.402400 0.201629 0.189279 0.960999 -0.535900 0.000000 0.000000 0.000000 1.000000
-0.979701 0.088809 0.179718 8.078200 -0.027191 -0.947099 0.319788 -5.402400 0.198611 0.308410 0.930289 -0.535900 0.000000 0.000000 0.000000 1.000000
-0.980952 0.085620 0.174361 8.078200 -0.007655 -0.913961 0.405730 -5.402400 0.194098 0.396667 0.897208 -0.535900 0.000000 0.000000 0.000000 1.000000
-0.984255 0.076427 0.159378 8.078200 0.004911 -0.889513 0.456883 -5.402400 0.176687 0.450472 0.875132 -0.535900 0.000000 0.000000 0.000000 1.000000</float_array>
        <technique_common>
          <accessor source="#mixamorig1_LeftUpLeg-Matrix-animation-output-transform-array" count="32" stride="16">
            <param type="float4x4"/>
          </accessor>
        </technique_common>
      </source>
      <source id="mixamorig1_LeftUpLeg-Interpolations">
        <Name_array id="mixamorig1_LeftUpLeg-Interpolations-array" count="32">
 LINEAR LINEAR LINEAR LINEAR LINEAR LINEAR LINEAR LINEAR LINEAR LINEAR LINEAR
LINEAR LINEAR LINEAR LINEAR LINEAR LINEAR LINEAR LINEAR LINEAR LINEAR LINEAR LINEAR
LINEAR LINEAR LINEAR LINEAR LINEAR LINEAR LINEAR LINEAR LINEAR</Name_array>
        <technique_common>
          <accessor source="#mixamorig1_LeftUpLeg-Interpolations-array" count="32">
            <param type="name"/>
          </accessor>
        </technique_common>
      </source>
      <sampler id="mixamorig1_LeftUpLeg-Matrix-animation-transform">
        <input semantic="INPUT" source="#mixamorig1_LeftUpLeg-Matrix-animation-input"/>
        <input semantic="OUTPUT" source="#mixamorig1_LeftUpLeg-Matrix-animation-output-transform"/>
        <input semantic="INTERPOLATION" source="#mixamorig1_LeftUpLeg-Interpolations"/>
      </sampler>
      <channel source="#mixamorig1_LeftUpLeg-Matrix-animation-transform" target="mixamorig1_LeftUpLeg/matrix"/>
    </animation>
    <animation id="mixamorig1_LeftLeg-anim" name="mixamorig1_LeftLeg">
      <source id="mixamorig1_LeftLeg-Matrix-animation-input">
        <float_array id="mixamorig1_LeftLeg-Matrix-animation-input-array" count="32">

0.000000 0.033333 0.066667 0.100000 0.133333 0.166667 0.200000 0.233333 0.266667 0.300000 0.333333 0.366667 0.400000 0.433333 0.466667 0.500000
0.533333 0.566667 0.600000 0.633333 0.666667 0.700000 0.733333 0.766667 0.800000 0.833333 0.866667 0.900000 0.933333 0.966667 1.000000 1.033333</float_array>
        <technique_common>
          <accessor source="#mixamorig1_LeftLeg-Matrix-animation-input-array" count="32">
            <param name="TIME" type="float"/>
          </accessor>
        </technique_common>
      </source>
      <source id="mixamorig1_LeftLeg-Matrix-animation-output-transform">
        <float_array id="mixamorig1_LeftLeg-Matrix-animation-output-transform-array" count="512">

0.996089 0.014374 0.087175 -0.000000 -0.081733 0.524603 0.847415 42.789799 -0.033552 -0.851226 0.523726 0.000000 0.000000 0.000000 0.000000 1.000000
0.997973 0.043494 0.046465 0.000000 -0.063590 0.711934 0.699361 42.789799 -0.002662 -0.700898 0.713256 0.000000 0.000000 0.000000 0.000000 1.000000
0.998383 0.055799 -0.010830 0.000000 -0.046147 0.906945 0.418714 42.789799 0.033186 -0.417537 0.908054 0.000000 0.000000 0.000000 0.000000 1.000000
0.998055 0.032073 -0.053452 -0.000000 -0.020188 0.977572 0.209630 42.789799 0.058976 -0.208144 0.976319 -0.000000 0.000000 0.000000 0.000000 1.000000
0.997280 -0.027065 -0.068560 0.000000 0.033841 0.994443 0.099684 42.789799 0.065481 -0.101733 0.992654 -0.000000 0.000000 0.000000 0.000000 1.000000
0.996312 -0.059677 -0.061660 -0.000000 0.066810 0.990403 0.120988 42.789799 0.053848 -0.124661 0.990737 0.000000 0.000000 0.000000 0.000000 1.000000
0.998363 -0.044701 -0.035687 0.000000 0.049262 0.989025 0.139293 42.789799 0.029069 -0.140823 0.989608 0.000000 0.000000 0.000000 0.000000 1.000000
0.999367 -0.027193 0.022956 -0.000000 0.023255 0.987297 0.157173 42.789799 -0.026938 -0.156539 0.987304 0.000000 0.000000 0.000000 0.000000 1.000000
0.997716 -0.022754 0.063597 -0.000000 0.010382 0.982022 0.188483 42.789799 -0.066742 -0.187393 0.980015 -0.000000 0.000000 0.000000 0.000000 1.000000
0.997717 -0.004776 0.067361 0.000000 -0.017023 0.947496 0.319314 42.789799 -0.065349 -0.319732 0.945252 0.000000 0.000000 0.000000 0.000000 1.000000
0.996942 0.023910 0.074392 0.000000 -0.059393 0.850527 0.522568 42.789799 -0.050778 -0.525388 0.849346 0.000000 0.000000 0.000000 0.000000 1.000000
0.995654 0.037758 0.085138 0.000000 -0.081947 0.789556 0.608182 42.789799 -0.044257 -0.612515 0.789219 0.000000 0.000000 0.000000 0.000000 1.000000
0.994987 0.034824 0.093746 -0.000000 -0.086824 0.765970 0.636986 42.789799 -0.049625 -0.641932 0.765154 0.000000 0.000000 0.000000 0.000000 1.000000
0.995142 0.019653 0.096467 -0.000000 -0.075412 0.782070 0.618610 42.789799 -0.063286 -0.622880 0.779753 -0.000000 0.000000 0.000000 0.000000 1.000000
0.994387 -0.008007 0.105497 0.000000 -0.052636 0.827539 0.558935 42.789799 -0.091779 -0.561351 0.822473 0.000000 0.000000 0.000000 0.000000 1.000000
0.991970 -0.035917 0.121268 0.000000 -0.028433 0.870956 0.490538 42.789799 -0.123238 -0.490046 0.862941 0.000000 0.000000 0.000000 0.000000 1.000000
0.988239 -0.060780 0.140320 -0.000000 -0.003429 0.908577 0.417704 42.789799 -0.152880 -0.413273 0.897682 0.000000 0.000000 0.000000 0.000000 1.000000
0.984149 -0.080915 0.157808 -0.000000 0.021805 0.938304 0.345123 42.789799 -0.175998 -0.336211 0.925196 0.000000 0.000000 0.000000 0.000000 1.000000
0.986435 -0.092615 0.135533 0.000000 0.052046 0.959498 0.276864 42.789799 -0.155685 -0.266055 0.951303 -0.000000 0.000000 0.000000 0.000000 1.000000
0.990958 -0.089510 0.099951 0.000000 0.067013 0.975561 0.209259 42.789799 -0.116239 -0.200669 0.972739 -0.000000 0.000000 0.000000 0.000000 1.000000
0.995183 -0.085682 0.047631 0.000000 0.075116 0.978693 0.191095 42.789799 -0.062990 -0.186597 0.980415 0.000000 0.000000 0.000000 0.000000 1.000000
0.994990 -0.097423 0.022423 0.000000 0.094027 0.988177 0.121103 42.789799 -0.033956 -0.118388 0.992387 0.000000 0.000000 0.000000 0.000000 1.000000
0.992910 -0.118210 0.012526 0.000000 0.117282 0.991352 0.058875 42.789799 -0.019377 -0.056988 0.998187 0.000000 0.000000 0.000000 0.000000 1.000000
0.987059 -0.155609 0.038726 0.000000 0.151419 0.983958 0.094336 42.789799 -0.052785 -0.087251 0.994787 0.000000 0.000000 0.000000 0.000000 1.000000
0.978888 -0.170850 0.112203 0.000000 0.140240 0.960737 0.239411 42.789799 -0.148701 -0.218621 0.964413 -0.000000 0.000000 0.000000 0.000000 1.000000
0.971675 -0.165812 0.168386 0.000000 0.060964 0.864291 0.499285 42.789799 -0.228322 -0.474877 0.849918 0.000000 0.000000 0.000000 0.000000 1.000000
0.972752 -0.160115 0.167678 0.000000 -0.019297 0.664805 0.746768 42.789799 -0.231042 -0.729656 0.643601 0.000000 0.000000 0.000000 0.000000 1.000000
0.986018 -0.134542 0.098319 0.000000 -0.026674 0.454974 0.890105 42.789799 -0.164489 -0.880282 0.445024 0.000000 0.000000 0.000000 0.000000 1.000000
0.993606 -0.094378 0.061960 0.000000 -0.027713 0.328137 0.944224 42.789799 -0.109446 -0.939904 0.323423 0.000000 0.000000 0.000000 0.000000 1.000000
0.995096 -0.054826 0.082327 0.000000 -0.061572 0.308048 0.949376 42.789799 -0.077411 -0.949790 0.303162 0.000000 0.000000 0.000000 0.000000 1.000000
0.994680 -0.017977 0.101435 0.000000 -0.087114 0.378787 0.921375 42.789799 -0.054986 -0.925309 0.375206 0.000000 0.000000 0.000000 0.000000 1.000000
0.996089 0.014374 0.087174 0.000000 -0.081733 0.524605 0.847413 42.789799 -0.033552 -0.851225 0.523728 -0.000000 0.000000 0.000000 0.000000 1.000000</float_array>
        <technique_common>
          <accessor source="#mixamorig1_LeftLeg-Matrix-animation-output-transform-array" count="32" stride="16">
            <param type="float4x4"/>
          </accessor>
        </technique_common>
      </source>
      <source id="mixamorig1_LeftLeg-Interpolations">
        <Name_array id="mixamorig1_LeftLeg-Interpolations-array" count="32">
 LINEAR LINEAR LINEAR LINEAR LINEAR LINEAR LINEAR LINEAR LINEAR LINEAR LINEAR
LINEAR LINEAR LINEAR LINEAR LINEAR LINEAR LINEAR LINEAR LINEAR LINEAR LINEAR LINEAR
LINEAR LINEAR LINEAR LINEAR LINEAR LINEAR LINEAR LINEAR LINEAR</Name_array>
        <technique_common>
          <accessor source="#mixamorig1_LeftLeg-Interpolations-array" count="32">
            <param type="name"/>
          </accessor>
        </technique_common>
      </source>
      <sampler id="mixamorig1_LeftLeg-Matrix-animation-transform">
        <input semantic="INPUT" source="#mixamorig1_LeftLeg-Matrix-animation-input"/>
        <input semantic="OUTPUT" source="#mixamorig1_LeftLeg-Matrix-animation-output-transform"/>
        <input semantic="INTERPOLATION" source="#mixamorig1_LeftLeg-Interpolations"/>
      </sampler>
      <channel source="#mixamorig1_LeftLeg-Matrix-animation-transform" target="mixamorig1_LeftLeg/matrix"/>
    </animation>
    <animation id="mixamorig1_LeftFoot-anim" name="mixamorig1_LeftFoot">
      <source id="mixamorig1_LeftFoot-Matrix-animation-input">
        <float_array id="mixamorig1_LeftFoot-Matrix-animation-input-array" count="32">

0.000000 0.033333 0.066667 0.100000 0.133333 0.166667 0.200000 0.233333 0.266667 0.300000 0.333333 0.366667 0.400000 0.433333 0.466667 0.500000
0.533333 0.566667 0.600000 0.633333 0.666667 0.700000 0.733333 0.766667 0.800000 0.833333 0.866667 0.900000 0.933333 0.966667 1.000000 1.033333</float_array>
        <technique_common>
          <accessor source="#mixamorig1_LeftFoot-Matrix-animation-input-array" count="32">
            <param name="TIME" type="float"/>
          </accessor>
        </technique_common>
      </source>
      <source id="mixamorig1_LeftFoot-Matrix-animation-output-transform">
        <float_array id="mixamorig1_LeftFoot-Matrix-animation-output-transform-array" count="512">

0.997809 -0.060514 0.026755 0.000000 0.055103 0.536177 -0.842305 42.173698 0.036626 0.841934 0.538337 -0.000000 0.000000 0.000000 0.000000 1.000000
0.998953 -0.045680 0.002666 -0.000000 0.026574 0.531731 -0.846496 42.173698 0.037250 0.845680 0.532388 -0.000000 0.000000 0.000000 0.000000 1.000000
0.999317 -0.035235 -0.011094 0.000000 0.011034 0.571328 -0.820647 42.173698 0.035254 0.819965 0.571327 0.000000 0.000000 0.000000 0.000000 1.000000
0.999205 -0.018404 -0.035373 0.000000 -0.018303 0.576450 -0.816928 42.173698 0.035425 0.816925 0.575654 0.000000 0.000000 0.000000 0.000000 1.000000
0.998785 -0.014005 -0.047249 0.000000 -0.033232 0.516572 -0.855599 42.173698 0.036390 0.856130 0.515478 0.000000 0.000000 0.000000 0.000000 1.000000
0.998854 -0.034688 -0.032990 -0.000000 -0.016399 0.399506 -0.916584 42.173698 0.044974 0.916074 0.398479 0.000000 0.000000 0.000000 0.000000 1.000000
0.999065 -0.031889 -0.029199 0.000000 -0.013285 0.416248 -0.909154 42.173698 0.041146 0.908692 0.415435 0.000000 0.000000 0.000000 0.000000 1.000000
0.999101 -0.042377 -0.000943 0.000000 0.023003 0.560756 -0.827661 42.173698 0.035603 0.826896 0.561227 0.000000 0.000000 0.000000 0.000000 1.000000
0.995382 -0.080513 0.052277 0.000000 0.093618 0.693683 -0.714171 42.173698 0.021237 0.715767 0.698017 0.000000 0.000000 0.000000 0.000000 1.000000
0.992965 -0.096629 0.068427 0.000000 0.117671 0.741123 -0.660977 42.173698 0.013157 0.664379 0.747280 0.000000 0.000000 0.000000 0.000000 1.000000
0.988438 -0.115536 0.098193 0.000000 0.148439 0.605264 -0.782062 42.173698 0.030923 0.787595 0.615416 0.000000 0.000000 0.000000 0.000000 1.000000
0.985175 -0.123339 0.119238 0.000000 0.165699 0.504134 -0.847581 42.173698 0.044428 0.854773 0.517097 0.000000 0.000000 0.000000 0.000000 1.000000
0.983897 -0.123732 0.128985 -0.000000 0.170327 0.430315 -0.886464 42.173698 0.054180 0.894159 0.444460 -0.000000 0.000000 0.000000 0.000000 1.000000
0.984910 -0.118755 0.125896 0.000000 0.162584 0.385547 -0.908251 42.173698 0.059320 0.915014 0.399037 -0.000000 0.000000 0.000000 0.000000 1.000000
0.987357 -0.111749 0.112422 -0.000000 0.146014 0.365131 -0.919434 42.173698 0.061697 0.924225 0.376831 -0.000000 0.000000 0.000000 0.000000 1.000000
0.989662 -0.105927 0.096684 -0.000000 0.127985 0.348100 -0.928680 42.173698 0.064717 0.931454 0.358058 -0.000000 0.000000 0.000000 0.000000 1.000000
0.991842 -0.097973 0.081553 0.000000 0.109841 0.332197 -0.936792 42.173698 0.064688 0.938108 0.340249 0.000000 0.000000 0.000000 0.000000 1.000000
0.993985 -0.084541 0.069613 0.000000 0.092941 0.315002 -0.944529 42.173698 0.057924 0.945318 0.320965 0.000000 0.000000 0.000000 0.000000 1.000000
0.996479 -0.027303 0.079274 0.000000 0.083798 0.292704 -0.952524 42.173698 0.002803 0.955813 0.293961 0.000000 0.000000 0.000000 0.000000 1.000000
0.992632 0.062061 0.104066 0.000000 0.083204 0.275222 -0.957773 42.173698 -0.088082 0.959375 0.268030 0.000000 0.000000 0.000000 0.000000 1.000000
0.978700 0.159468 0.129287 0.000000 0.089145 0.237174 -0.967368 42.173698 -0.184928 0.958289 0.217906 0.000000 0.000000 0.000000 0.000000 1.000000
0.967336 0.219853 0.126193 -0.000000 0.073847 0.231821 -0.969951 42.173698 -0.242501 0.947588 0.208014 0.000000 0.000000 0.000000 0.000000 1.000000
0.958178 0.260724 0.117978 -0.000000 0.054074 0.239883 -0.969295 42.173698 -0.281019 0.935136 0.215752 -0.000000 0.000000 0.000000 0.000000 1.000000
0.963839 0.244775 0.105353 0.000000 0.032056 0.285976 -0.957700 42.173698 -0.264549 0.926446 0.267788 -0.000000 0.000000 0.000000 0.000000 1.000000
0.984129 0.141168 0.107522 -0.000000 0.044041 0.392662 -0.918628 42.173698 -0.171900 0.908784 0.380213 0.000000 0.000000 0.000000 0.000000 1.000000
0.993508 0.041670 0.105857 0.000000 0.060440 0.594984 -0.801462 42.173698 -0.096380 0.802657 0.588603 -0.000000 0.000000 0.000000 0.000000 1.000000
0.999889 0.008609 0.012173 -0.000000 0.002115 0.726281 -0.687395 42.173698 -0.014759 0.687344 0.726182 -0.000000 0.000000 0.000000 0.000000 1.000000
0.999569 -0.006508 -0.028611 -0.000000 -0.014977 0.725355 -0.688212 42.173698 0.025232 0.688345 0.724945 0.000000 0.000000 0.000000 0.000000 1.000000
0.999471 -0.032386 -0.002919 -0.000000 0.018889 0.651312 -0.758575 42.173698 0.026468 0.758118 0.651580 0.000000 0.000000 0.000000 0.000000 1.000000
0.999037 -0.043136 0.008076 0.000000 0.032673 0.608241 -0.793080 42.173698 0.029298 0.792579 0.609064 0.000000 0.000000 0.000000 0.000000 1.000000
0.998251 -0.055010 0.021653 0.000000 0.049199 0.569954 -0.820202 42.173698 0.032778 0.819833 0.571664 0.000000 0.000000 0.000000 0.000000 1.000000
0.997809 -0.060514 0.026755 0.000000 0.055103 0.536178 -0.842304 42.173698 0.036626 0.841933 0.538338 0.000000 0.000000 0.000000 0.000000 1.000000</float_array>
        <technique_common>
          <accessor source="#mixamorig1_LeftFoot-Matrix-animation-output-transform-array" count="32" stride="16">
            <param type="float4x4"/>
          </accessor>
        </technique_common>
      </source>
      <source id="mixamorig1_LeftFoot-Interpolations">
        <Name_array id="mixamorig1_LeftFoot-Interpolations-array" count="32">
 LINEAR LINEAR LINEAR LINEAR LINEAR LINEAR LINEAR LINEAR LINEAR LINEAR LINEAR
LINEAR LINEAR LINEAR LINEAR LINEAR LINEAR LINEAR LINEAR LINEAR LINEAR LINEAR LINEAR
LINEAR LINEAR LINEAR LINEAR LINEAR LINEAR LINEAR LINEAR LINEAR</Name_array>
        <technique_common>
          <accessor source="#mixamorig1_LeftFoot-Interpolations-array" count="32">
            <param type="name"/>
          </accessor>
        </technique_common>
      </source>
      <sampler id="mixamorig1_LeftFoot-Matrix-animation-transform">
        <input semantic="INPUT" source="#mixamorig1_LeftFoot-Matrix-animation-input"/>
        <input semantic="OUTPUT" source="#mixamorig1_LeftFoot-Matrix-animation-output-transform"/>
        <input semantic="INTERPOLATION" source="#mixamorig1_LeftFoot-Interpolations"/>
      </sampler>
      <channel source="#mixamorig1_LeftFoot-Matrix-animation-transform" target="mixamorig1_LeftFoot/matrix"/>
    </animation>
    <animation id="mixamorig1_LeftToeBase-anim" name="mixamorig1_LeftToeBase">
      <source id="mixamorig1_LeftToeBase-Matrix-animation-input">
        <float_array id="mixamorig1_LeftToeBase-Matrix-animation-input-array" count="32">

0.000000 0.033333 0.066667 0.100000 0.133333 0.166667 0.200000 0.233333 0.266667 0.300000 0.333333 0.366667 0.400000 0.433333 0.466667 0.500000
0.533333 0.566667 0.600000 0.633333 0.666667 0.700000 0.733333 0.766667 0.800000 0.833333 0.866667 0.900000 0.933333 0.966667 1.000000 1.033333</float_array>
        <technique_common>
          <accessor source="#mixamorig1_LeftToeBase-Matrix-animation-input-array" count="32">
            <param name="TIME" type="float"/>
          </accessor>
        </technique_common>
      </source>
      <source id="mixamorig1_LeftToeBase-Matrix-animation-output-transform">
        <float_array id="mixamorig1_LeftToeBase-Matrix-animation-output-transform-array" count="512">

0.991830 -0.077459 -0.101356 0.000000 -0.010237 0.743648 -0.668493 16.182301 0.127154 0.664069 0.736780 -0.000000 0.000000 0.000000 0.000000 1.000000
0.992095 -0.074799 -0.100762 -0.000000 -0.007867 0.764298 -0.644815 16.182301 0.125244 0.640510 0.757668 0.000000 0.000000 0.000000 0.000000 1.000000
0.992243 -0.073311 -0.100391 0.000000 -0.006560 0.775584 -0.631210 16.182301 0.124137 0.626973 0.769087 -0.000000 0.000000 0.000000 0.000000 1.000000
0.992173 -0.074019 -0.100571 -0.000000 -0.007180 0.770240 -0.637714 16.182301 0.124667 0.633444 0.763680 0.000000 0.000000 0.000000 0.000000 1.000000
0.991907 -0.076690 -0.101193 0.000000 -0.009548 0.749679 -0.661733 16.182301 0.126611 0.657344 0.742879 0.000000 0.000000 0.000000 0.000000 1.000000
0.991846 -0.077302 -0.101323 0.000000 -0.010096 0.744882 -0.667120 16.182301 0.127043 0.662703 0.738028 0.000000 0.000000 0.000000 0.000000 1.000000
0.991836 -0.077402 -0.101344 0.000000 -0.010187 0.744090 -0.668001 16.182301 0.127114 0.663580 0.737227 0.000000 0.000000 0.000000 0.000000 1.000000
0.991640 -0.079379 -0.101730 -0.000000 -0.011976 0.728369 -0.685080 16.182301 0.128478 0.680571 0.721329 0.000000 0.000000 0.000000 0.000000 1.000000
0.991502 -0.080775 -0.101973 -0.000000 -0.013253 0.717073 -0.696872 16.182301 0.129412 0.692302 0.709909 0.000000 0.000000 0.000000 0.000000 1.000000
0.991732 -0.078450 -0.101554 -0.000000 -0.011132 0.735797 -0.677111 16.182301 0.127843 0.672643 0.728840 0.000000 0.000000 0.000000 0.000000 1.000000
0.991980 -0.075952 -0.101031 -0.000000 -0.008889 0.755416 -0.655185 16.182301 0.126083 0.650829 0.748682 0.000000 0.000000 0.000000 0.000000 1.000000
0.991996 -0.075794 -0.100995 0.000000 -0.008749 0.756641 -0.653772 16.182301 0.125969 0.649422 0.749922 0.000000 0.000000 0.000000 0.000000 1.000000
0.991951 -0.076244 -0.101096 0.000000 -0.009149 0.753154 -0.657781 16.182301 0.126292 0.653411 0.746394 0.000000 0.000000 0.000000 0.000000 1.000000
0.991947 -0.076285 -0.101105 0.000000 -0.009186 0.752831 -0.658150 16.182301 0.126322 0.653779 0.746067 0.000000 0.000000 0.000000 0.000000 1.000000
0.991972 -0.076030 -0.101048 -0.000000 -0.008961 0.754801 -0.655893 16.182301 0.126139 0.651533 0.748060 0.000000 0.000000 0.000000 0.000000 1.000000
0.992002 -0.075733 -0.100981 0.000000 -0.008697 0.757098 -0.653244 16.182301 0.125925 0.648897 0.750384 0.000000 0.000000 0.000000 0.000000 1.000000
0.992032 -0.075425 -0.100910 0.000000 -0.008423 0.759482 -0.650474 16.182301 0.125701 0.646141 0.752795 0.000000 0.000000 0.000000 0.000000 1.000000
0.992061 -0.075135 -0.100842 -0.000000 -0.008164 0.761718 -0.647857 16.182301 0.125490 0.643537 0.755058 0.000000 0.000000 0.000000 0.000000 1.000000
0.992082 -0.074926 -0.100793 0.000000 -0.007979 0.763325 -0.645966 16.182301 0.125337 0.641656 0.756683 -0.000000 0.000000 0.000000 0.000000 1.000000
0.992063 -0.075114 -0.100837 -0.000000 -0.008145 0.761884 -0.647663 16.182301 0.125475 0.643344 0.755225 0.000000 0.000000 0.000000 0.000000 1.000000
0.991986 -0.075888 -0.101016 0.000000 -0.008832 0.755918 -0.654606 16.182301 0.126036 0.650253 0.749191 -0.000000 0.000000 0.000000 0.000000 1.000000
0.991858 -0.077173 -0.101297 -0.000000 -0.009944 0.746088 -0.665773 16.182301 0.126956 0.661360 0.739246 -0.000000 0.000000 0.000000 0.000000 1.000000
0.991630 -0.079480 -0.101748 0.000000 -0.012068 0.727555 -0.685943 16.182301 0.128546 0.681430 0.720506 0.000000 0.000000 0.000000 0.000000 1.000000
0.990920 -0.086717 -0.102747 0.000000 -0.018822 0.667200 -0.744641 16.182301 0.133126 0.739813 0.659510 0.000000 0.000000 0.000000 0.000000 1.000000
0.988008 -0.106175 -0.112100 -0.000000 -0.047083 0.484276 -0.873647 16.182301 0.147047 0.868449 0.473470 -0.000000 0.000000 0.000000 0.000000 1.000000
0.984626 -0.127145 -0.119776 0.000000 -0.077435 0.296930 -0.951754 16.182301 0.156576 0.946397 0.282519 -0.000000 0.000000 0.000000 0.000000 1.000000
0.990689 -0.089097 -0.102939 -0.000000 -0.021110 0.646437 -0.762675 16.182301 0.134495 0.757747 0.638537 0.000000 0.000000 0.000000 0.000000 1.000000
0.991685 -0.078923 -0.101645 -0.000000 -0.011561 0.732023 -0.681182 16.182301 0.128168 0.676693 0.725024 -0.000000 0.000000 0.000000 0.000000 1.000000
0.991596 -0.079820 -0.101809 0.000000 -0.012379 0.724814 -0.688834 16.182301 0.128776 0.684305 0.717735 0.000000 0.000000 0.000000 0.000000 1.000000
0.991670 -0.079081 -0.101674 0.000000 -0.011704 0.730764 -0.682529 16.182301 0.128275 0.678034 0.723751 0.000000 0.000000 0.000000 0.000000 1.000000
0.991733 -0.078440 -0.101552 -0.000000 -0.011123 0.735878 -0.677023 16.182301 0.127836 0.672556 0.728922 -0.000000 0.000000 0.000000 0.000000 1.000000
0.991830 -0.077459 -0.101356 0.000000 -0.010237 0.743648 -0.668492 16.182301 0.127154 0.664069 0.736780 0.000000 0.000000 0.000000 0.000000 1.000000</float_array>
        <technique_common>
          <accessor source="#mixamorig1_LeftToeBase-Matrix-animation-output-transform-array" count="32" stride="16">
            <param type="float4x4"/>
          </accessor>
        </technique_common>
      </source>
      <source id="mixamorig1_LeftToeBase-Interpolations">
        <Name_array id="mixamorig1_LeftToeBase-Interpolations-array" count="32">
 LINEAR LINEAR LINEAR LINEAR LINEAR LINEAR LINEAR LINEAR LINEAR LINEAR LINEAR
LINEAR LINEAR LINEAR LINEAR LINEAR LINEAR LINEAR LINEAR LINEAR LINEAR LINEAR LINEAR
LINEAR LINEAR LINEAR LINEAR LINEAR LINEAR LINEAR LINEAR LINEAR</Name_array>
        <technique_common>
          <accessor source="#mixamorig1_LeftToeBase-Interpolations-array" count="32">
            <param type="name"/>
          </accessor>
        </technique_common>
      </source>
      <sampler id="mixamorig1_LeftToeBase-Matrix-animation-transform">
        <input semantic="INPUT" source="#mixamorig1_LeftToeBase-Matrix-animation-input"/>
        <input semantic="OUTPUT" source="#mixamorig1_LeftToeBase-Matrix-animation-output-transform"/>
        <input semantic="INTERPOLATION" source="#mixamorig1_LeftToeBase-Interpolations"/>
      </sampler>
      <channel source="#mixamorig1_LeftToeBase-Matrix-animation-transform" target="mixamorig1_LeftToeBase/matrix"/>
    </animation>
    <animation id="mixamorig1_RightUpLeg-anim" name="mixamorig1_RightUpLeg">
      <source id="mixamorig1_RightUpLeg-Matrix-animation-input">
        <float_array id="mixamorig1_RightUpLeg-Matrix-animation-input-array" count="32">

0.000000 0.033333 0.066667 0.100000 0.133333 0.166667 0.200000 0.233333 0.266667 0.300000 0.333333 0.366667 0.400000 0.433333 0.466667 0.500000
0.533333 0.566667 0.600000 0.633333 0.666667 0.700000 0.733333 0.766667 0.800000 0.833333 0.866667 0.900000 0.933333 0.966667 1.000000 1.033333</float_array>
        <technique_common>
          <accessor source="#mixamorig1_RightUpLeg-Matrix-animation-input-array" count="32">
            <param name="TIME" type="float"/>
          </accessor>
        </technique_common>
      </source>
      <source id="mixamorig1_RightUpLeg-Matrix-animation-output-transform">
        <float_array id="mixamorig1_RightUpLeg-Matrix-animation-output-transform-array" count="512">

-0.992554 0.019074 -0.120303 -8.078200 -0.041246 -0.981945 0.184615 -5.402400 -0.114610 0.188203 0.975420 -0.751800 0.000000 0.000000 0.000000 1.000000
-0.990701 0.028933 -0.132944 -8.078200 -0.040434 -0.995591 0.084641 -5.402400 -0.129909 0.089229 0.987503 -0.751800 0.000000 0.000000 0.000000 1.000000
-0.986450 0.033941 -0.160514 -8.078200 -0.038174 -0.998998 0.023364 -5.402400 -0.159560 0.029175 0.986757 -0.751800 0.000000 0.000000 0.000000 1.000000
-0.980517 0.041642 -0.191967 -8.078200 -0.042688 -0.999088 0.001319 -5.402400 -0.191737 0.009488 0.981400 -0.751800 0.000000 0.000000 0.000000 1.000000
-0.976052 0.048438 -0.212076 -8.078200 -0.041716 -0.998479 -0.036061 -5.402400 -0.213500 -0.026350 0.976588 -0.751800 0.000000 0.000000 0.000000 1.000000
-0.974081 0.044268 -0.221827 -8.078200 -0.025784 -0.996001 -0.085543 -5.402400 -0.224727 -0.077607 0.971326 -0.751800 0.000000 0.000000 0.000000 1.000000
-0.972905 0.035275 -0.228499 -8.078200 -0.002083 -0.989590 -0.143899 -5.402400 -0.231196 -0.139524 0.962851 -0.751800 0.000000 0.000000 0.000000 1.000000
-0.969690 0.023428 -0.243213 -8.078200 0.033028 -0.973689 -0.225473 -5.402400 -0.242096 -0.226672 0.943403 -0.751800 0.000000 0.000000 0.000000 1.000000
-0.963354 0.023156 -0.267233 -8.078200 0.064475 -0.947068 -0.314490 -5.402400 -0.260371 -0.320195 0.910869 -0.751800 0.000000 0.000000 0.000000 1.000000
-0.960371 0.003840 -0.278699 -8.078200 0.088753 -0.943645 -0.318836 -5.402400 -0.264218 -0.330936 0.905909 -0.751800 0.000000 0.000000 0.000000 1.000000
-0.963777 -0.045120 -0.262865 -8.078200 0.102542 -0.972518 -0.209033 -5.402400 -0.246210 -0.228416 0.941917 -0.751800 0.000000 0.000000 0.000000 1.000000
-0.969408 -0.088636 -0.228891 -8.078200 0.104460 -0.992840 -0.057944 -5.402400 -0.222116 -0.080082 0.971726 -0.751800 0.000000 0.000000 0.000000 1.000000
-0.975302 -0.110606 -0.191188 -8.078200 0.094731 -0.991399 0.090296 -5.402400 -0.199530 0.069955 0.977391 -0.751800 0.000000 0.000000 0.000000 1.000000
-0.977843 -0.123340 -0.169148 -8.078200 0.083387 -0.970621 0.225703 -5.402400 -0.192016 0.206597 0.959399 -0.751800 0.000000 0.000000 0.000000 1.000000
-0.978537 -0.131254 -0.158867 -8.078200 0.071787 -0.939750 0.334241 -5.402400 -0.193166 0.315663 0.929002 -0.751800 0.000000 0.000000 0.000000 1.000000
-0.978778 -0.138791 -0.150767 -8.078200 0.060096 -0.897782 0.436321 -5.402400 -0.195913 0.418001 0.887070 -0.751800 0.000000 0.000000 0.000000 1.000000
-0.978969 -0.145579 -0.142923 -8.078200 0.048550 -0.846686 0.529874 -5.402400 -0.198149 0.511791 0.835947 -0.751800 0.000000 0.000000 0.000000 1.000000
-0.979537 -0.150398 -0.133744 -8.078200 0.037363 -0.788856 0.613441 -5.402400 -0.197765 0.595891 0.778333 -0.751800 0.000000 0.000000 0.000000 1.000000
-0.983248 -0.140310 -0.116342 -8.078200 0.028670 -0.749404 0.661492 -5.402400 -0.180001 0.647076 0.740873 -0.751800 0.000000 0.000000 0.000000 1.000000
-0.988351 -0.124617 -0.087369 -8.078200 0.035121 -0.745325 0.665775 -5.402400 -0.148085 0.654951 0.741020 -0.751800 0.000000 0.000000 0.000000 1.000000
-0.989290 -0.119784 -0.083410 -8.078200 0.041076 -0.776816 0.628387 -5.402400 -0.140065 0.618231 0.773416 -0.751800 0.000000 0.000000 0.000000 1.000000
-0.988754 -0.114866 -0.095769 -8.078200 0.037449 -0.810134 0.585047 -5.402400 -0.144788 0.574881 0.805325 -0.751800 0.000000 0.000000 0.000000 1.000000
-0.988716 -0.105518 -0.106332 -8.078200 0.029369 -0.832579 0.553128 -5.402400 -0.146895 0.543763 0.826283 -0.751800 0.000000 0.000000 0.000000 1.000000
-0.992350 -0.079586 -0.094378 -8.078200 0.008479 -0.806601 0.591036 -5.402400 -0.123164 0.585714 0.801105 -0.751800 0.000000 0.000000 0.000000 1.000000
-0.992503 -0.073302 -0.097800 -8.078200 -0.002075 -0.789967 0.613146 -5.402400 -0.122204 0.608752 0.783892 -0.751800 0.000000 0.000000 0.000000 1.000000
-0.991637 -0.073900 -0.105804 -8.078200 -0.006028 -0.792408 0.609962 -5.402400 -0.128916 0.605499 0.785336 -0.751800 0.000000 0.000000 0.000000 1.000000
-0.990118 -0.072759 -0.119888 -8.078200 -0.011307 -0.810683 0.585376 -5.402400 -0.139783 0.580947 0.801849 -0.751800 0.000000 0.000000 0.000000 1.000000
-0.989912 -0.063835 -0.126489 -8.078200 -0.015672 -0.837941 0.545535 -5.402400 -0.140815 0.542014 0.828488 -0.751800 0.000000 0.000000 0.000000 1.000000
-0.991178 -0.045657 -0.124423 -8.078200 -0.020935 -0.873070 0.487145 -5.402400 -0.130872 0.485453 0.864412 -0.751800 0.000000 0.000000 0.000000 1.000000
-0.992956 -0.020435 -0.116708 -8.078200 -0.028887 -0.913536 0.405731 -5.402400 -0.114908 0.406245 0.906511 -0.751800 0.000000 0.000000 0.000000 1.000000
-0.993514 0.002455 -0.113687 -8.078200 -0.037157 -0.951897 0.304156 -5.402400 -0.107472 0.306407 0.945814 -0.751800 0.000000 0.000000 0.000000 1.000000
-0.992554 0.019074 -0.120304 -8.078200 -0.041246 -0.981946 0.184612 -5.402400 -0.114610 0.188199 0.975421 -0.751800 0.000000 0.000000 0.000000 1.000000</float_array>
        <technique_common>
          <accessor source="#mixamorig1_RightUpLeg-Matrix-animation-output-transform-array" count="32" stride="16">
            <param type="float4x4"/>
          </accessor>
        </technique_common>
      </source>
      <source id="mixamorig1_RightUpLeg-Interpolations">
        <Name_array id="mixamorig1_RightUpLeg-Interpolations-array" count="32">
 LINEAR LINEAR LINEAR LINEAR LINEAR LINEAR LINEAR LINEAR LINEAR LINEAR LINEAR
LINEAR LINEAR LINEAR LINEAR LINEAR LINEAR LINEAR LINEAR LINEAR LINEAR LINEAR LINEAR
LINEAR LINEAR LINEAR LINEAR LINEAR LINEAR LINEAR LINEAR LINEAR</Name_array>
        <technique_common>
          <accessor source="#mixamorig1_RightUpLeg-Interpolations-array" count="32">
            <param type="name"/>
          </accessor>
        </technique_common>
      </source>
      <sampler id="mixamorig1_RightUpLeg-Matrix-animation-transform">
        <input semantic="INPUT" source="#mixamorig1_RightUpLeg-Matrix-animation-input"/>
        <input semantic="OUTPUT" source="#mixamorig1_RightUpLeg-Matrix-animation-output-transform"/>
        <input semantic="INTERPOLATION" source="#mixamorig1_RightUpLeg-Interpolations"/>
      </sampler>
      <channel source="#mixamorig1_RightUpLeg-Matrix-animation-transform" target="mixamorig1_RightUpLeg/matrix"/>
    </animation>
    <animation id="mixamorig1_RightLeg-anim" name="mixamorig1_RightLeg">
      <source id="mixamorig1_RightLeg-Matrix-animation-input">
        <float_array id="mixamorig1_RightLeg-Matrix-animation-input-array" count="32">

0.000000 0.033333 0.066667 0.100000 0.133333 0.166667 0.200000 0.233333 0.266667 0.300000 0.333333 0.366667 0.400000 0.433333 0.466667 0.500000
0.533333 0.566667 0.600000 0.633333 0.666667 0.700000 0.733333 0.766667 0.800000 0.833333 0.866667 0.900000 0.933333 0.966667 1.000000 1.033333</float_array>
        <technique_common>
          <accessor source="#mixamorig1_RightLeg-Matrix-animation-input-array" count="32">
            <param name="TIME" type="float"/>
          </accessor>
        </technique_common>
      </source>
      <source id="mixamorig1_RightLeg-Matrix-animation-output-transform">
        <float_array id="mixamorig1_RightLeg-Matrix-animation-output-transform-array" count="512">

0.997243 0.055977 -0.048712 -0.000000 -0.037607 0.947166 0.318532 42.775902 0.063969 -0.315822 0.946660 0.000000 0.000000 0.000000 0.000000 1.000000
0.994765 0.071848 -0.072666 -0.000000 -0.054843 0.975376 0.213620 42.775902 0.086225 -0.208517 0.974210 0.000000 0.000000 0.000000 0.000000 1.000000
0.991666 0.069952 -0.108190 -0.000000 -0.049433 0.982078 0.181875 42.775902 0.118974 -0.175011 0.977352 0.000000 0.000000 0.000000 0.000000 1.000000
0.993159 0.054735 -0.103149 0.000000 -0.028537 0.970322 0.240126 42.775902 0.113231 -0.235540 0.965246 0.000000 0.000000 0.000000 0.000000 1.000000
0.997477 0.042816 -0.056623 0.000000 -0.024977 0.958311 0.284632 42.775902 0.066449 -0.282500 0.956963 -0.000000 0.000000 0.000000 0.000000 1.000000
0.998864 0.041287 -0.023811 -0.000000 -0.032053 0.951655 0.305493 42.775902 0.035273 -0.304383 0.951897 0.000000 0.000000 0.000000 0.000000 1.000000
0.998605 0.052515 -0.005517 0.000000 -0.048362 0.951529 0.303734 42.775902 0.021200 -0.303044 0.952741 -0.000000 0.000000 0.000000 0.000000 1.000000
0.996787 0.079338 -0.010967 -0.000000 -0.072792 0.954515 0.289140 42.775902 0.033408 -0.287413 0.957224 0.000000 0.000000 0.000000 0.000000 1.000000
0.993332 0.109030 -0.037473 -0.000000 -0.096663 0.964766 0.244710 42.775902 0.062833 -0.239456 0.968872 0.000000 0.000000 0.000000 0.000000 1.000000
0.987322 0.126323 -0.096112 0.000000 -0.087597 0.938582 0.333752 42.775902 0.132369 -0.321101 0.937749 -0.000000 0.000000 0.000000 0.000000 1.000000
0.983046 0.125538 -0.133642 0.000000 -0.023760 0.809932 0.586042 42.775902 0.181812 -0.572931 0.799184 0.000000 0.000000 0.000000 0.000000 1.000000
0.993451 0.106554 -0.041237 -0.000000 -0.029983 0.591399 0.805822 42.775902 0.110251 -0.799308 0.590721 0.000000 0.000000 0.000000 0.000000 1.000000
0.993852 0.075423 0.081058 -0.000000 -0.104477 0.396468 0.912084 42.775902 0.036655 -0.914945 0.401910 0.000000 0.000000 0.000000 0.000000 1.000000
0.993121 0.043696 0.108638 0.000000 -0.116685 0.291521 0.949421 42.775902 0.009816 -0.955566 0.294614 0.000000 0.000000 0.000000 0.000000 1.000000
0.995932 0.026193 0.086219 0.000000 -0.090088 0.310737 0.946217 42.775902 -0.002007 -0.950135 0.311833 0.000000 0.000000 0.000000 0.000000 1.000000
0.998307 0.008479 0.057543 0.000000 -0.056944 0.344067 0.937217 42.775902 -0.011852 -0.938907 0.343967 0.000000 0.000000 0.000000 0.000000 1.000000
0.999498 -0.009450 0.030254 -0.000000 -0.024182 0.389718 0.920617 42.775902 -0.020490 -0.920886 0.389294 0.000000 0.000000 0.000000 0.000000 1.000000
0.999588 -0.026231 0.011690 0.000000 0.001234 0.445919 0.895073 42.775902 -0.028692 -0.894689 0.445767 0.000000 0.000000 0.000000 0.000000 1.000000
0.999311 -0.013284 0.034651 0.000000 -0.019786 0.599209 0.800348 42.775902 -0.031395 -0.800483 0.598533 0.000000 0.000000 0.000000 0.000000 1.000000
0.997086 0.031432 0.069504 0.000000 -0.067635 0.785645 0.614969 42.775902 -0.035276 -0.617878 0.785482 0.000000 0.000000 0.000000 0.000000 1.000000
0.994788 0.068320 0.075688 0.000000 -0.091951 0.921879 0.376410 42.775902 -0.044059 -0.381408 0.923356 -0.000000 0.000000 0.000000 0.000000 1.000000
0.996245 0.073707 0.045426 -0.000000 -0.081755 0.973563 0.213286 42.775902 -0.028505 -0.216199 0.975933 -0.000000 0.000000 0.000000 0.000000 1.000000
0.997732 0.064300 0.019920 0.000000 -0.066229 0.990614 0.119569 42.775902 -0.012045 -0.120617 0.992626 -0.000000 0.000000 0.000000 0.000000 1.000000
0.998147 0.051486 0.032419 0.000000 -0.058851 0.952219 0.299693 42.775902 -0.015440 -0.301045 0.953485 0.000000 0.000000 0.000000 0.000000 1.000000
0.999838 0.017934 0.001562 0.000000 -0.016653 0.888444 0.458683 42.775902 0.006839 -0.458635 0.888598 0.000000 0.000000 0.000000 0.000000 1.000000
0.999632 -0.017296 -0.020883 0.000000 0.025970 0.832185 0.553889 42.775902 0.007799 -0.554228 0.832328 0.000000 0.000000 0.000000 0.000000 1.000000
0.998546 -0.035909 -0.040195 0.000000 0.053003 0.789598 0.611331 42.775902 0.009786 -0.612573 0.790353 -0.000000 0.000000 0.000000 0.000000 1.000000
0.997727 -0.040700 -0.053701 -0.000000 0.065393 0.777064 0.626016 42.775902 0.016251 -0.628104 0.777959 0.000000 0.000000 0.000000 0.000000 1.000000
0.998169 -0.028489 -0.053353 0.000000 0.054931 0.796189 0.602550 42.775902 0.025313 -0.604378 0.796296 0.000000 0.000000 0.000000 0.000000 1.000000
0.999136 0.001370 -0.041544 0.000000 0.021405 0.839791 0.542488 42.775902 0.035632 -0.542909 0.839036 0.000000 0.000000 0.000000 0.000000 1.000000
0.998755 0.033734 -0.036761 0.000000 -0.013783 0.894665 0.446525 42.775902 0.047952 -0.445462 0.894016 0.000000 0.000000 0.000000 0.000000 1.000000
0.997243 0.055977 -0.048712 -0.000000 -0.037607 0.947168 0.318525 42.775902 0.063969 -0.315815 0.946662 0.000000 0.000000 0.000000 0.000000 1.000000</float_array>
        <technique_common>
          <accessor source="#mixamorig1_RightLeg-Matrix-animation-output-transform-array" count="32" stride="16">
            <param type="float4x4"/>
          </accessor>
        </technique_common>
      </source>
      <source id="mixamorig1_RightLeg-Interpolations">
        <Name_array id="mixamorig1_RightLeg-Interpolations-array" count="32">
 LINEAR LINEAR LINEAR LINEAR LINEAR LINEAR LINEAR LINEAR LINEAR LINEAR LINEAR
LINEAR LINEAR LINEAR LINEAR LINEAR LINEAR LINEAR LINEAR LINEAR LINEAR LINEAR LINEAR
LINEAR LINEAR LINEAR LINEAR LINEAR LINEAR LINEAR LINEAR LINEAR</Name_array>
        <technique_common>
          <accessor source="#mixamorig1_RightLeg-Interpolations-array" count="32">
            <param type="name"/>
          </accessor>
        </technique_common>
      </source>
      <sampler id="mixamorig1_RightLeg-Matrix-animation-transform">
        <input semantic="INPUT" source="#mixamorig1_RightLeg-Matrix-animation-input"/>
        <input semantic="OUTPUT" source="#mixamorig1_RightLeg-Matrix-animation-output-transform"/>
        <input semantic="INTERPOLATION" source="#mixamorig1_RightLeg-Interpolations"/>
      </sampler>
      <channel source="#mixamorig1_RightLeg-Matrix-animation-transform" target="mixamorig1_RightLeg/matrix"/>
    </animation>
    <animation id="mixamorig1_RightFoot-anim" name="mixamorig1_RightFoot">
      <source id="mixamorig1_RightFoot-Matrix-animation-input">
        <float_array id="mixamorig1_RightFoot-Matrix-animation-input-array" count="32">

0.000000 0.033333 0.066667 0.100000 0.133333 0.166667 0.200000 0.233333 0.266667 0.300000 0.333333 0.366667 0.400000 0.433333 0.466667 0.500000
0.533333 0.566667 0.600000 0.633333 0.666667 0.700000 0.733333 0.766667 0.800000 0.833333 0.866667 0.900000 0.933333 0.966667 1.000000 1.033333</float_array>
        <technique_common>
          <accessor source="#mixamorig1_RightFoot-Matrix-animation-input-array" count="32">
            <param name="TIME" type="float"/>
          </accessor>
        </technique_common>
      </source>
      <source id="mixamorig1_RightFoot-Matrix-animation-output-transform">
        <float_array id="mixamorig1_RightFoot-Matrix-animation-output-transform-array" count="512">

0.996230 0.072335 -0.047883 0.000000 -0.072786 0.396707 -0.915055 42.179699 -0.047195 0.915091 0.400476 -0.000000 0.000000 0.000000 0.000000 1.000000
0.997045 0.066950 -0.037661 -0.000000 -0.060583 0.383928 -0.921374 42.179699 -0.047227 0.920933 0.386849 -0.000000 0.000000 0.000000 0.000000 1.000000
0.996036 0.073440 -0.050183 0.000000 -0.072840 0.349648 -0.934045 42.179699 -0.051050 0.933998 0.353612 0.000000 0.000000 0.000000 0.000000 1.000000
0.996324 0.030548 -0.080037 0.000000 -0.085428 0.284229 -0.954943 42.179699 -0.006422 0.958270 0.285793 -0.000000 0.000000 0.000000 0.000000 1.000000
0.992263 -0.054197 -0.111702 -0.000000 -0.096812 0.225519 -0.969417 42.179699 0.077730 0.972730 0.218527 -0.000000 0.000000 0.000000 0.000000 1.000000
0.986378 -0.117248 -0.115373 0.000000 -0.095819 0.160556 -0.982365 42.179699 0.133704 0.980038 0.147134 0.000000 0.000000 0.000000 0.000000 1.000000
0.982203 -0.158835 -0.100248 0.000000 -0.079239 0.133494 -0.987877 42.179699 0.170292 0.978239 0.118532 -0.000000 0.000000 0.000000 0.000000 1.000000
0.983540 -0.164084 -0.075665 0.000000 -0.048931 0.161242 -0.985701 42.179699 0.173939 0.973179 0.150559 0.000000 0.000000 0.000000 0.000000 1.000000
0.988878 -0.142646 -0.042110 0.000000 -0.000266 0.281431 -0.959582 42.179699 0.148731 0.948920 0.278262 0.000000 0.000000 0.000000 0.000000 1.000000
0.997126 -0.074603 0.013180 -0.000000 0.046734 0.468809 -0.882062 42.179699 0.059625 0.880144 0.470948 0.000000 0.000000 0.000000 0.000000 1.000000
0.992279 -0.050407 0.113320 -0.000000 0.118361 0.657827 -0.743810 42.179699 -0.037052 0.751480 0.658714 0.000000 0.000000 0.000000 0.000000 1.000000
0.990481 -0.070758 0.118072 0.000000 0.131073 0.746807 -0.651996 42.179699 -0.042043 0.661266 0.748972 0.000000 0.000000 0.000000 0.000000 1.000000
0.996253 -0.032622 0.080098 0.000000 0.079253 0.715118 -0.694496 42.179699 -0.034623 0.698242 0.715024 -0.000000 0.000000 0.000000 0.000000 1.000000
0.998653 -0.003134 0.051785 0.000000 0.041201 0.654508 -0.754931 42.179699 -0.031528 0.756048 0.653756 0.000000 0.000000 0.000000 0.000000 1.000000
0.998675 0.003115 0.051364 0.000000 0.039840 0.584964 -0.810080 42.179699 -0.032569 0.811053 0.584065 -0.000000 0.000000 0.000000 0.000000 1.000000
0.998450 0.007110 0.055202 0.000000 0.043916 0.508682 -0.859833 42.179699 -0.034193 0.860925 0.507582 0.000000 0.000000 0.000000 0.000000 1.000000
0.998130 0.011177 0.060092 0.000000 0.049363 0.432393 -0.900333 42.179699 -0.036046 0.901616 0.431033 0.000000 0.000000 0.000000 0.000000 1.000000
0.997927 0.016253 0.062276 0.000000 0.052112 0.363833 -0.930005 42.179699 -0.037773 0.931322 0.362232 0.000000 0.000000 0.000000 0.000000 1.000000
0.998370 0.021087 0.053044 0.000000 0.041433 0.371481 -0.927516 42.179699 -0.039263 0.928201 0.370002 0.000000 0.000000 0.000000 0.000000 1.000000
0.998466 0.018532 0.052168 0.000000 0.040059 0.408575 -0.911845 42.179699 -0.038213 0.912537 0.407206 0.000000 0.000000 0.000000 0.000000 1.000000
0.998373 0.016971 0.054438 -0.000000 0.042787 0.408110 -0.911930 42.179699 -0.037693 0.912775 0.406719 0.000000 0.000000 0.000000 0.000000 1.000000
0.998916 0.019263 0.042382 0.000000 0.028679 0.462510 -0.886150 42.179699 -0.036672 0.886405 0.461456 0.000000 0.000000 0.000000 0.000000 1.000000
0.999376 0.028804 0.020451 -0.000000 0.002353 0.523363 -0.852107 42.179699 -0.035247 0.851623 0.522968 0.000000 0.000000 0.000000 0.000000 1.000000
0.997157 0.065382 -0.037452 -0.000000 -0.068128 0.570000 -0.818815 42.179699 -0.032188 0.819039 0.572834 0.000000 0.000000 0.000000 0.000000 1.000000
0.995667 0.075750 -0.053942 0.000000 -0.088240 0.586505 -0.805125 42.179699 -0.029351 0.806396 0.590647 0.000000 0.000000 0.000000 0.000000 1.000000
0.992523 0.094235 -0.077581 0.000000 -0.117306 0.560720 -0.819654 42.179699 -0.033739 0.822625 0.567582 0.000000 0.000000 0.000000 0.000000 1.000000
0.989258 0.107944 -0.098573 -0.000000 -0.139253 0.490783 -0.860081 42.179699 -0.044463 0.864569 0.500543 0.000000 0.000000 0.000000 0.000000 1.000000
0.987474 0.113338 -0.109769 -0.000000 -0.148150 0.426699 -0.892177 42.179699 -0.054279 0.897264 0.438146 0.000000 0.000000 0.000000 0.000000 1.000000
0.988529 0.108686 -0.104871 0.000000 -0.139395 0.389275 -0.910513 42.179699 -0.058137 0.914687 0.399960 0.000000 0.000000 0.000000 0.000000 1.000000
0.991755 0.095631 -0.085303 0.000000 -0.115166 0.373188 -0.920580 42.179699 -0.056202 0.922814 0.381124 -0.000000 0.000000 0.000000 0.000000 1.000000
0.994592 0.082102 -0.063604 0.000000 -0.090072 0.377012 -0.921818 42.179699 -0.051704 0.922562 0.382368 0.000000 0.000000 0.000000 0.000000 1.000000
0.996230 0.072335 -0.047882 0.000000 -0.072785 0.396710 -0.915054 42.179699 -0.047195 0.915089 0.400480 0.000000 0.000000 0.000000 0.000000 1.000000</float_array>
        <technique_common>
          <accessor source="#mixamorig1_RightFoot-Matrix-animation-output-transform-array" count="32" stride="16">
            <param type="float4x4"/>
          </accessor>
        </technique_common>
      </source>
      <source id="mixamorig1_RightFoot-Interpolations">
        <Name_array id="mixamorig1_RightFoot-Interpolations-array" count="32">
 LINEAR LINEAR LINEAR LINEAR LINEAR LINEAR LINEAR LINEAR LINEAR LINEAR LINEAR
LINEAR LINEAR LINEAR LINEAR LINEAR LINEAR LINEAR LINEAR LINEAR LINEAR LINEAR LINEAR
LINEAR LINEAR LINEAR LINEAR LINEAR LINEAR LINEAR LINEAR LINEAR</Name_array>
        <technique_common>
          <accessor source="#mixamorig1_RightFoot-Interpolations-array" count="32">
            <param type="name"/>
          </accessor>
        </technique_common>
      </source>
      <sampler id="mixamorig1_RightFoot-Matrix-animation-transform">
        <input semantic="INPUT" source="#mixamorig1_RightFoot-Matrix-animation-input"/>
        <input semantic="OUTPUT" source="#mixamorig1_RightFoot-Matrix-animation-output-transform"/>
        <input semantic="INTERPOLATION" source="#mixamorig1_RightFoot-Interpolations"/>
      </sampler>
      <channel source="#mixamorig1_RightFoot-Matrix-animation-transform" target="mixamorig1_RightFoot/matrix"/>
    </animation>
    <animation id="mixamorig1_RightToeBase-anim" name="mixamorig1_RightToeBase">
      <source id="mixamorig1_RightToeBase-Matrix-animation-input">
        <float_array id="mixamorig1_RightToeBase-Matrix-animation-input-array" count="32">

0.000000 0.033333 0.066667 0.100000 0.133333 0.166667 0.200000 0.233333 0.266667 0.300000 0.333333 0.366667 0.400000 0.433333 0.466667 0.500000
0.533333 0.566667 0.600000 0.633333 0.666667 0.700000 0.733333 0.766667 0.800000 0.833333 0.866667 0.900000 0.933333 0.966667 1.000000 1.033333</float_array>
        <technique_common>
          <accessor source="#mixamorig1_RightToeBase-Matrix-animation-input-array" count="32">
            <param name="TIME" type="float"/>
          </accessor>
        </technique_common>
      </source>
      <source id="mixamorig1_RightToeBase-Matrix-animation-output-transform">
        <float_array id="mixamorig1_RightToeBase-Matrix-animation-output-transform-array" count="512">

0.992091 0.073352 0.101861 0.000000 0.006160 0.782061 -0.623171 16.260500 -0.125373 0.618870 0.775424 0.000000 0.000000 0.000000 0.000000 1.000000
0.992135 0.072915 0.101745 0.000000 0.005774 0.785300 -0.619088 16.260500 -0.125042 0.614806 0.778702 -0.000000 0.000000 0.000000 0.000000 1.000000
0.992162 0.072647 0.101673 0.000000 0.005538 0.787283 -0.616567 16.260500 -0.124837 0.612298 0.780710 0.000000 0.000000 0.000000 0.000000 1.000000
0.992153 0.072731 0.101695 0.000000 0.005611 0.786665 -0.617355 16.260500 -0.124901 0.613081 0.780084 -0.000000 0.000000 0.000000 0.000000 1.000000
0.992082 0.073438 0.101884 0.000000 0.006236 0.781422 -0.623971 16.260500 -0.125438 0.619666 0.774777 0.000000 0.000000 0.000000 0.000000 1.000000
0.991940 0.074847 0.102241 -0.000000 0.007491 0.770842 -0.636983 16.260500 -0.126488 0.632614 0.764068 0.000000 0.000000 0.000000 0.000000 1.000000
0.991707 0.077165 0.102773 -0.000000 0.009580 0.753068 -0.657873 16.260500 -0.128160 0.653402 0.746084 0.000000 0.000000 0.000000 0.000000 1.000000
0.991231 0.081952 0.103661 0.000000 0.013999 0.714922 -0.699064 16.260500 -0.131399 0.694385 0.707505 0.000000 0.000000 0.000000 0.000000 1.000000
0.989666 0.092983 0.109157 0.000000 0.028184 0.620264 -0.783886 16.260500 -0.140594 0.778862 0.611234 0.000000 0.000000 0.000000 0.000000 1.000000
0.987621 0.119425 0.101693 0.000000 0.053511 0.352909 -0.934126 16.260500 -0.147447 0.928005 0.342150 0.000000 0.000000 0.000000 0.000000 1.000000
0.988678 0.119071 0.091315 0.000000 0.047220 0.330747 -0.942537 16.260500 -0.142431 0.936178 0.321380 0.000000 0.000000 0.000000 0.000000 1.000000
0.991016 0.084129 0.103973 -0.000000 0.016054 0.696945 -0.716945 16.260500 -0.132779 0.712173 0.689333 -0.000000 0.000000 0.000000 0.000000 1.000000
0.990885 0.085454 0.104135 0.000000 0.017318 0.685816 -0.727569 16.260500 -0.133591 0.722741 0.678085 -0.000000 0.000000 0.000000 0.000000 1.000000
0.990933 0.084969 0.104078 0.000000 0.016854 0.689907 -0.723702 16.260500 -0.133297 0.718894 0.682219 0.000000 0.000000 0.000000 0.000000 1.000000
0.991146 0.082811 0.103789 -0.000000 0.014938 0.707167 -0.706889 16.260500 -0.131934 0.702180 0.699669 0.000000 0.000000 0.000000 0.000000 1.000000
0.991379 0.080460 0.103412 0.000000 0.012789 0.726060 -0.687513 16.260500 -0.130401 0.682908 0.718771 0.000000 0.000000 0.000000 0.000000 1.000000
0.991606 0.078179 0.102984 0.000000 0.010635 0.744481 -0.667559 16.260500 -0.128858 0.663051 0.737400 0.000000 0.000000 0.000000 0.000000 1.000000
0.991804 0.076197 0.102559 0.000000 0.008704 0.760545 -0.649226 16.260500 -0.127470 0.644798 0.753649 0.000000 0.000000 0.000000 0.000000 1.000000
0.991867 0.075573 0.102415 0.000000 0.008141 0.765327 -0.643591 16.260500 -0.127019 0.639190 0.758487 0.000000 0.000000 0.000000 0.000000 1.000000
0.991867 0.075574 0.102415 0.000000 0.008142 0.765319 -0.643599 16.260500 -0.127020 0.639199 0.758479 0.000000 0.000000 0.000000 0.000000 1.000000
0.991780 0.076441 0.102614 -0.000000 0.008925 0.758666 -0.651418 16.260500 -0.127645 0.646979 0.751748 0.000000 0.000000 0.000000 0.000000 1.000000
0.991716 0.077076 0.102754 0.000000 0.009477 0.753874 -0.656951 16.260500 -0.128099 0.652482 0.746899 0.000000 0.000000 0.000000 0.000000 1.000000
0.991588 0.078359 0.103021 -0.000000 0.010670 0.743731 -0.668394 16.260500 -0.128995 0.663870 0.736639 0.000000 0.000000 0.000000 0.000000 1.000000
0.991095 0.083325 0.103865 0.000000 0.015292 0.703630 -0.710402 16.260500 -0.132277 0.705664 0.696090 0.000000 0.000000 0.000000 0.000000 1.000000
0.991135 0.082921 0.103807 0.000000 0.014910 0.706972 -0.707084 16.260500 -0.132021 0.702364 0.699468 -0.000000 0.000000 0.000000 0.000000 1.000000
0.991708 0.077156 0.102771 -0.000000 0.009572 0.753143 -0.657787 16.260500 -0.128153 0.653317 0.746160 0.000000 0.000000 0.000000 0.000000 1.000000
0.991919 0.075052 0.102291 0.000000 0.007674 0.769290 -0.638854 16.260500 -0.126639 0.634477 0.762497 0.000000 0.000000 0.000000 0.000000 1.000000
0.991892 0.075327 0.102357 -0.000000 0.007920 0.767203 -0.641355 16.260500 -0.126839 0.636965 0.760386 -0.000000 0.000000 0.000000 0.000000 1.000000
0.991937 0.074876 0.102248 0.000000 0.007516 0.770624 -0.637245 16.260500 -0.126509 0.632876 0.763848 0.000000 0.000000 0.000000 0.000000 1.000000
0.991992 0.074328 0.102112 -0.000000 0.007027 0.774758 -0.632218 16.260500 -0.126104 0.627873 0.768032 0.000000 0.000000 0.000000 0.000000 1.000000
0.992042 0.073831 0.101986 0.000000 0.006585 0.778490 -0.627622 16.260500 -0.125733 0.623299 0.771809 0.000000 0.000000 0.000000 0.000000 1.000000
0.992091 0.073352 0.101861 0.000000 0.006160 0.782061 -0.623171 16.260500 -0.125373 0.618870 0.775424 0.000000 0.000000 0.000000 0.000000 1.000000</float_array>
        <technique_common>
          <accessor source="#mixamorig1_RightToeBase-Matrix-animation-output-transform-array" count="32" stride="16">
            <param type="float4x4"/>
          </accessor>
        </technique_common>
      </source>
      <source id="mixamorig1_RightToeBase-Interpolations">
        <Name_array id="mixamorig1_RightToeBase-Interpolations-array" count="32">
 LINEAR LINEAR LINEAR LINEAR LINEAR LINEAR LINEAR LINEAR LINEAR LINEAR LINEAR
LINEAR LINEAR LINEAR LINEAR LINEAR LINEAR LINEAR LINEAR LINEAR LINEAR LINEAR LINEAR
LINEAR LINEAR LINEAR LINEAR LINEAR LINEAR LINEAR LINEAR LINEAR</Name_array>
        <technique_common>
          <accessor source="#mixamorig1_RightToeBase-Interpolations-array" count="32">
            <param type="name"/>
          </accessor>
        </technique_common>
      </source>
      <sampler id="mixamorig1_RightToeBase-Matrix-animation-transform">
        <input semantic="INPUT" source="#mixamorig1_RightToeBase-Matrix-animation-input"/>
        <input semantic="OUTPUT" source="#mixamorig1_RightToeBase-Matrix-animation-output-transform"/>
        <input semantic="INTERPOLATION" source="#mixamorig1_RightToeBase-Interpolations"/>
      </sampler>
      <channel source="#mixamorig1_RightToeBase-Matrix-animation-transform" target="mixamorig1_RightToeBase/matrix"/>
    </animation>
  </library_animations>
  <library_visual_scenes>
    <visual_scene id="RootNode" name="RootNode">
      <node id="mixamorig1_Hips" name="mixamorig1_Hips" sid="mixamorig1_Hips" type="JOINT">
        <matrix sid="matrix">0.999413 -0.006911 0.033558 0.008957 0.008049 0.999393 -0.033893 99.233521 -0.033304 0.034143 0.998862 0.715627 0.000000 0.000000 0.000000 1.000000</matrix>
        <node id="mixamorig1_Spine" name="mixamorig1_Spine" sid="mixamorig1_Spine" type="JOINT">
          <matrix sid="matrix">0.999693 0.011610 -0.021898 0.000000 -0.011318 0.999846 0.013397 9.717300 0.022050 -0.013145 0.999670 -1.180200 0.000000 0.000000 0.000000 1.000000</matrix>
          <node id="mixamorig1_Spine1" name="mixamorig1_Spine1" sid="mixamorig1_Spine1" type="JOINT">
            <matrix sid="matrix">0.998877 -0.016241 -0.044498 0.000000 0.014307 0.998953 -0.043452 11.420100 0.045157 0.042767 0.998064 0.000000 0.000000 0.000000 0.000000 1.000000</matrix>
            <node id="mixamorig1_Spine2" name="mixamorig1_Spine2" sid="mixamorig1_Spine2" type="JOINT">
              <matrix sid="matrix">0.998867 -0.018233 -0.043963 -0.000000 0.016342 0.998942 -0.042997 13.051600 0.044701 0.042229 0.998107 0.000000 0.000000 0.000000 0.000000 1.000000</matrix>
              <node id="mixamorig1_Neck" name="mixamorig1_Neck" sid="mixamorig1_Neck" type="JOINT">
                <matrix sid="matrix">0.999301 0.004142 0.037153 0.000000 0.000054 0.993682 -0.112229 14.683000 -0.037383 0.112153 0.992988 0.000000 0.000000 0.000000 0.000000 1.000000</matrix>
                <node id="mixamorig1_Head" name="mixamorig1_Head" sid="mixamorig1_Head" type="JOINT">
                  <matrix sid="matrix">0.999296 0.003778 0.037328 0.000000 -0.004081 0.999959 0.008040 6.720200 -0.037296 -0.008186 0.999271 1.972200 0.000000 0.000000 0.000000 1.000000</matrix>
                  <node id="mixamorig1_HeadTop_End" name="mixamorig1_HeadTop_End" sid="mixamorig1_HeadTop_End" type="JOINT">
                    <matrix sid="matrix">1.000000 0.000000 -0.000000 0.000000 -0.000000 1.000000 0.000000 20.999800 0.000000 0.000000 1.000000 6.162800 0.000000 0.000000 0.000000 1.000000</matrix>
                  </node>
                </node>
              </node>
              <node id="mixamorig1_LeftShoulder" name="mixamorig1_LeftShoulder" sid="mixamorig1_LeftShoulder" type="JOINT">
                <matrix sid="matrix">0.092958 0.860412 -0.501049 6.140200 0.018423 -0.504628 -0.863140 13.000700 -0.995500 0.071005 -0.062761 -0.233600 0.000000 0.000000 0.000000 1.000000</matrix>
                <node id="mixamorig1_LeftArm" name="mixamorig1_LeftArm" sid="mixamorig1_LeftArm" type="JOINT">
                  <matrix sid="matrix">0.912721 0.000428 0.408584 0.000000 0.292758 0.696884 -0.654710 13.005900 -0.285015 0.717184 0.635935 0.000000 0.000000 0.000000 0.000000 1.000000</matrix>
                  <node id="mixamorig1_LeftForeArm" name="mixamorig1_LeftForeArm" sid="mixamorig1_LeftForeArm" type="JOINT">
                    <matrix sid="matrix">0.981667 -0.190573 -0.003340 0.000000 0.190446 0.981422 -0.023252 25.560801 0.007709 0.022189 0.999724 0.000000 0.000000 0.000000 0.000000 1.000000</matrix>
                    <node id="mixamorig1_LeftHand" name="mixamorig1_LeftHand" sid="mixamorig1_LeftHand" type="JOINT">
                      <matrix sid="matrix">0.975779 0.177796 0.127455 -0.000000 -0.149271 0.967054 -0.206214 23.404100 -0.159920 0.182194 0.970171 -0.000000 0.000000 0.000000 0.000000 1.000000</matrix>
                      <node id="mixamorig1_LeftHandThumb1" name="mixamorig1_LeftHandThumb1" sid="mixamorig1_LeftHandThumb1" type="JOINT">
                        <matrix sid="matrix">0.894011 -0.336832 0.295447 -2.867700 0.403126 0.892498 -0.202330 3.935800 -0.195535 0.299988 0.933688 1.188300 0.000000 0.000000 0.000000 1.000000</matrix>
                        <node id="mixamorig1_LeftHandThumb2" name="mixamorig1_LeftHandThumb2" sid="mixamorig1_LeftHandThumb2" type="JOINT">
                          <matrix sid="matrix">0.991996 0.101868 0.074608 -0.405400 -0.106083 0.992841 0.054895 3.989600 -0.068482 -0.062370 0.995701 0.000000 0.000000 0.000000 0.000000 1.000000</matrix>
                          <node id="mixamorig1_LeftHandThumb3" name="mixamorig1_LeftHandThumb3" sid="mixamorig1_LeftHandThumb3" type="JOINT">
                            <matrix sid="matrix">0.946745 -0.238838 0.215941 -0.037300 0.164695 0.935492 0.312619 3.599900 -0.276676 -0.260406 0.925008 0.000000 0.000000 0.000000 0.000000 1.000000</matrix>
                            <node id="mixamorig1_LeftHandThumb4" name="mixamorig1_LeftHandThumb4" sid="mixamorig1_LeftHandThumb4" type="JOINT">
                              <matrix sid="matrix">1.000000 -0.000000 0.000000 0.442700 0.000000 1.000000 -0.000000 2.979100 0.000000 0.000000 1.000000 0.000000 0.000000 0.000000 0.000000 1.000000</matrix>
                            </node>
                          </node>
                        </node>
                      </node>
                      <node id="mixamorig1_LeftHandIndex1" name="mixamorig1_LeftHandIndex1" sid="mixamorig1_LeftHandIndex1" type="JOINT">
                        <matrix sid="matrix">0.987609 -0.156768 0.007213 -3.484200 0.152435 0.947359 -0.281556 11.757900 0.037306 0.279167 0.959518 0.113100 0.000000 0.000000 0.000000 1.000000</matrix>
                        <node id="mixamorig1_LeftHandIndex2" name="mixamorig1_LeftHandIndex2" sid="mixamorig1_LeftHandIndex2" type="JOINT">
                          <matrix sid="matrix">0.998996 0.044378 -0.006198 0.023100 -0.044466 0.964764 -0.259333 3.298400 -0.005529 0.259348 0.965768 -0.000000 0.000000 0.000000 0.000000 1.000000</matrix>
                          <node id="mixamorig1_LeftHandIndex3" name="mixamorig1_LeftHandIndex3" sid="mixamorig1_LeftHandIndex3" type="JOINT">
                            <matrix sid="matrix">0.999222 0.039214 -0.004298 -0.006800 -0.038986 0.964990 -0.259373 3.081000 -0.006023 0.259338 0.965768 0.000000 0.000000 0.000000 0.000000 1.000000</matrix>
                            <node id="mixamorig1_LeftHandIndex4" name="mixamorig1_LeftHandIndex4" sid="mixamorig1_LeftHandIndex4" type="JOINT">
                              <matrix sid="matrix">1.000000 -0.000000 -0.000000 -0.016300 -0.000000 1.000000 -0.000000 2.712100 -0.000000 -0.000000 1.000000 -0.000000 0.000000 0.000000 0.000000 1.000000</matrix>
                            </node>
                          </node>
                        </node>
                      </node>
                      <node id="mixamorig1_LeftHandMiddle1" name="mixamorig1_LeftHandMiddle1" sid="mixamorig1_LeftHandMiddle1" type="JOINT">
                        <matrix sid="matrix">0.999946 0.010384 0.000661 -1.029300 -0.009133 0.906343 -0.422444 12.347100 -0.004986 0.422415 0.906389 -0.315800 0.000000 0.000000 0.000000 1.000000</matrix>
                        <node id="mixamorig1_LeftHandMiddle2" name="mixamorig1_LeftHandMiddle2" sid="mixamorig1_LeftHandMiddle2" type="JOINT">
                          <matrix sid="matrix">0.999393 0.034663 -0.003582 0.009900 -0.034660 0.978097 -0.205244 3.432200 -0.003611 0.205243 0.978704 0.000000 0.000000 0.000000 0.000000 1.000000</matrix>
                          <node id="mixamorig1_LeftHandMiddle3" name="mixamorig1_LeftHandMiddle3" sid="mixamorig1_LeftHandMiddle3" type="JOINT">
                            <matrix sid="matrix">0.999535 0.030319 -0.003206 -0.010000 -0.030207 0.970561 -0.238954 3.160900 -0.004133 0.238939 0.971026 0.000000 0.000000 0.000000 0.000000 1.000000</matrix>
                            <node id="mixamorig1_LeftHandMiddle4" name="mixamorig1_LeftHandMiddle4" sid="mixamorig1_LeftHandMiddle4" type="JOINT">
                              <matrix sid="matrix">1.000000 0.000000 0.000000 0.000000 0.000000 1.000000 -0.000000 2.876400 0.000000 0.000000 1.000000 0.000000 0.000000 0.000000 0.000000 1.000000</matrix>
                            </node>
                          </node>
                        </node>
                      </node>
                      <node id="mixamorig1_LeftHandRing1" name="mixamorig1_LeftHandRing1" sid="mixamorig1_LeftHandRing1" type="JOINT">
                        <matrix sid="matrix">0.998042 0.061451 -0.011663 1.266700 -0.060471 0.900326 -0.430995 12.505900 -0.015984 0.430856 0.902279 -0.277100 0.000000 0.000000 0.000000 1.000000</matrix>
                        <node id="mixamorig1_LeftHandRing2" name="mixamorig1_LeftHandRing2" sid="mixamorig1_LeftHandRing2" type="JOINT">
                          <matrix sid="matrix">0.998892 0.046439 -0.007624 -0.006600 -0.046362 0.943283 -0.328738 2.726100 -0.008075 0.328727 0.944390 0.000000 0.000000 0.000000 0.000000 1.000000</matrix>
                          <node id="mixamorig1_LeftHandRing3" name="mixamorig1_LeftHandRing3" sid="mixamorig1_LeftHandRing3" type="JOINT">
                            <matrix sid="matrix">0.998446 0.054688 -0.010741 0.003400 -0.054875 0.930955 -0.360987 2.620300 -0.009742 0.361015 0.932509 0.000000 0.000000 0.000000 0.000000 1.000000</matrix>
                            <node id="mixamorig1_LeftHandRing4" name="mixamorig1_LeftHandRing4" sid="mixamorig1_LeftHandRing4" type="JOINT">
                              <matrix sid="matrix">1.000000 0.000000 -0.000000 0.003200 0.000000 1.000000 -0.000000 2.226900 0.000000 -0.000000 1.000000 0.000000 0.000000 0.000000 0.000000 1.000000</matrix>
                            </node>
                          </node>
                        </node>
                      </node>
                      <node id="mixamorig1_LeftHandPinky1" name="mixamorig1_LeftHandPinky1" sid="mixamorig1_LeftHandPinky1" type="JOINT">
                        <matrix sid="matrix">0.994948 0.098196 -0.020902 3.246800 -0.094410 0.844312 -0.527470 11.102000 -0.034148 0.526778 0.849317 -0.112800 0.000000 0.000000 0.000000 1.000000</matrix>
                        <node id="mixamorig1_LeftHandPinky2" name="mixamorig1_LeftHandPinky2" sid="mixamorig1_LeftHandPinky2" type="JOINT">
                          <matrix sid="matrix">0.998698 0.050373 -0.007994 0.008400 -0.050433 0.951976 -0.301989 2.734600 -0.007602 0.301999 0.953278 0.000000 0.000000 0.000000 0.000000 1.000000</matrix>
                          <node id="mixamorig1_LeftHandPinky3" name="mixamorig1_LeftHandPinky3" sid="mixamorig1_LeftHandPinky3" type="JOINT">
                            <matrix sid="matrix">0.998842 0.047629 -0.006789 -0.002900 -0.047454 0.952120 -0.302018 2.194000 -0.007921 0.301991 0.953278 -0.000000 0.000000 0.000000 0.000000 1.000000</matrix>
                            <node id="mixamorig1_LeftHandPinky4" name="mixamorig1_LeftHandPinky4" sid="mixamorig1_LeftHandPinky4" type="JOINT">
                              <matrix sid="matrix">1.000000 -0.000000 -0.000000 -0.005500 0.000000 1.000000 0.000000 1.975500 -0.000000 -0.000000 1.000000 0.000000 0.000000 0.000000 0.000000 1.000000</matrix>
                            </node>
                          </node>
                        </node>
                      </node>
                    </node>
                  </node>
                </node>
              </node>
              <node id="mixamorig1_RightShoulder" name="mixamorig1_RightShoulder" sid="mixamorig1_RightShoulder" type="JOINT">
                <matrix sid="matrix">0.012136 -0.856566 0.515894 -6.140200 -0.021607 -0.516036 -0.856294 12.993700 0.999693 -0.000755 -0.024770 -0.175900 0.000000 0.000000 0.000000 1.000000</matrix>
                <node id="mixamorig1_RightArm" name="mixamorig1_RightArm" sid="mixamorig1_RightArm" type="JOINT">
                  <matrix sid="matrix">0.902137 0.195520 -0.384605 0.000000 -0.389011 0.754142 -0.529093 13.005900 0.186599 0.626930 0.756399 0.000000 0.000000 0.000000 0.000000 1.000000</matrix>
                  <node id="mixamorig1_RightForeArm" name="mixamorig1_RightForeArm" sid="mixamorig1_RightForeArm" type="JOINT">
                    <matrix sid="matrix">0.920188 0.391460 -0.003678 0.000000 -0.391201 0.919144 -0.046223 25.571100 -0.014713 0.043972 0.998924 0.000000 0.000000 0.000000 0.000000 1.000000</matrix>
                    <node id="mixamorig1_RightHand" name="mixamorig1_RightHand" sid="mixamorig1_RightHand" type="JOINT">
                      <matrix sid="matrix">0.994598 -0.070142 -0.076518 0.000000 0.060548 0.990778 -0.121211 23.401699 0.084314 0.115923 0.989673 0.000000 0.000000 0.000000 0.000000 1.000000</matrix>
                      <node id="mixamorig1_RightHandThumb1" name="mixamorig1_RightHandThumb1" sid="mixamorig1_RightHandThumb1" type="JOINT">
                        <matrix sid="matrix">0.873482 0.270991 -0.404466 2.885100 -0.410356 0.856851 -0.312113 4.054300 0.261987 0.438600 0.859647 1.212000 0.000000 0.000000 0.000000 1.000000</matrix>
                        <node id="mixamorig1_RightHandThumb2" name="mixamorig1_RightHandThumb2" sid="mixamorig1_RightHandThumb2" type="JOINT">
                          <matrix sid="matrix">0.964041 -0.265698 -0.005378 0.428400 0.264982 0.959511 0.095518 4.074800 -0.020219 -0.093509 0.995413 0.000000 0.000000 0.000000 0.000000 1.000000</matrix>
                          <node id="mixamorig1_RightHandThumb3" name="mixamorig1_RightHandThumb3" sid="mixamorig1_RightHandThumb3" type="JOINT">
                            <matrix sid="matrix">0.972211 0.170741 0.160169 0.036500 -0.213370 0.927771 0.306127 3.530400 -0.096331 -0.331795 0.938420 0.000000 0.000000 0.000000 0.000000 1.000000</matrix>
                            <node id="mixamorig1_RightHandThumb4" name="mixamorig1_RightHandThumb4" sid="mixamorig1_RightHandThumb4" type="JOINT">
                              <matrix sid="matrix">1.000000 -0.000000 -0.000000 -0.464900 0.000000 1.000000 0.000000 2.873500 0.000000 0.000000 1.000000 0.000000 0.000000 0.000000 0.000000 1.000000</matrix>
                            </node>
                          </node>
                        </node>
                      </node>
                      <node id="mixamorig1_RightHandIndex1" name="mixamorig1_RightHandIndex1" sid="mixamorig1_RightHandIndex1" type="JOINT">
                        <matrix sid="matrix">0.988772 0.149293 -0.006432 3.614500 -0.142622 0.929991 -0.338786 12.346600 -0.044597 0.335900 0.940841 -0.007800 0.000000 0.000000 0.000000 1.000000</matrix>
                        <node id="mixamorig1_RightHandIndex2" name="mixamorig1_RightHandIndex2" sid="mixamorig1_RightHandIndex2" type="JOINT">
                          <matrix sid="matrix">0.998888 -0.046097 0.009924 -0.011900 0.046199 0.914606 -0.401698 3.117400 0.009440 0.401710 0.915718 0.000000 0.000000 0.000000 0.000000 1.000000</matrix>
                          <node id="mixamorig1_RightHandIndex3" name="mixamorig1_RightHandIndex3" sid="mixamorig1_RightHandIndex3" type="JOINT">
                            <matrix sid="matrix">0.999837 -0.018020 0.001240 0.006600 0.017945 0.983214 -0.181569 2.856100 0.002053 0.181562 0.983377 -0.000000 0.000000 0.000000 0.000000 1.000000</matrix>
                            <node id="mixamorig1_RightHandIndex4" name="mixamorig1_RightHandIndex4" sid="mixamorig1_RightHandIndex4" type="JOINT">
                              <matrix sid="matrix">1.000000 0.000000 -0.000000 0.005300 0.000000 1.000000 -0.000000 2.534600 -0.000000 0.000000 1.000000 0.000000 0.000000 0.000000 0.000000 1.000000</matrix>
                            </node>
                          </node>
                        </node>
                      </node>
                      <node id="mixamorig1_RightHandMiddle1" name="mixamorig1_RightHandMiddle1" sid="mixamorig1_RightHandMiddle1" type="JOINT">
                        <matrix sid="matrix">0.997522 0.070201 -0.004757 0.922400 -0.067165 0.929878 -0.361684 12.176400 -0.020967 0.361107 0.932289 -0.222200 0.000000 0.000000 0.000000 1.000000</matrix>
                        <node id="mixamorig1_RightHandMiddle2" name="mixamorig1_RightHandMiddle2" sid="mixamorig1_RightHandMiddle2" type="JOINT">
                          <matrix sid="matrix">0.997577 -0.066282 0.021150 -0.016200 0.066340 0.814578 -0.576248 3.479200 0.020967 0.576254 0.817001 0.000000 0.000000 0.000000 0.000000 1.000000</matrix>
                          <node id="mixamorig1_RightHandMiddle3" name="mixamorig1_RightHandMiddle3" sid="mixamorig1_RightHandMiddle3" type="JOINT">
                            <matrix sid="matrix">0.999470 -0.032218 0.004760 0.013700 0.031847 0.936283 -0.349799 3.226000 0.006814 0.349765 0.936813 -0.000000 0.000000 0.000000 0.000000 1.000000</matrix>
                            <node id="mixamorig1_RightHandMiddle4" name="mixamorig1_RightHandMiddle4" sid="mixamorig1_RightHandMiddle4" type="JOINT">
                              <matrix sid="matrix">1.000000 0.000000 0.000000 0.002500 -0.000000 1.000000 -0.000000 2.928000 -0.000000 0.000000 1.000000 -0.000000 0.000000 0.000000 0.000000 1.000000</matrix>
                            </node>
                          </node>
                        </node>
                      </node>
                      <node id="mixamorig1_RightHandRing1" name="mixamorig1_RightHandRing1" sid="mixamorig1_RightHandRing1" type="JOINT">
                        <matrix sid="matrix">0.999700 0.024004 0.004785 -1.216600 -0.020158 0.918311 -0.395347 12.282100 -0.013884 0.395132 0.918519 -0.151000 0.000000 0.000000 0.000000 1.000000</matrix>
                        <node id="mixamorig1_RightHandRing2" name="mixamorig1_RightHandRing2" sid="mixamorig1_RightHandRing2" type="JOINT">
                          <matrix sid="matrix">0.995754 -0.084571 0.036352 -0.003700 0.084113 0.675476 -0.732569 2.821600 0.037399 0.732516 0.679721 0.000000 0.000000 0.000000 0.000000 1.000000</matrix>
                          <node id="mixamorig1_RightHandRing3" name="mixamorig1_RightHandRing3" sid="mixamorig1_RightHandRing3" type="JOINT">
                            <matrix sid="matrix">0.999220 -0.038752 0.007599 0.007800 0.038637 0.919558 -0.391050 2.687700 0.008166 0.391038 0.920338 0.000000 0.000000 0.000000 0.000000 1.000000</matrix>
                            <node id="mixamorig1_RightHandRing4" name="mixamorig1_RightHandRing4" sid="mixamorig1_RightHandRing4" type="JOINT">
                              <matrix sid="matrix">1.000000 -0.000000 0.000000 -0.004100 -0.000000 1.000000 0.000000 2.368400 -0.000000 0.000000 1.000000 -0.000000 0.000000 0.000000 0.000000 1.000000</matrix>
                            </node>
                          </node>
                        </node>
                      </node>
                      <node id="mixamorig1_RightHandPinky1" name="mixamorig1_RightHandPinky1" sid="mixamorig1_RightHandPinky1" type="JOINT">
                        <matrix sid="matrix">0.999839 0.010596 0.014491 -3.320300 -0.002480 0.880997 -0.473116 11.194600 -0.017780 0.473003 0.880881 -0.138000 0.000000 0.000000 0.000000 1.000000</matrix>
                        <node id="mixamorig1_RightHandPinky2" name="mixamorig1_RightHandPinky2" sid="mixamorig1_RightHandPinky2" type="JOINT">
                          <matrix sid="matrix">0.998082 -0.059973 0.015329 -0.008100 0.060016 0.876888 -0.476933 2.640500 0.015161 0.476938 0.878806 0.000000 0.000000 0.000000 0.000000 1.000000</matrix>
                          <node id="mixamorig1_RightHandPinky3" name="mixamorig1_RightHandPinky3" sid="mixamorig1_RightHandPinky3" type="JOINT">
                            <matrix sid="matrix">0.999541 -0.030070 0.003555 0.005600 0.029899 0.961638 -0.272689 2.149000 0.004781 0.272670 0.962096 -0.000000 0.000000 0.000000 0.000000 1.000000</matrix>
                            <node id="mixamorig1_RightHandPinky4" name="mixamorig1_RightHandPinky4" sid="mixamorig1_RightHandPinky4" type="JOINT">
                              <matrix sid="matrix">1.000000 0.000000 0.000000 0.002500 -0.000000 1.000000 -0.000000 1.888400 0.000000 -0.000000 1.000000 -0.000000 0.000000 0.000000 0.000000 1.000000</matrix>
                            </node>
                          </node>
                        </node>
                      </node>
                    </node>
                  </node>
                </node>
              </node>
            </node>
          </node>
        </node>
        <node id="mixamorig1_LeftUpLeg" name="mixamorig1_LeftUpLeg" sid="mixamorig1_LeftUpLeg" type="JOINT">
          <matrix sid="matrix">-0.984255 0.076427 0.159378 8.078200 0.004911 -0.889513 0.456883 -5.402400 0.176687 0.450472 0.875132 -0.535900 0.000000 0.000000 0.000000 1.000000</matrix>
          <node id="mixamorig1_LeftLeg" name="mixamorig1_LeftLeg" sid="mixamorig1_LeftLeg" type="JOINT">
            <matrix sid="matrix">0.996089 0.014374 0.087175 -0.000000 -0.081733 0.524603 0.847415 42.789799 -0.033552 -0.851226 0.523726 0.000000 0.000000 0.000000 0.000000 1.000000</matrix>
            <node id="mixamorig1_LeftFoot" name="mixamorig1_LeftFoot" sid="mixamorig1_LeftFoot" type="JOINT">
              <matrix sid="matrix">0.997809 -0.060514 0.026755 0.000000 0.055103 0.536177 -0.842305 42.173698 0.036626 0.841934 0.538337 -0.000000 0.000000 0.000000 0.000000 1.000000</matrix>
              <node id="mixamorig1_LeftToeBase" name="mixamorig1_LeftToeBase" sid="mixamorig1_LeftToeBase" type="JOINT">
                <matrix sid="matrix">0.991830 -0.077459 -0.101356 0.000000 -0.010237 0.743648 -0.668493 16.182301 0.127154 0.664069 0.736780 -0.000000 0.000000 0.000000 0.000000 1.000000</matrix>
                <node id="mixamorig1_LeftToe_End" name="mixamorig1_LeftToe_End" sid="mixamorig1_LeftToe_End" type="JOINT">
                  <matrix sid="matrix">1.000000 0.000000 0.000000 0.000000 0.000000 1.000000 0.000000 6.205900 0.000000 0.000000 1.000000 0.000000 0.000000 0.000000 0.000000 1.000000</matrix>
                </node>
              </node>
            </node>
          </node>
        </node>
        <node id="mixamorig1_RightUpLeg" name="mixamorig1_RightUpLeg" sid="mixamorig1_RightUpLeg" type="JOINT">
          <matrix sid="matrix">-0.992554 0.019074 -0.120303 -8.078200 -0.041246 -0.981945 0.184615 -5.402400 -0.114610 0.188203 0.975420 -0.751800 0.000000 0.000000 0.000000 1.000000</matrix>
          <node id="mixamorig1_RightLeg" name="mixamorig1_RightLeg" sid="mixamorig1_RightLeg" type="JOINT">
            <matrix sid="matrix">0.997243 0.055977 -0.048712 -0.000000 -0.037607 0.947166 0.318532 42.775902 0.063969 -0.315822 0.946660 0.000000 0.000000 0.000000 0.000000 1.000000</matrix>
            <node id="mixamorig1_RightFoot" name="mixamorig1_RightFoot" sid="mixamorig1_RightFoot" type="JOINT">
              <matrix sid="matrix">0.996230 0.072335 -0.047883 0.000000 -0.072786 0.396707 -0.915055 42.179699 -0.047195 0.915091 0.400476 -0.000000 0.000000 0.000000 0.000000 1.000000</matrix>
              <node id="mixamorig1_RightToeBase" name="mixamorig1_RightToeBase" sid="mixamorig1_RightToeBase" type="JOINT">
                <matrix sid="matrix">0.992091 0.073352 0.101861 0.000000 0.006160 0.782061 -0.623171 16.260500 -0.125373 0.618870 0.775424 0.000000 0.000000 0.000000 0.000000 1.000000</matrix>
                <node id="mixamorig1_RightToe_End" name="mixamorig1_RightToe_End" sid="mixamorig1_RightToe_End" type="JOINT">
                  <matrix sid="matrix">1.000000 0.000000 -0.000000 0.000000 0.000000 1.000000 -0.000000 6.180000 0.000000 0.000000 1.000000 -0.000000 0.000000 0.000000 0.000000 1.000000</matrix>
                </node>
              </node>
            </node>
          </node>
        </node>
      </node>
    </visual_scene>
  </library_visual_scenes>
  <scene>
    <instance_visual_scene url="#RootNode"/>
  </scene>
</COLLADA>
